surface,scenario,schedule,mode,method,tolerance,budget,n_worlds,released_mae,released_bad_rate,n_released,released,bad_release,path_covered,new_n,error,width,certificate_covered
linear,bridgeable,nearest,r2,inverse_variance__minimum,0.2,0,200,,,0,0,0,1,0,0.462528617988,1.1628125592,1
linear,bridgeable,nearest,r2,inverse_variance__minimum,0.2,1,200,,,0,0,0,1,96,0.448985150463,1.13348331542,1
linear,bridgeable,nearest,r2,inverse_variance__minimum,0.2,2,200,,,0,0,0,1,192,0.436334457266,1.10663912851,1
linear,bridgeable,nearest,r2,inverse_variance__minimum,0.2,3,200,,,0,0,0,1,288,0.424187853008,1.07958925843,1
linear,bridgeable,nearest,r2,inverse_variance__minimum,0.3,0,200,,,0,0,0,1,0,0.462528617988,1.1628125592,1
linear,bridgeable,nearest,r2,inverse_variance__minimum,0.3,1,200,,,0,0,0,1,96,0.448985150463,1.13348331542,1
linear,bridgeable,nearest,r2,inverse_variance__minimum,0.3,2,200,,,0,0,0,1,192,0.436334457266,1.10663912851,1
linear,bridgeable,nearest,r2,inverse_variance__minimum,0.3,3,200,,,0,0,0,1,288,0.424187853008,1.07958925843,1
linear,bridgeable,nearest,r2,nearest_source__minimum,0.2,0,200,,,0,0,0,1,0,0.353978568859,1.09048825171,1
linear,bridgeable,nearest,r2,nearest_source__minimum,0.2,1,200,,,0,0,0,1,96,0.0794331533162,0.84023465595,1
linear,bridgeable,nearest,r2,nearest_source__minimum,0.2,2,200,,,0,0,0,1,192,0.0794331533162,0.84023465595,1
linear,bridgeable,nearest,r2,nearest_source__minimum,0.2,3,200,,,0,0,0,1,288,0.0794331533162,0.84023465595,1
linear,bridgeable,nearest,r2,nearest_source__minimum,0.3,0,200,,,0,0,0,1,0,0.353978568859,1.09048825171,1
linear,bridgeable,nearest,r2,nearest_source__minimum,0.3,1,200,,,0,0,0,1,96,0.0794331533162,0.84023465595,1
linear,bridgeable,nearest,r2,nearest_source__minimum,0.3,2,200,,,0,0,0,1,192,0.0794331533162,0.84023465595,1
linear,bridgeable,nearest,r2,nearest_source__minimum,0.3,3,200,,,0,0,0,1,288,0.0794331533162,0.84023465595,1
linear,bridgeable,nearest,r2,optimized__barycentric,0.2,0,200,,,0,0,0,1,0,0.38006644792,1.05924452036,1
linear,bridgeable,nearest,r2,optimized__barycentric,0.2,1,200,,,0,0,0,1,96,0.0817124738771,0.798837967032,1
linear,bridgeable,nearest,r2,optimized__barycentric,0.2,2,200,,,0,0,0,1,192,0.0657917979958,0.62493823596,1
linear,bridgeable,nearest,r2,optimized__barycentric,0.2,3,200,,,0,0,0,1,288,0.0467235368574,0.479305377602,1
linear,bridgeable,nearest,r2,optimized__barycentric,0.3,0,200,,,0,0,0,1,0,0.38006644792,1.05924452036,1
linear,bridgeable,nearest,r2,optimized__barycentric,0.3,1,200,,,0,0,0,1,96,0.0817124738771,0.798837967032,1
linear,bridgeable,nearest,r2,optimized__barycentric,0.3,2,200,0.0516437344353,0,91,0.455,0,1,192,0.0657917979958,0.62493823596,1
linear,bridgeable,nearest,r2,optimized__barycentric,0.3,3,200,0.0467235368574,0,200,1,0,1,288,0.0467235368574,0.479305377602,1
linear,bridgeable,nearest,r2,optimized__lipschitz,0.2,0,200,,,0,0,0,1,0,0.3743328216,1.07363827547,1
linear,bridgeable,nearest,r2,optimized__lipschitz,0.2,1,200,,,0,0,0,1,96,0.0882641568453,0.837251063391,1
linear,bridgeable,nearest,r2,optimized__lipschitz,0.2,2,200,,,0,0,0,1,192,0.0814254111829,0.762243863494,1
linear,bridgeable,nearest,r2,optimized__lipschitz,0.2,3,200,,,0,0,0,1,288,0.0514084103444,0.729988830371,1
linear,bridgeable,nearest,r2,optimized__lipschitz,0.3,0,200,,,0,0,0,1,0,0.3743328216,1.07363827547,1
linear,bridgeable,nearest,r2,optimized__lipschitz,0.3,1,200,,,0,0,0,1,96,0.0882641568453,0.837251063391,1
linear,bridgeable,nearest,r2,optimized__lipschitz,0.3,2,200,,,0,0,0,1,192,0.0814254111829,0.762243863494,1
linear,bridgeable,nearest,r2,optimized__lipschitz,0.3,3,200,,,0,0,0,1,288,0.0514084103444,0.729988830371,1
linear,bridgeable,nearest,r2,optimized__minimum,0.2,0,200,,,0,0,0,1,0,0.38006644792,1.05924452036,1
linear,bridgeable,nearest,r2,optimized__minimum,0.2,1,200,,,0,0,0,1,96,0.0817127139363,0.798837967024,1
linear,bridgeable,nearest,r2,optimized__minimum,0.2,2,200,,,0,0,0,1,192,0.0657917757137,0.624938235944,1
linear,bridgeable,nearest,r2,optimized__minimum,0.2,3,200,,,0,0,0,1,288,0.0467235368574,0.479305377602,1
linear,bridgeable,nearest,r2,optimized__minimum,0.3,0,200,,,0,0,0,1,0,0.38006644792,1.05924452036,1
linear,bridgeable,nearest,r2,optimized__minimum,0.3,1,200,,,0,0,0,1,96,0.0817127139363,0.798837967024,1
linear,bridgeable,nearest,r2,optimized__minimum,0.3,2,200,0.0516437344353,0,91,0.455,0,1,192,0.0657917757137,0.624938235944,1
linear,bridgeable,nearest,r2,optimized__minimum,0.3,3,200,0.0467235368574,0,200,1,0,1,288,0.0467235368574,0.479305377602,1
linear,bridgeable,nearest,r2,uniform__minimum,0.2,0,200,,,0,0,0,1,0,0.462528617988,1.1628125592,1
linear,bridgeable,nearest,r2,uniform__minimum,0.2,1,200,,,0,0,0,1,96,0.36953014098,1.02215432496,1
linear,bridgeable,nearest,r2,uniform__minimum,0.2,2,200,,,0,0,0,1,192,0.308274115954,0.914310743442,1
linear,bridgeable,nearest,r2,uniform__minimum,0.2,3,200,,,0,0,0,1,288,0.263521790234,0.821905177423,1
linear,bridgeable,nearest,r2,uniform__minimum,0.3,0,200,,,0,0,0,1,0,0.462528617988,1.1628125592,1
linear,bridgeable,nearest,r2,uniform__minimum,0.3,1,200,,,0,0,0,1,96,0.36953014098,1.02215432496,1
linear,bridgeable,nearest,r2,uniform__minimum,0.3,2,200,,,0,0,0,1,192,0.308274115954,0.914310743442,1
linear,bridgeable,nearest,r2,uniform__minimum,0.3,3,200,,,0,0,0,1,288,0.263521790234,0.821905177423,1
linear,bridgeable,nearest,rinf,inverse_variance__minimum,0.2,0,200,,,0,0,0,1,0,0.462528617988,1.28750059651,1
linear,bridgeable,nearest,rinf,inverse_variance__minimum,0.2,1,200,,,0,0,0,1,96,0.448985150463,1.27338443952,1
linear,bridgeable,nearest,rinf,inverse_variance__minimum,0.2,2,200,,,0,0,0,1,192,0.436334457266,1.26091661234,1
linear,bridgeable,nearest,rinf,inverse_variance__minimum,0.2,3,200,,,0,0,0,1,288,0.424187853008,1.24747446233,1
linear,bridgeable,nearest,rinf,inverse_variance__minimum,0.3,0,200,,,0,0,0,1,0,0.462528617988,1.28750059651,1
linear,bridgeable,nearest,rinf,inverse_variance__minimum,0.3,1,200,,,0,0,0,1,96,0.448985150463,1.27338443952,1
linear,bridgeable,nearest,rinf,inverse_variance__minimum,0.3,2,200,,,0,0,0,1,192,0.436334457266,1.26091661234,1
linear,bridgeable,nearest,rinf,inverse_variance__minimum,0.3,3,200,,,0,0,0,1,288,0.424187853008,1.24747446233,1
linear,bridgeable,nearest,rinf,nearest_source__minimum,0.2,0,200,,,0,0,0,1,0,0.353978568859,1.09508964326,1
linear,bridgeable,nearest,rinf,nearest_source__minimum,0.2,1,200,,,0,0,0,1,96,0.0794331533162,0.853517729204,1
linear,bridgeable,nearest,rinf,nearest_source__minimum,0.2,2,200,,,0,0,0,1,192,0.0794331533162,0.853517729204,1
linear,bridgeable,nearest,rinf,nearest_source__minimum,0.2,3,200,,,0,0,0,1,288,0.0794331533162,0.853517729204,1
linear,bridgeable,nearest,rinf,nearest_source__minimum,0.3,0,200,,,0,0,0,1,0,0.353978568859,1.09508964326,1
linear,bridgeable,nearest,rinf,nearest_source__minimum,0.3,1,200,,,0,0,0,1,96,0.0794331533162,0.853517729204,1
linear,bridgeable,nearest,rinf,nearest_source__minimum,0.3,2,200,,,0,0,0,1,192,0.0794331533162,0.853517729204,1
linear,bridgeable,nearest,rinf,nearest_source__minimum,0.3,3,200,,,0,0,0,1,288,0.0794331533162,0.853517729204,1
linear,bridgeable,nearest,rinf,optimized__barycentric,0.2,0,200,,,0,0,0,1,0,0.354862530947,1.09470705965,1
linear,bridgeable,nearest,rinf,optimized__barycentric,0.2,1,200,,,0,0,0,1,96,0.0767848659377,0.824984644814,1
linear,bridgeable,nearest,rinf,optimized__barycentric,0.2,2,200,,,0,0,0,1,192,0.0711332930652,0.75267674428,1
linear,bridgeable,nearest,rinf,optimized__barycentric,0.2,3,200,,,0,0,0,1,288,0.0619372697454,0.66595490876,1
linear,bridgeable,nearest,rinf,optimized__barycentric,0.3,0,200,,,0,0,0,1,0,0.354862530947,1.09470705965,1
linear,bridgeable,nearest,rinf,optimized__barycentric,0.3,1,200,,,0,0,0,1,96,0.0767848659377,0.824984644814,1
linear,bridgeable,nearest,rinf,optimized__barycentric,0.3,2,200,,,0,0,0,1,192,0.0711332930652,0.75267674428,1
linear,bridgeable,nearest,rinf,optimized__barycentric,0.3,3,200,,,0,0,0,1,288,0.0619372697454,0.66595490876,1
linear,bridgeable,nearest,rinf,optimized__lipschitz,0.2,0,200,,,0,0,0,1,0,0.353978568859,1.09508964326,1
linear,bridgeable,nearest,rinf,optimized__lipschitz,0.2,1,200,,,0,0,0,1,96,0.0794331533162,0.853517729204,1
linear,bridgeable,nearest,rinf,optimized__lipschitz,0.2,2,200,,,0,0,0,1,192,0.0794331533162,0.853517729204,1
linear,bridgeable,nearest,rinf,optimized__lipschitz,0.2,3,200,,,0,0,0,1,288,0.0794331533162,0.853517729204,1
linear,bridgeable,nearest,rinf,optimized__lipschitz,0.3,0,200,,,0,0,0,1,0,0.353978568859,1.09508964326,1
linear,bridgeable,nearest,rinf,optimized__lipschitz,0.3,1,200,,,0,0,0,1,96,0.0794331533162,0.853517729204,1
linear,bridgeable,nearest,rinf,optimized__lipschitz,0.3,2,200,,,0,0,0,1,192,0.0794331533162,0.853517729204,1
linear,bridgeable,nearest,rinf,optimized__lipschitz,0.3,3,200,,,0,0,0,1,288,0.0794331533162,0.853517729204,1
linear,bridgeable,nearest,rinf,optimized__minimum,0.2,0,200,,,0,0,0,1,0,0.354862530947,1.09470705965,1
linear,bridgeable,nearest,rinf,optimized__minimum,0.2,1,200,,,0,0,0,1,96,0.0767848659377,0.824984644814,1
linear,bridgeable,nearest,rinf,optimized__minimum,0.2,2,200,,,0,0,0,1,192,0.0711332930652,0.75267674428,1
linear,bridgeable,nearest,rinf,optimized__minimum,0.2,3,200,,,0,0,0,1,288,0.0619372697454,0.66595490876,1
linear,bridgeable,nearest,rinf,optimized__minimum,0.3,0,200,,,0,0,0,1,0,0.354862530947,1.09470705965,1
linear,bridgeable,nearest,rinf,optimized__minimum,0.3,1,200,,,0,0,0,1,96,0.0767848659377,0.824984644814,1
linear,bridgeable,nearest,rinf,optimized__minimum,0.3,2,200,,,0,0,0,1,192,0.0711332930652,0.75267674428,1
linear,bridgeable,nearest,rinf,optimized__minimum,0.3,3,200,,,0,0,0,1,288,0.0619372697454,0.66595490876,1
linear,bridgeable,nearest,rinf,uniform__minimum,0.2,0,200,,,0,0,0,1,0,0.462528617988,1.28750059651,1
linear,bridgeable,nearest,rinf,uniform__minimum,0.2,1,200,,,0,0,0,1,96,0.36953014098,1.19060262457,1
linear,bridgeable,nearest,rinf,uniform__minimum,0.2,2,200,,,0,0,0,1,192,0.308274115954,1.13105469251,1
linear,bridgeable,nearest,rinf,uniform__minimum,0.2,3,200,,,0,0,0,1,288,0.263521790234,1.07983902208,1
linear,bridgeable,nearest,rinf,uniform__minimum,0.3,0,200,,,0,0,0,1,0,0.462528617988,1.28750059651,1
linear,bridgeable,nearest,rinf,uniform__minimum,0.3,1,200,,,0,0,0,1,96,0.36953014098,1.19060262457,1
linear,bridgeable,nearest,rinf,uniform__minimum,0.3,2,200,,,0,0,0,1,192,0.308274115954,1.13105469251,1
linear,bridgeable,nearest,rinf,uniform__minimum,0.3,3,200,,,0,0,0,1,288,0.263521790234,1.07983902208,1
linear,bridgeable,random,r2,inverse_variance__minimum,0.2,0,200,,,0,0,0,1,0,0.462528617988,1.1628125592,1
linear,bridgeable,random,r2,inverse_variance__minimum,0.2,1,200,,,0,0,0,1,96,0.440822653908,1.1167875378,1
linear,bridgeable,random,r2,inverse_variance__minimum,0.2,2,200,,,0,0,0,1,192,0.421853482676,1.07661994472,1
linear,bridgeable,random,r2,inverse_variance__minimum,0.2,3,200,,,0,0,0,1,288,0.403521638051,1.03790743204,1
linear,bridgeable,random,r2,inverse_variance__minimum,0.3,0,200,,,0,0,0,1,0,0.462528617988,1.1628125592,1
linear,bridgeable,random,r2,inverse_variance__minimum,0.3,1,200,,,0,0,0,1,96,0.440822653908,1.1167875378,1
linear,bridgeable,random,r2,inverse_variance__minimum,0.3,2,200,,,0,0,0,1,192,0.421853482676,1.07661994472,1
linear,bridgeable,random,r2,inverse_variance__minimum,0.3,3,200,,,0,0,0,1,288,0.403521638051,1.03790743204,1
linear,bridgeable,random,r2,nearest_source__minimum,0.2,0,200,,,0,0,0,1,0,0.353978568859,1.09048825171,1
linear,bridgeable,random,r2,nearest_source__minimum,0.2,1,200,,,0,0,0,1,96,0.255913914472,1.10059311782,1
linear,bridgeable,random,r2,nearest_source__minimum,0.2,2,200,,,0,0,0,1,192,0.174801489032,1.07950229132,1
linear,bridgeable,random,r2,nearest_source__minimum,0.2,3,200,,,0,0,0,1,288,0.140448711456,1.01666961309,1
linear,bridgeable,random,r2,nearest_source__minimum,0.3,0,200,,,0,0,0,1,0,0.353978568859,1.09048825171,1
linear,bridgeable,random,r2,nearest_source__minimum,0.3,1,200,,,0,0,0,1,96,0.255913914472,1.10059311782,1
linear,bridgeable,random,r2,nearest_source__minimum,0.3,2,200,,,0,0,0,1,192,0.174801489032,1.07950229132,1
linear,bridgeable,random,r2,nearest_source__minimum,0.3,3,200,,,0,0,0,1,288,0.140448711456,1.01666961309,1
linear,bridgeable,random,r2,optimized__barycentric,0.2,0,200,,,0,0,0,1,0,0.38006644792,1.05924452036,1
linear,bridgeable,random,r2,optimized__barycentric,0.2,1,200,0.0353205389487,0,42,0.21,0,1,96,0.0823958883602,0.583062593388,1
linear,bridgeable,random,r2,optimized__barycentric,0.2,2,200,0.0334848921965,0,124,0.62,0,1,192,0.0404231885528,0.416308588584,1
linear,bridgeable,random,r2,optimized__barycentric,0.2,3,200,0.0304092266836,0,178,0.89,0,1,288,0.0323872692316,0.350138467699,1
linear,bridgeable,random,r2,optimized__barycentric,0.3,0,200,,,0,0,0,1,0,0.38006644792,1.05924452036,1
linear,bridgeable,random,r2,optimized__barycentric,0.3,1,200,0.0418158275586,0,132,0.66,0,1,96,0.0823958883602,0.583062593388,1
linear,bridgeable,random,r2,optimized__barycentric,0.3,2,200,0.0380951532901,0,191,0.955,0,1,192,0.0404231885528,0.416308588584,1
linear,bridgeable,random,r2,optimized__barycentric,0.3,3,200,0.0323872692316,0,200,1,0,1,288,0.0323872692316,0.350138467699,1
linear,bridgeable,random,r2,optimized__lipschitz,0.2,0,200,,,0,0,0,1,0,0.3743328216,1.07363827547,1
linear,bridgeable,random,r2,optimized__lipschitz,0.2,1,200,,,0,0,0,1,96,0.277640129791,1.01071064298,1
linear,bridgeable,random,r2,optimized__lipschitz,0.2,2,200,,,0,0,0,1,192,0.197410037644,0.946066392805,1
linear,bridgeable,random,r2,optimized__lipschitz,0.2,3,200,,,0,0,0,1,288,0.145368758746,0.885934612864,1
linear,bridgeable,random,r2,optimized__lipschitz,0.3,0,200,,,0,0,0,1,0,0.3743328216,1.07363827547,1
linear,bridgeable,random,r2,optimized__lipschitz,0.3,1,200,,,0,0,0,1,96,0.277640129791,1.01071064298,1
linear,bridgeable,random,r2,optimized__lipschitz,0.3,2,200,,,0,0,0,1,192,0.197410037644,0.946066392805,1
linear,bridgeable,random,r2,optimized__lipschitz,0.3,3,200,,,0,0,0,1,288,0.145368758746,0.885934612864,1
linear,bridgeable,random,r2,optimized__minimum,0.2,0,200,,,0,0,0,1,0,0.38006644792,1.05924452036,1
linear,bridgeable,random,r2,optimized__minimum,0.2,1,200,0.0353205389487,0,42,0.21,0,1,96,0.0823958883602,0.583062593388,1
linear,bridgeable,random,r2,optimized__minimum,0.2,2,200,0.0334848921965,0,124,0.62,0,1,192,0.0404231885528,0.416308588584,1
linear,bridgeable,random,r2,optimized__minimum,0.2,3,200,0.0304092266836,0,178,0.89,0,1,288,0.0323872692316,0.350138467699,1
linear,bridgeable,random,r2,optimized__minimum,0.3,0,200,,,0,0,0,1,0,0.38006644792,1.05924452036,1
linear,bridgeable,random,r2,optimized__minimum,0.3,1,200,0.0418158275586,0,132,0.66,0,1,96,0.0823958883602,0.583062593388,1
linear,bridgeable,random,r2,optimized__minimum,0.3,2,200,0.0380951532901,0,191,0.955,0,1,192,0.0404231885528,0.416308588584,1
linear,bridgeable,random,r2,optimized__minimum,0.3,3,200,0.0323872692316,0,200,1,0,1,288,0.0323872692316,0.350138467699,1
linear,bridgeable,random,r2,uniform__minimum,0.2,0,200,,,0,0,0,1,0,0.462528617988,1.1628125592,1
linear,bridgeable,random,r2,uniform__minimum,0.2,1,200,,,0,0,0,1,96,0.313480997969,0.907589778095,1
linear,bridgeable,random,r2,uniform__minimum,0.2,2,200,,,0,0,0,1,192,0.222997265596,0.73765515496,1
linear,bridgeable,random,r2,uniform__minimum,0.2,3,200,0.0382029208798,0,8,0.04,0,1,288,0.156254293552,0.605906451488,1
linear,bridgeable,random,r2,uniform__minimum,0.3,0,200,,,0,0,0,1,0,0.462528617988,1.1628125592,1
linear,bridgeable,random,r2,uniform__minimum,0.3,1,200,,,0,0,0,1,96,0.313480997969,0.907589778095,1
linear,bridgeable,random,r2,uniform__minimum,0.3,2,200,0.133727472856,0,28,0.14,0,1,192,0.222997265596,0.73765515496,1
linear,bridgeable,random,r2,uniform__minimum,0.3,3,200,0.110342590572,0,98,0.49,0,1,288,0.156254293552,0.605906451488,1
linear,bridgeable,random,rinf,inverse_variance__minimum,0.2,0,200,,,0,0,0,1,0,0.462528617988,1.28750059651,1
linear,bridgeable,random,rinf,inverse_variance__minimum,0.2,1,200,,,0,0,0,1,96,0.440822653908,1.25668866189,1
linear,bridgeable,random,rinf,inverse_variance__minimum,0.2,2,200,,,0,0,0,1,192,0.421853482676,1.23089742855,1
linear,bridgeable,random,rinf,inverse_variance__minimum,0.2,3,200,,,0,0,0,1,288,0.403521638051,1.20579263594,1
linear,bridgeable,random,rinf,inverse_variance__minimum,0.3,0,200,,,0,0,0,1,0,0.462528617988,1.28750059651,1
linear,bridgeable,random,rinf,inverse_variance__minimum,0.3,1,200,,,0,0,0,1,96,0.440822653908,1.25668866189,1
linear,bridgeable,random,rinf,inverse_variance__minimum,0.3,2,200,,,0,0,0,1,192,0.421853482676,1.23089742855,1
linear,bridgeable,random,rinf,inverse_variance__minimum,0.3,3,200,,,0,0,0,1,288,0.403521638051,1.20579263594,1
linear,bridgeable,random,rinf,nearest_source__minimum,0.2,0,200,,,0,0,0,1,0,0.353978568859,1.09508964326,1
linear,bridgeable,random,rinf,nearest_source__minimum,0.2,1,200,,,0,0,0,1,96,0.255913914472,1.1099260259,1
linear,bridgeable,random,rinf,nearest_source__minimum,0.2,2,200,,,0,0,0,1,192,0.174801489032,1.091873788,1
linear,bridgeable,random,rinf,nearest_source__minimum,0.2,3,200,,,0,0,0,1,288,0.140448711456,1.02982246112,1
linear,bridgeable,random,rinf,nearest_source__minimum,0.3,0,200,,,0,0,0,1,0,0.353978568859,1.09508964326,1
linear,bridgeable,random,rinf,nearest_source__minimum,0.3,1,200,,,0,0,0,1,96,0.255913914472,1.1099260259,1
linear,bridgeable,random,rinf,nearest_source__minimum,0.3,2,200,,,0,0,0,1,192,0.174801489032,1.091873788,1
linear,bridgeable,random,rinf,nearest_source__minimum,0.3,3,200,,,0,0,0,1,288,0.140448711456,1.02982246112,1
linear,bridgeable,random,rinf,optimized__barycentric,0.2,0,200,,,0,0,0,1,0,0.354862530947,1.09470705965,1
linear,bridgeable,random,rinf,optimized__barycentric,0.2,1,200,,,0,0,0,1,96,0.0840566250378,0.681829940751,1
linear,bridgeable,random,rinf,optimized__barycentric,0.2,2,200,,,0,0,0,1,192,0.044362148875,0.575701618743,1
linear,bridgeable,random,rinf,optimized__barycentric,0.2,3,200,,,0,0,0,1,288,0.0400946481859,0.546674236544,1
linear,bridgeable,random,rinf,optimized__barycentric,0.3,0,200,,,0,0,0,1,0,0.354862530947,1.09470705965,1
linear,bridgeable,random,rinf,optimized__barycentric,0.3,1,200,0.0355850725253,0,107,0.535,0,1,96,0.0840566250378,0.681829940751,1
linear,bridgeable,random,rinf,optimized__barycentric,0.3,2,200,0.0390301996277,0,160,0.8,0,1,192,0.044362148875,0.575701618743,1
linear,bridgeable,random,rinf,optimized__barycentric,0.3,3,200,0.0386641509122,0,187,0.935,0,1,288,0.0400946481859,0.546674236544,1
linear,bridgeable,random,rinf,optimized__lipschitz,0.2,0,200,,,0,0,0,1,0,0.353978568859,1.09508964326,1
linear,bridgeable,random,rinf,optimized__lipschitz,0.2,1,200,,,0,0,0,1,96,0.301630638206,1.05433703409,1
linear,bridgeable,random,rinf,optimized__lipschitz,0.2,2,200,,,0,0,0,1,192,0.252897330434,1.01596180952,1
linear,bridgeable,random,rinf,optimized__lipschitz,0.2,3,200,,,0,0,0,1,288,0.207298688197,0.973808550216,1
linear,bridgeable,random,rinf,optimized__lipschitz,0.3,0,200,,,0,0,0,1,0,0.353978568859,1.09508964326,1
linear,bridgeable,random,rinf,optimized__lipschitz,0.3,1,200,,,0,0,0,1,96,0.301630638206,1.05433703409,1
linear,bridgeable,random,rinf,optimized__lipschitz,0.3,2,200,,,0,0,0,1,192,0.252897330434,1.01596180952,1
linear,bridgeable,random,rinf,optimized__lipschitz,0.3,3,200,,,0,0,0,1,288,0.207298688197,0.973808550216,1
linear,bridgeable,random,rinf,optimized__minimum,0.2,0,200,,,0,0,0,1,0,0.354862530947,1.09470705965,1
linear,bridgeable,random,rinf,optimized__minimum,0.2,1,200,,,0,0,0,1,96,0.0840566250378,0.681829940751,1
linear,bridgeable,random,rinf,optimized__minimum,0.2,2,200,,,0,0,0,1,192,0.044362148875,0.575701618743,1
linear,bridgeable,random,rinf,optimized__minimum,0.2,3,200,,,0,0,0,1,288,0.0400946481859,0.546674236544,1
linear,bridgeable,random,rinf,optimized__minimum,0.3,0,200,,,0,0,0,1,0,0.354862530947,1.09470705965,1
linear,bridgeable,random,rinf,optimized__minimum,0.3,1,200,0.0355850725253,0,107,0.535,0,1,96,0.0840566250378,0.681829940751,1
linear,bridgeable,random,rinf,optimized__minimum,0.3,2,200,0.0390301996277,0,160,0.8,0,1,192,0.044362148875,0.575701618743,1
linear,bridgeable,random,rinf,optimized__minimum,0.3,3,200,0.0386641509122,0,187,0.935,0,1,288,0.0400946481859,0.546674236544,1
linear,bridgeable,random,rinf,uniform__minimum,0.2,0,200,,,0,0,0,1,0,0.462528617988,1.28750059651,1
linear,bridgeable,random,rinf,uniform__minimum,0.2,1,200,,,0,0,0,1,96,0.313480997969,1.0760380777,1
linear,bridgeable,random,rinf,uniform__minimum,0.2,2,200,,,0,0,0,1,192,0.222997265596,0.954399104024,1
linear,bridgeable,random,rinf,uniform__minimum,0.2,3,200,,,0,0,0,1,288,0.156254293552,0.863840296143,1
linear,bridgeable,random,rinf,uniform__minimum,0.3,0,200,,,0,0,0,1,0,0.462528617988,1.28750059651,1
linear,bridgeable,random,rinf,uniform__minimum,0.3,1,200,,,0,0,0,1,96,0.313480997969,1.0760380777,1
linear,bridgeable,random,rinf,uniform__minimum,0.3,2,200,,,0,0,0,1,192,0.222997265596,0.954399104024,1
linear,bridgeable,random,rinf,uniform__minimum,0.3,3,200,,,0,0,0,1,288,0.156254293552,0.863840296143,1
linear,supported,nearest,r2,inverse_variance__minimum,0.2,0,200,0.0148917746238,0,200,1,0,1,0,0.0148917746238,0.246902605026,1
linear,supported,nearest,r2,inverse_variance__minimum,0.2,1,200,0.0150963103848,0,200,1,0,1,96,0.0150963103848,0.244579823703,1
linear,supported,nearest,r2,inverse_variance__minimum,0.2,2,200,0.0145325409799,0,200,1,0,1,192,0.0145325409799,0.244091579248,1
linear,supported,nearest,r2,inverse_variance__minimum,0.2,3,200,0.014407652035,0,200,1,0,1,288,0.014407652035,0.240350893493,1
linear,supported,nearest,r2,inverse_variance__minimum,0.3,0,200,0.0148917746238,0,200,1,0,1,0,0.0148917746238,0.246902605026,1
linear,supported,nearest,r2,inverse_variance__minimum,0.3,1,200,0.0150963103848,0,200,1,0,1,96,0.0150963103848,0.244579823703,1
linear,supported,nearest,r2,inverse_variance__minimum,0.3,2,200,0.0145325409799,0,200,1,0,1,192,0.0145325409799,0.244091579248,1
linear,supported,nearest,r2,inverse_variance__minimum,0.3,3,200,0.014407652035,0,200,1,0,1,288,0.014407652035,0.240350893493,1
linear,supported,nearest,r2,nearest_source__minimum,0.2,0,200,,,0,0,0,1,0,0.0576754218551,0.50872669862,1
linear,supported,nearest,r2,nearest_source__minimum,0.2,1,200,,,0,0,0,1,96,0.0785830477319,0.841284209564,1
linear,supported,nearest,r2,nearest_source__minimum,0.2,2,200,,,0,0,0,1,192,0.0785830477319,0.841284209564,1
linear,supported,nearest,r2,nearest_source__minimum,0.2,3,200,,,0,0,0,1,288,0.0785830477319,0.841284209564,1
linear,supported,nearest,r2,nearest_source__minimum,0.3,0,200,0.0576754218551,0,200,1,0,1,0,0.0576754218551,0.50872669862,1
linear,supported,nearest,r2,nearest_source__minimum,0.3,1,200,0.024412554672,0,1,0.005,0,1,96,0.0785830477319,0.841284209564,1
linear,supported,nearest,r2,nearest_source__minimum,0.3,2,200,0.024412554672,0,1,0.005,0,1,192,0.0785830477319,0.841284209564,1
linear,supported,nearest,r2,nearest_source__minimum,0.3,3,200,0.024412554672,0,1,0.005,0,1,288,0.0785830477319,0.841284209564,1
linear,supported,nearest,r2,optimized__barycentric,0.2,0,200,0.0151247385291,0,200,1,0,1,0,0.0151247385291,0.222481303551,1
linear,supported,nearest,r2,optimized__barycentric,0.2,1,200,0.0153306183242,0,200,1,0,1,96,0.0153306183242,0.220614710134,1
linear,supported,nearest,r2,optimized__barycentric,0.2,2,200,0.015063455065,0,200,1,0,1,192,0.015063455065,0.218755590304,1
linear,supported,nearest,r2,optimized__barycentric,0.2,3,200,0.0146631915246,0,200,1,0,1,288,0.0146631915246,0.216811539477,1
linear,supported,nearest,r2,optimized__barycentric,0.3,0,200,0.0151247385291,0,200,1,0,1,0,0.0151247385291,0.222481303551,1
linear,supported,nearest,r2,optimized__barycentric,0.3,1,200,0.0153306183242,0,200,1,0,1,96,0.0153306183242,0.220614710134,1
linear,supported,nearest,r2,optimized__barycentric,0.3,2,200,0.015063455065,0,200,1,0,1,192,0.015063455065,0.218755590304,1
linear,supported,nearest,r2,optimized__barycentric,0.3,3,200,0.0146631915246,0,200,1,0,1,288,0.0146631915246,0.216811539477,1
linear,supported,nearest,r2,optimized__lipschitz,0.2,0,200,0.0105408181454,0,14,0.07,0,1,0,0.0155769570064,0.426338391486,1
linear,supported,nearest,r2,optimized__lipschitz,0.2,1,200,0.0160120334199,0,35,0.175,0,1,96,0.0163394537335,0.416476812714,1
linear,supported,nearest,r2,optimized__lipschitz,0.2,2,200,0.0160124357805,0,35,0.175,0,1,192,0.0163432102689,0.416476396019,1
linear,supported,nearest,r2,optimized__lipschitz,0.2,3,200,0.0160122766536,0,35,0.175,0,1,288,0.0163429254074,0.416476395871,1
linear,supported,nearest,r2,optimized__lipschitz,0.3,0,200,0.0155769570064,0,200,1,0,1,0,0.0155769570064,0.426338391486,1
linear,supported,nearest,r2,optimized__lipschitz,0.3,1,200,0.0163394537335,0,200,1,0,1,96,0.0163394537335,0.416476812714,1
linear,supported,nearest,r2,optimized__lipschitz,0.3,2,200,0.0163432102689,0,200,1,0,1,192,0.0163432102689,0.416476396019,1
linear,supported,nearest,r2,optimized__lipschitz,0.3,3,200,0.0163429254074,0,200,1,0,1,288,0.0163429254074,0.416476395871,1
linear,supported,nearest,r2,optimized__minimum,0.2,0,200,0.0151247385291,0,200,1,0,1,0,0.0151247385291,0.222481303551,1
linear,supported,nearest,r2,optimized__minimum,0.2,1,200,0.0153306183242,0,200,1,0,1,96,0.0153306183242,0.220614710134,1
linear,supported,nearest,r2,optimized__minimum,0.2,2,200,0.015063455065,0,200,1,0,1,192,0.015063455065,0.218755590304,1
linear,supported,nearest,r2,optimized__minimum,0.2,3,200,0.0146631915246,0,200,1,0,1,288,0.0146631915246,0.216811539477,1
linear,supported,nearest,r2,optimized__minimum,0.3,0,200,0.0151247385291,0,200,1,0,1,0,0.0151247385291,0.222481303551,1
linear,supported,nearest,r2,optimized__minimum,0.3,1,200,0.0153306183242,0,200,1,0,1,96,0.0153306183242,0.220614710134,1
linear,supported,nearest,r2,optimized__minimum,0.3,2,200,0.015063455065,0,200,1,0,1,192,0.015063455065,0.218755590304,1
linear,supported,nearest,r2,optimized__minimum,0.3,3,200,0.0146631915246,0,200,1,0,1,288,0.0146631915246,0.216811539477,1
linear,supported,nearest,r2,uniform__minimum,0.2,0,200,0.0148917746238,0,200,1,0,1,0,0.0148917746238,0.246902605026,1
linear,supported,nearest,r2,uniform__minimum,0.2,1,200,0.02175581881,0,200,1,0,1,96,0.02175581881,0.293302948961,1
linear,supported,nearest,r2,uniform__minimum,0.2,2,200,0.0271388193361,0,200,1,0,1,192,0.0271388193361,0.349490862142,1
linear,supported,nearest,r2,uniform__minimum,0.2,3,200,0.0264925614782,0,200,1,0,1,288,0.0264925614782,0.328816648927,1
linear,supported,nearest,r2,uniform__minimum,0.3,0,200,0.0148917746238,0,200,1,0,1,0,0.0148917746238,0.246902605026,1
linear,supported,nearest,r2,uniform__minimum,0.3,1,200,0.02175581881,0,200,1,0,1,96,0.02175581881,0.293302948961,1
linear,supported,nearest,r2,uniform__minimum,0.3,2,200,0.0271388193361,0,200,1,0,1,192,0.0271388193361,0.349490862142,1
linear,supported,nearest,r2,uniform__minimum,0.3,3,200,0.0264925614782,0,200,1,0,1,288,0.0264925614782,0.328816648927,1
linear,supported,nearest,rinf,inverse_variance__minimum,0.2,0,200,0.0149994239888,0,194,0.97,0,1,0,0.0148917746238,0.371590642335,1
linear,supported,nearest,rinf,inverse_variance__minimum,0.2,1,200,0.0156583604515,0,174,0.87,0,1,96,0.0150963103848,0.384480947801,1
linear,supported,nearest,rinf,inverse_variance__minimum,0.2,2,200,0.0154240634737,0,115,0.575,0,1,192,0.0145325409799,0.398369063075,1
linear,supported,nearest,rinf,inverse_variance__minimum,0.2,3,200,0.0145571250204,0,62,0.31,0,1,288,0.014407652035,0.408236097398,1
linear,supported,nearest,rinf,inverse_variance__minimum,0.3,0,200,0.0148917746238,0,200,1,0,1,0,0.0148917746238,0.371590642335,1
linear,supported,nearest,rinf,inverse_variance__minimum,0.3,1,200,0.0150963103848,0,200,1,0,1,96,0.0150963103848,0.384480947801,1
linear,supported,nearest,rinf,inverse_variance__minimum,0.3,2,200,0.0145325409799,0,200,1,0,1,192,0.0145325409799,0.398369063075,1
linear,supported,nearest,rinf,inverse_variance__minimum,0.3,3,200,0.014407652035,0,200,1,0,1,288,0.014407652035,0.408236097398,1
linear,supported,nearest,rinf,nearest_source__minimum,0.2,0,200,,,0,0,0,1,0,0.0576754218551,0.513328090172,1
linear,supported,nearest,rinf,nearest_source__minimum,0.2,1,200,,,0,0,0,1,96,0.0785830477319,0.854523874409,1
linear,supported,nearest,rinf,nearest_source__minimum,0.2,2,200,,,0,0,0,1,192,0.0785830477319,0.854523874409,1
linear,supported,nearest,rinf,nearest_source__minimum,0.2,3,200,,,0,0,0,1,288,0.0785830477319,0.854523874409,1
linear,supported,nearest,rinf,nearest_source__minimum,0.3,0,200,0.0576754218551,0,200,1,0,1,0,0.0576754218551,0.513328090172,1
linear,supported,nearest,rinf,nearest_source__minimum,0.3,1,200,0.024412554672,0,1,0.005,0,1,96,0.0785830477319,0.854523874409,1
linear,supported,nearest,rinf,nearest_source__minimum,0.3,2,200,0.024412554672,0,1,0.005,0,1,192,0.0785830477319,0.854523874409,1
linear,supported,nearest,rinf,nearest_source__minimum,0.3,3,200,0.024412554672,0,1,0.005,0,1,288,0.0785830477319,0.854523874409,1
linear,supported,nearest,rinf,optimized__barycentric,0.2,0,200,0.016332943371,0,200,1,0,1,0,0.016332943371,0.343647953126,1
linear,supported,nearest,rinf,optimized__barycentric,0.2,1,200,0.0160314589648,0,200,1,0,1,96,0.0160314589648,0.343647951532,1
linear,supported,nearest,rinf,optimized__barycentric,0.2,2,200,0.015960701992,0,200,1,0,1,192,0.015960701992,0.343647950843,1
linear,supported,nearest,rinf,optimized__barycentric,0.2,3,200,0.0157757998194,0,200,1,0,1,288,0.0157757998194,0.343647950236,1
linear,supported,nearest,rinf,optimized__barycentric,0.3,0,200,0.016332943371,0,200,1,0,1,0,0.016332943371,0.343647953126,1
linear,supported,nearest,rinf,optimized__barycentric,0.3,1,200,0.0160314589648,0,200,1,0,1,96,0.0160314589648,0.343647951532,1
linear,supported,nearest,rinf,optimized__barycentric,0.3,2,200,0.015960701992,0,200,1,0,1,192,0.015960701992,0.343647950843,1
linear,supported,nearest,rinf,optimized__barycentric,0.3,3,200,0.0157757998194,0,200,1,0,1,288,0.0157757998194,0.343647950236,1
linear,supported,nearest,rinf,optimized__lipschitz,0.2,0,200,,,0,0,0,1,0,0.0576754218551,0.513328090172,1
linear,supported,nearest,rinf,optimized__lipschitz,0.2,1,200,,,0,0,0,1,96,0.0576754218551,0.513328090172,1
linear,supported,nearest,rinf,optimized__lipschitz,0.2,2,200,,,0,0,0,1,192,0.0576754218551,0.513328090172,1
linear,supported,nearest,rinf,optimized__lipschitz,0.2,3,200,,,0,0,0,1,288,0.0576754218551,0.513328090172,1
linear,supported,nearest,rinf,optimized__lipschitz,0.3,0,200,0.0576754218551,0,200,1,0,1,0,0.0576754218551,0.513328090172,1
linear,supported,nearest,rinf,optimized__lipschitz,0.3,1,200,0.0576754218551,0,200,1,0,1,96,0.0576754218551,0.513328090172,1
linear,supported,nearest,rinf,optimized__lipschitz,0.3,2,200,0.0576754218551,0,200,1,0,1,192,0.0576754218551,0.513328090172,1
linear,supported,nearest,rinf,optimized__lipschitz,0.3,3,200,0.0576754218551,0,200,1,0,1,288,0.0576754218551,0.513328090172,1
linear,supported,nearest,rinf,optimized__minimum,0.2,0,200,0.016332943371,0,200,1,0,1,0,0.016332943371,0.343647953126,1
linear,supported,nearest,rinf,optimized__minimum,0.2,1,200,0.0160314589648,0,200,1,0,1,96,0.0160314589648,0.343647951532,1
linear,supported,nearest,rinf,optimized__minimum,0.2,2,200,0.015960701992,0,200,1,0,1,192,0.015960701992,0.343647950843,1
linear,supported,nearest,rinf,optimized__minimum,0.2,3,200,0.0157757998194,0,200,1,0,1,288,0.0157757998194,0.343647950236,1
linear,supported,nearest,rinf,optimized__minimum,0.3,0,200,0.016332943371,0,200,1,0,1,0,0.016332943371,0.343647953126,1
linear,supported,nearest,rinf,optimized__minimum,0.3,1,200,0.0160314589648,0,200,1,0,1,96,0.0160314589648,0.343647951532,1
linear,supported,nearest,rinf,optimized__minimum,0.3,2,200,0.015960701992,0,200,1,0,1,192,0.015960701992,0.343647950843,1
linear,supported,nearest,rinf,optimized__minimum,0.3,3,200,0.0157757998194,0,200,1,0,1,288,0.0157757998194,0.343647950236,1
linear,supported,nearest,rinf,uniform__minimum,0.2,0,200,0.0149994239888,0,194,0.97,0,1,0,0.0148917746238,0.371590642335,1
linear,supported,nearest,rinf,uniform__minimum,0.2,1,200,,,0,0,0,1,96,0.02175581881,0.461751248569,1
linear,supported,nearest,rinf,uniform__minimum,0.2,2,200,,,0,0,0,1,192,0.0271388193361,0.566234811206,1
linear,supported,nearest,rinf,uniform__minimum,0.2,3,200,,,0,0,0,1,288,0.0264925614782,0.586750493582,1
linear,supported,nearest,rinf,uniform__minimum,0.3,0,200,0.0148917746238,0,200,1,0,1,0,0.0148917746238,0.371590642335,1
linear,supported,nearest,rinf,uniform__minimum,0.3,1,200,0.02175581881,0,200,1,0,1,96,0.02175581881,0.461751248569,1
linear,supported,nearest,rinf,uniform__minimum,0.3,2,200,0.0270958682498,0,196,0.98,0,1,192,0.0271388193361,0.566234811206,1
linear,supported,nearest,rinf,uniform__minimum,0.3,3,200,0.0265633513726,0,154,0.77,0,1,288,0.0264925614782,0.586750493582,1
linear,supported,random,r2,inverse_variance__minimum,0.2,0,200,0.0148917746238,0,200,1,0,1,0,0.0148917746238,0.246902605026,1
linear,supported,random,r2,inverse_variance__minimum,0.2,1,200,0.0155007100754,0,200,1,0,1,96,0.0155007100754,0.24774954574,1
linear,supported,random,r2,inverse_variance__minimum,0.2,2,200,0.0166097146126,0,200,1,0,1,192,0.0166097146126,0.248855456793,1
linear,supported,random,r2,inverse_variance__minimum,0.2,3,200,0.017230813695,0,200,1,0,1,288,0.017230813695,0.251064344916,1
linear,supported,random,r2,inverse_variance__minimum,0.3,0,200,0.0148917746238,0,200,1,0,1,0,0.0148917746238,0.246902605026,1
linear,supported,random,r2,inverse_variance__minimum,0.3,1,200,0.0155007100754,0,200,1,0,1,96,0.0155007100754,0.24774954574,1
linear,supported,random,r2,inverse_variance__minimum,0.3,2,200,0.0166097146126,0,200,1,0,1,192,0.0166097146126,0.248855456793,1
linear,supported,random,r2,inverse_variance__minimum,0.3,3,200,0.017230813695,0,200,1,0,1,288,0.017230813695,0.251064344916,1
linear,supported,random,r2,nearest_source__minimum,0.2,0,200,,,0,0,0,1,0,0.0576754218551,0.50872669862,1
linear,supported,random,r2,nearest_source__minimum,0.2,1,200,,,0,0,0,1,96,0.0605430309813,0.565217168762,1
linear,supported,random,r2,nearest_source__minimum,0.2,2,200,,,0,0,0,1,192,0.062629818275,0.635990964289,1
linear,supported,random,r2,nearest_source__minimum,0.2,3,200,,,0,0,0,1,288,0.0666145437843,0.678656975859,1
linear,supported,random,r2,nearest_source__minimum,0.3,0,200,0.0576754218551,0,200,1,0,1,0,0.0576754218551,0.50872669862,1
linear,supported,random,r2,nearest_source__minimum,0.3,1,200,0.0566582893224,0,166,0.83,0,1,96,0.0605430309813,0.565217168762,1
linear,supported,random,r2,nearest_source__minimum,0.3,2,200,0.0551501971323,0,125,0.625,0,1,192,0.062629818275,0.635990964289,1
linear,supported,random,r2,nearest_source__minimum,0.3,3,200,0.0529325713042,0,99,0.495,0,1,288,0.0666145437843,0.678656975859,1
linear,supported,random,r2,optimized__barycentric,0.2,0,200,0.0151247385291,0,200,1,0,1,0,0.0151247385291,0.222481303551,1
linear,supported,random,r2,optimized__barycentric,0.2,1,200,0.0149996031234,0,200,1,0,1,96,0.0149996031234,0.220635574277,1
linear,supported,random,r2,optimized__barycentric,0.2,2,200,0.0149306427164,0,200,1,0,1,192,0.0149306427164,0.218946355221,1
linear,supported,random,r2,optimized__barycentric,0.2,3,200,0.0150205391183,0,200,1,0,1,288,0.0150205391183,0.217589896781,1
linear,supported,random,r2,optimized__barycentric,0.3,0,200,0.0151247385291,0,200,1,0,1,0,0.0151247385291,0.222481303551,1
linear,supported,random,r2,optimized__barycentric,0.3,1,200,0.0149996031234,0,200,1,0,1,96,0.0149996031234,0.220635574277,1
linear,supported,random,r2,optimized__barycentric,0.3,2,200,0.0149306427164,0,200,1,0,1,192,0.0149306427164,0.218946355221,1
linear,supported,random,r2,optimized__barycentric,0.3,3,200,0.0150205391183,0,200,1,0,1,288,0.0150205391183,0.217589896781,1
linear,supported,random,r2,optimized__lipschitz,0.2,0,200,0.0105408181454,0,14,0.07,0,1,0,0.0155769570064,0.426338391486,1
linear,supported,random,r2,optimized__lipschitz,0.2,1,200,0.0130061802669,0,18,0.09,0,1,96,0.0158730019702,0.424616613495,1
linear,supported,random,r2,optimized__lipschitz,0.2,2,200,0.0158704881879,0,22,0.11,0,1,192,0.0159628722612,0.422674337967,1
linear,supported,random,r2,optimized__lipschitz,0.2,3,200,0.0153026300868,0,26,0.13,0,1,288,0.0163223376392,0.421353920614,1
linear,supported,random,r2,optimized__lipschitz,0.3,0,200,0.0155769570064,0,200,1,0,1,0,0.0155769570064,0.426338391486,1
linear,supported,random,r2,optimized__lipschitz,0.3,1,200,0.0158730019702,0,200,1,0,1,96,0.0158730019702,0.424616613495,1
linear,supported,random,r2,optimized__lipschitz,0.3,2,200,0.0159628722612,0,200,1,0,1,192,0.0159628722612,0.422674337967,1
linear,supported,random,r2,optimized__lipschitz,0.3,3,200,0.0163223376392,0,200,1,0,1,288,0.0163223376392,0.421353920614,1
linear,supported,random,r2,optimized__minimum,0.2,0,200,0.0151247385291,0,200,1,0,1,0,0.0151247385291,0.222481303551,1
linear,supported,random,r2,optimized__minimum,0.2,1,200,0.0149996031234,0,200,1,0,1,96,0.0149996031234,0.220635574277,1
linear,supported,random,r2,optimized__minimum,0.2,2,200,0.0149306427164,0,200,1,0,1,192,0.0149306427164,0.218946355221,1
linear,supported,random,r2,optimized__minimum,0.2,3,200,0.0150205391183,0,200,1,0,1,288,0.0150205391183,0.217589896781,1
linear,supported,random,r2,optimized__minimum,0.3,0,200,0.0151247385291,0,200,1,0,1,0,0.0151247385291,0.222481303551,1
linear,supported,random,r2,optimized__minimum,0.3,1,200,0.0149996031234,0,200,1,0,1,96,0.0149996031234,0.220635574277,1
linear,supported,random,r2,optimized__minimum,0.3,2,200,0.0149306427164,0,200,1,0,1,192,0.0149306427164,0.218946355221,1
linear,supported,random,r2,optimized__minimum,0.3,3,200,0.0150205391183,0,200,1,0,1,288,0.0150205391183,0.217589896781,1
linear,supported,random,r2,uniform__minimum,0.2,0,200,0.0148917746238,0,200,1,0,1,0,0.0148917746238,0.246902605026,1
linear,supported,random,r2,uniform__minimum,0.2,1,200,0.0331306476323,0,150,0.75,0,1,96,0.038888478258,0.367431531744,1
linear,supported,random,r2,uniform__minimum,0.2,2,200,0.0355322159961,0,92,0.46,0,1,192,0.0523264574114,0.409084492334,1
linear,supported,random,r2,uniform__minimum,0.2,3,200,0.0406111639599,0,52,0.26,0,1,288,0.064783168108,0.431982795504,1
linear,supported,random,r2,uniform__minimum,0.3,0,200,0.0148917746238,0,200,1,0,1,0,0.0148917746238,0.246902605026,1
linear,supported,random,r2,uniform__minimum,0.3,1,200,0.038888478258,0,200,1,0,1,96,0.038888478258,0.367431531744,1
linear,supported,random,r2,uniform__minimum,0.3,2,200,0.0523264574114,0,200,1,0,1,192,0.0523264574114,0.409084492334,1
linear,supported,random,r2,uniform__minimum,0.3,3,200,0.064783168108,0,200,1,0,1,288,0.064783168108,0.431982795504,1
linear,supported,random,rinf,inverse_variance__minimum,0.2,0,200,0.0149994239888,0,194,0.97,0,1,0,0.0148917746238,0.371590642335,1
linear,supported,random,rinf,inverse_variance__minimum,0.2,1,200,0.0158491137529,0,160,0.8,0,1,96,0.0155007100754,0.387650669837,1
linear,supported,random,rinf,inverse_variance__minimum,0.2,2,200,0.0153316409749,0,95,0.475,0,1,192,0.0166097146126,0.40313294062,1
linear,supported,random,rinf,inverse_variance__minimum,0.2,3,200,0.0165600419194,0,32,0.16,0,1,288,0.017230813695,0.41894954882,1
linear,supported,random,rinf,inverse_variance__minimum,0.3,0,200,0.0148917746238,0,200,1,0,1,0,0.0148917746238,0.371590642335,1
linear,supported,random,rinf,inverse_variance__minimum,0.3,1,200,0.0155007100754,0,200,1,0,1,96,0.0155007100754,0.387650669837,1
linear,supported,random,rinf,inverse_variance__minimum,0.3,2,200,0.0166097146126,0,200,1,0,1,192,0.0166097146126,0.40313294062,1
linear,supported,random,rinf,inverse_variance__minimum,0.3,3,200,0.017230813695,0,200,1,0,1,288,0.017230813695,0.41894954882,1
linear,supported,random,rinf,nearest_source__minimum,0.2,0,200,,,0,0,0,1,0,0.0576754218551,0.513328090172,1
linear,supported,random,rinf,nearest_source__minimum,0.2,1,200,,,0,0,0,1,96,0.0605430309813,0.571294446203,1
linear,supported,random,rinf,nearest_source__minimum,0.2,2,200,,,0,0,0,1,192,0.062629818275,0.643847986479,1
linear,supported,random,rinf,nearest_source__minimum,0.2,3,200,,,0,0,0,1,288,0.0666145437843,0.687642616671,1
linear,supported,random,rinf,nearest_source__minimum,0.3,0,200,0.0576754218551,0,200,1,0,1,0,0.0576754218551,0.513328090172,1
linear,supported,random,rinf,nearest_source__minimum,0.3,1,200,0.0566582893224,0,166,0.83,0,1,96,0.0605430309813,0.571294446203,1
linear,supported,random,rinf,nearest_source__minimum,0.3,2,200,0.0551501971323,0,125,0.625,0,1,192,0.062629818275,0.643847986479,1
linear,supported,random,rinf,nearest_source__minimum,0.3,3,200,0.0529325713042,0,99,0.495,0,1,288,0.0666145437843,0.687642616671,1
linear,supported,random,rinf,optimized__barycentric,0.2,0,200,0.016332943371,0,200,1,0,1,0,0.016332943371,0.343647953126,1
linear,supported,random,rinf,optimized__barycentric,0.2,1,200,0.0157145943371,0,200,1,0,1,96,0.0157145943371,0.343647951341,1
linear,supported,random,rinf,optimized__barycentric,0.2,2,200,0.015870185413,0,200,1,0,1,192,0.015870185413,0.343647950272,1
linear,supported,random,rinf,optimized__barycentric,0.2,3,200,0.016027258379,0,200,1,0,1,288,0.016027258379,0.343647949954,1
linear,supported,random,rinf,optimized__barycentric,0.3,0,200,0.016332943371,0,200,1,0,1,0,0.016332943371,0.343647953126,1
linear,supported,random,rinf,optimized__barycentric,0.3,1,200,0.0157145943371,0,200,1,0,1,96,0.0157145943371,0.343647951341,1
linear,supported,random,rinf,optimized__barycentric,0.3,2,200,0.015870185413,0,200,1,0,1,192,0.015870185413,0.343647950272,1
linear,supported,random,rinf,optimized__barycentric,0.3,3,200,0.016027258379,0,200,1,0,1,288,0.016027258379,0.343647949954,1
linear,supported,random,rinf,optimized__lipschitz,0.2,0,200,,,0,0,0,1,0,0.0576754218551,0.513328090172,1
linear,supported,random,rinf,optimized__lipschitz,0.2,1,200,,,0,0,0,1,96,0.0576754218551,0.513328090172,1
linear,supported,random,rinf,optimized__lipschitz,0.2,2,200,,,0,0,0,1,192,0.0576754218551,0.513328090172,1
linear,supported,random,rinf,optimized__lipschitz,0.2,3,200,,,0,0,0,1,288,0.0576754218551,0.513328090172,1
linear,supported,random,rinf,optimized__lipschitz,0.3,0,200,0.0576754218551,0,200,1,0,1,0,0.0576754218551,0.513328090172,1
linear,supported,random,rinf,optimized__lipschitz,0.3,1,200,0.0576754218551,0,200,1,0,1,96,0.0576754218551,0.513328090172,1
linear,supported,random,rinf,optimized__lipschitz,0.3,2,200,0.0576754218551,0,200,1,0,1,192,0.0576754218551,0.513328090172,1
linear,supported,random,rinf,optimized__lipschitz,0.3,3,200,0.0576754218551,0,200,1,0,1,288,0.0576754218551,0.513328090172,1
linear,supported,random,rinf,optimized__minimum,0.2,0,200,0.016332943371,0,200,1,0,1,0,0.016332943371,0.343647953126,1
linear,supported,random,rinf,optimized__minimum,0.2,1,200,0.0157145943371,0,200,1,0,1,96,0.0157145943371,0.343647951341,1
linear,supported,random,rinf,optimized__minimum,0.2,2,200,0.015870185413,0,200,1,0,1,192,0.015870185413,0.343647950272,1
linear,supported,random,rinf,optimized__minimum,0.2,3,200,0.016027258379,0,200,1,0,1,288,0.016027258379,0.343647949954,1
linear,supported,random,rinf,optimized__minimum,0.3,0,200,0.016332943371,0,200,1,0,1,0,0.016332943371,0.343647953126,1
linear,supported,random,rinf,optimized__minimum,0.3,1,200,0.0157145943371,0,200,1,0,1,96,0.0157145943371,0.343647951341,1
linear,supported,random,rinf,optimized__minimum,0.3,2,200,0.015870185413,0,200,1,0,1,192,0.015870185413,0.343647950272,1
linear,supported,random,rinf,optimized__minimum,0.3,3,200,0.016027258379,0,200,1,0,1,288,0.016027258379,0.343647949954,1
linear,supported,random,rinf,uniform__minimum,0.2,0,200,0.0149994239888,0,194,0.97,0,1,0,0.0148917746238,0.371590642335,1
linear,supported,random,rinf,uniform__minimum,0.2,1,200,,,0,0,0,1,96,0.038888478258,0.535879831352,1
linear,supported,random,rinf,uniform__minimum,0.2,2,200,,,0,0,0,1,192,0.0523264574114,0.625828441398,1
linear,supported,random,rinf,uniform__minimum,0.2,3,200,,,0,0,0,1,288,0.064783168108,0.68991664016,1
linear,supported,random,rinf,uniform__minimum,0.3,0,200,0.0148917746238,0,200,1,0,1,0,0.0148917746238,0.371590642335,1
linear,supported,random,rinf,uniform__minimum,0.3,1,200,0.0382978352208,0,196,0.98,0,1,96,0.038888478258,0.535879831352,1
linear,supported,random,rinf,uniform__minimum,0.3,2,200,0.0302110749067,0,71,0.355,0,1,192,0.0523264574114,0.625828441398,1
linear,supported,random,rinf,uniform__minimum,0.3,3,200,0.0217295339043,0,11,0.055,0,1,288,0.064783168108,0.68991664016,1
linear,unreachable,nearest,r2,inverse_variance__minimum,0.2,0,200,,,0,0,0,1,0,1.29051241315,2.87957327181,1
linear,unreachable,nearest,r2,inverse_variance__minimum,0.2,1,200,,,0,0,0,1,96,1.27808870627,2.85076871612,1
linear,unreachable,nearest,r2,inverse_variance__minimum,0.2,2,200,,,0,0,0,1,192,1.26928967956,2.82930674762,1
linear,unreachable,nearest,r2,inverse_variance__minimum,0.2,3,200,,,0,0,0,1,288,1.26177219325,2.81081698177,1
linear,unreachable,nearest,r2,inverse_variance__minimum,0.3,0,200,,,0,0,0,1,0,1.29051241315,2.87957327181,1
linear,unreachable,nearest,r2,inverse_variance__minimum,0.3,1,200,,,0,0,0,1,96,1.27808870627,2.85076871612,1
linear,unreachable,nearest,r2,inverse_variance__minimum,0.3,2,200,,,0,0,0,1,192,1.26928967956,2.82930674762,1
linear,unreachable,nearest,r2,inverse_variance__minimum,0.3,3,200,,,0,0,0,1,288,1.26177219325,2.81081698177,1
linear,unreachable,nearest,r2,nearest_source__minimum,0.2,0,200,,,0,0,0,1,0,1.1707211224,2.78452064795,1
linear,unreachable,nearest,r2,nearest_source__minimum,0.2,1,200,,,0,0,0,1,96,0.863965143607,2.52961132772,1
linear,unreachable,nearest,r2,nearest_source__minimum,0.2,2,200,,,0,0,0,1,192,0.863965143607,2.52961132772,1
linear,unreachable,nearest,r2,nearest_source__minimum,0.2,3,200,,,0,0,0,1,288,0.863965143607,2.52961132772,1
linear,unreachable,nearest,r2,nearest_source__minimum,0.3,0,200,,,0,0,0,1,0,1.1707211224,2.78452064795,1
linear,unreachable,nearest,r2,nearest_source__minimum,0.3,1,200,,,0,0,0,1,96,0.863965143607,2.52961132772,1
linear,unreachable,nearest,r2,nearest_source__minimum,0.3,2,200,,,0,0,0,1,192,0.863965143607,2.52961132772,1
linear,unreachable,nearest,r2,nearest_source__minimum,0.3,3,200,,,0,0,0,1,288,0.863965143607,2.52961132772,1
linear,unreachable,nearest,r2,optimized__barycentric,0.2,0,200,,,0,0,0,1,0,1.18969592882,2.77684106968,1
linear,unreachable,nearest,r2,optimized__barycentric,0.2,1,200,,,0,0,0,1,96,0.900632458789,2.52562302142,1
linear,unreachable,nearest,r2,optimized__barycentric,0.2,2,200,,,0,0,0,1,192,0.904199755476,2.41582291211,1
linear,unreachable,nearest,r2,optimized__barycentric,0.2,3,200,,,0,0,0,1,288,0.924404143298,2.37674417903,1
linear,unreachable,nearest,r2,optimized__barycentric,0.3,0,200,,,0,0,0,1,0,1.18969592882,2.77684106968,1
linear,unreachable,nearest,r2,optimized__barycentric,0.3,1,200,,,0,0,0,1,96,0.900632458789,2.52562302142,1
linear,unreachable,nearest,r2,optimized__barycentric,0.3,2,200,,,0,0,0,1,192,0.904199755476,2.41582291211,1
linear,unreachable,nearest,r2,optimized__barycentric,0.3,3,200,,,0,0,0,1,288,0.924404143298,2.37674417903,1
linear,unreachable,nearest,r2,optimized__lipschitz,0.2,0,200,,,0,0,0,1,0,1.18738987473,2.778184265,1
linear,unreachable,nearest,r2,optimized__lipschitz,0.2,1,200,,,0,0,0,1,96,0.891068681201,2.52688876517,1
linear,unreachable,nearest,r2,optimized__lipschitz,0.2,2,200,,,0,0,0,1,192,0.904077410298,2.41611708421,1
linear,unreachable,nearest,r2,optimized__lipschitz,0.2,3,200,,,0,0,0,1,288,0.924288936718,2.37765614599,1
linear,unreachable,nearest,r2,optimized__lipschitz,0.3,0,200,,,0,0,0,1,0,1.18738987473,2.778184265,1
linear,unreachable,nearest,r2,optimized__lipschitz,0.3,1,200,,,0,0,0,1,96,0.891068681201,2.52688876517,1
linear,unreachable,nearest,r2,optimized__lipschitz,0.3,2,200,,,0,0,0,1,192,0.904077410298,2.41611708421,1
linear,unreachable,nearest,r2,optimized__lipschitz,0.3,3,200,,,0,0,0,1,288,0.924288936718,2.37765614599,1
linear,unreachable,nearest,r2,optimized__minimum,0.2,0,200,,,0,0,0,1,0,1.18969592882,2.77684106968,1
linear,unreachable,nearest,r2,optimized__minimum,0.2,1,200,,,0,0,0,1,96,0.900632458789,2.52562302142,1
linear,unreachable,nearest,r2,optimized__minimum,0.2,2,200,,,0,0,0,1,192,0.904199229162,2.41582291195,1
linear,unreachable,nearest,r2,optimized__minimum,0.2,3,200,,,0,0,0,1,288,0.924404143298,2.37674417903,1
linear,unreachable,nearest,r2,optimized__minimum,0.3,0,200,,,0,0,0,1,0,1.18969592882,2.77684106968,1
linear,unreachable,nearest,r2,optimized__minimum,0.3,1,200,,,0,0,0,1,96,0.900632458789,2.52562302142,1
linear,unreachable,nearest,r2,optimized__minimum,0.3,2,200,,,0,0,0,1,192,0.904199229162,2.41582291195,1
linear,unreachable,nearest,r2,optimized__minimum,0.3,3,200,,,0,0,0,1,288,0.924404143298,2.37674417903,1
linear,unreachable,nearest,r2,uniform__minimum,0.2,0,200,,,0,0,0,1,0,1.29051241315,2.87957327181,1
linear,unreachable,nearest,r2,uniform__minimum,0.2,1,200,,,0,0,0,1,96,1.20520295924,2.74261498961,1
linear,unreachable,nearest,r2,uniform__minimum,0.2,2,200,,,0,0,0,1,192,1.16553409316,2.66607841699,1
linear,unreachable,nearest,r2,uniform__minimum,0.2,3,200,,,0,0,0,1,288,1.14133698606,2.61455104476,1
linear,unreachable,nearest,r2,uniform__minimum,0.3,0,200,,,0,0,0,1,0,1.29051241315,2.87957327181,1
linear,unreachable,nearest,r2,uniform__minimum,0.3,1,200,,,0,0,0,1,96,1.20520295924,2.74261498961,1
linear,unreachable,nearest,r2,uniform__minimum,0.3,2,200,,,0,0,0,1,192,1.16553409316,2.66607841699,1
linear,unreachable,nearest,r2,uniform__minimum,0.3,3,200,,,0,0,0,1,288,1.14133698606,2.61455104476,1
linear,unreachable,nearest,rinf,inverse_variance__minimum,0.2,0,200,,,0,0,0,1,0,1.29051241315,3.00426130912,1
linear,unreachable,nearest,rinf,inverse_variance__minimum,0.2,1,200,,,0,0,0,1,96,1.27808870627,2.99066984022,1
linear,unreachable,nearest,rinf,inverse_variance__minimum,0.2,2,200,,,0,0,0,1,192,1.26928967956,2.98358423144,1
linear,unreachable,nearest,rinf,inverse_variance__minimum,0.2,3,200,,,0,0,0,1,288,1.26177219325,2.97870218567,1
linear,unreachable,nearest,rinf,inverse_variance__minimum,0.3,0,200,,,0,0,0,1,0,1.29051241315,3.00426130912,1
linear,unreachable,nearest,rinf,inverse_variance__minimum,0.3,1,200,,,0,0,0,1,96,1.27808870627,2.99066984022,1
linear,unreachable,nearest,rinf,inverse_variance__minimum,0.3,2,200,,,0,0,0,1,192,1.26928967956,2.98358423144,1
linear,unreachable,nearest,rinf,inverse_variance__minimum,0.3,3,200,,,0,0,0,1,288,1.26177219325,2.97870218567,1
linear,unreachable,nearest,rinf,nearest_source__minimum,0.2,0,200,,,0,0,0,1,0,1.1707211224,2.7891220395,1
linear,unreachable,nearest,rinf,nearest_source__minimum,0.2,1,200,,,0,0,0,1,96,0.863965143607,2.54289440097,1
linear,unreachable,nearest,rinf,nearest_source__minimum,0.2,2,200,,,0,0,0,1,192,0.863965143607,2.54289440097,1
linear,unreachable,nearest,rinf,nearest_source__minimum,0.2,3,200,,,0,0,0,1,288,0.863965143607,2.54289440097,1
linear,unreachable,nearest,rinf,nearest_source__minimum,0.3,0,200,,,0,0,0,1,0,1.1707211224,2.7891220395,1
linear,unreachable,nearest,rinf,nearest_source__minimum,0.3,1,200,,,0,0,0,1,96,0.863965143607,2.54289440097,1
linear,unreachable,nearest,rinf,nearest_source__minimum,0.3,2,200,,,0,0,0,1,192,0.863965143607,2.54289440097,1
linear,unreachable,nearest,rinf,nearest_source__minimum,0.3,3,200,,,0,0,0,1,288,0.863965143607,2.54289440097,1
linear,unreachable,nearest,rinf,optimized__barycentric,0.2,0,200,,,0,0,0,1,0,1.1707211224,2.7891220395,1
linear,unreachable,nearest,rinf,optimized__barycentric,0.2,1,200,,,0,0,0,1,96,0.863965143607,2.54289440097,1
linear,unreachable,nearest,rinf,optimized__barycentric,0.2,2,200,,,0,0,0,1,192,0.863965143607,2.54289440097,1
linear,unreachable,nearest,rinf,optimized__barycentric,0.2,3,200,,,0,0,0,1,288,0.863965143607,2.54289440097,1
linear,unreachable,nearest,rinf,optimized__barycentric,0.3,0,200,,,0,0,0,1,0,1.1707211224,2.7891220395,1
linear,unreachable,nearest,rinf,optimized__barycentric,0.3,1,200,,,0,0,0,1,96,0.863965143607,2.54289440097,1
linear,unreachable,nearest,rinf,optimized__barycentric,0.3,2,200,,,0,0,0,1,192,0.863965143607,2.54289440097,1
linear,unreachable,nearest,rinf,optimized__barycentric,0.3,3,200,,,0,0,0,1,288,0.863965143607,2.54289440097,1
linear,unreachable,nearest,rinf,optimized__lipschitz,0.2,0,200,,,0,0,0,1,0,1.1707211224,2.7891220395,1
linear,unreachable,nearest,rinf,optimized__lipschitz,0.2,1,200,,,0,0,0,1,96,0.863965143607,2.54289440097,1
linear,unreachable,nearest,rinf,optimized__lipschitz,0.2,2,200,,,0,0,0,1,192,0.863965143607,2.54289440097,1
linear,unreachable,nearest,rinf,optimized__lipschitz,0.2,3,200,,,0,0,0,1,288,0.863965143607,2.54289440097,1
linear,unreachable,nearest,rinf,optimized__lipschitz,0.3,0,200,,,0,0,0,1,0,1.1707211224,2.7891220395,1
linear,unreachable,nearest,rinf,optimized__lipschitz,0.3,1,200,,,0,0,0,1,96,0.863965143607,2.54289440097,1
linear,unreachable,nearest,rinf,optimized__lipschitz,0.3,2,200,,,0,0,0,1,192,0.863965143607,2.54289440097,1
linear,unreachable,nearest,rinf,optimized__lipschitz,0.3,3,200,,,0,0,0,1,288,0.863965143607,2.54289440097,1
linear,unreachable,nearest,rinf,optimized__minimum,0.2,0,200,,,0,0,0,1,0,1.1707211224,2.7891220395,1
linear,unreachable,nearest,rinf,optimized__minimum,0.2,1,200,,,0,0,0,1,96,0.863965143607,2.54289440097,1
linear,unreachable,nearest,rinf,optimized__minimum,0.2,2,200,,,0,0,0,1,192,0.863965143607,2.54289440097,1
linear,unreachable,nearest,rinf,optimized__minimum,0.2,3,200,,,0,0,0,1,288,0.863965143607,2.54289440097,1
linear,unreachable,nearest,rinf,optimized__minimum,0.3,0,200,,,0,0,0,1,0,1.1707211224,2.7891220395,1
linear,unreachable,nearest,rinf,optimized__minimum,0.3,1,200,,,0,0,0,1,96,0.863965143607,2.54289440097,1
linear,unreachable,nearest,rinf,optimized__minimum,0.3,2,200,,,0,0,0,1,192,0.863965143607,2.54289440097,1
linear,unreachable,nearest,rinf,optimized__minimum,0.3,3,200,,,0,0,0,1,288,0.863965143607,2.54289440097,1
linear,unreachable,nearest,rinf,uniform__minimum,0.2,0,200,,,0,0,0,1,0,1.29051241315,3.00426130912,1
linear,unreachable,nearest,rinf,uniform__minimum,0.2,1,200,,,0,0,0,1,96,1.20520295924,2.91106328922,1
linear,unreachable,nearest,rinf,uniform__minimum,0.2,2,200,,,0,0,0,1,192,1.16553409316,2.88282236605,1
linear,unreachable,nearest,rinf,uniform__minimum,0.2,3,200,,,0,0,0,1,288,1.14133698606,2.87248488942,1
linear,unreachable,nearest,rinf,uniform__minimum,0.3,0,200,,,0,0,0,1,0,1.29051241315,3.00426130912,1
linear,unreachable,nearest,rinf,uniform__minimum,0.3,1,200,,,0,0,0,1,96,1.20520295924,2.91106328922,1
linear,unreachable,nearest,rinf,uniform__minimum,0.3,2,200,,,0,0,0,1,192,1.16553409316,2.88282236605,1
linear,unreachable,nearest,rinf,uniform__minimum,0.3,3,200,,,0,0,0,1,288,1.14133698606,2.87248488942,1
linear,unreachable,random,r2,inverse_variance__minimum,0.2,0,200,,,0,0,0,1,0,1.29051241315,2.87957327181,1
linear,unreachable,random,r2,inverse_variance__minimum,0.2,1,200,,,0,0,0,1,96,1.28344585208,2.86148721557,1
linear,unreachable,random,r2,inverse_variance__minimum,0.2,2,200,,,0,0,0,1,192,1.27726945705,2.84554239807,1
linear,unreachable,random,r2,inverse_variance__minimum,0.2,3,200,,,0,0,0,1,288,1.27169374279,2.83062077515,1
linear,unreachable,random,r2,inverse_variance__minimum,0.3,0,200,,,0,0,0,1,0,1.29051241315,2.87957327181,1
linear,unreachable,random,r2,inverse_variance__minimum,0.3,1,200,,,0,0,0,1,96,1.28344585208,2.86148721557,1
linear,unreachable,random,r2,inverse_variance__minimum,0.3,2,200,,,0,0,0,1,192,1.27726945705,2.84554239807,1
linear,unreachable,random,r2,inverse_variance__minimum,0.3,3,200,,,0,0,0,1,288,1.27169374279,2.83062077515,1
linear,unreachable,random,r2,nearest_source__minimum,0.2,0,200,,,0,0,0,1,0,1.1707211224,2.78452064795,1
linear,unreachable,random,r2,nearest_source__minimum,0.2,1,200,,,0,0,0,1,96,1.02552544535,2.80471055398,1
linear,unreachable,random,r2,nearest_source__minimum,0.2,2,200,,,0,0,0,1,192,0.948980046701,2.71527189993,1
linear,unreachable,random,r2,nearest_source__minimum,0.2,3,200,,,0,0,0,1,288,0.915971849562,2.64476072868,1
linear,unreachable,random,r2,nearest_source__minimum,0.3,0,200,,,0,0,0,1,0,1.1707211224,2.78452064795,1
linear,unreachable,random,r2,nearest_source__minimum,0.3,1,200,,,0,0,0,1,96,1.02552544535,2.80471055398,1
linear,unreachable,random,r2,nearest_source__minimum,0.3,2,200,,,0,0,0,1,192,0.948980046701,2.71527189993,1
linear,unreachable,random,r2,nearest_source__minimum,0.3,3,200,,,0,0,0,1,288,0.915971849562,2.64476072868,1
linear,unreachable,random,r2,optimized__barycentric,0.2,0,200,,,0,0,0,1,0,1.18969592882,2.77684106968,1
linear,unreachable,random,r2,optimized__barycentric,0.2,1,200,,,0,0,0,1,96,1.08627986598,2.67090106908,1
linear,unreachable,random,r2,optimized__barycentric,0.2,2,200,,,0,0,0,1,192,1.02354976017,2.58790158228,1
linear,unreachable,random,r2,optimized__barycentric,0.2,3,200,,,0,0,0,1,288,0.989400915216,2.52167901317,1
linear,unreachable,random,r2,optimized__barycentric,0.3,0,200,,,0,0,0,1,0,1.18969592882,2.77684106968,1
linear,unreachable,random,r2,optimized__barycentric,0.3,1,200,,,0,0,0,1,96,1.08627986598,2.67090106908,1
linear,unreachable,random,r2,optimized__barycentric,0.3,2,200,,,0,0,0,1,192,1.02354976017,2.58790158228,1
linear,unreachable,random,r2,optimized__barycentric,0.3,3,200,,,0,0,0,1,288,0.989400915216,2.52167901317,1
linear,unreachable,random,r2,optimized__lipschitz,0.2,0,200,,,0,0,0,1,0,1.18738987473,2.778184265,1
linear,unreachable,random,r2,optimized__lipschitz,0.2,1,200,,,0,0,0,1,96,1.08377949583,2.67448171963,1
linear,unreachable,random,r2,optimized__lipschitz,0.2,2,200,,,0,0,0,1,192,1.02118444738,2.59138441634,1
linear,unreachable,random,r2,optimized__lipschitz,0.2,3,200,,,0,0,0,1,288,0.986926792948,2.52460533242,1
linear,unreachable,random,r2,optimized__lipschitz,0.3,0,200,,,0,0,0,1,0,1.18738987473,2.778184265,1
linear,unreachable,random,r2,optimized__lipschitz,0.3,1,200,,,0,0,0,1,96,1.08377949583,2.67448171963,1
linear,unreachable,random,r2,optimized__lipschitz,0.3,2,200,,,0,0,0,1,192,1.02118444738,2.59138441634,1
linear,unreachable,random,r2,optimized__lipschitz,0.3,3,200,,,0,0,0,1,288,0.986926792948,2.52460533242,1
linear,unreachable,random,r2,optimized__minimum,0.2,0,200,,,0,0,0,1,0,1.18969592882,2.77684106968,1
linear,unreachable,random,r2,optimized__minimum,0.2,1,200,,,0,0,0,1,96,1.08627986598,2.67090106908,1
linear,unreachable,random,r2,optimized__minimum,0.2,2,200,,,0,0,0,1,192,1.02354960392,2.58790158225,1
linear,unreachable,random,r2,optimized__minimum,0.2,3,200,,,0,0,0,1,288,0.989400680437,2.52167901314,1
linear,unreachable,random,r2,optimized__minimum,0.3,0,200,,,0,0,0,1,0,1.18969592882,2.77684106968,1
linear,unreachable,random,r2,optimized__minimum,0.3,1,200,,,0,0,0,1,96,1.08627986598,2.67090106908,1
linear,unreachable,random,r2,optimized__minimum,0.3,2,200,,,0,0,0,1,192,1.02354960392,2.58790158225,1
linear,unreachable,random,r2,optimized__minimum,0.3,3,200,,,0,0,0,1,288,0.989400680437,2.52167901314,1
linear,unreachable,random,r2,uniform__minimum,0.2,0,200,,,0,0,0,1,0,1.29051241315,2.87957327181,1
linear,unreachable,random,r2,uniform__minimum,0.2,1,200,,,0,0,0,1,96,1.2419886938,2.81645719062,1
linear,unreachable,random,r2,uniform__minimum,0.2,2,200,,,0,0,0,1,192,1.21252611615,2.76231984466,1
linear,unreachable,random,r2,uniform__minimum,0.2,3,200,,,0,0,0,1,288,1.19283455269,2.71807107232,1
linear,unreachable,random,r2,uniform__minimum,0.3,0,200,,,0,0,0,1,0,1.29051241315,2.87957327181,1
linear,unreachable,random,r2,uniform__minimum,0.3,1,200,,,0,0,0,1,96,1.2419886938,2.81645719062,1
linear,unreachable,random,r2,uniform__minimum,0.3,2,200,,,0,0,0,1,192,1.21252611615,2.76231984466,1
linear,unreachable,random,r2,uniform__minimum,0.3,3,200,,,0,0,0,1,288,1.19283455269,2.71807107232,1
linear,unreachable,random,rinf,inverse_variance__minimum,0.2,0,200,,,0,0,0,1,0,1.29051241315,3.00426130912,1
linear,unreachable,random,rinf,inverse_variance__minimum,0.2,1,200,,,0,0,0,1,96,1.28344585208,3.00138833967,1
linear,unreachable,random,rinf,inverse_variance__minimum,0.2,2,200,,,0,0,0,1,192,1.27726945705,2.99981988189,1
linear,unreachable,random,rinf,inverse_variance__minimum,0.2,3,200,,,0,0,0,1,288,1.27169374279,2.99850597905,1
linear,unreachable,random,rinf,inverse_variance__minimum,0.3,0,200,,,0,0,0,1,0,1.29051241315,3.00426130912,1
linear,unreachable,random,rinf,inverse_variance__minimum,0.3,1,200,,,0,0,0,1,96,1.28344585208,3.00138833967,1
linear,unreachable,random,rinf,inverse_variance__minimum,0.3,2,200,,,0,0,0,1,192,1.27726945705,2.99981988189,1
linear,unreachable,random,rinf,inverse_variance__minimum,0.3,3,200,,,0,0,0,1,288,1.27169374279,2.99850597905,1
linear,unreachable,random,rinf,nearest_source__minimum,0.2,0,200,,,0,0,0,1,0,1.1707211224,2.7891220395,1
linear,unreachable,random,rinf,nearest_source__minimum,0.2,1,200,,,0,0,0,1,96,1.02552544535,2.81656114976,1
linear,unreachable,random,rinf,nearest_source__minimum,0.2,2,200,,,0,0,0,1,192,0.948980046701,2.72851156478,1
linear,unreachable,random,rinf,nearest_source__minimum,0.2,3,200,,,0,0,0,1,288,0.915971849562,2.65804380193,1
linear,unreachable,random,rinf,nearest_source__minimum,0.3,0,200,,,0,0,0,1,0,1.1707211224,2.7891220395,1
linear,unreachable,random,rinf,nearest_source__minimum,0.3,1,200,,,0,0,0,1,96,1.02552544535,2.81656114976,1
linear,unreachable,random,rinf,nearest_source__minimum,0.3,2,200,,,0,0,0,1,192,0.948980046701,2.72851156478,1
linear,unreachable,random,rinf,nearest_source__minimum,0.3,3,200,,,0,0,0,1,288,0.915971849562,2.65804380193,1
linear,unreachable,random,rinf,optimized__barycentric,0.2,0,200,,,0,0,0,1,0,1.1707211224,2.7891220395,1
linear,unreachable,random,rinf,optimized__barycentric,0.2,1,200,,,0,0,0,1,96,1.05619001527,2.72214830986,1
linear,unreachable,random,rinf,optimized__barycentric,0.2,2,200,,,0,0,0,1,192,0.989258178252,2.67589673579,1
linear,unreachable,random,rinf,optimized__barycentric,0.2,3,200,,,0,0,0,1,288,0.947131001344,2.64001274065,1
linear,unreachable,random,rinf,optimized__barycentric,0.3,0,200,,,0,0,0,1,0,1.1707211224,2.7891220395,1
linear,unreachable,random,rinf,optimized__barycentric,0.3,1,200,,,0,0,0,1,96,1.05619001527,2.72214830986,1
linear,unreachable,random,rinf,optimized__barycentric,0.3,2,200,,,0,0,0,1,192,0.989258178252,2.67589673579,1
linear,unreachable,random,rinf,optimized__barycentric,0.3,3,200,,,0,0,0,1,288,0.947131001344,2.64001274065,1
linear,unreachable,random,rinf,optimized__lipschitz,0.2,0,200,,,0,0,0,1,0,1.1707211224,2.7891220395,1
linear,unreachable,random,rinf,optimized__lipschitz,0.2,1,200,,,0,0,0,1,96,1.05682533204,2.72235575948,1
linear,unreachable,random,rinf,optimized__lipschitz,0.2,2,200,,,0,0,0,1,192,0.992271177679,2.67619812708,1
linear,unreachable,random,rinf,optimized__lipschitz,0.2,3,200,,,0,0,0,1,288,0.948560738495,2.64027662135,1
linear,unreachable,random,rinf,optimized__lipschitz,0.3,0,200,,,0,0,0,1,0,1.1707211224,2.7891220395,1
linear,unreachable,random,rinf,optimized__lipschitz,0.3,1,200,,,0,0,0,1,96,1.05682533204,2.72235575948,1
linear,unreachable,random,rinf,optimized__lipschitz,0.3,2,200,,,0,0,0,1,192,0.992271177679,2.67619812708,1
linear,unreachable,random,rinf,optimized__lipschitz,0.3,3,200,,,0,0,0,1,288,0.948560738495,2.64027662135,1
linear,unreachable,random,rinf,optimized__minimum,0.2,0,200,,,0,0,0,1,0,1.1707211224,2.7891220395,1
linear,unreachable,random,rinf,optimized__minimum,0.2,1,200,,,0,0,0,1,96,1.05619001527,2.72214830986,1
linear,unreachable,random,rinf,optimized__minimum,0.2,2,200,,,0,0,0,1,192,0.989258178252,2.67589673579,1
linear,unreachable,random,rinf,optimized__minimum,0.2,3,200,,,0,0,0,1,288,0.947131001344,2.64001274065,1
linear,unreachable,random,rinf,optimized__minimum,0.3,0,200,,,0,0,0,1,0,1.1707211224,2.7891220395,1
linear,unreachable,random,rinf,optimized__minimum,0.3,1,200,,,0,0,0,1,96,1.05619001527,2.72214830986,1
linear,unreachable,random,rinf,optimized__minimum,0.3,2,200,,,0,0,0,1,192,0.989258178252,2.67589673579,1
linear,unreachable,random,rinf,optimized__minimum,0.3,3,200,,,0,0,0,1,288,0.947131001344,2.64001274065,1
linear,unreachable,random,rinf,uniform__minimum,0.2,0,200,,,0,0,0,1,0,1.29051241315,3.00426130912,1
linear,unreachable,random,rinf,uniform__minimum,0.2,1,200,,,0,0,0,1,96,1.2419886938,2.98490549022,1
linear,unreachable,random,rinf,uniform__minimum,0.2,2,200,,,0,0,0,1,192,1.21252611615,2.97906379373,1
linear,unreachable,random,rinf,uniform__minimum,0.2,3,200,,,0,0,0,1,288,1.19283455269,2.97600491698,1
linear,unreachable,random,rinf,uniform__minimum,0.3,0,200,,,0,0,0,1,0,1.29051241315,3.00426130912,1
linear,unreachable,random,rinf,uniform__minimum,0.3,1,200,,,0,0,0,1,96,1.2419886938,2.98490549022,1
linear,unreachable,random,rinf,uniform__minimum,0.3,2,200,,,0,0,0,1,192,1.21252611615,2.97906379373,1
linear,unreachable,random,rinf,uniform__minimum,0.3,3,200,,,0,0,0,1,288,1.19283455269,2.97600491698,1
quadratic,bridgeable,nearest,r2,inverse_variance__minimum,0.2,0,200,,,0,0,0,1,0,0.350224851839,1.29193080461,1
quadratic,bridgeable,nearest,r2,inverse_variance__minimum,0.2,1,200,,,0,0,0,1,96,0.340360488494,1.26154010667,1
quadratic,bridgeable,nearest,r2,inverse_variance__minimum,0.2,2,200,,,0,0,0,1,192,0.33017314662,1.2329865853,1
quadratic,bridgeable,nearest,r2,inverse_variance__minimum,0.2,3,200,,,0,0,0,1,288,0.321217767963,1.20592807387,1
quadratic,bridgeable,nearest,r2,inverse_variance__minimum,0.3,0,200,,,0,0,0,1,0,0.350224851839,1.29193080461,1
quadratic,bridgeable,nearest,r2,inverse_variance__minimum,0.3,1,200,,,0,0,0,1,96,0.340360488494,1.26154010667,1
quadratic,bridgeable,nearest,r2,inverse_variance__minimum,0.3,2,200,,,0,0,0,1,192,0.33017314662,1.2329865853,1
quadratic,bridgeable,nearest,r2,inverse_variance__minimum,0.3,3,200,,,0,0,0,1,288,0.321217767963,1.20592807387,1
quadratic,bridgeable,nearest,r2,nearest_source__minimum,0.2,0,200,,,0,0,0,1,0,0.266788554076,1.19566368205,1
quadratic,bridgeable,nearest,r2,nearest_source__minimum,0.2,1,200,,,0,0,0,1,96,0.0750995174119,0.853976470515,1
quadratic,bridgeable,nearest,r2,nearest_source__minimum,0.2,2,200,,,0,0,0,1,192,0.0750995174119,0.853976470515,1
quadratic,bridgeable,nearest,r2,nearest_source__minimum,0.2,3,200,,,0,0,0,1,288,0.0750995174119,0.853976470515,1
quadratic,bridgeable,nearest,r2,nearest_source__minimum,0.3,0,200,,,0,0,0,1,0,0.266788554076,1.19566368205,1
quadratic,bridgeable,nearest,r2,nearest_source__minimum,0.3,1,200,,,0,0,0,1,96,0.0750995174119,0.853976470515,1
quadratic,bridgeable,nearest,r2,nearest_source__minimum,0.3,2,200,,,0,0,0,1,192,0.0750995174119,0.853976470515,1
quadratic,bridgeable,nearest,r2,nearest_source__minimum,0.3,3,200,,,0,0,0,1,288,0.0750995174119,0.853976470515,1
quadratic,bridgeable,nearest,r2,optimized__barycentric,0.2,0,200,,,0,0,0,1,0,0.291037748082,1.16853597048,1
quadratic,bridgeable,nearest,r2,optimized__barycentric,0.2,1,200,,,0,0,0,1,96,0.073629849735,0.821149808759,1
quadratic,bridgeable,nearest,r2,optimized__barycentric,0.2,2,200,,,0,0,0,1,192,0.0608078869204,0.64368068994,1
quadratic,bridgeable,nearest,r2,optimized__barycentric,0.2,3,200,,,0,0,0,1,288,0.044482002627,0.508104429495,1
quadratic,bridgeable,nearest,r2,optimized__barycentric,0.3,0,200,,,0,0,0,1,0,0.291037748082,1.16853597048,1
quadratic,bridgeable,nearest,r2,optimized__barycentric,0.3,1,200,,,0,0,0,1,96,0.073629849735,0.821149808759,1
quadratic,bridgeable,nearest,r2,optimized__barycentric,0.3,2,200,0.0462266921888,0,100,0.5,0,1,192,0.0608078869204,0.64368068994,1
quadratic,bridgeable,nearest,r2,optimized__barycentric,0.3,3,200,0.044482002627,0,200,1,0,1,288,0.044482002627,0.508104429495,1
quadratic,bridgeable,nearest,r2,optimized__lipschitz,0.2,0,200,,,0,0,0,1,0,0.285806097661,1.18103299904,1
quadratic,bridgeable,nearest,r2,optimized__lipschitz,0.2,1,200,,,0,0,0,1,96,0.0753742413858,0.853944161543,1
quadratic,bridgeable,nearest,r2,optimized__lipschitz,0.2,2,200,,,0,0,0,1,192,0.0732718949089,0.787232077115,1
quadratic,bridgeable,nearest,r2,optimized__lipschitz,0.2,3,200,,,0,0,0,1,288,0.047583047656,0.761043722595,1
quadratic,bridgeable,nearest,r2,optimized__lipschitz,0.3,0,200,,,0,0,0,1,0,0.285806097661,1.18103299904,1
quadratic,bridgeable,nearest,r2,optimized__lipschitz,0.3,1,200,,,0,0,0,1,96,0.0753742413858,0.853944161543,1
quadratic,bridgeable,nearest,r2,optimized__lipschitz,0.3,2,200,,,0,0,0,1,192,0.0732718949089,0.787232077115,1
quadratic,bridgeable,nearest,r2,optimized__lipschitz,0.3,3,200,,,0,0,0,1,288,0.047583047656,0.761043722595,1
quadratic,bridgeable,nearest,r2,optimized__minimum,0.2,0,200,,,0,0,0,1,0,0.291037748082,1.16853597048,1
quadratic,bridgeable,nearest,r2,optimized__minimum,0.2,1,200,,,0,0,0,1,96,0.073629849735,0.821149808759,1
quadratic,bridgeable,nearest,r2,optimized__minimum,0.2,2,200,,,0,0,0,1,192,0.06080592765,0.643576237405,1
quadratic,bridgeable,nearest,r2,optimized__minimum,0.2,3,200,,,0,0,0,1,288,0.044482002627,0.508104429495,1
quadratic,bridgeable,nearest,r2,optimized__minimum,0.3,0,200,,,0,0,0,1,0,0.291037748082,1.16853597048,1
quadratic,bridgeable,nearest,r2,optimized__minimum,0.3,1,200,,,0,0,0,1,96,0.073629849735,0.821149808759,1
quadratic,bridgeable,nearest,r2,optimized__minimum,0.3,2,200,0.0462266921888,0,100,0.5,0,1,192,0.06080592765,0.643576237405,1
quadratic,bridgeable,nearest,r2,optimized__minimum,0.3,3,200,0.044482002627,0,200,1,0,1,288,0.044482002627,0.508104429495,1
quadratic,bridgeable,nearest,r2,uniform__minimum,0.2,0,200,,,0,0,0,1,0,0.350224851839,1.29193080461,1
quadratic,bridgeable,nearest,r2,uniform__minimum,0.2,1,200,,,0,0,0,1,96,0.282489556867,1.14023406694,1
quadratic,bridgeable,nearest,r2,uniform__minimum,0.2,2,200,,,0,0,0,1,192,0.232142587772,1.01893609661,1
quadratic,bridgeable,nearest,r2,uniform__minimum,0.2,3,200,,,0,0,0,1,288,0.199664273624,0.924856348106,1
quadratic,bridgeable,nearest,r2,uniform__minimum,0.3,0,200,,,0,0,0,1,0,0.350224851839,1.29193080461,1
quadratic,bridgeable,nearest,r2,uniform__minimum,0.3,1,200,,,0,0,0,1,96,0.282489556867,1.14023406694,1
quadratic,bridgeable,nearest,r2,uniform__minimum,0.3,2,200,,,0,0,0,1,192,0.232142587772,1.01893609661,1
quadratic,bridgeable,nearest,r2,uniform__minimum,0.3,3,200,,,0,0,0,1,288,0.199664273624,0.924856348106,1
quadratic,bridgeable,nearest,rinf,inverse_variance__minimum,0.2,0,200,,,0,0,0,1,0,0.350224851839,1.41661884192,1
quadratic,bridgeable,nearest,rinf,inverse_variance__minimum,0.2,1,200,,,0,0,0,1,96,0.340360488494,1.40144123077,1
quadratic,bridgeable,nearest,rinf,inverse_variance__minimum,0.2,2,200,,,0,0,0,1,192,0.33017314662,1.38726406913,1
quadratic,bridgeable,nearest,rinf,inverse_variance__minimum,0.2,3,200,,,0,0,0,1,288,0.321217767963,1.37381327777,1
quadratic,bridgeable,nearest,rinf,inverse_variance__minimum,0.3,0,200,,,0,0,0,1,0,0.350224851839,1.41661884192,1
quadratic,bridgeable,nearest,rinf,inverse_variance__minimum,0.3,1,200,,,0,0,0,1,96,0.340360488494,1.40144123077,1
quadratic,bridgeable,nearest,rinf,inverse_variance__minimum,0.3,2,200,,,0,0,0,1,192,0.33017314662,1.38726406913,1
quadratic,bridgeable,nearest,rinf,inverse_variance__minimum,0.3,3,200,,,0,0,0,1,288,0.321217767963,1.37381327777,1
quadratic,bridgeable,nearest,rinf,nearest_source__minimum,0.2,0,200,,,0,0,0,1,0,0.266788554076,1.2002650736,1
quadratic,bridgeable,nearest,rinf,nearest_source__minimum,0.2,1,200,,,0,0,0,1,96,0.0750995174119,0.867259543769,1
quadratic,bridgeable,nearest,rinf,nearest_source__minimum,0.2,2,200,,,0,0,0,1,192,0.0750995174119,0.867259543769,1
quadratic,bridgeable,nearest,rinf,nearest_source__minimum,0.2,3,200,,,0,0,0,1,288,0.0750995174119,0.867259543769,1
quadratic,bridgeable,nearest,rinf,nearest_source__minimum,0.3,0,200,,,0,0,0,1,0,0.266788554076,1.2002650736,1
quadratic,bridgeable,nearest,rinf,nearest_source__minimum,0.3,1,200,,,0,0,0,1,96,0.0750995174119,0.867259543769,1
quadratic,bridgeable,nearest,rinf,nearest_source__minimum,0.3,2,200,,,0,0,0,1,192,0.0750995174119,0.867259543769,1
quadratic,bridgeable,nearest,rinf,nearest_source__minimum,0.3,3,200,,,0,0,0,1,288,0.0750995174119,0.867259543769,1
quadratic,bridgeable,nearest,rinf,optimized__barycentric,0.2,0,200,,,0,0,0,1,0,0.267141629626,1.20008954677,1
quadratic,bridgeable,nearest,rinf,optimized__barycentric,0.2,1,200,,,0,0,0,1,96,0.0731641070526,0.84291994058,1
quadratic,bridgeable,nearest,rinf,optimized__barycentric,0.2,2,200,,,0,0,0,1,192,0.0665901595815,0.773976041401,1
quadratic,bridgeable,nearest,rinf,optimized__barycentric,0.2,3,200,,,0,0,0,1,288,0.060912878551,0.707453439664,1
quadratic,bridgeable,nearest,rinf,optimized__barycentric,0.3,0,200,,,0,0,0,1,0,0.267141629626,1.20008954677,1
quadratic,bridgeable,nearest,rinf,optimized__barycentric,0.3,1,200,,,0,0,0,1,96,0.0731641070526,0.84291994058,1
quadratic,bridgeable,nearest,rinf,optimized__barycentric,0.3,2,200,,,0,0,0,1,192,0.0665901595815,0.773976041401,1
quadratic,bridgeable,nearest,rinf,optimized__barycentric,0.3,3,200,,,0,0,0,1,288,0.060912878551,0.707453439664,1
quadratic,bridgeable,nearest,rinf,optimized__lipschitz,0.2,0,200,,,0,0,0,1,0,0.266788554076,1.2002650736,1
quadratic,bridgeable,nearest,rinf,optimized__lipschitz,0.2,1,200,,,0,0,0,1,96,0.0750995174119,0.867259543769,1
quadratic,bridgeable,nearest,rinf,optimized__lipschitz,0.2,2,200,,,0,0,0,1,192,0.0750995174119,0.867259543769,1
quadratic,bridgeable,nearest,rinf,optimized__lipschitz,0.2,3,200,,,0,0,0,1,288,0.0750995174119,0.867259543769,1
quadratic,bridgeable,nearest,rinf,optimized__lipschitz,0.3,0,200,,,0,0,0,1,0,0.266788554076,1.2002650736,1
quadratic,bridgeable,nearest,rinf,optimized__lipschitz,0.3,1,200,,,0,0,0,1,96,0.0750995174119,0.867259543769,1
quadratic,bridgeable,nearest,rinf,optimized__lipschitz,0.3,2,200,,,0,0,0,1,192,0.0750995174119,0.867259543769,1
quadratic,bridgeable,nearest,rinf,optimized__lipschitz,0.3,3,200,,,0,0,0,1,288,0.0750995174119,0.867259543769,1
quadratic,bridgeable,nearest,rinf,optimized__minimum,0.2,0,200,,,0,0,0,1,0,0.267141629626,1.20008954677,1
quadratic,bridgeable,nearest,rinf,optimized__minimum,0.2,1,200,,,0,0,0,1,96,0.0731641070526,0.84291994058,1
quadratic,bridgeable,nearest,rinf,optimized__minimum,0.2,2,200,,,0,0,0,1,192,0.0665901595815,0.773976041401,1
quadratic,bridgeable,nearest,rinf,optimized__minimum,0.2,3,200,,,0,0,0,1,288,0.060912878551,0.707453439664,1
quadratic,bridgeable,nearest,rinf,optimized__minimum,0.3,0,200,,,0,0,0,1,0,0.267141629626,1.20008954677,1
quadratic,bridgeable,nearest,rinf,optimized__minimum,0.3,1,200,,,0,0,0,1,96,0.0731641070526,0.84291994058,1
quadratic,bridgeable,nearest,rinf,optimized__minimum,0.3,2,200,,,0,0,0,1,192,0.0665901595815,0.773976041401,1
quadratic,bridgeable,nearest,rinf,optimized__minimum,0.3,3,200,,,0,0,0,1,288,0.060912878551,0.707453439664,1
quadratic,bridgeable,nearest,rinf,uniform__minimum,0.2,0,200,,,0,0,0,1,0,0.350224851839,1.41661884192,1
quadratic,bridgeable,nearest,rinf,uniform__minimum,0.2,1,200,,,0,0,0,1,96,0.282489556867,1.30868236655,1
quadratic,bridgeable,nearest,rinf,uniform__minimum,0.2,2,200,,,0,0,0,1,192,0.232142587772,1.23568004568,1
quadratic,bridgeable,nearest,rinf,uniform__minimum,0.2,3,200,,,0,0,0,1,288,0.199664273624,1.18279019276,1
quadratic,bridgeable,nearest,rinf,uniform__minimum,0.3,0,200,,,0,0,0,1,0,0.350224851839,1.41661884192,1
quadratic,bridgeable,nearest,rinf,uniform__minimum,0.3,1,200,,,0,0,0,1,96,0.282489556867,1.30868236655,1
quadratic,bridgeable,nearest,rinf,uniform__minimum,0.3,2,200,,,0,0,0,1,192,0.232142587772,1.23568004568,1
quadratic,bridgeable,nearest,rinf,uniform__minimum,0.3,3,200,,,0,0,0,1,288,0.199664273624,1.18279019276,1
quadratic,bridgeable,random,r2,inverse_variance__minimum,0.2,0,200,,,0,0,0,1,0,0.350224851839,1.29193080461,1
quadratic,bridgeable,random,r2,inverse_variance__minimum,0.2,1,200,,,0,0,0,1,96,0.333960223006,1.24977487086,1
quadratic,bridgeable,random,r2,inverse_variance__minimum,0.2,2,200,,,0,0,0,1,192,0.318321298174,1.20890078639,1
quadratic,bridgeable,random,r2,inverse_variance__minimum,0.2,3,200,,,0,0,0,1,288,0.303896805376,1.17065331061,1
quadratic,bridgeable,random,r2,inverse_variance__minimum,0.3,0,200,,,0,0,0,1,0,0.350224851839,1.29193080461,1
quadratic,bridgeable,random,r2,inverse_variance__minimum,0.3,1,200,,,0,0,0,1,96,0.333960223006,1.24977487086,1
quadratic,bridgeable,random,r2,inverse_variance__minimum,0.3,2,200,,,0,0,0,1,192,0.318321298174,1.20890078639,1
quadratic,bridgeable,random,r2,inverse_variance__minimum,0.3,3,200,,,0,0,0,1,288,0.303896805376,1.17065331061,1
quadratic,bridgeable,random,r2,nearest_source__minimum,0.2,0,200,,,0,0,0,1,0,0.266788554076,1.19566368205,1
quadratic,bridgeable,random,r2,nearest_source__minimum,0.2,1,200,,,0,0,0,1,96,0.203804897817,1.17705191162,1
quadratic,bridgeable,random,r2,nearest_source__minimum,0.2,2,200,,,0,0,0,1,192,0.150436800305,1.1219858913,1
quadratic,bridgeable,random,r2,nearest_source__minimum,0.2,3,200,,,0,0,0,1,288,0.116688496936,1.03657081527,1
quadratic,bridgeable,random,r2,nearest_source__minimum,0.3,0,200,,,0,0,0,1,0,0.266788554076,1.19566368205,1
quadratic,bridgeable,random,r2,nearest_source__minimum,0.3,1,200,,,0,0,0,1,96,0.203804897817,1.17705191162,1
quadratic,bridgeable,random,r2,nearest_source__minimum,0.3,2,200,,,0,0,0,1,192,0.150436800305,1.1219858913,1
quadratic,bridgeable,random,r2,nearest_source__minimum,0.3,3,200,,,0,0,0,1,288,0.116688496936,1.03657081527,1
quadratic,bridgeable,random,r2,optimized__barycentric,0.2,0,200,,,0,0,0,1,0,0.291037748082,1.16853597048,1
quadratic,bridgeable,random,r2,optimized__barycentric,0.2,1,200,,,0,0,0,1,96,0.0867640845067,0.694516318956,1
quadratic,bridgeable,random,r2,optimized__barycentric,0.2,2,200,,,0,0,0,1,192,0.0407861119636,0.491531584177,1
quadratic,bridgeable,random,r2,optimized__barycentric,0.2,3,200,0.0339764437301,0,53,0.265,0,1,288,0.0340448473943,0.420468908125,1
quadratic,bridgeable,random,r2,optimized__barycentric,0.3,0,200,,,0,0,0,1,0,0.291037748082,1.16853597048,1
quadratic,bridgeable,random,r2,optimized__barycentric,0.3,1,200,0.0423328698757,0,99,0.495,0,1,96,0.0867640845067,0.694516318956,1
quadratic,bridgeable,random,r2,optimized__barycentric,0.3,2,200,0.0384941024008,0,182,0.91,0,1,192,0.0407861119636,0.491531584177,1
quadratic,bridgeable,random,r2,optimized__barycentric,0.3,3,200,0.0340448473943,0,200,1,0,1,288,0.0340448473943,0.420468908125,1
quadratic,bridgeable,random,r2,optimized__lipschitz,0.2,0,200,,,0,0,0,1,0,0.285806097661,1.18103299904,1
quadratic,bridgeable,random,r2,optimized__lipschitz,0.2,1,200,,,0,0,0,1,96,0.206201681142,1.08472665275,1
quadratic,bridgeable,random,r2,optimized__lipschitz,0.2,2,200,,,0,0,0,1,192,0.145503790444,1.00896314299,1
quadratic,bridgeable,random,r2,optimized__lipschitz,0.2,3,200,,,0,0,0,1,288,0.0979922832425,0.933782609069,1
quadratic,bridgeable,random,r2,optimized__lipschitz,0.3,0,200,,,0,0,0,1,0,0.285806097661,1.18103299904,1
quadratic,bridgeable,random,r2,optimized__lipschitz,0.3,1,200,,,0,0,0,1,96,0.206201681142,1.08472665275,1
quadratic,bridgeable,random,r2,optimized__lipschitz,0.3,2,200,,,0,0,0,1,192,0.145503790444,1.00896314299,1
quadratic,bridgeable,random,r2,optimized__lipschitz,0.3,3,200,,,0,0,0,1,288,0.0979922832425,0.933782609069,1
quadratic,bridgeable,random,r2,optimized__minimum,0.2,0,200,,,0,0,0,1,0,0.291037748082,1.16853597048,1
quadratic,bridgeable,random,r2,optimized__minimum,0.2,1,200,,,0,0,0,1,96,0.0867288677626,0.694426384361,1
quadratic,bridgeable,random,r2,optimized__minimum,0.2,2,200,,,0,0,0,1,192,0.0408059027168,0.491481266768,1
quadratic,bridgeable,random,r2,optimized__minimum,0.2,3,200,0.0339764437301,0,53,0.265,0,1,288,0.0340448473943,0.420468908125,1
quadratic,bridgeable,random,r2,optimized__minimum,0.3,0,200,,,0,0,0,1,0,0.291037748082,1.16853597048,1
quadratic,bridgeable,random,r2,optimized__minimum,0.3,1,200,0.0423328698757,0,99,0.495,0,1,96,0.0867288677626,0.694426384361,1
quadratic,bridgeable,random,r2,optimized__minimum,0.3,2,200,0.0384941024008,0,182,0.91,0,1,192,0.0408059027168,0.491481266768,1
quadratic,bridgeable,random,r2,optimized__minimum,0.3,3,200,0.0340448473943,0,200,1,0,1,288,0.0340448473943,0.420468908125,1
quadratic,bridgeable,random,r2,uniform__minimum,0.2,0,200,,,0,0,0,1,0,0.350224851839,1.29193080461,1
quadratic,bridgeable,random,r2,uniform__minimum,0.2,1,200,,,0,0,0,1,96,0.238541067184,1.05627829589,1
quadratic,bridgeable,random,r2,uniform__minimum,0.2,2,200,,,0,0,0,1,192,0.162348369145,0.868506361422,1
quadratic,bridgeable,random,r2,uniform__minimum,0.2,3,200,,,0,0,0,1,288,0.110461102491,0.72777180277,1
quadratic,bridgeable,random,r2,uniform__minimum,0.3,0,200,,,0,0,0,1,0,0.350224851839,1.29193080461,1
quadratic,bridgeable,random,r2,uniform__minimum,0.3,1,200,,,0,0,0,1,96,0.238541067184,1.05627829589,1
quadratic,bridgeable,random,r2,uniform__minimum,0.3,2,200,,,0,0,0,1,192,0.162348369145,0.868506361422,1
quadratic,bridgeable,random,r2,uniform__minimum,0.3,3,200,0.0374341971139,0,22,0.11,0,1,288,0.110461102491,0.72777180277,1
quadratic,bridgeable,random,rinf,inverse_variance__minimum,0.2,0,200,,,0,0,0,1,0,0.350224851839,1.41661884192,1
quadratic,bridgeable,random,rinf,inverse_variance__minimum,0.2,1,200,,,0,0,0,1,96,0.333960223006,1.38967599496,1
quadratic,bridgeable,random,rinf,inverse_variance__minimum,0.2,2,200,,,0,0,0,1,192,0.318321298174,1.36317827022,1
quadratic,bridgeable,random,rinf,inverse_variance__minimum,0.2,3,200,,,0,0,0,1,288,0.303896805376,1.33853851451,1
quadratic,bridgeable,random,rinf,inverse_variance__minimum,0.3,0,200,,,0,0,0,1,0,0.350224851839,1.41661884192,1
quadratic,bridgeable,random,rinf,inverse_variance__minimum,0.3,1,200,,,0,0,0,1,96,0.333960223006,1.38967599496,1
quadratic,bridgeable,random,rinf,inverse_variance__minimum,0.3,2,200,,,0,0,0,1,192,0.318321298174,1.36317827022,1
quadratic,bridgeable,random,rinf,inverse_variance__minimum,0.3,3,200,,,0,0,0,1,288,0.303896805376,1.33853851451,1
quadratic,bridgeable,random,rinf,nearest_source__minimum,0.2,0,200,,,0,0,0,1,0,0.266788554076,1.2002650736,1
quadratic,bridgeable,random,rinf,nearest_source__minimum,0.2,1,200,,,0,0,0,1,96,0.203804897817,1.18712276265,1
quadratic,bridgeable,random,rinf,nearest_source__minimum,0.2,2,200,,,0,0,0,1,192,0.150436800305,1.13461783843,1
quadratic,bridgeable,random,rinf,nearest_source__minimum,0.2,3,200,,,0,0,0,1,288,0.116688496936,1.04976707171,1
quadratic,bridgeable,random,rinf,nearest_source__minimum,0.3,0,200,,,0,0,0,1,0,0.266788554076,1.2002650736,1
quadratic,bridgeable,random,rinf,nearest_source__minimum,0.3,1,200,,,0,0,0,1,96,0.203804897817,1.18712276265,1
quadratic,bridgeable,random,rinf,nearest_source__minimum,0.3,2,200,,,0,0,0,1,192,0.150436800305,1.13461783843,1
quadratic,bridgeable,random,rinf,nearest_source__minimum,0.3,3,200,,,0,0,0,1,288,0.116688496936,1.04976707171,1
quadratic,bridgeable,random,rinf,optimized__barycentric,0.2,0,200,,,0,0,0,1,0,0.267141629626,1.20008954677,1
quadratic,bridgeable,random,rinf,optimized__barycentric,0.2,1,200,,,0,0,0,1,96,0.0850965870018,0.788793318613,1
quadratic,bridgeable,random,rinf,optimized__barycentric,0.2,2,200,,,0,0,0,1,192,0.047975865343,0.655016755087,1
quadratic,bridgeable,random,rinf,optimized__barycentric,0.2,3,200,,,0,0,0,1,288,0.0452139428676,0.629917397184,1
quadratic,bridgeable,random,rinf,optimized__barycentric,0.3,0,200,,,0,0,0,1,0,0.267141629626,1.20008954677,1
quadratic,bridgeable,random,rinf,optimized__barycentric,0.3,1,200,,,0,0,0,1,96,0.0850965870018,0.788793318613,1
quadratic,bridgeable,random,rinf,optimized__barycentric,0.3,2,200,0.0561662567093,0,2,0.01,0,1,192,0.047975865343,0.655016755087,1
quadratic,bridgeable,random,rinf,optimized__barycentric,0.3,3,200,0.0408901459463,0,4,0.02,0,1,288,0.0452139428676,0.629917397184,1
quadratic,bridgeable,random,rinf,optimized__lipschitz,0.2,0,200,,,0,0,0,1,0,0.266788554076,1.2002650736,1
quadratic,bridgeable,random,rinf,optimized__lipschitz,0.2,1,200,,,0,0,0,1,96,0.219113859165,1.12969838672,1
quadratic,bridgeable,random,rinf,optimized__lipschitz,0.2,2,200,,,0,0,0,1,192,0.17750584293,1.07763438608,1
quadratic,bridgeable,random,rinf,optimized__lipschitz,0.2,3,200,,,0,0,0,1,288,0.143087896453,1.02434305382,1
quadratic,bridgeable,random,rinf,optimized__lipschitz,0.3,0,200,,,0,0,0,1,0,0.266788554076,1.2002650736,1
quadratic,bridgeable,random,rinf,optimized__lipschitz,0.3,1,200,,,0,0,0,1,96,0.219113859165,1.12969838672,1
quadratic,bridgeable,random,rinf,optimized__lipschitz,0.3,2,200,,,0,0,0,1,192,0.17750584293,1.07763438608,1
quadratic,bridgeable,random,rinf,optimized__lipschitz,0.3,3,200,,,0,0,0,1,288,0.143087896453,1.02434305382,1
quadratic,bridgeable,random,rinf,optimized__minimum,0.2,0,200,,,0,0,0,1,0,0.267141629626,1.20008954677,1
quadratic,bridgeable,random,rinf,optimized__minimum,0.2,1,200,,,0,0,0,1,96,0.0850965870018,0.788793318613,1
quadratic,bridgeable,random,rinf,optimized__minimum,0.2,2,200,,,0,0,0,1,192,0.047975865343,0.655016755087,1
quadratic,bridgeable,random,rinf,optimized__minimum,0.2,3,200,,,0,0,0,1,288,0.0452139428676,0.629917397184,1
quadratic,bridgeable,random,rinf,optimized__minimum,0.3,0,200,,,0,0,0,1,0,0.267141629626,1.20008954677,1
quadratic,bridgeable,random,rinf,optimized__minimum,0.3,1,200,,,0,0,0,1,96,0.0850965870018,0.788793318613,1
quadratic,bridgeable,random,rinf,optimized__minimum,0.3,2,200,0.0561662567093,0,2,0.01,0,1,192,0.047975865343,0.655016755087,1
quadratic,bridgeable,random,rinf,optimized__minimum,0.3,3,200,0.0408901459463,0,4,0.02,0,1,288,0.0452139428676,0.629917397184,1
quadratic,bridgeable,random,rinf,uniform__minimum,0.2,0,200,,,0,0,0,1,0,0.350224851839,1.41661884192,1
quadratic,bridgeable,random,rinf,uniform__minimum,0.2,1,200,,,0,0,0,1,96,0.238541067184,1.22472659549,1
quadratic,bridgeable,random,rinf,uniform__minimum,0.2,2,200,,,0,0,0,1,192,0.162348369145,1.08525031049,1
quadratic,bridgeable,random,rinf,uniform__minimum,0.2,3,200,,,0,0,0,1,288,0.110461102491,0.985705647425,1
quadratic,bridgeable,random,rinf,uniform__minimum,0.3,0,200,,,0,0,0,1,0,0.350224851839,1.41661884192,1
quadratic,bridgeable,random,rinf,uniform__minimum,0.3,1,200,,,0,0,0,1,96,0.238541067184,1.22472659549,1
quadratic,bridgeable,random,rinf,uniform__minimum,0.3,2,200,,,0,0,0,1,192,0.162348369145,1.08525031049,1
quadratic,bridgeable,random,rinf,uniform__minimum,0.3,3,200,,,0,0,0,1,288,0.110461102491,0.985705647425,1
quadratic,supported,nearest,r2,inverse_variance__minimum,0.2,0,200,0.0142426824781,0,200,1,0,1,0,0.0142426824781,0.267875750369,1
quadratic,supported,nearest,r2,inverse_variance__minimum,0.2,1,200,0.0138849344503,0,200,1,0,1,96,0.0138849344503,0.265471183368,1
quadratic,supported,nearest,r2,inverse_variance__minimum,0.2,2,200,0.0137692463144,0,200,1,0,1,192,0.0137692463144,0.265911191865,1
quadratic,supported,nearest,r2,inverse_variance__minimum,0.2,3,200,0.0135226370719,0,200,1,0,1,288,0.0135226370719,0.261698905713,1
quadratic,supported,nearest,r2,inverse_variance__minimum,0.3,0,200,0.0142426824781,0,200,1,0,1,0,0.0142426824781,0.267875750369,1
quadratic,supported,nearest,r2,inverse_variance__minimum,0.3,1,200,0.0138849344503,0,200,1,0,1,96,0.0138849344503,0.265471183368,1
quadratic,supported,nearest,r2,inverse_variance__minimum,0.3,2,200,0.0137692463144,0,200,1,0,1,192,0.0137692463144,0.265911191865,1
quadratic,supported,nearest,r2,inverse_variance__minimum,0.3,3,200,0.0135226370719,0,200,1,0,1,288,0.0135226370719,0.261698905713,1
quadratic,supported,nearest,r2,nearest_source__minimum,0.2,0,200,,,0,0,0,1,0,0.0630479098003,0.534461932752,1
quadratic,supported,nearest,r2,nearest_source__minimum,0.2,1,200,,,0,0,0,1,96,0.0869476441659,0.856721076955,1
quadratic,supported,nearest,r2,nearest_source__minimum,0.2,2,200,,,0,0,0,1,192,0.0869476441659,0.856721076955,1
quadratic,supported,nearest,r2,nearest_source__minimum,0.2,3,200,,,0,0,0,1,288,0.0869476441659,0.856721076955,1
quadratic,supported,nearest,r2,nearest_source__minimum,0.3,0,200,0.0631141169487,0,197,0.985,0,1,0,0.0630479098003,0.534461932752,1
quadratic,supported,nearest,r2,nearest_source__minimum,0.3,1,200,0.0761528743248,0,3,0.015,0,1,96,0.0869476441659,0.856721076955,1
quadratic,supported,nearest,r2,nearest_source__minimum,0.3,2,200,0.0761528743248,0,3,0.015,0,1,192,0.0869476441659,0.856721076955,1
quadratic,supported,nearest,r2,nearest_source__minimum,0.3,3,200,0.0761528743248,0,3,0.015,0,1,288,0.0869476441659,0.856721076955,1
quadratic,supported,nearest,r2,optimized__barycentric,0.2,0,200,0.0151170621418,0,200,1,0,1,0,0.0151170621418,0.239334449341,1
quadratic,supported,nearest,r2,optimized__barycentric,0.2,1,200,0.0145720597194,0,200,1,0,1,96,0.0145720597194,0.237401691262,1
quadratic,supported,nearest,r2,optimized__barycentric,0.2,2,200,0.0142207049852,0,200,1,0,1,192,0.0142207049852,0.23591751519,1
quadratic,supported,nearest,r2,optimized__barycentric,0.2,3,200,0.014483733906,0,200,1,0,1,288,0.014483733906,0.234286352238,1
quadratic,supported,nearest,r2,optimized__barycentric,0.3,0,200,0.0151170621418,0,200,1,0,1,0,0.0151170621418,0.239334449341,1
quadratic,supported,nearest,r2,optimized__barycentric,0.3,1,200,0.0145720597194,0,200,1,0,1,96,0.0145720597194,0.237401691262,1
quadratic,supported,nearest,r2,optimized__barycentric,0.3,2,200,0.0142207049852,0,200,1,0,1,192,0.0142207049852,0.23591751519,1
quadratic,supported,nearest,r2,optimized__barycentric,0.3,3,200,0.014483733906,0,200,1,0,1,288,0.014483733906,0.234286352238,1
quadratic,supported,nearest,r2,optimized__lipschitz,0.2,0,200,,,0,0,0,1,0,0.0162971633852,0.458319562859,1
quadratic,supported,nearest,r2,optimized__lipschitz,0.2,1,200,0.00975256418918,0,1,0.005,0,1,96,0.0167178477937,0.447298153687,1
quadratic,supported,nearest,r2,optimized__lipschitz,0.2,2,200,0.00975617353079,0,1,0.005,0,1,192,0.0167182382201,0.447298129403,1
quadratic,supported,nearest,r2,optimized__lipschitz,0.2,3,200,0.00975600493358,0,1,0.005,0,1,288,0.0167183485266,0.447298129277,1
quadratic,supported,nearest,r2,optimized__lipschitz,0.3,0,200,0.0162971633852,0,200,1,0,1,0,0.0162971633852,0.458319562859,1
quadratic,supported,nearest,r2,optimized__lipschitz,0.3,1,200,0.0167178477937,0,200,1,0,1,96,0.0167178477937,0.447298153687,1
quadratic,supported,nearest,r2,optimized__lipschitz,0.3,2,200,0.0167182382201,0,200,1,0,1,192,0.0167182382201,0.447298129403,1
quadratic,supported,nearest,r2,optimized__lipschitz,0.3,3,200,0.0167183485266,0,200,1,0,1,288,0.0167183485266,0.447298129277,1
quadratic,supported,nearest,r2,optimized__minimum,0.2,0,200,0.0151170621418,0,200,1,0,1,0,0.0151170621418,0.239334449341,1
quadratic,supported,nearest,r2,optimized__minimum,0.2,1,200,0.0145720597194,0,200,1,0,1,96,0.0145720597194,0.237401691262,1
quadratic,supported,nearest,r2,optimized__minimum,0.2,2,200,0.0142207049852,0,200,1,0,1,192,0.0142207049852,0.23591751519,1
quadratic,supported,nearest,r2,optimized__minimum,0.2,3,200,0.014483733906,0,200,1,0,1,288,0.014483733906,0.234286352238,1
quadratic,supported,nearest,r2,optimized__minimum,0.3,0,200,0.0151170621418,0,200,1,0,1,0,0.0151170621418,0.239334449341,1
quadratic,supported,nearest,r2,optimized__minimum,0.3,1,200,0.0145720597194,0,200,1,0,1,96,0.0145720597194,0.237401691262,1
quadratic,supported,nearest,r2,optimized__minimum,0.3,2,200,0.0142207049852,0,200,1,0,1,192,0.0142207049852,0.23591751519,1
quadratic,supported,nearest,r2,optimized__minimum,0.3,3,200,0.014483733906,0,200,1,0,1,288,0.014483733906,0.234286352238,1
quadratic,supported,nearest,r2,uniform__minimum,0.2,0,200,0.0142426824781,0,200,1,0,1,0,0.0142426824781,0.267875750369,1
quadratic,supported,nearest,r2,uniform__minimum,0.2,1,200,0.0206104061627,0,200,1,0,1,96,0.0206104061627,0.313894109142,1
quadratic,supported,nearest,r2,uniform__minimum,0.2,2,200,0.0266576813306,0,174,0.87,0,1,192,0.0270695557438,0.376497428925,1
quadratic,supported,nearest,r2,uniform__minimum,0.2,3,200,0.0234252727163,0,197,0.985,0,1,288,0.0232960718118,0.354347441722,1
quadratic,supported,nearest,r2,uniform__minimum,0.3,0,200,0.0142426824781,0,200,1,0,1,0,0.0142426824781,0.267875750369,1
quadratic,supported,nearest,r2,uniform__minimum,0.3,1,200,0.0206104061627,0,200,1,0,1,96,0.0206104061627,0.313894109142,1
quadratic,supported,nearest,r2,uniform__minimum,0.3,2,200,0.0270695557438,0,200,1,0,1,192,0.0270695557438,0.376497428925,1
quadratic,supported,nearest,r2,uniform__minimum,0.3,3,200,0.0232960718118,0,200,1,0,1,288,0.0232960718118,0.354347441722,1
quadratic,supported,nearest,rinf,inverse_variance__minimum,0.2,0,200,0.0151479515171,0,138,0.69,0,1,0,0.0142426824781,0.392563787678,1
quadratic,supported,nearest,rinf,inverse_variance__minimum,0.2,1,200,0.0150285613712,0,78,0.39,0,1,96,0.0138849344503,0.405372307465,1
quadratic,supported,nearest,rinf,inverse_variance__minimum,0.2,2,200,0.0154941396264,0,18,0.09,0,1,192,0.0137692463144,0.420188675691,1
quadratic,supported,nearest,rinf,inverse_variance__minimum,0.2,3,200,0.0159599369402,0,1,0.005,0,1,288,0.0135226370719,0.429584109618,1
quadratic,supported,nearest,rinf,inverse_variance__minimum,0.3,0,200,0.0142426824781,0,200,1,0,1,0,0.0142426824781,0.392563787678,1
quadratic,supported,nearest,rinf,inverse_variance__minimum,0.3,1,200,0.0138849344503,0,200,1,0,1,96,0.0138849344503,0.405372307465,1
quadratic,supported,nearest,rinf,inverse_variance__minimum,0.3,2,200,0.0137692463144,0,200,1,0,1,192,0.0137692463144,0.420188675691,1
quadratic,supported,nearest,rinf,inverse_variance__minimum,0.3,3,200,0.0135226370719,0,200,1,0,1,288,0.0135226370719,0.429584109618,1
quadratic,supported,nearest,rinf,nearest_source__minimum,0.2,0,200,,,0,0,0,1,0,0.0630479098003,0.539063324304,1
quadratic,supported,nearest,rinf,nearest_source__minimum,0.2,1,200,,,0,0,0,1,96,0.0869476441659,0.869873924984,1
quadratic,supported,nearest,rinf,nearest_source__minimum,0.2,2,200,,,0,0,0,1,192,0.0869476441659,0.869873924984,1
quadratic,supported,nearest,rinf,nearest_source__minimum,0.2,3,200,,,0,0,0,1,288,0.0869476441659,0.869873924984,1
quadratic,supported,nearest,rinf,nearest_source__minimum,0.3,0,200,0.0631141169487,0,197,0.985,0,1,0,0.0630479098003,0.539063324304,1
quadratic,supported,nearest,rinf,nearest_source__minimum,0.3,1,200,0.0761528743248,0,3,0.015,0,1,96,0.0869476441659,0.869873924984,1
quadratic,supported,nearest,rinf,nearest_source__minimum,0.3,2,200,0.0761528743248,0,3,0.015,0,1,192,0.0869476441659,0.869873924984,1
quadratic,supported,nearest,rinf,nearest_source__minimum,0.3,3,200,0.0761528743248,0,3,0.015,0,1,288,0.0869476441659,0.869873924984,1
quadratic,supported,nearest,rinf,optimized__barycentric,0.2,0,200,0.0201762543596,0,200,1,0,1,0,0.0201762543596,0.35946454447,1
quadratic,supported,nearest,rinf,optimized__barycentric,0.2,1,200,0.0201762534496,0,200,1,0,1,96,0.0201762534496,0.35946453631,1
quadratic,supported,nearest,rinf,optimized__barycentric,0.2,2,200,0.020176255113,0,200,1,0,1,192,0.020176255113,0.359464533423,1
quadratic,supported,nearest,rinf,optimized__barycentric,0.2,3,200,0.0201762556487,0,200,1,0,1,288,0.0201762556487,0.359464531983,1
quadratic,supported,nearest,rinf,optimized__barycentric,0.3,0,200,0.0201762543596,0,200,1,0,1,0,0.0201762543596,0.35946454447,1
quadratic,supported,nearest,rinf,optimized__barycentric,0.3,1,200,0.0201762534496,0,200,1,0,1,96,0.0201762534496,0.35946453631,1
quadratic,supported,nearest,rinf,optimized__barycentric,0.3,2,200,0.020176255113,0,200,1,0,1,192,0.020176255113,0.359464533423,1
quadratic,supported,nearest,rinf,optimized__barycentric,0.3,3,200,0.0201762556487,0,200,1,0,1,288,0.0201762556487,0.359464531983,1
quadratic,supported,nearest,rinf,optimized__lipschitz,0.2,0,200,,,0,0,0,1,0,0.0630479098003,0.539063324304,1
quadratic,supported,nearest,rinf,optimized__lipschitz,0.2,1,200,,,0,0,0,1,96,0.0630479098003,0.539063324304,1
quadratic,supported,nearest,rinf,optimized__lipschitz,0.2,2,200,,,0,0,0,1,192,0.0630479098003,0.539063324304,1
quadratic,supported,nearest,rinf,optimized__lipschitz,0.2,3,200,,,0,0,0,1,288,0.0630479098003,0.539063324304,1
quadratic,supported,nearest,rinf,optimized__lipschitz,0.3,0,200,0.0631141169487,0,197,0.985,0,1,0,0.0630479098003,0.539063324304,1
quadratic,supported,nearest,rinf,optimized__lipschitz,0.3,1,200,0.0631141169487,0,197,0.985,0,1,96,0.0630479098003,0.539063324304,1
quadratic,supported,nearest,rinf,optimized__lipschitz,0.3,2,200,0.0631141169487,0,197,0.985,0,1,192,0.0630479098003,0.539063324304,1
quadratic,supported,nearest,rinf,optimized__lipschitz,0.3,3,200,0.0631141169487,0,197,0.985,0,1,288,0.0630479098003,0.539063324304,1
quadratic,supported,nearest,rinf,optimized__minimum,0.2,0,200,0.0201762543596,0,200,1,0,1,0,0.0201762543596,0.35946454447,1
quadratic,supported,nearest,rinf,optimized__minimum,0.2,1,200,0.0201762534496,0,200,1,0,1,96,0.0201762534496,0.35946453631,1
quadratic,supported,nearest,rinf,optimized__minimum,0.2,2,200,0.020176255113,0,200,1,0,1,192,0.020176255113,0.359464533423,1
quadratic,supported,nearest,rinf,optimized__minimum,0.2,3,200,0.0201762556487,0,200,1,0,1,288,0.0201762556487,0.359464531983,1
quadratic,supported,nearest,rinf,optimized__minimum,0.3,0,200,0.0201762543596,0,200,1,0,1,0,0.0201762543596,0.35946454447,1
quadratic,supported,nearest,rinf,optimized__minimum,0.3,1,200,0.0201762534496,0,200,1,0,1,96,0.0201762534496,0.35946453631,1
quadratic,supported,nearest,rinf,optimized__minimum,0.3,2,200,0.020176255113,0,200,1,0,1,192,0.020176255113,0.359464533423,1
quadratic,supported,nearest,rinf,optimized__minimum,0.3,3,200,0.0201762556487,0,200,1,0,1,288,0.0201762556487,0.359464531983,1
quadratic,supported,nearest,rinf,uniform__minimum,0.2,0,200,0.0151479515171,0,138,0.69,0,1,0,0.0142426824781,0.392563787678,1
quadratic,supported,nearest,rinf,uniform__minimum,0.2,1,200,,,0,0,0,1,96,0.0206104061627,0.482342408749,1
quadratic,supported,nearest,rinf,uniform__minimum,0.2,2,200,,,0,0,0,1,192,0.0270695557438,0.593241377989,1
quadratic,supported,nearest,rinf,uniform__minimum,0.2,3,200,,,0,0,0,1,288,0.0232960718118,0.612281286378,1
quadratic,supported,nearest,rinf,uniform__minimum,0.3,0,200,0.0142426824781,0,200,1,0,1,0,0.0142426824781,0.392563787678,1
quadratic,supported,nearest,rinf,uniform__minimum,0.3,1,200,0.0206104061627,0,200,1,0,1,96,0.0206104061627,0.482342408749,1
quadratic,supported,nearest,rinf,uniform__minimum,0.3,2,200,0.0259238874406,0,124,0.62,0,1,192,0.0270695557438,0.593241377989,1
quadratic,supported,nearest,rinf,uniform__minimum,0.3,3,200,0.0207408071176,0,58,0.29,0,1,288,0.0232960718118,0.612281286378,1
quadratic,supported,random,r2,inverse_variance__minimum,0.2,0,200,0.0142426824781,0,200,1,0,1,0,0.0142426824781,0.267875750369,1
quadratic,supported,random,r2,inverse_variance__minimum,0.2,1,200,0.0142446195188,0,200,1,0,1,96,0.0142446195188,0.269014751345,1
quadratic,supported,random,r2,inverse_variance__minimum,0.2,2,200,0.0147389446372,0,200,1,0,1,192,0.0147389446372,0.271422751343,1
quadratic,supported,random,r2,inverse_variance__minimum,0.2,3,200,0.0152481428025,0,200,1,0,1,288,0.0152481428025,0.273432284962,1
quadratic,supported,random,r2,inverse_variance__minimum,0.3,0,200,0.0142426824781,0,200,1,0,1,0,0.0142426824781,0.267875750369,1
quadratic,supported,random,r2,inverse_variance__minimum,0.3,1,200,0.0142446195188,0,200,1,0,1,96,0.0142446195188,0.269014751345,1
quadratic,supported,random,r2,inverse_variance__minimum,0.3,2,200,0.0147389446372,0,200,1,0,1,192,0.0147389446372,0.271422751343,1
quadratic,supported,random,r2,inverse_variance__minimum,0.3,3,200,0.0152481428025,0,200,1,0,1,288,0.0152481428025,0.273432284962,1
quadratic,supported,random,r2,nearest_source__minimum,0.2,0,200,,,0,0,0,1,0,0.0630479098003,0.534461932752,1
quadratic,supported,random,r2,nearest_source__minimum,0.2,1,200,,,0,0,0,1,96,0.0665956558962,0.591087801528,1
quadratic,supported,random,r2,nearest_source__minimum,0.2,2,200,,,0,0,0,1,192,0.073155319834,0.652407858098,1
quadratic,supported,random,r2,nearest_source__minimum,0.2,3,200,,,0,0,0,1,288,0.0769388985957,0.711905444097,1
quadratic,supported,random,r2,nearest_source__minimum,0.3,0,200,0.0631141169487,0,197,0.985,0,1,0,0.0630479098003,0.534461932752,1
quadratic,supported,random,r2,nearest_source__minimum,0.3,1,200,0.0634529440377,0,163,0.815,0,1,96,0.0665956558962,0.591087801528,1
quadratic,supported,random,r2,nearest_source__minimum,0.3,2,200,0.0628535616137,0,126,0.63,0,1,192,0.073155319834,0.652407858098,1
quadratic,supported,random,r2,nearest_source__minimum,0.3,3,200,0.059087435519,0,90,0.45,0,1,288,0.0769388985957,0.711905444097,1
quadratic,supported,random,r2,optimized__barycentric,0.2,0,200,0.0151170621418,0,200,1,0,1,0,0.0151170621418,0.239334449341,1
quadratic,supported,random,r2,optimized__barycentric,0.2,1,200,0.0147344496809,0,200,1,0,1,96,0.0147344496809,0.237649013143,1
quadratic,supported,random,r2,optimized__barycentric,0.2,2,200,0.0146853581522,0,200,1,0,1,192,0.0146853581522,0.236440092636,1
quadratic,supported,random,r2,optimized__barycentric,0.2,3,200,0.0143029444816,0,200,1,0,1,288,0.0143029444816,0.235242282947,1
quadratic,supported,random,r2,optimized__barycentric,0.3,0,200,0.0151170621418,0,200,1,0,1,0,0.0151170621418,0.239334449341,1
quadratic,supported,random,r2,optimized__barycentric,0.3,1,200,0.0147344496809,0,200,1,0,1,96,0.0147344496809,0.237649013143,1
quadratic,supported,random,r2,optimized__barycentric,0.3,2,200,0.0146853581522,0,200,1,0,1,192,0.0146853581522,0.236440092636,1
quadratic,supported,random,r2,optimized__barycentric,0.3,3,200,0.0143029444816,0,200,1,0,1,288,0.0143029444816,0.235242282947,1
quadratic,supported,random,r2,optimized__lipschitz,0.2,0,200,,,0,0,0,1,0,0.0162971633852,0.458319562859,1
quadratic,supported,random,r2,optimized__lipschitz,0.2,1,200,,,0,0,0,1,96,0.0164725216435,0.456261485994,1
quadratic,supported,random,r2,optimized__lipschitz,0.2,2,200,0.00975617353079,0,1,0.005,0,1,192,0.016841442029,0.45409396445,1
quadratic,supported,random,r2,optimized__lipschitz,0.2,3,200,0.00975600493358,0,1,0.005,0,1,288,0.0167988402212,0.452119778931,1
quadratic,supported,random,r2,optimized__lipschitz,0.3,0,200,0.0162971633852,0,200,1,0,1,0,0.0162971633852,0.458319562859,1
quadratic,supported,random,r2,optimized__lipschitz,0.3,1,200,0.0164725216435,0,200,1,0,1,96,0.0164725216435,0.456261485994,1
quadratic,supported,random,r2,optimized__lipschitz,0.3,2,200,0.016841442029,0,200,1,0,1,192,0.016841442029,0.45409396445,1
quadratic,supported,random,r2,optimized__lipschitz,0.3,3,200,0.0167988402212,0,200,1,0,1,288,0.0167988402212,0.452119778931,1
quadratic,supported,random,r2,optimized__minimum,0.2,0,200,0.0151170621418,0,200,1,0,1,0,0.0151170621418,0.239334449341,1
quadratic,supported,random,r2,optimized__minimum,0.2,1,200,0.0147344496809,0,200,1,0,1,96,0.0147344496809,0.237649013143,1
quadratic,supported,random,r2,optimized__minimum,0.2,2,200,0.0146853581522,0,200,1,0,1,192,0.0146853581522,0.236440092636,1
quadratic,supported,random,r2,optimized__minimum,0.2,3,200,0.0143029444816,0,200,1,0,1,288,0.0143029444816,0.235242282947,1
quadratic,supported,random,r2,optimized__minimum,0.3,0,200,0.0151170621418,0,200,1,0,1,0,0.0151170621418,0.239334449341,1
quadratic,supported,random,r2,optimized__minimum,0.3,1,200,0.0147344496809,0,200,1,0,1,96,0.0147344496809,0.237649013143,1
quadratic,supported,random,r2,optimized__minimum,0.3,2,200,0.0146853581522,0,200,1,0,1,192,0.0146853581522,0.236440092636,1
quadratic,supported,random,r2,optimized__minimum,0.3,3,200,0.0143029444816,0,200,1,0,1,288,0.0143029444816,0.235242282947,1
quadratic,supported,random,r2,uniform__minimum,0.2,0,200,0.0142426824781,0,200,1,0,1,0,0.0142426824781,0.267875750369,1
quadratic,supported,random,r2,uniform__minimum,0.2,1,200,0.0238320363574,0,96,0.48,0,1,96,0.0351250410528,0.397312853682,1
quadratic,supported,random,r2,uniform__minimum,0.2,2,200,0.0231127521143,0,41,0.205,0,1,192,0.0455595477063,0.444214296773,1
quadratic,supported,random,r2,uniform__minimum,0.2,3,200,0.0294112827471,0,20,0.1,0,1,288,0.0542512759815,0.469165709478,1
quadratic,supported,random,r2,uniform__minimum,0.3,0,200,0.0142426824781,0,200,1,0,1,0,0.0142426824781,0.267875750369,1
quadratic,supported,random,r2,uniform__minimum,0.3,1,200,0.0351250410528,0,200,1,0,1,96,0.0351250410528,0.397312853682,1
quadratic,supported,random,r2,uniform__minimum,0.3,2,200,0.0455595477063,0,200,1,0,1,192,0.0455595477063,0.444214296773,1
quadratic,supported,random,r2,uniform__minimum,0.3,3,200,0.0539621221281,0,199,0.995,0,1,288,0.0542512759815,0.469165709478,1
quadratic,supported,random,rinf,inverse_variance__minimum,0.2,0,200,0.0151479515171,0,138,0.69,0,1,0,0.0142426824781,0.392563787678,1
quadratic,supported,random,rinf,inverse_variance__minimum,0.2,1,200,0.0132308659557,0,67,0.335,0,1,96,0.0142446195188,0.408915875442,1
quadratic,supported,random,rinf,inverse_variance__minimum,0.2,2,200,0.0124549819313,0,23,0.115,0,1,192,0.0147389446372,0.42570023517,1
quadratic,supported,random,rinf,inverse_variance__minimum,0.2,3,200,0.0159599369402,0,1,0.005,0,1,288,0.0152481428025,0.441317488866,1
quadratic,supported,random,rinf,inverse_variance__minimum,0.3,0,200,0.0142426824781,0,200,1,0,1,0,0.0142426824781,0.392563787678,1
quadratic,supported,random,rinf,inverse_variance__minimum,0.3,1,200,0.0142446195188,0,200,1,0,1,96,0.0142446195188,0.408915875442,1
quadratic,supported,random,rinf,inverse_variance__minimum,0.3,2,200,0.0147389446372,0,200,1,0,1,192,0.0147389446372,0.42570023517,1
quadratic,supported,random,rinf,inverse_variance__minimum,0.3,3,200,0.0152481428025,0,200,1,0,1,288,0.0152481428025,0.441317488866,1
quadratic,supported,random,rinf,nearest_source__minimum,0.2,0,200,,,0,0,0,1,0,0.0630479098003,0.539063324304,1
quadratic,supported,random,rinf,nearest_source__minimum,0.2,1,200,,,0,0,0,1,96,0.0665956558962,0.597208487377,1
quadratic,supported,random,rinf,nearest_source__minimum,0.2,2,200,,,0,0,0,1,192,0.073155319834,0.660178063471,1
quadratic,supported,random,rinf,nearest_source__minimum,0.2,3,200,,,0,0,0,1,288,0.0769388985957,0.721238352177,1
quadratic,supported,random,rinf,nearest_source__minimum,0.3,0,200,0.0631141169487,0,197,0.985,0,1,0,0.0630479098003,0.539063324304,1
quadratic,supported,random,rinf,nearest_source__minimum,0.3,1,200,0.0634529440377,0,163,0.815,0,1,96,0.0665956558962,0.597208487377,1
quadratic,supported,random,rinf,nearest_source__minimum,0.3,2,200,0.0628535616137,0,126,0.63,0,1,192,0.073155319834,0.660178063471,1
quadratic,supported,random,rinf,nearest_source__minimum,0.3,3,200,0.059087435519,0,90,0.45,0,1,288,0.0769388985957,0.721238352177,1
quadratic,supported,random,rinf,optimized__barycentric,0.2,0,200,0.0201762543596,0,200,1,0,1,0,0.0201762543596,0.35946454447,1
quadratic,supported,random,rinf,optimized__barycentric,0.2,1,200,0.020176254558,0,200,1,0,1,96,0.020176254558,0.359464534331,1
quadratic,supported,random,rinf,optimized__barycentric,0.2,2,200,0.0201544566496,0,200,1,0,1,192,0.0201544566496,0.359464241625,1
quadratic,supported,random,rinf,optimized__barycentric,0.2,3,200,0.0201544563611,0,200,1,0,1,288,0.0201544563611,0.359464240321,1
quadratic,supported,random,rinf,optimized__barycentric,0.3,0,200,0.0201762543596,0,200,1,0,1,0,0.0201762543596,0.35946454447,1
quadratic,supported,random,rinf,optimized__barycentric,0.3,1,200,0.020176254558,0,200,1,0,1,96,0.020176254558,0.359464534331,1
quadratic,supported,random,rinf,optimized__barycentric,0.3,2,200,0.0201544566496,0,200,1,0,1,192,0.0201544566496,0.359464241625,1
quadratic,supported,random,rinf,optimized__barycentric,0.3,3,200,0.0201544563611,0,200,1,0,1,288,0.0201544563611,0.359464240321,1
quadratic,supported,random,rinf,optimized__lipschitz,0.2,0,200,,,0,0,0,1,0,0.0630479098003,0.539063324304,1
quadratic,supported,random,rinf,optimized__lipschitz,0.2,1,200,,,0,0,0,1,96,0.0630479098003,0.539063324304,1
quadratic,supported,random,rinf,optimized__lipschitz,0.2,2,200,,,0,0,0,1,192,0.0630479098003,0.539063324304,1
quadratic,supported,random,rinf,optimized__lipschitz,0.2,3,200,,,0,0,0,1,288,0.0630479098003,0.539063324304,1
quadratic,supported,random,rinf,optimized__lipschitz,0.3,0,200,0.0631141169487,0,197,0.985,0,1,0,0.0630479098003,0.539063324304,1
quadratic,supported,random,rinf,optimized__lipschitz,0.3,1,200,0.0631141169487,0,197,0.985,0,1,96,0.0630479098003,0.539063324304,1
quadratic,supported,random,rinf,optimized__lipschitz,0.3,2,200,0.0631141169487,0,197,0.985,0,1,192,0.0630479098003,0.539063324304,1
quadratic,supported,random,rinf,optimized__lipschitz,0.3,3,200,0.0631141169487,0,197,0.985,0,1,288,0.0630479098003,0.539063324304,1
quadratic,supported,random,rinf,optimized__minimum,0.2,0,200,0.0201762543596,0,200,1,0,1,0,0.0201762543596,0.35946454447,1
quadratic,supported,random,rinf,optimized__minimum,0.2,1,200,0.020176254558,0,200,1,0,1,96,0.020176254558,0.359464534331,1
quadratic,supported,random,rinf,optimized__minimum,0.2,2,200,0.0201544566496,0,200,1,0,1,192,0.0201544566496,0.359464241625,1
quadratic,supported,random,rinf,optimized__minimum,0.2,3,200,0.0201544563611,0,200,1,0,1,288,0.0201544563611,0.359464240321,1
quadratic,supported,random,rinf,optimized__minimum,0.3,0,200,0.0201762543596,0,200,1,0,1,0,0.0201762543596,0.35946454447,1
quadratic,supported,random,rinf,optimized__minimum,0.3,1,200,0.020176254558,0,200,1,0,1,96,0.020176254558,0.359464534331,1
quadratic,supported,random,rinf,optimized__minimum,0.3,2,200,0.0201544566496,0,200,1,0,1,192,0.0201544566496,0.359464241625,1
quadratic,supported,random,rinf,optimized__minimum,0.3,3,200,0.0201544563611,0,200,1,0,1,288,0.0201544563611,0.359464240321,1
quadratic,supported,random,rinf,uniform__minimum,0.2,0,200,0.0151479515171,0,138,0.69,0,1,0,0.0142426824781,0.392563787678,1
quadratic,supported,random,rinf,uniform__minimum,0.2,1,200,,,0,0,0,1,96,0.0351250410528,0.56576115329,1
quadratic,supported,random,rinf,uniform__minimum,0.2,2,200,,,0,0,0,1,192,0.0455595477063,0.660958245837,1
quadratic,supported,random,rinf,uniform__minimum,0.2,3,200,,,0,0,0,1,288,0.0542512759815,0.727099554133,1
quadratic,supported,random,rinf,uniform__minimum,0.3,0,200,0.0142426824781,0,200,1,0,1,0,0.0142426824781,0.392563787678,1
quadratic,supported,random,rinf,uniform__minimum,0.3,1,200,0.0280919142109,0,145,0.725,0,1,96,0.0351250410528,0.56576115329,1
quadratic,supported,random,rinf,uniform__minimum,0.3,2,200,0.0179316418285,0,25,0.125,0,1,192,0.0455595477063,0.660958245837,1
quadratic,supported,random,rinf,uniform__minimum,0.3,3,200,0.0215286681969,0,4,0.02,0,1,288,0.0542512759815,0.727099554133,1
quadratic,unreachable,nearest,r2,inverse_variance__minimum,0.2,0,200,,,0,0,0,1,0,1.09858494247,3.19486489622,1
quadratic,unreachable,nearest,r2,inverse_variance__minimum,0.2,1,200,,,0,0,0,1,96,1.08985973315,3.16306968272,1
quadratic,unreachable,nearest,r2,inverse_variance__minimum,0.2,2,200,,,0,0,0,1,192,1.08338392694,3.1393059889,1
quadratic,unreachable,nearest,r2,inverse_variance__minimum,0.2,3,200,,,0,0,0,1,288,1.07866438048,3.1191381339,1
quadratic,unreachable,nearest,r2,inverse_variance__minimum,0.3,0,200,,,0,0,0,1,0,1.09858494247,3.19486489622,1
quadratic,unreachable,nearest,r2,inverse_variance__minimum,0.3,1,200,,,0,0,0,1,96,1.08985973315,3.16306968272,1
quadratic,unreachable,nearest,r2,inverse_variance__minimum,0.3,2,200,,,0,0,0,1,192,1.08338392694,3.1393059889,1
quadratic,unreachable,nearest,r2,inverse_variance__minimum,0.3,3,200,,,0,0,0,1,288,1.07866438048,3.1191381339,1
quadratic,unreachable,nearest,r2,nearest_source__minimum,0.2,0,200,,,0,0,0,1,0,1.01541893719,3.07650930478,1
quadratic,unreachable,nearest,r2,nearest_source__minimum,0.2,1,200,,,0,0,0,1,96,0.799019422424,2.73665776665,1
quadratic,unreachable,nearest,r2,nearest_source__minimum,0.2,2,200,,,0,0,0,1,192,0.799019422424,2.73665776665,1
quadratic,unreachable,nearest,r2,nearest_source__minimum,0.2,3,200,,,0,0,0,1,288,0.799019422424,2.73665776665,1
quadratic,unreachable,nearest,r2,nearest_source__minimum,0.3,0,200,,,0,0,0,1,0,1.01541893719,3.07650930478,1
quadratic,unreachable,nearest,r2,nearest_source__minimum,0.3,1,200,,,0,0,0,1,96,0.799019422424,2.73665776665,1
quadratic,unreachable,nearest,r2,nearest_source__minimum,0.3,2,200,,,0,0,0,1,192,0.799019422424,2.73665776665,1
quadratic,unreachable,nearest,r2,nearest_source__minimum,0.3,3,200,,,0,0,0,1,288,0.799019422424,2.73665776665,1
quadratic,unreachable,nearest,r2,optimized__barycentric,0.2,0,200,,,0,0,0,1,0,1.02492879725,3.07178313504,1
quadratic,unreachable,nearest,r2,optimized__barycentric,0.2,1,200,,,0,0,0,1,96,0.799885281319,2.73658913739,1
quadratic,unreachable,nearest,r2,optimized__barycentric,0.2,2,200,,,0,0,0,1,192,0.821965272766,2.6320487034,1
quadratic,unreachable,nearest,r2,optimized__barycentric,0.2,3,200,,,0,0,0,1,288,0.840770287869,2.59813577232,1
quadratic,unreachable,nearest,r2,optimized__barycentric,0.3,0,200,,,0,0,0,1,0,1.02492879725,3.07178313504,1
quadratic,unreachable,nearest,r2,optimized__barycentric,0.3,1,200,,,0,0,0,1,96,0.799885281319,2.73658913739,1
quadratic,unreachable,nearest,r2,optimized__barycentric,0.3,2,200,,,0,0,0,1,192,0.821965272766,2.6320487034,1
quadratic,unreachable,nearest,r2,optimized__barycentric,0.3,3,200,,,0,0,0,1,288,0.840770287869,2.59813577232,1
quadratic,unreachable,nearest,r2,optimized__lipschitz,0.2,0,200,,,0,0,0,1,0,1.02483045032,3.07191388924,1
quadratic,unreachable,nearest,r2,optimized__lipschitz,0.2,1,200,,,0,0,0,1,96,0.800412894565,2.73647270201,1
quadratic,unreachable,nearest,r2,optimized__lipschitz,0.2,2,200,,,0,0,0,1,192,0.822039511139,2.63065859987,1
quadratic,unreachable,nearest,r2,optimized__lipschitz,0.2,3,200,,,0,0,0,1,288,0.840821788331,2.59646107406,1
quadratic,unreachable,nearest,r2,optimized__lipschitz,0.3,0,200,,,0,0,0,1,0,1.02483045032,3.07191388924,1
quadratic,unreachable,nearest,r2,optimized__lipschitz,0.3,1,200,,,0,0,0,1,96,0.800412894565,2.73647270201,1
quadratic,unreachable,nearest,r2,optimized__lipschitz,0.3,2,200,,,0,0,0,1,192,0.822039511139,2.63065859987,1
quadratic,unreachable,nearest,r2,optimized__lipschitz,0.3,3,200,,,0,0,0,1,288,0.840821788331,2.59646107406,1
quadratic,unreachable,nearest,r2,optimized__minimum,0.2,0,200,,,0,0,0,1,0,1.02501967478,3.07173538362,1
quadratic,unreachable,nearest,r2,optimized__minimum,0.2,1,200,,,0,0,0,1,96,0.800412894565,2.73647270201,1
quadratic,unreachable,nearest,r2,optimized__minimum,0.2,2,200,,,0,0,0,1,192,0.82203946588,2.63065663857,1
quadratic,unreachable,nearest,r2,optimized__minimum,0.2,3,200,,,0,0,0,1,288,0.840820681373,2.5964573753,1
quadratic,unreachable,nearest,r2,optimized__minimum,0.3,0,200,,,0,0,0,1,0,1.02501967478,3.07173538362,1
quadratic,unreachable,nearest,r2,optimized__minimum,0.3,1,200,,,0,0,0,1,96,0.800412894565,2.73647270201,1
quadratic,unreachable,nearest,r2,optimized__minimum,0.3,2,200,,,0,0,0,1,192,0.82203946588,2.63065663857,1
quadratic,unreachable,nearest,r2,optimized__minimum,0.3,3,200,,,0,0,0,1,288,0.840820681373,2.5964573753,1
quadratic,unreachable,nearest,r2,uniform__minimum,0.2,0,200,,,0,0,0,1,0,1.09858494247,3.19486489622,1
quadratic,unreachable,nearest,r2,uniform__minimum,0.2,1,200,,,0,0,0,1,96,1.03867183846,3.03718923303,1
quadratic,unreachable,nearest,r2,uniform__minimum,0.2,2,200,,,0,0,0,1,192,1.00906785101,2.94983482852,1
quadratic,unreachable,nearest,r2,uniform__minimum,0.2,3,200,,,0,0,0,1,288,0.995187739767,2.8927382367,1
quadratic,unreachable,nearest,r2,uniform__minimum,0.3,0,200,,,0,0,0,1,0,1.09858494247,3.19486489622,1
quadratic,unreachable,nearest,r2,uniform__minimum,0.3,1,200,,,0,0,0,1,96,1.03867183846,3.03718923303,1
quadratic,unreachable,nearest,r2,uniform__minimum,0.3,2,200,,,0,0,0,1,192,1.00906785101,2.94983482852,1
quadratic,unreachable,nearest,r2,uniform__minimum,0.3,3,200,,,0,0,0,1,288,0.995187739767,2.8927382367,1
quadratic,unreachable,nearest,rinf,inverse_variance__minimum,0.2,0,200,,,0,0,0,1,0,1.09858494247,3.31955293353,1
quadratic,unreachable,nearest,rinf,inverse_variance__minimum,0.2,1,200,,,0,0,0,1,96,1.08985973315,3.30297080681,1
quadratic,unreachable,nearest,rinf,inverse_variance__minimum,0.2,2,200,,,0,0,0,1,192,1.08338392694,3.29358347273,1
quadratic,unreachable,nearest,rinf,inverse_variance__minimum,0.2,3,200,,,0,0,0,1,288,1.07866438048,3.2870233378,1
quadratic,unreachable,nearest,rinf,inverse_variance__minimum,0.3,0,200,,,0,0,0,1,0,1.09858494247,3.31955293353,1
quadratic,unreachable,nearest,rinf,inverse_variance__minimum,0.3,1,200,,,0,0,0,1,96,1.08985973315,3.30297080681,1
quadratic,unreachable,nearest,rinf,inverse_variance__minimum,0.3,2,200,,,0,0,0,1,192,1.08338392694,3.29358347273,1
quadratic,unreachable,nearest,rinf,inverse_variance__minimum,0.3,3,200,,,0,0,0,1,288,1.07866438048,3.2870233378,1
quadratic,unreachable,nearest,rinf,nearest_source__minimum,0.2,0,200,,,0,0,0,1,0,1.01541893719,3.08111069633,1
quadratic,unreachable,nearest,rinf,nearest_source__minimum,0.2,1,200,,,0,0,0,1,96,0.799019422424,2.7499408399,1
quadratic,unreachable,nearest,rinf,nearest_source__minimum,0.2,2,200,,,0,0,0,1,192,0.799019422424,2.7499408399,1
quadratic,unreachable,nearest,rinf,nearest_source__minimum,0.2,3,200,,,0,0,0,1,288,0.799019422424,2.7499408399,1
quadratic,unreachable,nearest,rinf,nearest_source__minimum,0.3,0,200,,,0,0,0,1,0,1.01541893719,3.08111069633,1
quadratic,unreachable,nearest,rinf,nearest_source__minimum,0.3,1,200,,,0,0,0,1,96,0.799019422424,2.7499408399,1
quadratic,unreachable,nearest,rinf,nearest_source__minimum,0.3,2,200,,,0,0,0,1,192,0.799019422424,2.7499408399,1
quadratic,unreachable,nearest,rinf,nearest_source__minimum,0.3,3,200,,,0,0,0,1,288,0.799019422424,2.7499408399,1
quadratic,unreachable,nearest,rinf,optimized__barycentric,0.2,0,200,,,0,0,0,1,0,1.01541893719,3.08111069633,1
quadratic,unreachable,nearest,rinf,optimized__barycentric,0.2,1,200,,,0,0,0,1,96,0.799019422424,2.7499408399,1
quadratic,unreachable,nearest,rinf,optimized__barycentric,0.2,2,200,,,0,0,0,1,192,0.799019422424,2.7499408399,1
quadratic,unreachable,nearest,rinf,optimized__barycentric,0.2,3,200,,,0,0,0,1,288,0.799019422424,2.7499408399,1
quadratic,unreachable,nearest,rinf,optimized__barycentric,0.3,0,200,,,0,0,0,1,0,1.01541893719,3.08111069633,1
quadratic,unreachable,nearest,rinf,optimized__barycentric,0.3,1,200,,,0,0,0,1,96,0.799019422424,2.7499408399,1
quadratic,unreachable,nearest,rinf,optimized__barycentric,0.3,2,200,,,0,0,0,1,192,0.799019422424,2.7499408399,1
quadratic,unreachable,nearest,rinf,optimized__barycentric,0.3,3,200,,,0,0,0,1,288,0.799019422424,2.7499408399,1
quadratic,unreachable,nearest,rinf,optimized__lipschitz,0.2,0,200,,,0,0,0,1,0,1.01541893719,3.08111069633,1
quadratic,unreachable,nearest,rinf,optimized__lipschitz,0.2,1,200,,,0,0,0,1,96,0.799019422424,2.7499408399,1
quadratic,unreachable,nearest,rinf,optimized__lipschitz,0.2,2,200,,,0,0,0,1,192,0.799019422424,2.7499408399,1
quadratic,unreachable,nearest,rinf,optimized__lipschitz,0.2,3,200,,,0,0,0,1,288,0.799019422424,2.7499408399,1
quadratic,unreachable,nearest,rinf,optimized__lipschitz,0.3,0,200,,,0,0,0,1,0,1.01541893719,3.08111069633,1
quadratic,unreachable,nearest,rinf,optimized__lipschitz,0.3,1,200,,,0,0,0,1,96,0.799019422424,2.7499408399,1
quadratic,unreachable,nearest,rinf,optimized__lipschitz,0.3,2,200,,,0,0,0,1,192,0.799019422424,2.7499408399,1
quadratic,unreachable,nearest,rinf,optimized__lipschitz,0.3,3,200,,,0,0,0,1,288,0.799019422424,2.7499408399,1
quadratic,unreachable,nearest,rinf,optimized__minimum,0.2,0,200,,,0,0,0,1,0,1.01541893719,3.08111069633,1
quadratic,unreachable,nearest,rinf,optimized__minimum,0.2,1,200,,,0,0,0,1,96,0.799019422424,2.7499408399,1
quadratic,unreachable,nearest,rinf,optimized__minimum,0.2,2,200,,,0,0,0,1,192,0.799019422424,2.7499408399,1
quadratic,unreachable,nearest,rinf,optimized__minimum,0.2,3,200,,,0,0,0,1,288,0.799019422424,2.7499408399,1
quadratic,unreachable,nearest,rinf,optimized__minimum,0.3,0,200,,,0,0,0,1,0,1.01541893719,3.08111069633,1
quadratic,unreachable,nearest,rinf,optimized__minimum,0.3,1,200,,,0,0,0,1,96,0.799019422424,2.7499408399,1
quadratic,unreachable,nearest,rinf,optimized__minimum,0.3,2,200,,,0,0,0,1,192,0.799019422424,2.7499408399,1
quadratic,unreachable,nearest,rinf,optimized__minimum,0.3,3,200,,,0,0,0,1,288,0.799019422424,2.7499408399,1
quadratic,unreachable,nearest,rinf,uniform__minimum,0.2,0,200,,,0,0,0,1,0,1.09858494247,3.31955293353,1
quadratic,unreachable,nearest,rinf,uniform__minimum,0.2,1,200,,,0,0,0,1,96,1.03867183846,3.20563753264,1
quadratic,unreachable,nearest,rinf,uniform__minimum,0.2,2,200,,,0,0,0,1,192,1.00906785101,3.16657877759,1
quadratic,unreachable,nearest,rinf,uniform__minimum,0.2,3,200,,,0,0,0,1,288,0.995187739767,3.15067208135,1
quadratic,unreachable,nearest,rinf,uniform__minimum,0.3,0,200,,,0,0,0,1,0,1.09858494247,3.31955293353,1
quadratic,unreachable,nearest,rinf,uniform__minimum,0.3,1,200,,,0,0,0,1,96,1.03867183846,3.20563753264,1
quadratic,unreachable,nearest,rinf,uniform__minimum,0.3,2,200,,,0,0,0,1,192,1.00906785101,3.16657877759,1
quadratic,unreachable,nearest,rinf,uniform__minimum,0.3,3,200,,,0,0,0,1,288,0.995187739767,3.15067208135,1
quadratic,unreachable,random,r2,inverse_variance__minimum,0.2,0,200,,,0,0,0,1,0,1.09858494247,3.19486489622,1
quadratic,unreachable,random,r2,inverse_variance__minimum,0.2,1,200,,,0,0,0,1,96,1.09447033272,3.17566118041,1
quadratic,unreachable,random,r2,inverse_variance__minimum,0.2,2,200,,,0,0,0,1,192,1.09033019583,3.1582641605,1
quadratic,unreachable,random,r2,inverse_variance__minimum,0.2,3,200,,,0,0,0,1,288,1.08675198998,3.14210444488,1
quadratic,unreachable,random,r2,inverse_variance__minimum,0.3,0,200,,,0,0,0,1,0,1.09858494247,3.19486489622,1
quadratic,unreachable,random,r2,inverse_variance__minimum,0.3,1,200,,,0,0,0,1,96,1.09447033272,3.17566118041,1
quadratic,unreachable,random,r2,inverse_variance__minimum,0.3,2,200,,,0,0,0,1,192,1.09033019583,3.1582641605,1
quadratic,unreachable,random,r2,inverse_variance__minimum,0.3,3,200,,,0,0,0,1,288,1.08675198998,3.14210444488,1
quadratic,unreachable,random,r2,nearest_source__minimum,0.2,0,200,,,0,0,0,1,0,1.01541893719,3.07650930478,1
quadratic,unreachable,random,r2,nearest_source__minimum,0.2,1,200,,,0,0,0,1,96,0.943391368176,3.08768699715,1
quadratic,unreachable,random,r2,nearest_source__minimum,0.2,2,200,,,0,0,0,1,192,0.879665596277,2.97637239465,1
quadratic,unreachable,random,r2,nearest_source__minimum,0.2,3,200,,,0,0,0,1,288,0.837549652124,2.86644735659,1
quadratic,unreachable,random,r2,nearest_source__minimum,0.3,0,200,,,0,0,0,1,0,1.01541893719,3.07650930478,1
quadratic,unreachable,random,r2,nearest_source__minimum,0.3,1,200,,,0,0,0,1,96,0.943391368176,3.08768699715,1
quadratic,unreachable,random,r2,nearest_source__minimum,0.3,2,200,,,0,0,0,1,192,0.879665596277,2.97637239465,1
quadratic,unreachable,random,r2,nearest_source__minimum,0.3,3,200,,,0,0,0,1,288,0.837549652124,2.86644735659,1
quadratic,unreachable,random,r2,optimized__barycentric,0.2,0,200,,,0,0,0,1,0,1.02492879725,3.07178313504,1
quadratic,unreachable,random,r2,optimized__barycentric,0.2,1,200,,,0,0,0,1,96,0.969400674142,2.9577419674,1
quadratic,unreachable,random,r2,optimized__barycentric,0.2,2,200,,,0,0,0,1,192,0.918635922069,2.85702226855,1
quadratic,unreachable,random,r2,optimized__barycentric,0.2,3,200,,,0,0,0,1,288,0.878401166232,2.76864471959,1
quadratic,unreachable,random,r2,optimized__barycentric,0.3,0,200,,,0,0,0,1,0,1.02492879725,3.07178313504,1
quadratic,unreachable,random,r2,optimized__barycentric,0.3,1,200,,,0,0,0,1,96,0.969400674142,2.9577419674,1
quadratic,unreachable,random,r2,optimized__barycentric,0.3,2,200,,,0,0,0,1,192,0.918635922069,2.85702226855,1
quadratic,unreachable,random,r2,optimized__barycentric,0.3,3,200,,,0,0,0,1,288,0.878401166232,2.76864471959,1
quadratic,unreachable,random,r2,optimized__lipschitz,0.2,0,200,,,0,0,0,1,0,1.02483045032,3.07191388924,1
quadratic,unreachable,random,r2,optimized__lipschitz,0.2,1,200,,,0,0,0,1,96,0.969690624095,2.95764024212,1
quadratic,unreachable,random,r2,optimized__lipschitz,0.2,2,200,,,0,0,0,1,192,0.919167798606,2.85641435721,1
quadratic,unreachable,random,r2,optimized__lipschitz,0.2,3,200,,,0,0,0,1,288,0.879065926898,2.76725461498,1
quadratic,unreachable,random,r2,optimized__lipschitz,0.3,0,200,,,0,0,0,1,0,1.02483045032,3.07191388924,1
quadratic,unreachable,random,r2,optimized__lipschitz,0.3,1,200,,,0,0,0,1,96,0.969690624095,2.95764024212,1
quadratic,unreachable,random,r2,optimized__lipschitz,0.3,2,200,,,0,0,0,1,192,0.919167798606,2.85641435721,1
quadratic,unreachable,random,r2,optimized__lipschitz,0.3,3,200,,,0,0,0,1,288,0.879065926898,2.76725461498,1
quadratic,unreachable,random,r2,optimized__minimum,0.2,0,200,,,0,0,0,1,0,1.02501967478,3.07173538362,1
quadratic,unreachable,random,r2,optimized__minimum,0.2,1,200,,,0,0,0,1,96,0.969629452433,2.95688863658,1
quadratic,unreachable,random,r2,optimized__minimum,0.2,2,200,,,0,0,0,1,192,0.919149357766,2.85584928755,1
quadratic,unreachable,random,r2,optimized__minimum,0.2,3,200,,,0,0,0,1,288,0.879106238139,2.76703634878,1
quadratic,unreachable,random,r2,optimized__minimum,0.3,0,200,,,0,0,0,1,0,1.02501967478,3.07173538362,1
quadratic,unreachable,random,r2,optimized__minimum,0.3,1,200,,,0,0,0,1,96,0.969629452433,2.95688863658,1
quadratic,unreachable,random,r2,optimized__minimum,0.3,2,200,,,0,0,0,1,192,0.919149357766,2.85584928755,1
quadratic,unreachable,random,r2,optimized__minimum,0.3,3,200,,,0,0,0,1,288,0.879106238139,2.76703634878,1
quadratic,unreachable,random,r2,uniform__minimum,0.2,0,200,,,0,0,0,1,0,1.09858494247,3.19486489622,1
quadratic,unreachable,random,r2,uniform__minimum,0.2,1,200,,,0,0,0,1,96,1.07033128883,3.12359578677,1
quadratic,unreachable,random,r2,uniform__minimum,0.2,2,200,,,0,0,0,1,192,1.04997365672,3.06146071688,1
quadratic,unreachable,random,r2,uniform__minimum,0.2,3,200,,,0,0,0,1,288,1.03716628432,3.01194432701,1
quadratic,unreachable,random,r2,uniform__minimum,0.3,0,200,,,0,0,0,1,0,1.09858494247,3.19486489622,1
quadratic,unreachable,random,r2,uniform__minimum,0.3,1,200,,,0,0,0,1,96,1.07033128883,3.12359578677,1
quadratic,unreachable,random,r2,uniform__minimum,0.3,2,200,,,0,0,0,1,192,1.04997365672,3.06146071688,1
quadratic,unreachable,random,r2,uniform__minimum,0.3,3,200,,,0,0,0,1,288,1.03716628432,3.01194432701,1
quadratic,unreachable,random,rinf,inverse_variance__minimum,0.2,0,200,,,0,0,0,1,0,1.09858494247,3.31955293353,1
quadratic,unreachable,random,rinf,inverse_variance__minimum,0.2,1,200,,,0,0,0,1,96,1.09447033272,3.31556230451,1
quadratic,unreachable,random,rinf,inverse_variance__minimum,0.2,2,200,,,0,0,0,1,192,1.09033019583,3.31254164433,1
quadratic,unreachable,random,rinf,inverse_variance__minimum,0.2,3,200,,,0,0,0,1,288,1.08675198998,3.30998964878,1
quadratic,unreachable,random,rinf,inverse_variance__minimum,0.3,0,200,,,0,0,0,1,0,1.09858494247,3.31955293353,1
quadratic,unreachable,random,rinf,inverse_variance__minimum,0.3,1,200,,,0,0,0,1,96,1.09447033272,3.31556230451,1
quadratic,unreachable,random,rinf,inverse_variance__minimum,0.3,2,200,,,0,0,0,1,192,1.09033019583,3.31254164433,1
quadratic,unreachable,random,rinf,inverse_variance__minimum,0.3,3,200,,,0,0,0,1,288,1.08675198998,3.30998964878,1
quadratic,unreachable,random,rinf,nearest_source__minimum,0.2,0,200,,,0,0,0,1,0,1.01541893719,3.08111069633,1
quadratic,unreachable,random,rinf,nearest_source__minimum,0.2,1,200,,,0,0,0,1,96,0.943391368176,3.09979804337,1
quadratic,unreachable,random,rinf,nearest_source__minimum,0.2,2,200,,,0,0,0,1,192,0.879665596277,2.9896554679,1
quadratic,unreachable,random,rinf,nearest_source__minimum,0.2,3,200,,,0,0,0,1,288,0.837549652124,2.87973042985,1
quadratic,unreachable,random,rinf,nearest_source__minimum,0.3,0,200,,,0,0,0,1,0,1.01541893719,3.08111069633,1
quadratic,unreachable,random,rinf,nearest_source__minimum,0.3,1,200,,,0,0,0,1,96,0.943391368176,3.09979804337,1
quadratic,unreachable,random,rinf,nearest_source__minimum,0.3,2,200,,,0,0,0,1,192,0.879665596277,2.9896554679,1
quadratic,unreachable,random,rinf,nearest_source__minimum,0.3,3,200,,,0,0,0,1,288,0.837549652124,2.87973042985,1
quadratic,unreachable,random,rinf,optimized__barycentric,0.2,0,200,,,0,0,0,1,0,1.01541893719,3.08111069633,1
quadratic,unreachable,random,rinf,optimized__barycentric,0.2,1,200,,,0,0,0,1,96,0.954195903954,3.00945437741,1
quadratic,unreachable,random,rinf,optimized__barycentric,0.2,2,200,,,0,0,0,1,192,0.896262899756,2.93884587544,1
quadratic,unreachable,random,rinf,optimized__barycentric,0.2,3,200,,,0,0,0,1,288,0.847342526437,2.8732428961,1
quadratic,unreachable,random,rinf,optimized__barycentric,0.3,0,200,,,0,0,0,1,0,1.01541893719,3.08111069633,1
quadratic,unreachable,random,rinf,optimized__barycentric,0.3,1,200,,,0,0,0,1,96,0.954195903954,3.00945437741,1
quadratic,unreachable,random,rinf,optimized__barycentric,0.3,2,200,,,0,0,0,1,192,0.896262899756,2.93884587544,1
quadratic,unreachable,random,rinf,optimized__barycentric,0.3,3,200,,,0,0,0,1,288,0.847342526437,2.8732428961,1
quadratic,unreachable,random,rinf,optimized__lipschitz,0.2,0,200,,,0,0,0,1,0,1.01541893719,3.08111069633,1
quadratic,unreachable,random,rinf,optimized__lipschitz,0.2,1,200,,,0,0,0,1,96,0.954221055413,3.00945483459,1
quadratic,unreachable,random,rinf,optimized__lipschitz,0.2,2,200,,,0,0,0,1,192,0.896406415659,2.9388558873,1
quadratic,unreachable,random,rinf,optimized__lipschitz,0.2,3,200,,,0,0,0,1,288,0.846861783545,2.87325848809,1
quadratic,unreachable,random,rinf,optimized__lipschitz,0.3,0,200,,,0,0,0,1,0,1.01541893719,3.08111069633,1
quadratic,unreachable,random,rinf,optimized__lipschitz,0.3,1,200,,,0,0,0,1,96,0.954221055413,3.00945483459,1
quadratic,unreachable,random,rinf,optimized__lipschitz,0.3,2,200,,,0,0,0,1,192,0.896406415659,2.9388558873,1
quadratic,unreachable,random,rinf,optimized__lipschitz,0.3,3,200,,,0,0,0,1,288,0.846861783545,2.87325848809,1
quadratic,unreachable,random,rinf,optimized__minimum,0.2,0,200,,,0,0,0,1,0,1.01541893719,3.08111069633,1
quadratic,unreachable,random,rinf,optimized__minimum,0.2,1,200,,,0,0,0,1,96,0.954195903954,3.00945437741,1
quadratic,unreachable,random,rinf,optimized__minimum,0.2,2,200,,,0,0,0,1,192,0.896262899756,2.93884587544,1
quadratic,unreachable,random,rinf,optimized__minimum,0.2,3,200,,,0,0,0,1,288,0.847342526437,2.8732428961,1
quadratic,unreachable,random,rinf,optimized__minimum,0.3,0,200,,,0,0,0,1,0,1.01541893719,3.08111069633,1
quadratic,unreachable,random,rinf,optimized__minimum,0.3,1,200,,,0,0,0,1,96,0.954195903954,3.00945437741,1
quadratic,unreachable,random,rinf,optimized__minimum,0.3,2,200,,,0,0,0,1,192,0.896262899756,2.93884587544,1
quadratic,unreachable,random,rinf,optimized__minimum,0.3,3,200,,,0,0,0,1,288,0.847342526437,2.8732428961,1
quadratic,unreachable,random,rinf,uniform__minimum,0.2,0,200,,,0,0,0,1,0,1.09858494247,3.31955293353,1
quadratic,unreachable,random,rinf,uniform__minimum,0.2,1,200,,,0,0,0,1,96,1.07033128883,3.29204408638,1
quadratic,unreachable,random,rinf,uniform__minimum,0.2,2,200,,,0,0,0,1,192,1.04997365672,3.27820466594,1
quadratic,unreachable,random,rinf,uniform__minimum,0.2,3,200,,,0,0,0,1,288,1.03716628432,3.26987817167,1
quadratic,unreachable,random,rinf,uniform__minimum,0.3,0,200,,,0,0,0,1,0,1.09858494247,3.31955293353,1
quadratic,unreachable,random,rinf,uniform__minimum,0.3,1,200,,,0,0,0,1,96,1.07033128883,3.29204408638,1
quadratic,unreachable,random,rinf,uniform__minimum,0.3,2,200,,,0,0,0,1,192,1.04997365672,3.27820466594,1
quadratic,unreachable,random,rinf,uniform__minimum,0.3,3,200,,,0,0,0,1,288,1.03716628432,3.26987817167,1
sinusoidal,bridgeable,nearest,r2,inverse_variance__minimum,0.2,0,200,,,0,0,0,1,0,0.430832981402,1.20479794812,1
sinusoidal,bridgeable,nearest,r2,inverse_variance__minimum,0.2,1,200,,,0,0,0,1,96,0.418556898189,1.17645116249,1
sinusoidal,bridgeable,nearest,r2,inverse_variance__minimum,0.2,2,200,,,0,0,0,1,192,0.40633811237,1.15558263682,1
sinusoidal,bridgeable,nearest,r2,inverse_variance__minimum,0.2,3,200,,,0,0,0,1,288,0.395066692345,1.13763294326,1
sinusoidal,bridgeable,nearest,r2,inverse_variance__minimum,0.3,0,200,,,0,0,0,1,0,0.430832981402,1.20479794812,1
sinusoidal,bridgeable,nearest,r2,inverse_variance__minimum,0.3,1,200,,,0,0,0,1,96,0.418556898189,1.17645116249,1
sinusoidal,bridgeable,nearest,r2,inverse_variance__minimum,0.3,2,200,,,0,0,0,1,192,0.40633811237,1.15558263682,1
sinusoidal,bridgeable,nearest,r2,inverse_variance__minimum,0.3,3,200,,,0,0,0,1,288,0.395066692345,1.13763294326,1
sinusoidal,bridgeable,nearest,r2,nearest_source__minimum,0.2,0,200,,,0,0,0,1,0,0.327147359394,1.10944584993,1
sinusoidal,bridgeable,nearest,r2,nearest_source__minimum,0.2,1,200,,,0,0,0,1,96,0.0785260504357,0.845841325498,1
sinusoidal,bridgeable,nearest,r2,nearest_source__minimum,0.2,2,200,,,0,0,0,1,192,0.0785260504357,0.845841325498,1
sinusoidal,bridgeable,nearest,r2,nearest_source__minimum,0.2,3,200,,,0,0,0,1,288,0.0785260504357,0.845841325498,1
sinusoidal,bridgeable,nearest,r2,nearest_source__minimum,0.3,0,200,,,0,0,0,1,0,0.327147359394,1.10944584993,1
sinusoidal,bridgeable,nearest,r2,nearest_source__minimum,0.3,1,200,,,0,0,0,1,96,0.0785260504357,0.845841325498,1
sinusoidal,bridgeable,nearest,r2,nearest_source__minimum,0.3,2,200,,,0,0,0,1,192,0.0785260504357,0.845841325498,1
sinusoidal,bridgeable,nearest,r2,nearest_source__minimum,0.3,3,200,,,0,0,0,1,288,0.0785260504357,0.845841325498,1
sinusoidal,bridgeable,nearest,r2,optimized__barycentric,0.2,0,200,,,0,0,0,1,0,0.35260120409,1.08858421003,1
sinusoidal,bridgeable,nearest,r2,optimized__barycentric,0.2,1,200,,,0,0,0,1,96,0.0769547197815,0.813620418218,1
sinusoidal,bridgeable,nearest,r2,optimized__barycentric,0.2,2,200,,,0,0,0,1,192,0.0577552772662,0.648272813402,1
sinusoidal,bridgeable,nearest,r2,optimized__barycentric,0.2,3,200,,,0,0,0,1,288,0.0435406766822,0.523921191084,1
sinusoidal,bridgeable,nearest,r2,optimized__barycentric,0.3,0,200,,,0,0,0,1,0,0.35260120409,1.08858421003,1
sinusoidal,bridgeable,nearest,r2,optimized__barycentric,0.3,1,200,,,0,0,0,1,96,0.0769547197815,0.813620418218,1
sinusoidal,bridgeable,nearest,r2,optimized__barycentric,0.3,2,200,0.047832083503,0,99,0.495,0,1,192,0.0577552772662,0.648272813402,1
sinusoidal,bridgeable,nearest,r2,optimized__barycentric,0.3,3,200,0.0435406766822,0,200,1,0,1,288,0.0435406766822,0.523921191084,1
sinusoidal,bridgeable,nearest,r2,optimized__lipschitz,0.2,0,200,,,0,0,0,1,0,0.350029724613,1.09404158436,1
sinusoidal,bridgeable,nearest,r2,optimized__lipschitz,0.2,1,200,,,0,0,0,1,96,0.0834706715426,0.843778500353,1
sinusoidal,bridgeable,nearest,r2,optimized__lipschitz,0.2,2,200,,,0,0,0,1,192,0.0720937333978,0.770108714193,1
sinusoidal,bridgeable,nearest,r2,optimized__lipschitz,0.2,3,200,,,0,0,0,1,288,0.0487561703762,0.739001775692,1
sinusoidal,bridgeable,nearest,r2,optimized__lipschitz,0.3,0,200,,,0,0,0,1,0,0.350029724613,1.09404158436,1
sinusoidal,bridgeable,nearest,r2,optimized__lipschitz,0.3,1,200,,,0,0,0,1,96,0.0834706715426,0.843778500353,1
sinusoidal,bridgeable,nearest,r2,optimized__lipschitz,0.3,2,200,,,0,0,0,1,192,0.0720937333978,0.770108714193,1
sinusoidal,bridgeable,nearest,r2,optimized__lipschitz,0.3,3,200,,,0,0,0,1,288,0.0487561703762,0.739001775692,1
sinusoidal,bridgeable,nearest,r2,optimized__minimum,0.2,0,200,,,0,0,0,1,0,0.352603535788,1.08858345602,1
sinusoidal,bridgeable,nearest,r2,optimized__minimum,0.2,1,200,,,0,0,0,1,96,0.0781404664193,0.813279607553,1
sinusoidal,bridgeable,nearest,r2,optimized__minimum,0.2,2,200,,,0,0,0,1,192,0.0576745363253,0.647767754514,1
sinusoidal,bridgeable,nearest,r2,optimized__minimum,0.2,3,200,,,0,0,0,1,288,0.0435406766822,0.523921191084,1
sinusoidal,bridgeable,nearest,r2,optimized__minimum,0.3,0,200,,,0,0,0,1,0,0.352603535788,1.08858345602,1
sinusoidal,bridgeable,nearest,r2,optimized__minimum,0.3,1,200,,,0,0,0,1,96,0.0781404664193,0.813279607553,1
sinusoidal,bridgeable,nearest,r2,optimized__minimum,0.3,2,200,0.047832083503,0,99,0.495,0,1,192,0.0576745363253,0.647767754514,1
sinusoidal,bridgeable,nearest,r2,optimized__minimum,0.3,3,200,0.0435406766822,0,200,1,0,1,288,0.0435406766822,0.523921191084,1
sinusoidal,bridgeable,nearest,r2,uniform__minimum,0.2,0,200,,,0,0,0,1,0,0.430832981402,1.20479794812,1
sinusoidal,bridgeable,nearest,r2,uniform__minimum,0.2,1,200,,,0,0,0,1,96,0.346537210006,1.06731773228,1
sinusoidal,bridgeable,nearest,r2,uniform__minimum,0.2,2,200,,,0,0,0,1,192,0.286585419324,0.978740942084,1
sinusoidal,bridgeable,nearest,r2,uniform__minimum,0.2,3,200,,,0,0,0,1,288,0.24518890963,0.91154498137,1
sinusoidal,bridgeable,nearest,r2,uniform__minimum,0.3,0,200,,,0,0,0,1,0,0.430832981402,1.20479794812,1
sinusoidal,bridgeable,nearest,r2,uniform__minimum,0.3,1,200,,,0,0,0,1,96,0.346537210006,1.06731773228,1
sinusoidal,bridgeable,nearest,r2,uniform__minimum,0.3,2,200,,,0,0,0,1,192,0.286585419324,0.978740942084,1
sinusoidal,bridgeable,nearest,r2,uniform__minimum,0.3,3,200,,,0,0,0,1,288,0.24518890963,0.91154498137,1
sinusoidal,bridgeable,nearest,rinf,inverse_variance__minimum,0.2,0,200,,,0,0,0,1,0,0.430832981402,1.32948598543,1
sinusoidal,bridgeable,nearest,rinf,inverse_variance__minimum,0.2,1,200,,,0,0,0,1,96,0.418556898189,1.31635228659,1
sinusoidal,bridgeable,nearest,rinf,inverse_variance__minimum,0.2,2,200,,,0,0,0,1,192,0.40633811237,1.30986012065,1
sinusoidal,bridgeable,nearest,rinf,inverse_variance__minimum,0.2,3,200,,,0,0,0,1,288,0.395066692345,1.30551814716,1
sinusoidal,bridgeable,nearest,rinf,inverse_variance__minimum,0.3,0,200,,,0,0,0,1,0,0.430832981402,1.32948598543,1
sinusoidal,bridgeable,nearest,rinf,inverse_variance__minimum,0.3,1,200,,,0,0,0,1,96,0.418556898189,1.31635228659,1
sinusoidal,bridgeable,nearest,rinf,inverse_variance__minimum,0.3,2,200,,,0,0,0,1,192,0.40633811237,1.30986012065,1
sinusoidal,bridgeable,nearest,rinf,inverse_variance__minimum,0.3,3,200,,,0,0,0,1,288,0.395066692345,1.30551814716,1
sinusoidal,bridgeable,nearest,rinf,nearest_source__minimum,0.2,0,200,,,0,0,0,1,0,0.327147359394,1.11404724148,1
sinusoidal,bridgeable,nearest,rinf,nearest_source__minimum,0.2,1,200,,,0,0,0,1,96,0.0785260504357,0.859124398752,1
sinusoidal,bridgeable,nearest,rinf,nearest_source__minimum,0.2,2,200,,,0,0,0,1,192,0.0785260504357,0.859124398752,1
sinusoidal,bridgeable,nearest,rinf,nearest_source__minimum,0.2,3,200,,,0,0,0,1,288,0.0785260504357,0.859124398752,1
sinusoidal,bridgeable,nearest,rinf,nearest_source__minimum,0.3,0,200,,,0,0,0,1,0,0.327147359394,1.11404724148,1
sinusoidal,bridgeable,nearest,rinf,nearest_source__minimum,0.3,1,200,,,0,0,0,1,96,0.0785260504357,0.859124398752,1
sinusoidal,bridgeable,nearest,rinf,nearest_source__minimum,0.3,2,200,,,0,0,0,1,192,0.0785260504357,0.859124398752,1
sinusoidal,bridgeable,nearest,rinf,nearest_source__minimum,0.3,3,200,,,0,0,0,1,288,0.0785260504357,0.859124398752,1
sinusoidal,bridgeable,nearest,rinf,optimized__barycentric,0.2,0,200,,,0,0,0,1,0,0.327155187236,1.11404704854,1
sinusoidal,bridgeable,nearest,rinf,optimized__barycentric,0.2,1,200,,,0,0,0,1,96,0.0770267770539,0.836352635305,1
sinusoidal,bridgeable,nearest,rinf,optimized__barycentric,0.2,2,200,,,0,0,0,1,192,0.0665275117948,0.789918123531,1
sinusoidal,bridgeable,nearest,rinf,optimized__barycentric,0.2,3,200,,,0,0,0,1,288,0.0588854356702,0.744605132203,1
sinusoidal,bridgeable,nearest,rinf,optimized__barycentric,0.3,0,200,,,0,0,0,1,0,0.327155187236,1.11404704854,1
sinusoidal,bridgeable,nearest,rinf,optimized__barycentric,0.3,1,200,,,0,0,0,1,96,0.0770267770539,0.836352635305,1
sinusoidal,bridgeable,nearest,rinf,optimized__barycentric,0.3,2,200,,,0,0,0,1,192,0.0665275117948,0.789918123531,1
sinusoidal,bridgeable,nearest,rinf,optimized__barycentric,0.3,3,200,,,0,0,0,1,288,0.0588854356702,0.744605132203,1
sinusoidal,bridgeable,nearest,rinf,optimized__lipschitz,0.2,0,200,,,0,0,0,1,0,0.327147359394,1.11404724148,1
sinusoidal,bridgeable,nearest,rinf,optimized__lipschitz,0.2,1,200,,,0,0,0,1,96,0.0785260504357,0.859124398752,1
sinusoidal,bridgeable,nearest,rinf,optimized__lipschitz,0.2,2,200,,,0,0,0,1,192,0.0785260504357,0.859124398752,1
sinusoidal,bridgeable,nearest,rinf,optimized__lipschitz,0.2,3,200,,,0,0,0,1,288,0.0785260504357,0.859124398752,1
sinusoidal,bridgeable,nearest,rinf,optimized__lipschitz,0.3,0,200,,,0,0,0,1,0,0.327147359394,1.11404724148,1
sinusoidal,bridgeable,nearest,rinf,optimized__lipschitz,0.3,1,200,,,0,0,0,1,96,0.0785260504357,0.859124398752,1
sinusoidal,bridgeable,nearest,rinf,optimized__lipschitz,0.3,2,200,,,0,0,0,1,192,0.0785260504357,0.859124398752,1
sinusoidal,bridgeable,nearest,rinf,optimized__lipschitz,0.3,3,200,,,0,0,0,1,288,0.0785260504357,0.859124398752,1
sinusoidal,bridgeable,nearest,rinf,optimized__minimum,0.2,0,200,,,0,0,0,1,0,0.327155187236,1.11404704854,1
sinusoidal,bridgeable,nearest,rinf,optimized__minimum,0.2,1,200,,,0,0,0,1,96,0.0770267770539,0.836352635305,1
sinusoidal,bridgeable,nearest,rinf,optimized__minimum,0.2,2,200,,,0,0,0,1,192,0.0665275117948,0.789918123531,1
sinusoidal,bridgeable,nearest,rinf,optimized__minimum,0.2,3,200,,,0,0,0,1,288,0.0588854356702,0.744605132203,1
sinusoidal,bridgeable,nearest,rinf,optimized__minimum,0.3,0,200,,,0,0,0,1,0,0.327155187236,1.11404704854,1
sinusoidal,bridgeable,nearest,rinf,optimized__minimum,0.3,1,200,,,0,0,0,1,96,0.0770267770539,0.836352635305,1
sinusoidal,bridgeable,nearest,rinf,optimized__minimum,0.3,2,200,,,0,0,0,1,192,0.0665275117948,0.789918123531,1
sinusoidal,bridgeable,nearest,rinf,optimized__minimum,0.3,3,200,,,0,0,0,1,288,0.0588854356702,0.744605132203,1
sinusoidal,bridgeable,nearest,rinf,uniform__minimum,0.2,0,200,,,0,0,0,1,0,0.430832981402,1.32948598543,1
sinusoidal,bridgeable,nearest,rinf,uniform__minimum,0.2,1,200,,,0,0,0,1,96,0.346537210006,1.23576603189,1
sinusoidal,bridgeable,nearest,rinf,uniform__minimum,0.2,2,200,,,0,0,0,1,192,0.286585419324,1.19548489115,1
sinusoidal,bridgeable,nearest,rinf,uniform__minimum,0.2,3,200,,,0,0,0,1,288,0.24518890963,1.16947882603,1
sinusoidal,bridgeable,nearest,rinf,uniform__minimum,0.3,0,200,,,0,0,0,1,0,0.430832981402,1.32948598543,1
sinusoidal,bridgeable,nearest,rinf,uniform__minimum,0.3,1,200,,,0,0,0,1,96,0.346537210006,1.23576603189,1
sinusoidal,bridgeable,nearest,rinf,uniform__minimum,0.3,2,200,,,0,0,0,1,192,0.286585419324,1.19548489115,1
sinusoidal,bridgeable,nearest,rinf,uniform__minimum,0.3,3,200,,,0,0,0,1,288,0.24518890963,1.16947882603,1
sinusoidal,bridgeable,random,r2,inverse_variance__minimum,0.2,0,200,,,0,0,0,1,0,0.430832981402,1.20479794812,1
sinusoidal,bridgeable,random,r2,inverse_variance__minimum,0.2,1,200,,,0,0,0,1,96,0.411661234886,1.17479231476,1
sinusoidal,bridgeable,random,r2,inverse_variance__minimum,0.2,2,200,,,0,0,0,1,192,0.394553043492,1.14770955328,1
sinusoidal,bridgeable,random,r2,inverse_variance__minimum,0.2,3,200,,,0,0,0,1,288,0.377659742943,1.12048936651,1
sinusoidal,bridgeable,random,r2,inverse_variance__minimum,0.3,0,200,,,0,0,0,1,0,0.430832981402,1.20479794812,1
sinusoidal,bridgeable,random,r2,inverse_variance__minimum,0.3,1,200,,,0,0,0,1,96,0.411661234886,1.17479231476,1
sinusoidal,bridgeable,random,r2,inverse_variance__minimum,0.3,2,200,,,0,0,0,1,192,0.394553043492,1.14770955328,1
sinusoidal,bridgeable,random,r2,inverse_variance__minimum,0.3,3,200,,,0,0,0,1,288,0.377659742943,1.12048936651,1
sinusoidal,bridgeable,random,r2,nearest_source__minimum,0.2,0,200,,,0,0,0,1,0,0.327147359394,1.10944584993,1
sinusoidal,bridgeable,random,r2,nearest_source__minimum,0.2,1,200,,,0,0,0,1,96,0.236165377366,1.14366269971,1
sinusoidal,bridgeable,random,r2,nearest_source__minimum,0.2,2,200,,,0,0,0,1,192,0.165480902265,1.07713837304,1
sinusoidal,bridgeable,random,r2,nearest_source__minimum,0.2,3,200,,,0,0,0,1,288,0.134970470776,1.00918526488,1
sinusoidal,bridgeable,random,r2,nearest_source__minimum,0.3,0,200,,,0,0,0,1,0,0.327147359394,1.10944584993,1
sinusoidal,bridgeable,random,r2,nearest_source__minimum,0.3,1,200,,,0,0,0,1,96,0.236165377366,1.14366269971,1
sinusoidal,bridgeable,random,r2,nearest_source__minimum,0.3,2,200,,,0,0,0,1,192,0.165480902265,1.07713837304,1
sinusoidal,bridgeable,random,r2,nearest_source__minimum,0.3,3,200,,,0,0,0,1,288,0.134970470776,1.00918526488,1
sinusoidal,bridgeable,random,r2,optimized__barycentric,0.2,0,200,,,0,0,0,1,0,0.35260120409,1.08858421003,1
sinusoidal,bridgeable,random,r2,optimized__barycentric,0.2,1,200,,,0,0,0,1,96,0.0947371757903,0.721368153521,1
sinusoidal,bridgeable,random,r2,optimized__barycentric,0.2,2,200,,,0,0,0,1,192,0.0415178949133,0.565024430316,1
sinusoidal,bridgeable,random,r2,optimized__barycentric,0.2,3,200,,,0,0,0,1,288,0.033734992631,0.496711596139,1
sinusoidal,bridgeable,random,r2,optimized__barycentric,0.3,0,200,,,0,0,0,1,0,0.35260120409,1.08858421003,1
sinusoidal,bridgeable,random,r2,optimized__barycentric,0.3,1,200,0.0422467093965,0,24,0.12,0,1,96,0.0947371757903,0.721368153521,1
sinusoidal,bridgeable,random,r2,optimized__barycentric,0.3,2,200,0.0368397579702,0,174,0.87,0,1,192,0.0415178949133,0.565024430316,1
sinusoidal,bridgeable,random,r2,optimized__barycentric,0.3,3,200,0.033734992631,0,200,1,0,1,288,0.033734992631,0.496711596139,1
sinusoidal,bridgeable,random,r2,optimized__lipschitz,0.2,0,200,,,0,0,0,1,0,0.350029724613,1.09404158436,1
sinusoidal,bridgeable,random,r2,optimized__lipschitz,0.2,1,200,,,0,0,0,1,96,0.259620990838,1.03080291552,1
sinusoidal,bridgeable,random,r2,optimized__lipschitz,0.2,2,200,,,0,0,0,1,192,0.178054474679,0.953651538362,1
sinusoidal,bridgeable,random,r2,optimized__lipschitz,0.2,3,200,,,0,0,0,1,288,0.120169236351,0.889285063833,1
sinusoidal,bridgeable,random,r2,optimized__lipschitz,0.3,0,200,,,0,0,0,1,0,0.350029724613,1.09404158436,1
sinusoidal,bridgeable,random,r2,optimized__lipschitz,0.3,1,200,,,0,0,0,1,96,0.259620990838,1.03080291552,1
sinusoidal,bridgeable,random,r2,optimized__lipschitz,0.3,2,200,,,0,0,0,1,192,0.178054474679,0.953651538362,1
sinusoidal,bridgeable,random,r2,optimized__lipschitz,0.3,3,200,,,0,0,0,1,288,0.120169236351,0.889285063833,1
sinusoidal,bridgeable,random,r2,optimized__minimum,0.2,0,200,,,0,0,0,1,0,0.352603535788,1.08858345602,1
sinusoidal,bridgeable,random,r2,optimized__minimum,0.2,1,200,,,0,0,0,1,96,0.0929316216395,0.720427828672,1
sinusoidal,bridgeable,random,r2,optimized__minimum,0.2,2,200,,,0,0,0,1,192,0.0415517826855,0.564820972698,1
sinusoidal,bridgeable,random,r2,optimized__minimum,0.2,3,200,,,0,0,0,1,288,0.033734992631,0.496711596139,1
sinusoidal,bridgeable,random,r2,optimized__minimum,0.3,0,200,,,0,0,0,1,0,0.352603535788,1.08858345602,1
sinusoidal,bridgeable,random,r2,optimized__minimum,0.3,1,200,0.0422467093965,0,24,0.12,0,1,96,0.0929316216395,0.720427828672,1
sinusoidal,bridgeable,random,r2,optimized__minimum,0.3,2,200,0.0368397579702,0,174,0.87,0,1,192,0.0415517826855,0.564820972698,1
sinusoidal,bridgeable,random,r2,optimized__minimum,0.3,3,200,0.033734992631,0,200,1,0,1,288,0.033734992631,0.496711596139,1
sinusoidal,bridgeable,random,r2,uniform__minimum,0.2,0,200,,,0,0,0,1,0,0.430832981402,1.20479794812,1
sinusoidal,bridgeable,random,r2,uniform__minimum,0.2,1,200,,,0,0,0,1,96,0.29918698866,1.03581633044,1
sinusoidal,bridgeable,random,r2,uniform__minimum,0.2,2,200,,,0,0,0,1,192,0.217184458157,0.902125554973,1
sinusoidal,bridgeable,random,r2,uniform__minimum,0.2,3,200,,,0,0,0,1,288,0.154838553208,0.784486478353,1
sinusoidal,bridgeable,random,r2,uniform__minimum,0.3,0,200,,,0,0,0,1,0,0.430832981402,1.20479794812,1
sinusoidal,bridgeable,random,r2,uniform__minimum,0.3,1,200,,,0,0,0,1,96,0.29918698866,1.03581633044,1
sinusoidal,bridgeable,random,r2,uniform__minimum,0.3,2,200,,,0,0,0,1,192,0.217184458157,0.902125554973,1
sinusoidal,bridgeable,random,r2,uniform__minimum,0.3,3,200,,,0,0,0,1,288,0.154838553208,0.784486478353,1
sinusoidal,bridgeable,random,rinf,inverse_variance__minimum,0.2,0,200,,,0,0,0,1,0,0.430832981402,1.32948598543,1
sinusoidal,bridgeable,random,rinf,inverse_variance__minimum,0.2,1,200,,,0,0,0,1,96,0.411661234886,1.31469343885,1
sinusoidal,bridgeable,random,rinf,inverse_variance__minimum,0.2,2,200,,,0,0,0,1,192,0.394553043492,1.30198703711,1
sinusoidal,bridgeable,random,rinf,inverse_variance__minimum,0.2,3,200,,,0,0,0,1,288,0.377659742943,1.28837457042,1
sinusoidal,bridgeable,random,rinf,inverse_variance__minimum,0.3,0,200,,,0,0,0,1,0,0.430832981402,1.32948598543,1
sinusoidal,bridgeable,random,rinf,inverse_variance__minimum,0.3,1,200,,,0,0,0,1,96,0.411661234886,1.31469343885,1
sinusoidal,bridgeable,random,rinf,inverse_variance__minimum,0.3,2,200,,,0,0,0,1,192,0.394553043492,1.30198703711,1
sinusoidal,bridgeable,random,rinf,inverse_variance__minimum,0.3,3,200,,,0,0,0,1,288,0.377659742943,1.28837457042,1
sinusoidal,bridgeable,random,rinf,nearest_source__minimum,0.2,0,200,,,0,0,0,1,0,0.327147359394,1.11404724148,1
sinusoidal,bridgeable,random,rinf,nearest_source__minimum,0.2,1,200,,,0,0,0,1,96,0.236165377366,1.15351650869,1
sinusoidal,bridgeable,random,rinf,nearest_source__minimum,0.2,2,200,,,0,0,0,1,192,0.165480902265,1.08968350335,1
sinusoidal,bridgeable,random,rinf,nearest_source__minimum,0.2,3,200,,,0,0,0,1,288,0.134970470776,1.02238152132,1
sinusoidal,bridgeable,random,rinf,nearest_source__minimum,0.3,0,200,,,0,0,0,1,0,0.327147359394,1.11404724148,1
sinusoidal,bridgeable,random,rinf,nearest_source__minimum,0.3,1,200,,,0,0,0,1,96,0.236165377366,1.15351650869,1
sinusoidal,bridgeable,random,rinf,nearest_source__minimum,0.3,2,200,,,0,0,0,1,192,0.165480902265,1.08968350335,1
sinusoidal,bridgeable,random,rinf,nearest_source__minimum,0.3,3,200,,,0,0,0,1,288,0.134970470776,1.02238152132,1
sinusoidal,bridgeable,random,rinf,optimized__barycentric,0.2,0,200,,,0,0,0,1,0,0.327155187236,1.11404704854,1
sinusoidal,bridgeable,random,rinf,optimized__barycentric,0.2,1,200,,,0,0,0,1,96,0.0971738295539,0.818948252063,1
sinusoidal,bridgeable,random,rinf,optimized__barycentric,0.2,2,200,,,0,0,0,1,192,0.0494556139326,0.742561156394,1
sinusoidal,bridgeable,random,rinf,optimized__barycentric,0.2,3,200,,,0,0,0,1,288,0.047130304515,0.729209994805,1
sinusoidal,bridgeable,random,rinf,optimized__barycentric,0.3,0,200,,,0,0,0,1,0,0.327155187236,1.11404704854,1
sinusoidal,bridgeable,random,rinf,optimized__barycentric,0.3,1,200,,,0,0,0,1,96,0.0971738295539,0.818948252063,1
sinusoidal,bridgeable,random,rinf,optimized__barycentric,0.3,2,200,,,0,0,0,1,192,0.0494556139326,0.742561156394,1
sinusoidal,bridgeable,random,rinf,optimized__barycentric,0.3,3,200,,,0,0,0,1,288,0.047130304515,0.729209994805,1
sinusoidal,bridgeable,random,rinf,optimized__lipschitz,0.2,0,200,,,0,0,0,1,0,0.327147359394,1.11404724148,1
sinusoidal,bridgeable,random,rinf,optimized__lipschitz,0.2,1,200,,,0,0,0,1,96,0.284036117662,1.0784973684,1
sinusoidal,bridgeable,random,rinf,optimized__lipschitz,0.2,2,200,,,0,0,0,1,192,0.225716645679,1.02719164526,1
sinusoidal,bridgeable,random,rinf,optimized__lipschitz,0.2,3,200,,,0,0,0,1,288,0.185079950938,0.982022968507,1
sinusoidal,bridgeable,random,rinf,optimized__lipschitz,0.3,0,200,,,0,0,0,1,0,0.327147359394,1.11404724148,1
sinusoidal,bridgeable,random,rinf,optimized__lipschitz,0.3,1,200,,,0,0,0,1,96,0.284036117662,1.0784973684,1
sinusoidal,bridgeable,random,rinf,optimized__lipschitz,0.3,2,200,,,0,0,0,1,192,0.225716645679,1.02719164526,1
sinusoidal,bridgeable,random,rinf,optimized__lipschitz,0.3,3,200,,,0,0,0,1,288,0.185079950938,0.982022968507,1
sinusoidal,bridgeable,random,rinf,optimized__minimum,0.2,0,200,,,0,0,0,1,0,0.327155187236,1.11404704854,1
sinusoidal,bridgeable,random,rinf,optimized__minimum,0.2,1,200,,,0,0,0,1,96,0.0971738295539,0.818948252063,1
sinusoidal,bridgeable,random,rinf,optimized__minimum,0.2,2,200,,,0,0,0,1,192,0.0494556139326,0.742561156394,1
sinusoidal,bridgeable,random,rinf,optimized__minimum,0.2,3,200,,,0,0,0,1,288,0.047130304515,0.729209994805,1
sinusoidal,bridgeable,random,rinf,optimized__minimum,0.3,0,200,,,0,0,0,1,0,0.327155187236,1.11404704854,1
sinusoidal,bridgeable,random,rinf,optimized__minimum,0.3,1,200,,,0,0,0,1,96,0.0971738295539,0.818948252063,1
sinusoidal,bridgeable,random,rinf,optimized__minimum,0.3,2,200,,,0,0,0,1,192,0.0494556139326,0.742561156394,1
sinusoidal,bridgeable,random,rinf,optimized__minimum,0.3,3,200,,,0,0,0,1,288,0.047130304515,0.729209994805,1
sinusoidal,bridgeable,random,rinf,uniform__minimum,0.2,0,200,,,0,0,0,1,0,0.430832981402,1.32948598543,1
sinusoidal,bridgeable,random,rinf,uniform__minimum,0.2,1,200,,,0,0,0,1,96,0.29918698866,1.20426463005,1
sinusoidal,bridgeable,random,rinf,uniform__minimum,0.2,2,200,,,0,0,0,1,192,0.217184458157,1.11886950404,1
sinusoidal,bridgeable,random,rinf,uniform__minimum,0.2,3,200,,,0,0,0,1,288,0.154838553208,1.04242032301,1
sinusoidal,bridgeable,random,rinf,uniform__minimum,0.3,0,200,,,0,0,0,1,0,0.430832981402,1.32948598543,1
sinusoidal,bridgeable,random,rinf,uniform__minimum,0.3,1,200,,,0,0,0,1,96,0.29918698866,1.20426463005,1
sinusoidal,bridgeable,random,rinf,uniform__minimum,0.3,2,200,,,0,0,0,1,192,0.217184458157,1.11886950404,1
sinusoidal,bridgeable,random,rinf,uniform__minimum,0.3,3,200,,,0,0,0,1,288,0.154838553208,1.04242032301,1
sinusoidal,supported,nearest,r2,inverse_variance__minimum,0.2,0,200,0.0154590989331,0,200,1,0,1,0,0.0154590989331,0.268117331757,1
sinusoidal,supported,nearest,r2,inverse_variance__minimum,0.2,1,200,0.0150789432022,0,200,1,0,1,96,0.0150789432022,0.265323001123,1
sinusoidal,supported,nearest,r2,inverse_variance__minimum,0.2,2,200,0.0153152329742,0,200,1,0,1,192,0.0153152329742,0.265091971157,1
sinusoidal,supported,nearest,r2,inverse_variance__minimum,0.2,3,200,0.0147351829395,0,200,1,0,1,288,0.0147351829395,0.262503565636,1
sinusoidal,supported,nearest,r2,inverse_variance__minimum,0.3,0,200,0.0154590989331,0,200,1,0,1,0,0.0154590989331,0.268117331757,1
sinusoidal,supported,nearest,r2,inverse_variance__minimum,0.3,1,200,0.0150789432022,0,200,1,0,1,96,0.0150789432022,0.265323001123,1
sinusoidal,supported,nearest,r2,inverse_variance__minimum,0.3,2,200,0.0153152329742,0,200,1,0,1,192,0.0153152329742,0.265091971157,1
sinusoidal,supported,nearest,r2,inverse_variance__minimum,0.3,3,200,0.0147351829395,0,200,1,0,1,288,0.0147351829395,0.262503565636,1
sinusoidal,supported,nearest,r2,nearest_source__minimum,0.2,0,200,0.0309451207633,0,1,0.005,0,1,0,0.0790226025963,0.512831935235,1
sinusoidal,supported,nearest,r2,nearest_source__minimum,0.2,1,200,0.0309451207633,0,1,0.005,0,1,96,0.0826986402303,0.844885776927,1
sinusoidal,supported,nearest,r2,nearest_source__minimum,0.2,2,200,0.0309451207633,0,1,0.005,0,1,192,0.0826986402303,0.844885776927,1
sinusoidal,supported,nearest,r2,nearest_source__minimum,0.2,3,200,0.0309451207633,0,1,0.005,0,1,288,0.0826986402303,0.844885776927,1
sinusoidal,supported,nearest,r2,nearest_source__minimum,0.3,0,200,0.0790226025963,0,200,1,0,1,0,0.0790226025963,0.512831935235,1
sinusoidal,supported,nearest,r2,nearest_source__minimum,0.3,1,200,0.0309451207633,0,1,0.005,0,1,96,0.0826986402303,0.844885776927,1
sinusoidal,supported,nearest,r2,nearest_source__minimum,0.3,2,200,0.0309451207633,0,1,0.005,0,1,192,0.0826986402303,0.844885776927,1
sinusoidal,supported,nearest,r2,nearest_source__minimum,0.3,3,200,0.0309451207633,0,1,0.005,0,1,288,0.0826986402303,0.844885776927,1
sinusoidal,supported,nearest,r2,optimized__barycentric,0.2,0,200,0.0156632598229,0,200,1,0,1,0,0.0156632598229,0.240768507552,1
sinusoidal,supported,nearest,r2,optimized__barycentric,0.2,1,200,0.0155931879411,0,200,1,0,1,96,0.0155931879411,0.238534599569,1
sinusoidal,supported,nearest,r2,optimized__barycentric,0.2,2,200,0.0151556569113,0,200,1,0,1,192,0.0151556569113,0.237257852053,1
sinusoidal,supported,nearest,r2,optimized__barycentric,0.2,3,200,0.0149516085576,0,200,1,0,1,288,0.0149516085576,0.236313608147,1
sinusoidal,supported,nearest,r2,optimized__barycentric,0.3,0,200,0.0156632598229,0,200,1,0,1,0,0.0156632598229,0.240768507552,1
sinusoidal,supported,nearest,r2,optimized__barycentric,0.3,1,200,0.0155931879411,0,200,1,0,1,96,0.0155931879411,0.238534599569,1
sinusoidal,supported,nearest,r2,optimized__barycentric,0.3,2,200,0.0151556569113,0,200,1,0,1,192,0.0151556569113,0.237257852053,1
sinusoidal,supported,nearest,r2,optimized__barycentric,0.3,3,200,0.0149516085576,0,200,1,0,1,288,0.0149516085576,0.236313608147,1
sinusoidal,supported,nearest,r2,optimized__lipschitz,0.2,0,200,0.0158353546039,0,6,0.03,0,1,0,0.0160419929081,0.433803021203,1
sinusoidal,supported,nearest,r2,optimized__lipschitz,0.2,1,200,0.0201516685306,0,18,0.09,0,1,96,0.0165803392657,0.423538475853,1
sinusoidal,supported,nearest,r2,optimized__lipschitz,0.2,2,200,0.0201516700084,0,18,0.09,0,1,192,0.0165812293906,0.423538438935,1
sinusoidal,supported,nearest,r2,optimized__lipschitz,0.2,3,200,0.0201516700084,0,18,0.09,0,1,288,0.0165814412967,0.423538438825,1
sinusoidal,supported,nearest,r2,optimized__lipschitz,0.3,0,200,0.0160419929081,0,200,1,0,1,0,0.0160419929081,0.433803021203,1
sinusoidal,supported,nearest,r2,optimized__lipschitz,0.3,1,200,0.0165803392657,0,200,1,0,1,96,0.0165803392657,0.423538475853,1
sinusoidal,supported,nearest,r2,optimized__lipschitz,0.3,2,200,0.0165812293906,0,200,1,0,1,192,0.0165812293906,0.423538438935,1
sinusoidal,supported,nearest,r2,optimized__lipschitz,0.3,3,200,0.0165814412967,0,200,1,0,1,288,0.0165814412967,0.423538438825,1
sinusoidal,supported,nearest,r2,optimized__minimum,0.2,0,200,0.0156632598229,0,200,1,0,1,0,0.0156632598229,0.240768507552,1
sinusoidal,supported,nearest,r2,optimized__minimum,0.2,1,200,0.0155931879411,0,200,1,0,1,96,0.0155931879411,0.238534599569,1
sinusoidal,supported,nearest,r2,optimized__minimum,0.2,2,200,0.0151556569113,0,200,1,0,1,192,0.0151556569113,0.237257852053,1
sinusoidal,supported,nearest,r2,optimized__minimum,0.2,3,200,0.0149516085576,0,200,1,0,1,288,0.0149516085576,0.236313608147,1
sinusoidal,supported,nearest,r2,optimized__minimum,0.3,0,200,0.0156632598229,0,200,1,0,1,0,0.0156632598229,0.240768507552,1
sinusoidal,supported,nearest,r2,optimized__minimum,0.3,1,200,0.0155931879411,0,200,1,0,1,96,0.0155931879411,0.238534599569,1
sinusoidal,supported,nearest,r2,optimized__minimum,0.3,2,200,0.0151556569113,0,200,1,0,1,192,0.0151556569113,0.237257852053,1
sinusoidal,supported,nearest,r2,optimized__minimum,0.3,3,200,0.0149516085576,0,200,1,0,1,288,0.0149516085576,0.236313608147,1
sinusoidal,supported,nearest,r2,uniform__minimum,0.2,0,200,0.0154590989331,0,200,1,0,1,0,0.0154590989331,0.268117331757,1
sinusoidal,supported,nearest,r2,uniform__minimum,0.2,1,200,0.0208360486983,0,200,1,0,1,96,0.0208360486983,0.311343156669,1
sinusoidal,supported,nearest,r2,uniform__minimum,0.2,2,200,0.0291078811597,0,184,0.92,0,1,192,0.0303707491614,0.371421526411,1
sinusoidal,supported,nearest,r2,uniform__minimum,0.2,3,200,0.0258395575389,0,196,0.98,0,1,288,0.0260943277448,0.356082729161,1
sinusoidal,supported,nearest,r2,uniform__minimum,0.3,0,200,0.0154590989331,0,200,1,0,1,0,0.0154590989331,0.268117331757,1
sinusoidal,supported,nearest,r2,uniform__minimum,0.3,1,200,0.0208360486983,0,200,1,0,1,96,0.0208360486983,0.311343156669,1
sinusoidal,supported,nearest,r2,uniform__minimum,0.3,2,200,0.0303707491614,0,200,1,0,1,192,0.0303707491614,0.371421526411,1
sinusoidal,supported,nearest,r2,uniform__minimum,0.3,3,200,0.0260943277448,0,200,1,0,1,288,0.0260943277448,0.356082729161,1
sinusoidal,supported,nearest,rinf,inverse_variance__minimum,0.2,0,200,0.0150533496617,0,134,0.67,0,1,0,0.0154590989331,0.392805369067,1
sinusoidal,supported,nearest,rinf,inverse_variance__minimum,0.2,1,200,0.0146498260985,0,88,0.44,0,1,96,0.0150789432022,0.405224125221,1
sinusoidal,supported,nearest,rinf,inverse_variance__minimum,0.2,2,200,0.0125089071784,0,30,0.15,0,1,192,0.0153152329742,0.419369454983,1
sinusoidal,supported,nearest,rinf,inverse_variance__minimum,0.2,3,200,0.0284490377735,0,2,0.01,0,1,288,0.0147351829395,0.43038876954,1
sinusoidal,supported,nearest,rinf,inverse_variance__minimum,0.3,0,200,0.0154590989331,0,200,1,0,1,0,0.0154590989331,0.392805369067,1
sinusoidal,supported,nearest,rinf,inverse_variance__minimum,0.3,1,200,0.0150789432022,0,200,1,0,1,96,0.0150789432022,0.405224125221,1
sinusoidal,supported,nearest,rinf,inverse_variance__minimum,0.3,2,200,0.0153152329742,0,200,1,0,1,192,0.0153152329742,0.419369454983,1
sinusoidal,supported,nearest,rinf,inverse_variance__minimum,0.3,3,200,0.0147351829395,0,200,1,0,1,288,0.0147351829395,0.43038876954,1
sinusoidal,supported,nearest,rinf,nearest_source__minimum,0.2,0,200,0.0309451207633,0,1,0.005,0,1,0,0.0790226025963,0.517433326786,1
sinusoidal,supported,nearest,rinf,nearest_source__minimum,0.2,1,200,0.0309451207633,0,1,0.005,0,1,96,0.0826986402303,0.858125441773,1
sinusoidal,supported,nearest,rinf,nearest_source__minimum,0.2,2,200,0.0309451207633,0,1,0.005,0,1,192,0.0826986402303,0.858125441773,1
sinusoidal,supported,nearest,rinf,nearest_source__minimum,0.2,3,200,0.0309451207633,0,1,0.005,0,1,288,0.0826986402303,0.858125441773,1
sinusoidal,supported,nearest,rinf,nearest_source__minimum,0.3,0,200,0.0790226025963,0,200,1,0,1,0,0.0790226025963,0.517433326786,1
sinusoidal,supported,nearest,rinf,nearest_source__minimum,0.3,1,200,0.0309451207633,0,1,0.005,0,1,96,0.0826986402303,0.858125441773,1
sinusoidal,supported,nearest,rinf,nearest_source__minimum,0.3,2,200,0.0309451207633,0,1,0.005,0,1,192,0.0826986402303,0.858125441773,1
sinusoidal,supported,nearest,rinf,nearest_source__minimum,0.3,3,200,0.0309451207633,0,1,0.005,0,1,288,0.0826986402303,0.858125441773,1
sinusoidal,supported,nearest,rinf,optimized__barycentric,0.2,0,200,0.0209641918423,0,200,1,0,1,0,0.0209641918423,0.358668438363,1
sinusoidal,supported,nearest,rinf,optimized__barycentric,0.2,1,200,0.0208525911066,0,200,1,0,1,96,0.0208525911066,0.358667046779,1
sinusoidal,supported,nearest,rinf,optimized__barycentric,0.2,2,200,0.0208525907631,0,200,1,0,1,192,0.0208525907631,0.35866704574,1
sinusoidal,supported,nearest,rinf,optimized__barycentric,0.2,3,200,0.0208525910392,0,200,1,0,1,288,0.0208525910392,0.358667044807,1
sinusoidal,supported,nearest,rinf,optimized__barycentric,0.3,0,200,0.0209641918423,0,200,1,0,1,0,0.0209641918423,0.358668438363,1
sinusoidal,supported,nearest,rinf,optimized__barycentric,0.3,1,200,0.0208525911066,0,200,1,0,1,96,0.0208525911066,0.358667046779,1
sinusoidal,supported,nearest,rinf,optimized__barycentric,0.3,2,200,0.0208525907631,0,200,1,0,1,192,0.0208525907631,0.35866704574,1
sinusoidal,supported,nearest,rinf,optimized__barycentric,0.3,3,200,0.0208525910392,0,200,1,0,1,288,0.0208525910392,0.358667044807,1
sinusoidal,supported,nearest,rinf,optimized__lipschitz,0.2,0,200,0.0309451207633,0,1,0.005,0,1,0,0.0790226025963,0.517433326786,1
sinusoidal,supported,nearest,rinf,optimized__lipschitz,0.2,1,200,0.0309451207633,0,1,0.005,0,1,96,0.0790226025963,0.517433326786,1
sinusoidal,supported,nearest,rinf,optimized__lipschitz,0.2,2,200,0.0309451207633,0,1,0.005,0,1,192,0.0790226025963,0.517433326786,1
sinusoidal,supported,nearest,rinf,optimized__lipschitz,0.2,3,200,0.0309451207633,0,1,0.005,0,1,288,0.0790226025963,0.517433326786,1
sinusoidal,supported,nearest,rinf,optimized__lipschitz,0.3,0,200,0.0790226025963,0,200,1,0,1,0,0.0790226025963,0.517433326786,1
sinusoidal,supported,nearest,rinf,optimized__lipschitz,0.3,1,200,0.0790226025963,0,200,1,0,1,96,0.0790226025963,0.517433326786,1
sinusoidal,supported,nearest,rinf,optimized__lipschitz,0.3,2,200,0.0790226025963,0,200,1,0,1,192,0.0790226025963,0.517433326786,1
sinusoidal,supported,nearest,rinf,optimized__lipschitz,0.3,3,200,0.0790226025963,0,200,1,0,1,288,0.0790226025963,0.517433326786,1
sinusoidal,supported,nearest,rinf,optimized__minimum,0.2,0,200,0.0209641918423,0,200,1,0,1,0,0.0209641918423,0.358668438363,1
sinusoidal,supported,nearest,rinf,optimized__minimum,0.2,1,200,0.0208525911066,0,200,1,0,1,96,0.0208525911066,0.358667046779,1
sinusoidal,supported,nearest,rinf,optimized__minimum,0.2,2,200,0.0208525907631,0,200,1,0,1,192,0.0208525907631,0.35866704574,1
sinusoidal,supported,nearest,rinf,optimized__minimum,0.2,3,200,0.0208525910392,0,200,1,0,1,288,0.0208525910392,0.358667044807,1
sinusoidal,supported,nearest,rinf,optimized__minimum,0.3,0,200,0.0209641918423,0,200,1,0,1,0,0.0209641918423,0.358668438363,1
sinusoidal,supported,nearest,rinf,optimized__minimum,0.3,1,200,0.0208525911066,0,200,1,0,1,96,0.0208525911066,0.358667046779,1
sinusoidal,supported,nearest,rinf,optimized__minimum,0.3,2,200,0.0208525907631,0,200,1,0,1,192,0.0208525907631,0.35866704574,1
sinusoidal,supported,nearest,rinf,optimized__minimum,0.3,3,200,0.0208525910392,0,200,1,0,1,288,0.0208525910392,0.358667044807,1
sinusoidal,supported,nearest,rinf,uniform__minimum,0.2,0,200,0.0150533496617,0,134,0.67,0,1,0,0.0154590989331,0.392805369067,1
sinusoidal,supported,nearest,rinf,uniform__minimum,0.2,1,200,,,0,0,0,1,96,0.0208360486983,0.479791456277,1
sinusoidal,supported,nearest,rinf,uniform__minimum,0.2,2,200,,,0,0,0,1,192,0.0303707491614,0.588165475475,1
sinusoidal,supported,nearest,rinf,uniform__minimum,0.2,3,200,,,0,0,0,1,288,0.0260943277448,0.614016573816,1
sinusoidal,supported,nearest,rinf,uniform__minimum,0.3,0,200,0.0154590989331,0,200,1,0,1,0,0.0154590989331,0.392805369067,1
sinusoidal,supported,nearest,rinf,uniform__minimum,0.3,1,200,0.0208360486983,0,200,1,0,1,96,0.0208360486983,0.479791456277,1
sinusoidal,supported,nearest,rinf,uniform__minimum,0.3,2,200,0.0271991815076,0,140,0.7,0,1,192,0.0303707491614,0.588165475475,1
sinusoidal,supported,nearest,rinf,uniform__minimum,0.3,3,200,0.0206423481356,0,50,0.25,0,1,288,0.0260943277448,0.614016573816,1
sinusoidal,supported,random,r2,inverse_variance__minimum,0.2,0,200,0.0154590989331,0,200,1,0,1,0,0.0154590989331,0.268117331757,1
sinusoidal,supported,random,r2,inverse_variance__minimum,0.2,1,200,0.0160006098465,0,200,1,0,1,96,0.0160006098465,0.269438218999,1
sinusoidal,supported,random,r2,inverse_variance__minimum,0.2,2,200,0.0168416563806,0,200,1,0,1,192,0.0168416563806,0.271628851569,1
sinusoidal,supported,random,r2,inverse_variance__minimum,0.2,3,200,0.0185995678192,0,200,1,0,1,288,0.0185995678192,0.273954445953,1
sinusoidal,supported,random,r2,inverse_variance__minimum,0.3,0,200,0.0154590989331,0,200,1,0,1,0,0.0154590989331,0.268117331757,1
sinusoidal,supported,random,r2,inverse_variance__minimum,0.3,1,200,0.0160006098465,0,200,1,0,1,96,0.0160006098465,0.269438218999,1
sinusoidal,supported,random,r2,inverse_variance__minimum,0.3,2,200,0.0168416563806,0,200,1,0,1,192,0.0168416563806,0.271628851569,1
sinusoidal,supported,random,r2,inverse_variance__minimum,0.3,3,200,0.0185995678192,0,200,1,0,1,288,0.0185995678192,0.273954445953,1
sinusoidal,supported,random,r2,nearest_source__minimum,0.2,0,200,0.0309451207633,0,1,0.005,0,1,0,0.0790226025963,0.512831935235,1
sinusoidal,supported,random,r2,nearest_source__minimum,0.2,1,200,0.0309451207633,0,1,0.005,0,1,96,0.0807868019312,0.577770296237,1
sinusoidal,supported,random,r2,nearest_source__minimum,0.2,2,200,0.0309451207633,0,1,0.005,0,1,192,0.0826041523683,0.62613445148,1
sinusoidal,supported,random,r2,nearest_source__minimum,0.2,3,200,0.0309451207633,0,1,0.005,0,1,288,0.078659686708,0.682644945027,1
sinusoidal,supported,random,r2,nearest_source__minimum,0.3,0,200,0.0790226025963,0,200,1,0,1,0,0.0790226025963,0.512831935235,1
sinusoidal,supported,random,r2,nearest_source__minimum,0.3,1,200,0.0784343734645,0,161,0.805,0,1,96,0.0807868019312,0.577770296237,1
sinusoidal,supported,random,r2,nearest_source__minimum,0.3,2,200,0.0790908062767,0,132,0.66,0,1,192,0.0826041523683,0.62613445148,1
sinusoidal,supported,random,r2,nearest_source__minimum,0.3,3,200,0.0740740346026,0,99,0.495,0,1,288,0.078659686708,0.682644945027,1
sinusoidal,supported,random,r2,optimized__barycentric,0.2,0,200,0.0156632598229,0,200,1,0,1,0,0.0156632598229,0.240768507552,1
sinusoidal,supported,random,r2,optimized__barycentric,0.2,1,200,0.015599838478,0,200,1,0,1,96,0.015599838478,0.239349933938,1
sinusoidal,supported,random,r2,optimized__barycentric,0.2,2,200,0.0153653090433,0,200,1,0,1,192,0.0153653090433,0.238311481613,1
sinusoidal,supported,random,r2,optimized__barycentric,0.2,3,200,0.0152474851785,0,200,1,0,1,288,0.0152474851785,0.237382438988,1
sinusoidal,supported,random,r2,optimized__barycentric,0.3,0,200,0.0156632598229,0,200,1,0,1,0,0.0156632598229,0.240768507552,1
sinusoidal,supported,random,r2,optimized__barycentric,0.3,1,200,0.015599838478,0,200,1,0,1,96,0.015599838478,0.239349933938,1
sinusoidal,supported,random,r2,optimized__barycentric,0.3,2,200,0.0153653090433,0,200,1,0,1,192,0.0153653090433,0.238311481613,1
sinusoidal,supported,random,r2,optimized__barycentric,0.3,3,200,0.0152474851785,0,200,1,0,1,288,0.0152474851785,0.237382438988,1
sinusoidal,supported,random,r2,optimized__lipschitz,0.2,0,200,0.0158353546039,0,6,0.03,0,1,0,0.0160419929081,0.433803021203,1
sinusoidal,supported,random,r2,optimized__lipschitz,0.2,1,200,0.0198691649953,0,9,0.045,0,1,96,0.0163406317419,0.431752896851,1
sinusoidal,supported,random,r2,optimized__lipschitz,0.2,2,200,0.0172474078763,0,10,0.05,0,1,192,0.0164146140647,0.430261242418,1
sinusoidal,supported,random,r2,optimized__lipschitz,0.2,3,200,0.0185653183389,0,12,0.06,0,1,288,0.0163491998099,0.428638256098,1
sinusoidal,supported,random,r2,optimized__lipschitz,0.3,0,200,0.0160419929081,0,200,1,0,1,0,0.0160419929081,0.433803021203,1
sinusoidal,supported,random,r2,optimized__lipschitz,0.3,1,200,0.0163406317419,0,200,1,0,1,96,0.0163406317419,0.431752896851,1
sinusoidal,supported,random,r2,optimized__lipschitz,0.3,2,200,0.0164146140647,0,200,1,0,1,192,0.0164146140647,0.430261242418,1
sinusoidal,supported,random,r2,optimized__lipschitz,0.3,3,200,0.0163491998099,0,200,1,0,1,288,0.0163491998099,0.428638256098,1
sinusoidal,supported,random,r2,optimized__minimum,0.2,0,200,0.0156632598229,0,200,1,0,1,0,0.0156632598229,0.240768507552,1
sinusoidal,supported,random,r2,optimized__minimum,0.2,1,200,0.015599838478,0,200,1,0,1,96,0.015599838478,0.239349933938,1
sinusoidal,supported,random,r2,optimized__minimum,0.2,2,200,0.0153653090433,0,200,1,0,1,192,0.0153653090433,0.238311481613,1
sinusoidal,supported,random,r2,optimized__minimum,0.2,3,200,0.0152474851785,0,200,1,0,1,288,0.0152474851785,0.237382438988,1
sinusoidal,supported,random,r2,optimized__minimum,0.3,0,200,0.0156632598229,0,200,1,0,1,0,0.0156632598229,0.240768507552,1
sinusoidal,supported,random,r2,optimized__minimum,0.3,1,200,0.015599838478,0,200,1,0,1,96,0.015599838478,0.239349933938,1
sinusoidal,supported,random,r2,optimized__minimum,0.3,2,200,0.0153653090433,0,200,1,0,1,192,0.0153653090433,0.238311481613,1
sinusoidal,supported,random,r2,optimized__minimum,0.3,3,200,0.0152474851785,0,200,1,0,1,288,0.0152474851785,0.237382438988,1
sinusoidal,supported,random,r2,uniform__minimum,0.2,0,200,0.0154590989331,0,200,1,0,1,0,0.0154590989331,0.268117331757,1
sinusoidal,supported,random,r2,uniform__minimum,0.2,1,200,0.0270150224927,0,98,0.49,0,1,96,0.0393817583885,0.390982980834,1
sinusoidal,supported,random,r2,uniform__minimum,0.2,2,200,0.0253465852927,0,45,0.225,0,1,192,0.0536458957146,0.446679141689,1
sinusoidal,supported,random,r2,uniform__minimum,0.2,3,200,0.0284926349642,0,15,0.075,0,1,288,0.0656851272888,0.473223267456,1
sinusoidal,supported,random,r2,uniform__minimum,0.3,0,200,0.0154590989331,0,200,1,0,1,0,0.0154590989331,0.268117331757,1
sinusoidal,supported,random,r2,uniform__minimum,0.3,1,200,0.0393817583885,0,200,1,0,1,96,0.0393817583885,0.390982980834,1
sinusoidal,supported,random,r2,uniform__minimum,0.3,2,200,0.0536458957146,0,200,1,0,1,192,0.0536458957146,0.446679141689,1
sinusoidal,supported,random,r2,uniform__minimum,0.3,3,200,0.0656851272888,0,200,1,0,1,288,0.0656851272888,0.473223267456,1
sinusoidal,supported,random,rinf,inverse_variance__minimum,0.2,0,200,0.0150533496617,0,134,0.67,0,1,0,0.0154590989331,0.392805369067,1
sinusoidal,supported,random,rinf,inverse_variance__minimum,0.2,1,200,0.0137314292061,0,66,0.33,0,1,96,0.0160006098465,0.409339343097,1
sinusoidal,supported,random,rinf,inverse_variance__minimum,0.2,2,200,0.016200708284,0,10,0.05,0,1,192,0.0168416563806,0.425906335396,1
sinusoidal,supported,random,rinf,inverse_variance__minimum,0.2,3,200,,,0,0,0,1,288,0.0185995678192,0.441839649857,1
sinusoidal,supported,random,rinf,inverse_variance__minimum,0.3,0,200,0.0154590989331,0,200,1,0,1,0,0.0154590989331,0.392805369067,1
sinusoidal,supported,random,rinf,inverse_variance__minimum,0.3,1,200,0.0160006098465,0,200,1,0,1,96,0.0160006098465,0.409339343097,1
sinusoidal,supported,random,rinf,inverse_variance__minimum,0.3,2,200,0.0168416563806,0,200,1,0,1,192,0.0168416563806,0.425906335396,1
sinusoidal,supported,random,rinf,inverse_variance__minimum,0.3,3,200,0.0185995678192,0,200,1,0,1,288,0.0185995678192,0.441839649857,1
sinusoidal,supported,random,rinf,nearest_source__minimum,0.2,0,200,0.0309451207633,0,1,0.005,0,1,0,0.0790226025963,0.517433326786,1
sinusoidal,supported,random,rinf,nearest_source__minimum,0.2,1,200,0.0309451207633,0,1,0.005,0,1,96,0.0807868019312,0.584064615721,1
sinusoidal,supported,random,rinf,nearest_source__minimum,0.2,2,200,0.0309451207633,0,1,0.005,0,1,192,0.0826041523683,0.63368761481,1
sinusoidal,supported,random,rinf,nearest_source__minimum,0.2,3,200,0.0309451207633,0,1,0.005,0,1,288,0.078659686708,0.691630585839,1
sinusoidal,supported,random,rinf,nearest_source__minimum,0.3,0,200,0.0790226025963,0,200,1,0,1,0,0.0790226025963,0.517433326786,1
sinusoidal,supported,random,rinf,nearest_source__minimum,0.3,1,200,0.0784343734645,0,161,0.805,0,1,96,0.0807868019312,0.584064615721,1
sinusoidal,supported,random,rinf,nearest_source__minimum,0.3,2,200,0.0790908062767,0,132,0.66,0,1,192,0.0826041523683,0.63368761481,1
sinusoidal,supported,random,rinf,nearest_source__minimum,0.3,3,200,0.0740740346026,0,99,0.495,0,1,288,0.078659686708,0.691630585839,1
sinusoidal,supported,random,rinf,optimized__barycentric,0.2,0,200,0.0209641918423,0,200,1,0,1,0,0.0209641918423,0.358668438363,1
sinusoidal,supported,random,rinf,optimized__barycentric,0.2,1,200,0.0208525917739,0,200,1,0,1,96,0.0208525917739,0.358667048135,1
sinusoidal,supported,random,rinf,optimized__barycentric,0.2,2,200,0.0208525918005,0,200,1,0,1,192,0.0208525918005,0.358667046905,1
sinusoidal,supported,random,rinf,optimized__barycentric,0.2,3,200,0.0208525908633,0,200,1,0,1,288,0.0208525908633,0.358667044828,1
sinusoidal,supported,random,rinf,optimized__barycentric,0.3,0,200,0.0209641918423,0,200,1,0,1,0,0.0209641918423,0.358668438363,1
sinusoidal,supported,random,rinf,optimized__barycentric,0.3,1,200,0.0208525917739,0,200,1,0,1,96,0.0208525917739,0.358667048135,1
sinusoidal,supported,random,rinf,optimized__barycentric,0.3,2,200,0.0208525918005,0,200,1,0,1,192,0.0208525918005,0.358667046905,1
sinusoidal,supported,random,rinf,optimized__barycentric,0.3,3,200,0.0208525908633,0,200,1,0,1,288,0.0208525908633,0.358667044828,1
sinusoidal,supported,random,rinf,optimized__lipschitz,0.2,0,200,0.0309451207633,0,1,0.005,0,1,0,0.0790226025963,0.517433326786,1
sinusoidal,supported,random,rinf,optimized__lipschitz,0.2,1,200,0.0309451207633,0,1,0.005,0,1,96,0.0790226025963,0.517433326786,1
sinusoidal,supported,random,rinf,optimized__lipschitz,0.2,2,200,0.0309451207633,0,1,0.005,0,1,192,0.0790226025963,0.517433326786,1
sinusoidal,supported,random,rinf,optimized__lipschitz,0.2,3,200,0.0309451207633,0,1,0.005,0,1,288,0.0790226025963,0.517433326786,1
sinusoidal,supported,random,rinf,optimized__lipschitz,0.3,0,200,0.0790226025963,0,200,1,0,1,0,0.0790226025963,0.517433326786,1
sinusoidal,supported,random,rinf,optimized__lipschitz,0.3,1,200,0.0790226025963,0,200,1,0,1,96,0.0790226025963,0.517433326786,1
sinusoidal,supported,random,rinf,optimized__lipschitz,0.3,2,200,0.0790226025963,0,200,1,0,1,192,0.0790226025963,0.517433326786,1
sinusoidal,supported,random,rinf,optimized__lipschitz,0.3,3,200,0.0790226025963,0,200,1,0,1,288,0.0790226025963,0.517433326786,1
sinusoidal,supported,random,rinf,optimized__minimum,0.2,0,200,0.0209641918423,0,200,1,0,1,0,0.0209641918423,0.358668438363,1
sinusoidal,supported,random,rinf,optimized__minimum,0.2,1,200,0.0208525917739,0,200,1,0,1,96,0.0208525917739,0.358667048135,1
sinusoidal,supported,random,rinf,optimized__minimum,0.2,2,200,0.0208525918005,0,200,1,0,1,192,0.0208525918005,0.358667046905,1
sinusoidal,supported,random,rinf,optimized__minimum,0.2,3,200,0.0208525908633,0,200,1,0,1,288,0.0208525908633,0.358667044828,1
sinusoidal,supported,random,rinf,optimized__minimum,0.3,0,200,0.0209641918423,0,200,1,0,1,0,0.0209641918423,0.358668438363,1
sinusoidal,supported,random,rinf,optimized__minimum,0.3,1,200,0.0208525917739,0,200,1,0,1,96,0.0208525917739,0.358667048135,1
sinusoidal,supported,random,rinf,optimized__minimum,0.3,2,200,0.0208525918005,0,200,1,0,1,192,0.0208525918005,0.358667046905,1
sinusoidal,supported,random,rinf,optimized__minimum,0.3,3,200,0.0208525908633,0,200,1,0,1,288,0.0208525908633,0.358667044828,1
sinusoidal,supported,random,rinf,uniform__minimum,0.2,0,200,0.0150533496617,0,134,0.67,0,1,0,0.0154590989331,0.392805369067,1
sinusoidal,supported,random,rinf,uniform__minimum,0.2,1,200,,,0,0,0,1,96,0.0393817583885,0.559431280442,1
sinusoidal,supported,random,rinf,uniform__minimum,0.2,2,200,,,0,0,0,1,192,0.0536458957146,0.663423090753,1
sinusoidal,supported,random,rinf,uniform__minimum,0.2,3,200,,,0,0,0,1,288,0.0656851272888,0.731157112112,1
sinusoidal,supported,random,rinf,uniform__minimum,0.3,0,200,0.0154590989331,0,200,1,0,1,0,0.0154590989331,0.392805369067,1
sinusoidal,supported,random,rinf,uniform__minimum,0.3,1,200,0.0331571164412,0,158,0.79,0,1,96,0.0393817583885,0.559431280442,1
sinusoidal,supported,random,rinf,uniform__minimum,0.3,2,200,0.0241212754185,0,32,0.16,0,1,192,0.0536458957146,0.663423090753,1
sinusoidal,supported,random,rinf,uniform__minimum,0.3,3,200,0.0148670430954,0,2,0.01,0,1,288,0.0656851272888,0.731157112112,1
sinusoidal,unreachable,nearest,r2,inverse_variance__minimum,0.2,0,200,,,0,0,0,1,0,1.14027215646,2.94788572166,1
sinusoidal,unreachable,nearest,r2,inverse_variance__minimum,0.2,1,200,,,0,0,0,1,96,1.12951918301,2.91854159455,1
sinusoidal,unreachable,nearest,r2,inverse_variance__minimum,0.2,2,200,,,0,0,0,1,192,1.12185434003,2.89662603436,1
sinusoidal,unreachable,nearest,r2,inverse_variance__minimum,0.2,3,200,,,0,0,0,1,288,1.11590098887,2.87790469492,1
sinusoidal,unreachable,nearest,r2,inverse_variance__minimum,0.3,0,200,,,0,0,0,1,0,1.14027215646,2.94788572166,1
sinusoidal,unreachable,nearest,r2,inverse_variance__minimum,0.3,1,200,,,0,0,0,1,96,1.12951918301,2.91854159455,1
sinusoidal,unreachable,nearest,r2,inverse_variance__minimum,0.3,2,200,,,0,0,0,1,192,1.12185434003,2.89662603436,1
sinusoidal,unreachable,nearest,r2,inverse_variance__minimum,0.3,3,200,,,0,0,0,1,288,1.11590098887,2.87790469492,1
sinusoidal,unreachable,nearest,r2,nearest_source__minimum,0.2,0,200,,,0,0,0,1,0,1.03829334721,2.84589097345,1
sinusoidal,unreachable,nearest,r2,nearest_source__minimum,0.2,1,200,,,0,0,0,1,96,0.771086734963,2.57412496802,1
sinusoidal,unreachable,nearest,r2,nearest_source__minimum,0.2,2,200,,,0,0,0,1,192,0.771086734963,2.57412496802,1
sinusoidal,unreachable,nearest,r2,nearest_source__minimum,0.2,3,200,,,0,0,0,1,288,0.771086734963,2.57412496802,1
sinusoidal,unreachable,nearest,r2,nearest_source__minimum,0.3,0,200,,,0,0,0,1,0,1.03829334721,2.84589097345,1
sinusoidal,unreachable,nearest,r2,nearest_source__minimum,0.3,1,200,,,0,0,0,1,96,0.771086734963,2.57412496802,1
sinusoidal,unreachable,nearest,r2,nearest_source__minimum,0.3,2,200,,,0,0,0,1,192,0.771086734963,2.57412496802,1
sinusoidal,unreachable,nearest,r2,nearest_source__minimum,0.3,3,200,,,0,0,0,1,288,0.771086734963,2.57412496802,1
sinusoidal,unreachable,nearest,r2,optimized__barycentric,0.2,0,200,,,0,0,0,1,0,1.04995664709,2.84083650399,1
sinusoidal,unreachable,nearest,r2,optimized__barycentric,0.2,1,200,,,0,0,0,1,96,0.77133407697,2.5741044284,1
sinusoidal,unreachable,nearest,r2,optimized__barycentric,0.2,2,200,,,0,0,0,1,192,0.804876278565,2.46639819206,1
sinusoidal,unreachable,nearest,r2,optimized__barycentric,0.2,3,200,,,0,0,0,1,288,0.826831385596,2.42947866173,1
sinusoidal,unreachable,nearest,r2,optimized__barycentric,0.3,0,200,,,0,0,0,1,0,1.04995664709,2.84083650399,1
sinusoidal,unreachable,nearest,r2,optimized__barycentric,0.3,1,200,,,0,0,0,1,96,0.77133407697,2.5741044284,1
sinusoidal,unreachable,nearest,r2,optimized__barycentric,0.3,2,200,,,0,0,0,1,192,0.804876278565,2.46639819206,1
sinusoidal,unreachable,nearest,r2,optimized__barycentric,0.3,3,200,,,0,0,0,1,288,0.826831385596,2.42947866173,1
sinusoidal,unreachable,nearest,r2,optimized__lipschitz,0.2,0,200,,,0,0,0,1,0,1.05327171478,2.83896219399,1
sinusoidal,unreachable,nearest,r2,optimized__lipschitz,0.2,1,200,,,0,0,0,1,96,0.784139778998,2.57259751706,1
sinusoidal,unreachable,nearest,r2,optimized__lipschitz,0.2,2,200,,,0,0,0,1,192,0.805120300076,2.46198803397,1
sinusoidal,unreachable,nearest,r2,optimized__lipschitz,0.2,3,200,,,0,0,0,1,288,0.827159954051,2.42325476424,1
sinusoidal,unreachable,nearest,r2,optimized__lipschitz,0.3,0,200,,,0,0,0,1,0,1.05327171478,2.83896219399,1
sinusoidal,unreachable,nearest,r2,optimized__lipschitz,0.3,1,200,,,0,0,0,1,96,0.784139778998,2.57259751706,1
sinusoidal,unreachable,nearest,r2,optimized__lipschitz,0.3,2,200,,,0,0,0,1,192,0.805120300076,2.46198803397,1
sinusoidal,unreachable,nearest,r2,optimized__lipschitz,0.3,3,200,,,0,0,0,1,288,0.827159954051,2.42325476424,1
sinusoidal,unreachable,nearest,r2,optimized__minimum,0.2,0,200,,,0,0,0,1,0,1.05327171478,2.83896219399,1
sinusoidal,unreachable,nearest,r2,optimized__minimum,0.2,1,200,,,0,0,0,1,96,0.784139778998,2.57259751706,1
sinusoidal,unreachable,nearest,r2,optimized__minimum,0.2,2,200,,,0,0,0,1,192,0.805120300076,2.46198803397,1
sinusoidal,unreachable,nearest,r2,optimized__minimum,0.2,3,200,,,0,0,0,1,288,0.827159954051,2.42325476424,1
sinusoidal,unreachable,nearest,r2,optimized__minimum,0.3,0,200,,,0,0,0,1,0,1.05327171478,2.83896219399,1
sinusoidal,unreachable,nearest,r2,optimized__minimum,0.3,1,200,,,0,0,0,1,96,0.784139778998,2.57259751706,1
sinusoidal,unreachable,nearest,r2,optimized__minimum,0.3,2,200,,,0,0,0,1,192,0.805120300076,2.46198803397,1
sinusoidal,unreachable,nearest,r2,optimized__minimum,0.3,3,200,,,0,0,0,1,288,0.827159954051,2.42325476424,1
sinusoidal,unreachable,nearest,r2,uniform__minimum,0.2,0,200,,,0,0,0,1,0,1.14027215646,2.94788572166,1
sinusoidal,unreachable,nearest,r2,uniform__minimum,0.2,1,200,,,0,0,0,1,96,1.06643507216,2.80709231582,1
sinusoidal,unreachable,nearest,r2,uniform__minimum,0.2,2,200,,,0,0,0,1,192,1.03181168194,2.72821616975,1
sinusoidal,unreachable,nearest,r2,uniform__minimum,0.2,3,200,,,0,0,0,1,288,1.01377419134,2.67561892594,1
sinusoidal,unreachable,nearest,r2,uniform__minimum,0.3,0,200,,,0,0,0,1,0,1.14027215646,2.94788572166,1
sinusoidal,unreachable,nearest,r2,uniform__minimum,0.3,1,200,,,0,0,0,1,96,1.06643507216,2.80709231582,1
sinusoidal,unreachable,nearest,r2,uniform__minimum,0.3,2,200,,,0,0,0,1,192,1.03181168194,2.72821616975,1
sinusoidal,unreachable,nearest,r2,uniform__minimum,0.3,3,200,,,0,0,0,1,288,1.01377419134,2.67561892594,1
sinusoidal,unreachable,nearest,rinf,inverse_variance__minimum,0.2,0,200,,,0,0,0,1,0,1.14027215646,3.07257375897,1
sinusoidal,unreachable,nearest,rinf,inverse_variance__minimum,0.2,1,200,,,0,0,0,1,96,1.12951918301,3.05844271865,1
sinusoidal,unreachable,nearest,rinf,inverse_variance__minimum,0.2,2,200,,,0,0,0,1,192,1.12185434003,3.05090351819,1
sinusoidal,unreachable,nearest,rinf,inverse_variance__minimum,0.2,3,200,,,0,0,0,1,288,1.11590098887,3.04578989882,1
sinusoidal,unreachable,nearest,rinf,inverse_variance__minimum,0.3,0,200,,,0,0,0,1,0,1.14027215646,3.07257375897,1
sinusoidal,unreachable,nearest,rinf,inverse_variance__minimum,0.3,1,200,,,0,0,0,1,96,1.12951918301,3.05844271865,1
sinusoidal,unreachable,nearest,rinf,inverse_variance__minimum,0.3,2,200,,,0,0,0,1,192,1.12185434003,3.05090351819,1
sinusoidal,unreachable,nearest,rinf,inverse_variance__minimum,0.3,3,200,,,0,0,0,1,288,1.11590098887,3.04578989882,1
sinusoidal,unreachable,nearest,rinf,nearest_source__minimum,0.2,0,200,,,0,0,0,1,0,1.03829334721,2.850492365,1
sinusoidal,unreachable,nearest,rinf,nearest_source__minimum,0.2,1,200,,,0,0,0,1,96,0.771086734963,2.58740804128,1
sinusoidal,unreachable,nearest,rinf,nearest_source__minimum,0.2,2,200,,,0,0,0,1,192,0.771086734963,2.58740804128,1
sinusoidal,unreachable,nearest,rinf,nearest_source__minimum,0.2,3,200,,,0,0,0,1,288,0.771086734963,2.58740804128,1
sinusoidal,unreachable,nearest,rinf,nearest_source__minimum,0.3,0,200,,,0,0,0,1,0,1.03829334721,2.850492365,1
sinusoidal,unreachable,nearest,rinf,nearest_source__minimum,0.3,1,200,,,0,0,0,1,96,0.771086734963,2.58740804128,1
sinusoidal,unreachable,nearest,rinf,nearest_source__minimum,0.3,2,200,,,0,0,0,1,192,0.771086734963,2.58740804128,1
sinusoidal,unreachable,nearest,rinf,nearest_source__minimum,0.3,3,200,,,0,0,0,1,288,0.771086734963,2.58740804128,1
sinusoidal,unreachable,nearest,rinf,optimized__barycentric,0.2,0,200,,,0,0,0,1,0,1.03829334721,2.850492365,1
sinusoidal,unreachable,nearest,rinf,optimized__barycentric,0.2,1,200,,,0,0,0,1,96,0.771086734963,2.58740804128,1
sinusoidal,unreachable,nearest,rinf,optimized__barycentric,0.2,2,200,,,0,0,0,1,192,0.771086734963,2.58740804128,1
sinusoidal,unreachable,nearest,rinf,optimized__barycentric,0.2,3,200,,,0,0,0,1,288,0.771086734963,2.58740804128,1
sinusoidal,unreachable,nearest,rinf,optimized__barycentric,0.3,0,200,,,0,0,0,1,0,1.03829334721,2.850492365,1
sinusoidal,unreachable,nearest,rinf,optimized__barycentric,0.3,1,200,,,0,0,0,1,96,0.771086734963,2.58740804128,1
sinusoidal,unreachable,nearest,rinf,optimized__barycentric,0.3,2,200,,,0,0,0,1,192,0.771086734963,2.58740804128,1
sinusoidal,unreachable,nearest,rinf,optimized__barycentric,0.3,3,200,,,0,0,0,1,288,0.771086734963,2.58740804128,1
sinusoidal,unreachable,nearest,rinf,optimized__lipschitz,0.2,0,200,,,0,0,0,1,0,1.03829334721,2.850492365,1
sinusoidal,unreachable,nearest,rinf,optimized__lipschitz,0.2,1,200,,,0,0,0,1,96,0.771086734963,2.58740804128,1
sinusoidal,unreachable,nearest,rinf,optimized__lipschitz,0.2,2,200,,,0,0,0,1,192,0.771086734963,2.58740804128,1
sinusoidal,unreachable,nearest,rinf,optimized__lipschitz,0.2,3,200,,,0,0,0,1,288,0.771086734963,2.58740804128,1
sinusoidal,unreachable,nearest,rinf,optimized__lipschitz,0.3,0,200,,,0,0,0,1,0,1.03829334721,2.850492365,1
sinusoidal,unreachable,nearest,rinf,optimized__lipschitz,0.3,1,200,,,0,0,0,1,96,0.771086734963,2.58740804128,1
sinusoidal,unreachable,nearest,rinf,optimized__lipschitz,0.3,2,200,,,0,0,0,1,192,0.771086734963,2.58740804128,1
sinusoidal,unreachable,nearest,rinf,optimized__lipschitz,0.3,3,200,,,0,0,0,1,288,0.771086734963,2.58740804128,1
sinusoidal,unreachable,nearest,rinf,optimized__minimum,0.2,0,200,,,0,0,0,1,0,1.03829334721,2.850492365,1
sinusoidal,unreachable,nearest,rinf,optimized__minimum,0.2,1,200,,,0,0,0,1,96,0.771086734963,2.58740804128,1
sinusoidal,unreachable,nearest,rinf,optimized__minimum,0.2,2,200,,,0,0,0,1,192,0.771086734963,2.58740804128,1
sinusoidal,unreachable,nearest,rinf,optimized__minimum,0.2,3,200,,,0,0,0,1,288,0.771086734963,2.58740804128,1
sinusoidal,unreachable,nearest,rinf,optimized__minimum,0.3,0,200,,,0,0,0,1,0,1.03829334721,2.850492365,1
sinusoidal,unreachable,nearest,rinf,optimized__minimum,0.3,1,200,,,0,0,0,1,96,0.771086734963,2.58740804128,1
sinusoidal,unreachable,nearest,rinf,optimized__minimum,0.3,2,200,,,0,0,0,1,192,0.771086734963,2.58740804128,1
sinusoidal,unreachable,nearest,rinf,optimized__minimum,0.3,3,200,,,0,0,0,1,288,0.771086734963,2.58740804128,1
sinusoidal,unreachable,nearest,rinf,uniform__minimum,0.2,0,200,,,0,0,0,1,0,1.14027215646,3.07257375897,1
sinusoidal,unreachable,nearest,rinf,uniform__minimum,0.2,1,200,,,0,0,0,1,96,1.06643507216,2.97554061543,1
sinusoidal,unreachable,nearest,rinf,uniform__minimum,0.2,2,200,,,0,0,0,1,192,1.03181168194,2.94496011881,1
sinusoidal,unreachable,nearest,rinf,uniform__minimum,0.2,3,200,,,0,0,0,1,288,1.01377419134,2.9335527706,1
sinusoidal,unreachable,nearest,rinf,uniform__minimum,0.3,0,200,,,0,0,0,1,0,1.14027215646,3.07257375897,1
sinusoidal,unreachable,nearest,rinf,uniform__minimum,0.3,1,200,,,0,0,0,1,96,1.06643507216,2.97554061543,1
sinusoidal,unreachable,nearest,rinf,uniform__minimum,0.3,2,200,,,0,0,0,1,192,1.03181168194,2.94496011881,1
sinusoidal,unreachable,nearest,rinf,uniform__minimum,0.3,3,200,,,0,0,0,1,288,1.01377419134,2.9335527706,1
sinusoidal,unreachable,random,r2,inverse_variance__minimum,0.2,0,200,,,0,0,0,1,0,1.14027215646,2.94788572166,1
sinusoidal,unreachable,random,r2,inverse_variance__minimum,0.2,1,200,,,0,0,0,1,96,1.13529114983,2.93123014935,1
sinusoidal,unreachable,random,r2,inverse_variance__minimum,0.2,2,200,,,0,0,0,1,192,1.13047755825,2.91552518052,1
sinusoidal,unreachable,random,r2,inverse_variance__minimum,0.2,3,200,,,0,0,0,1,288,1.12581645271,2.90046465186,1
sinusoidal,unreachable,random,r2,inverse_variance__minimum,0.3,0,200,,,0,0,0,1,0,1.14027215646,2.94788572166,1
sinusoidal,unreachable,random,r2,inverse_variance__minimum,0.3,1,200,,,0,0,0,1,96,1.13529114983,2.93123014935,1
sinusoidal,unreachable,random,r2,inverse_variance__minimum,0.3,2,200,,,0,0,0,1,192,1.13047755825,2.91552518052,1
sinusoidal,unreachable,random,r2,inverse_variance__minimum,0.3,3,200,,,0,0,0,1,288,1.12581645271,2.90046465186,1
sinusoidal,unreachable,random,r2,nearest_source__minimum,0.2,0,200,,,0,0,0,1,0,1.03829334721,2.84589097345,1
sinusoidal,unreachable,random,r2,nearest_source__minimum,0.2,1,200,,,0,0,0,1,96,0.947032730532,2.89918914906,1
sinusoidal,unreachable,random,r2,nearest_source__minimum,0.2,2,200,,,0,0,0,1,192,0.88203949167,2.81496872455,1
sinusoidal,unreachable,random,r2,nearest_source__minimum,0.2,3,200,,,0,0,0,1,288,0.84335524543,2.72387402908,1
sinusoidal,unreachable,random,r2,nearest_source__minimum,0.3,0,200,,,0,0,0,1,0,1.03829334721,2.84589097345,1
sinusoidal,unreachable,random,r2,nearest_source__minimum,0.3,1,200,,,0,0,0,1,96,0.947032730532,2.89918914906,1
sinusoidal,unreachable,random,r2,nearest_source__minimum,0.3,2,200,,,0,0,0,1,192,0.88203949167,2.81496872455,1
sinusoidal,unreachable,random,r2,nearest_source__minimum,0.3,3,200,,,0,0,0,1,288,0.84335524543,2.72387402908,1
sinusoidal,unreachable,random,r2,optimized__barycentric,0.2,0,200,,,0,0,0,1,0,1.04995664709,2.84083650399,1
sinusoidal,unreachable,random,r2,optimized__barycentric,0.2,1,200,,,0,0,0,1,96,0.988031510608,2.76294596841,1
sinusoidal,unreachable,random,r2,optimized__barycentric,0.2,2,200,,,0,0,0,1,192,0.941679490154,2.68421191725,1
sinusoidal,unreachable,random,r2,optimized__barycentric,0.2,3,200,,,0,0,0,1,288,0.896759571352,2.60880072387,1
sinusoidal,unreachable,random,r2,optimized__barycentric,0.3,0,200,,,0,0,0,1,0,1.04995664709,2.84083650399,1
sinusoidal,unreachable,random,r2,optimized__barycentric,0.3,1,200,,,0,0,0,1,96,0.988031510608,2.76294596841,1
sinusoidal,unreachable,random,r2,optimized__barycentric,0.3,2,200,,,0,0,0,1,192,0.941679490154,2.68421191725,1
sinusoidal,unreachable,random,r2,optimized__barycentric,0.3,3,200,,,0,0,0,1,288,0.896759571352,2.60880072387,1
sinusoidal,unreachable,random,r2,optimized__lipschitz,0.2,0,200,,,0,0,0,1,0,1.05327171478,2.83896219399,1
sinusoidal,unreachable,random,r2,optimized__lipschitz,0.2,1,200,,,0,0,0,1,96,0.991897511414,2.75494396716,1
sinusoidal,unreachable,random,r2,optimized__lipschitz,0.2,2,200,,,0,0,0,1,192,0.945087685238,2.67443921925,1
sinusoidal,unreachable,random,r2,optimized__lipschitz,0.2,3,200,,,0,0,0,1,288,0.901913226078,2.59968450642,1
sinusoidal,unreachable,random,r2,optimized__lipschitz,0.3,0,200,,,0,0,0,1,0,1.05327171478,2.83896219399,1
sinusoidal,unreachable,random,r2,optimized__lipschitz,0.3,1,200,,,0,0,0,1,96,0.991897511414,2.75494396716,1
sinusoidal,unreachable,random,r2,optimized__lipschitz,0.3,2,200,,,0,0,0,1,192,0.945087685238,2.67443921925,1
sinusoidal,unreachable,random,r2,optimized__lipschitz,0.3,3,200,,,0,0,0,1,288,0.901913226078,2.59968450642,1
sinusoidal,unreachable,random,r2,optimized__minimum,0.2,0,200,,,0,0,0,1,0,1.05327171478,2.83896219399,1
sinusoidal,unreachable,random,r2,optimized__minimum,0.2,1,200,,,0,0,0,1,96,0.991897511414,2.75494396716,1
sinusoidal,unreachable,random,r2,optimized__minimum,0.2,2,200,,,0,0,0,1,192,0.945087685238,2.67443921925,1
sinusoidal,unreachable,random,r2,optimized__minimum,0.2,3,200,,,0,0,0,1,288,0.901913226078,2.59968450642,1
sinusoidal,unreachable,random,r2,optimized__minimum,0.3,0,200,,,0,0,0,1,0,1.05327171478,2.83896219399,1
sinusoidal,unreachable,random,r2,optimized__minimum,0.3,1,200,,,0,0,0,1,96,0.991897511414,2.75494396716,1
sinusoidal,unreachable,random,r2,optimized__minimum,0.3,2,200,,,0,0,0,1,192,0.945087685238,2.67443921925,1
sinusoidal,unreachable,random,r2,optimized__minimum,0.3,3,200,,,0,0,0,1,288,0.901913226078,2.59968450642,1
sinusoidal,unreachable,random,r2,uniform__minimum,0.2,0,200,,,0,0,0,1,0,1.14027215646,2.94788572166,1
sinusoidal,unreachable,random,r2,uniform__minimum,0.2,1,200,,,0,0,0,1,96,1.10606924431,2.89422039213,1
sinusoidal,unreachable,random,r2,uniform__minimum,0.2,2,200,,,0,0,0,1,192,1.08259285592,2.83951114161,1
sinusoidal,unreachable,random,r2,uniform__minimum,0.2,3,200,,,0,0,0,1,288,1.06524017036,2.79271584529,1
sinusoidal,unreachable,random,r2,uniform__minimum,0.3,0,200,,,0,0,0,1,0,1.14027215646,2.94788572166,1
sinusoidal,unreachable,random,r2,uniform__minimum,0.3,1,200,,,0,0,0,1,96,1.10606924431,2.89422039213,1
sinusoidal,unreachable,random,r2,uniform__minimum,0.3,2,200,,,0,0,0,1,192,1.08259285592,2.83951114161,1
sinusoidal,unreachable,random,r2,uniform__minimum,0.3,3,200,,,0,0,0,1,288,1.06524017036,2.79271584529,1
sinusoidal,unreachable,random,rinf,inverse_variance__minimum,0.2,0,200,,,0,0,0,1,0,1.14027215646,3.07257375897,1
sinusoidal,unreachable,random,rinf,inverse_variance__minimum,0.2,1,200,,,0,0,0,1,96,1.13529114983,3.07113127345,1
sinusoidal,unreachable,random,rinf,inverse_variance__minimum,0.2,2,200,,,0,0,0,1,192,1.13047755825,3.06980266435,1
sinusoidal,unreachable,random,rinf,inverse_variance__minimum,0.2,3,200,,,0,0,0,1,288,1.12581645271,3.06834985576,1
sinusoidal,unreachable,random,rinf,inverse_variance__minimum,0.3,0,200,,,0,0,0,1,0,1.14027215646,3.07257375897,1
sinusoidal,unreachable,random,rinf,inverse_variance__minimum,0.3,1,200,,,0,0,0,1,96,1.13529114983,3.07113127345,1
sinusoidal,unreachable,random,rinf,inverse_variance__minimum,0.3,2,200,,,0,0,0,1,192,1.13047755825,3.06980266435,1
sinusoidal,unreachable,random,rinf,inverse_variance__minimum,0.3,3,200,,,0,0,0,1,288,1.12581645271,3.06834985576,1
sinusoidal,unreachable,random,rinf,nearest_source__minimum,0.2,0,200,,,0,0,0,1,0,1.03829334721,2.850492365,1
sinusoidal,unreachable,random,rinf,nearest_source__minimum,0.2,1,200,,,0,0,0,1,96,0.947032730532,2.91082270279,1
sinusoidal,unreachable,random,rinf,nearest_source__minimum,0.2,2,200,,,0,0,0,1,192,0.88203949167,2.82820838939,1
sinusoidal,unreachable,random,rinf,nearest_source__minimum,0.2,3,200,,,0,0,0,1,288,0.84335524543,2.73715710234,1
sinusoidal,unreachable,random,rinf,nearest_source__minimum,0.3,0,200,,,0,0,0,1,0,1.03829334721,2.850492365,1
sinusoidal,unreachable,random,rinf,nearest_source__minimum,0.3,1,200,,,0,0,0,1,96,0.947032730532,2.91082270279,1
sinusoidal,unreachable,random,rinf,nearest_source__minimum,0.3,2,200,,,0,0,0,1,192,0.88203949167,2.82820838939,1
sinusoidal,unreachable,random,rinf,nearest_source__minimum,0.3,3,200,,,0,0,0,1,288,0.84335524543,2.73715710234,1
sinusoidal,unreachable,random,rinf,optimized__barycentric,0.2,0,200,,,0,0,0,1,0,1.03829334721,2.850492365,1
sinusoidal,unreachable,random,rinf,optimized__barycentric,0.2,1,200,,,0,0,0,1,96,0.967373685674,2.80896352662,1
sinusoidal,unreachable,random,rinf,optimized__barycentric,0.2,2,200,,,0,0,0,1,192,0.906398924992,2.76504572648,1
sinusoidal,unreachable,random,rinf,optimized__barycentric,0.2,3,200,,,0,0,0,1,288,0.859460421759,2.71888841213,1
sinusoidal,unreachable,random,rinf,optimized__barycentric,0.3,0,200,,,0,0,0,1,0,1.03829334721,2.850492365,1
sinusoidal,unreachable,random,rinf,optimized__barycentric,0.3,1,200,,,0,0,0,1,96,0.967373685674,2.80896352662,1
sinusoidal,unreachable,random,rinf,optimized__barycentric,0.3,2,200,,,0,0,0,1,192,0.906398924992,2.76504572648,1
sinusoidal,unreachable,random,rinf,optimized__barycentric,0.3,3,200,,,0,0,0,1,288,0.859460421759,2.71888841213,1
sinusoidal,unreachable,random,rinf,optimized__lipschitz,0.2,0,200,,,0,0,0,1,0,1.03829334721,2.850492365,1
sinusoidal,unreachable,random,rinf,optimized__lipschitz,0.2,1,200,,,0,0,0,1,96,0.967373685674,2.80896352662,1
sinusoidal,unreachable,random,rinf,optimized__lipschitz,0.2,2,200,,,0,0,0,1,192,0.906398924992,2.76504572648,1
sinusoidal,unreachable,random,rinf,optimized__lipschitz,0.2,3,200,,,0,0,0,1,288,0.859460421759,2.71888841213,1
sinusoidal,unreachable,random,rinf,optimized__lipschitz,0.3,0,200,,,0,0,0,1,0,1.03829334721,2.850492365,1
sinusoidal,unreachable,random,rinf,optimized__lipschitz,0.3,1,200,,,0,0,0,1,96,0.967373685674,2.80896352662,1
sinusoidal,unreachable,random,rinf,optimized__lipschitz,0.3,2,200,,,0,0,0,1,192,0.906398924992,2.76504572648,1
sinusoidal,unreachable,random,rinf,optimized__lipschitz,0.3,3,200,,,0,0,0,1,288,0.859460421759,2.71888841213,1
sinusoidal,unreachable,random,rinf,optimized__minimum,0.2,0,200,,,0,0,0,1,0,1.03829334721,2.850492365,1
sinusoidal,unreachable,random,rinf,optimized__minimum,0.2,1,200,,,0,0,0,1,96,0.967373685674,2.80896352662,1
sinusoidal,unreachable,random,rinf,optimized__minimum,0.2,2,200,,,0,0,0,1,192,0.906398924992,2.76504572648,1
sinusoidal,unreachable,random,rinf,optimized__minimum,0.2,3,200,,,0,0,0,1,288,0.859460421759,2.71888841213,1
sinusoidal,unreachable,random,rinf,optimized__minimum,0.3,0,200,,,0,0,0,1,0,1.03829334721,2.850492365,1
sinusoidal,unreachable,random,rinf,optimized__minimum,0.3,1,200,,,0,0,0,1,96,0.967373685674,2.80896352662,1
sinusoidal,unreachable,random,rinf,optimized__minimum,0.3,2,200,,,0,0,0,1,192,0.906398924992,2.76504572648,1
sinusoidal,unreachable,random,rinf,optimized__minimum,0.3,3,200,,,0,0,0,1,288,0.859460421759,2.71888841213,1
sinusoidal,unreachable,random,rinf,uniform__minimum,0.2,0,200,,,0,0,0,1,0,1.14027215646,3.07257375897,1
sinusoidal,unreachable,random,rinf,uniform__minimum,0.2,1,200,,,0,0,0,1,96,1.10606924431,3.06266869173,1
sinusoidal,unreachable,random,rinf,uniform__minimum,0.2,2,200,,,0,0,0,1,192,1.08259285592,3.05625509068,1
sinusoidal,unreachable,random,rinf,uniform__minimum,0.2,3,200,,,0,0,0,1,288,1.06524017036,3.05064968994,1
sinusoidal,unreachable,random,rinf,uniform__minimum,0.3,0,200,,,0,0,0,1,0,1.14027215646,3.07257375897,1
sinusoidal,unreachable,random,rinf,uniform__minimum,0.3,1,200,,,0,0,0,1,96,1.10606924431,3.06266869173,1
sinusoidal,unreachable,random,rinf,uniform__minimum,0.3,2,200,,,0,0,0,1,192,1.08259285592,3.05625509068,1
sinusoidal,unreachable,random,rinf,uniform__minimum,0.3,3,200,,,0,0,0,1,288,1.06524017036,3.05064968994,1
