scenario,schedule,mode,tolerance,regime,reference,comparator,metric,difference,lower,upper,n_worlds
bridgeable,nearest,r2,0.2,stopped,optimized__minimum,inverse_variance__minimum,released,0,0,0,600
bridgeable,nearest,r2,0.2,stopped,optimized__minimum,inverse_variance__minimum,bad_release,0,0,0,600
bridgeable,nearest,r2,0.2,stopped,optimized__minimum,inverse_variance__minimum,path_covered,0,0,0,600
bridgeable,nearest,r2,0.2,stopped,optimized__minimum,inverse_variance__minimum,new_n,0,0,0,600
bridgeable,nearest,r2,0.2,stopped,optimized__minimum,inverse_variance__minimum,error,-0.335242032383,-0.338242189579,-0.332079706834,600
bridgeable,nearest,r2,0.2,stopped,optimized__minimum,inverse_variance__minimum,width,0,0,0,600
bridgeable,nearest,r2,0.2,stopped,optimized__minimum,nearest_source__minimum,released,0,0,0,600
bridgeable,nearest,r2,0.2,stopped,optimized__minimum,nearest_source__minimum,bad_release,0,0,0,600
bridgeable,nearest,r2,0.2,stopped,optimized__minimum,nearest_source__minimum,path_covered,0,0,0,600
bridgeable,nearest,r2,0.2,stopped,optimized__minimum,nearest_source__minimum,new_n,0,0,0,600
bridgeable,nearest,r2,0.2,stopped,optimized__minimum,nearest_source__minimum,error,-0.0327708349991,-0.0375169978406,-0.0283745829964,600
bridgeable,nearest,r2,0.2,stopped,optimized__minimum,nearest_source__minimum,width,0,0,0,600
bridgeable,nearest,r2,0.2,stopped,optimized__minimum,optimized__barycentric,released,0,0,0,600
bridgeable,nearest,r2,0.2,stopped,optimized__minimum,optimized__barycentric,bad_release,0,0,0,600
bridgeable,nearest,r2,0.2,stopped,optimized__minimum,optimized__barycentric,path_covered,0,0,0,600
bridgeable,nearest,r2,0.2,stopped,optimized__minimum,optimized__barycentric,new_n,0,0,0,600
bridgeable,nearest,r2,0.2,stopped,optimized__minimum,optimized__barycentric,error,0,0,0,600
bridgeable,nearest,r2,0.2,stopped,optimized__minimum,optimized__barycentric,width,0,0,0,600
bridgeable,nearest,r2,0.2,stopped,optimized__minimum,optimized__lipschitz,released,0,0,0,600
bridgeable,nearest,r2,0.2,stopped,optimized__minimum,optimized__lipschitz,bad_release,0,0,0,600
bridgeable,nearest,r2,0.2,stopped,optimized__minimum,optimized__lipschitz,path_covered,0,0,0,600
bridgeable,nearest,r2,0.2,stopped,optimized__minimum,optimized__lipschitz,new_n,0,0,0,600
bridgeable,nearest,r2,0.2,stopped,optimized__minimum,optimized__lipschitz,error,-0.00433380406999,-0.0064280927204,-0.00211153588486,600
bridgeable,nearest,r2,0.2,stopped,optimized__minimum,optimized__lipschitz,width,0,0,0,600
bridgeable,nearest,r2,0.2,stopped,optimized__minimum,uniform__minimum,released,0,0,0,600
bridgeable,nearest,r2,0.2,stopped,optimized__minimum,uniform__minimum,bad_release,0,0,0,600
bridgeable,nearest,r2,0.2,stopped,optimized__minimum,uniform__minimum,path_covered,0,0,0,600
bridgeable,nearest,r2,0.2,stopped,optimized__minimum,uniform__minimum,new_n,0,0,0,600
bridgeable,nearest,r2,0.2,stopped,optimized__minimum,uniform__minimum,error,-0.191209585774,-0.194759109714,-0.187744115948,600
bridgeable,nearest,r2,0.2,stopped,optimized__minimum,uniform__minimum,width,0,0,0,600
bridgeable,nearest,r2,0.3,stopped,optimized__minimum,inverse_variance__minimum,released,1,1,1,600
bridgeable,nearest,r2,0.3,stopped,optimized__minimum,inverse_variance__minimum,bad_release,0,0,0,600
bridgeable,nearest,r2,0.3,stopped,optimized__minimum,inverse_variance__minimum,path_covered,0,0,0,600
bridgeable,nearest,r2,0.3,stopped,optimized__minimum,inverse_variance__minimum,new_n,-46.4,-50.24,-42.56,600
bridgeable,nearest,r2,0.3,stopped,optimized__minimum,inverse_variance__minimum,error,-0.333048295428,-0.33623609301,-0.329779187773,600
bridgeable,nearest,r2,0.3,stopped,optimized__minimum,inverse_variance__minimum,width,-0.0929073060272,-0.100623844714,-0.0851357785357,600
bridgeable,nearest,r2,0.3,stopped,optimized__minimum,nearest_source__minimum,released,1,1,1,600
bridgeable,nearest,r2,0.3,stopped,optimized__minimum,nearest_source__minimum,bad_release,0,0,0,600
bridgeable,nearest,r2,0.3,stopped,optimized__minimum,nearest_source__minimum,path_covered,0,0,0,600
bridgeable,nearest,r2,0.3,stopped,optimized__minimum,nearest_source__minimum,new_n,-46.4,-50.084,-42.08,600
bridgeable,nearest,r2,0.3,stopped,optimized__minimum,nearest_source__minimum,error,-0.0305770980434,-0.0352282235294,-0.0259594615072,600
bridgeable,nearest,r2,0.3,stopped,optimized__minimum,nearest_source__minimum,width,-0.0929073060272,-0.100476234347,-0.085469488258,600
bridgeable,nearest,r2,0.3,stopped,optimized__minimum,optimized__barycentric,released,0,0,0,600
bridgeable,nearest,r2,0.3,stopped,optimized__minimum,optimized__barycentric,bad_release,0,0,0,600
bridgeable,nearest,r2,0.3,stopped,optimized__minimum,optimized__barycentric,path_covered,0,0,0,600
bridgeable,nearest,r2,0.3,stopped,optimized__minimum,optimized__barycentric,new_n,0,0,0,600
bridgeable,nearest,r2,0.3,stopped,optimized__minimum,optimized__barycentric,error,0,0,0,600
bridgeable,nearest,r2,0.3,stopped,optimized__minimum,optimized__barycentric,width,0,0,0,600
bridgeable,nearest,r2,0.3,stopped,optimized__minimum,optimized__lipschitz,released,1,1,1,600
bridgeable,nearest,r2,0.3,stopped,optimized__minimum,optimized__lipschitz,bad_release,0,0,0,600
bridgeable,nearest,r2,0.3,stopped,optimized__minimum,optimized__lipschitz,path_covered,0,0,0,600
bridgeable,nearest,r2,0.3,stopped,optimized__minimum,optimized__lipschitz,new_n,-46.4,-50.24,-42.72,600
bridgeable,nearest,r2,0.3,stopped,optimized__minimum,optimized__lipschitz,error,-0.00214006711432,-0.0044312787727,0.000265548160119,600
bridgeable,nearest,r2,0.3,stopped,optimized__minimum,optimized__lipschitz,width,-0.0929073060272,-0.100773211152,-0.0853943791447,600
bridgeable,nearest,r2,0.3,stopped,optimized__minimum,uniform__minimum,released,1,1,1,600
bridgeable,nearest,r2,0.3,stopped,optimized__minimum,uniform__minimum,bad_release,0,0,0,600
bridgeable,nearest,r2,0.3,stopped,optimized__minimum,uniform__minimum,path_covered,0,0,0,600
bridgeable,nearest,r2,0.3,stopped,optimized__minimum,uniform__minimum,new_n,-46.4,-50.08,-42.56,600
bridgeable,nearest,r2,0.3,stopped,optimized__minimum,uniform__minimum,error,-0.189015848818,-0.192538927017,-0.185441074461,600
bridgeable,nearest,r2,0.3,stopped,optimized__minimum,uniform__minimum,width,-0.0929073060272,-0.100230807033,-0.0851319354589,600
bridgeable,nearest,rinf,0.2,stopped,optimized__minimum,inverse_variance__minimum,released,0,0,0,600
bridgeable,nearest,rinf,0.2,stopped,optimized__minimum,inverse_variance__minimum,bad_release,0,0,0,600
bridgeable,nearest,rinf,0.2,stopped,optimized__minimum,inverse_variance__minimum,path_covered,0,0,0,600
bridgeable,nearest,rinf,0.2,stopped,optimized__minimum,inverse_variance__minimum,new_n,0,0,0,600
bridgeable,nearest,rinf,0.2,stopped,optimized__minimum,inverse_variance__minimum,error,-0.319578909783,-0.323437768503,-0.315612156123,600
bridgeable,nearest,rinf,0.2,stopped,optimized__minimum,inverse_variance__minimum,width,0,0,0,600
bridgeable,nearest,rinf,0.2,stopped,optimized__minimum,nearest_source__minimum,released,0,0,0,600
bridgeable,nearest,rinf,0.2,stopped,optimized__minimum,nearest_source__minimum,bad_release,0,0,0,600
bridgeable,nearest,rinf,0.2,stopped,optimized__minimum,nearest_source__minimum,path_covered,0,0,0,600
bridgeable,nearest,rinf,0.2,stopped,optimized__minimum,nearest_source__minimum,new_n,0,0,0,600
bridgeable,nearest,rinf,0.2,stopped,optimized__minimum,nearest_source__minimum,error,-0.0171077123991,-0.022477375821,-0.0112870791848,600
bridgeable,nearest,rinf,0.2,stopped,optimized__minimum,nearest_source__minimum,width,0,0,0,600
bridgeable,nearest,rinf,0.2,stopped,optimized__minimum,optimized__barycentric,released,0,0,0,600
bridgeable,nearest,rinf,0.2,stopped,optimized__minimum,optimized__barycentric,bad_release,0,0,0,600
bridgeable,nearest,rinf,0.2,stopped,optimized__minimum,optimized__barycentric,path_covered,0,0,0,600
bridgeable,nearest,rinf,0.2,stopped,optimized__minimum,optimized__barycentric,new_n,0,0,0,600
bridgeable,nearest,rinf,0.2,stopped,optimized__minimum,optimized__barycentric,error,0,0,0,600
bridgeable,nearest,rinf,0.2,stopped,optimized__minimum,optimized__barycentric,width,0,0,0,600
bridgeable,nearest,rinf,0.2,stopped,optimized__minimum,optimized__lipschitz,released,0,0,0,600
bridgeable,nearest,rinf,0.2,stopped,optimized__minimum,optimized__lipschitz,bad_release,0,0,0,600
bridgeable,nearest,rinf,0.2,stopped,optimized__minimum,optimized__lipschitz,path_covered,0,0,0,600
bridgeable,nearest,rinf,0.2,stopped,optimized__minimum,optimized__lipschitz,new_n,0,0,0,600
bridgeable,nearest,rinf,0.2,stopped,optimized__minimum,optimized__lipschitz,error,-0.0171077123991,-0.0228358511978,-0.0114606478789,600
bridgeable,nearest,rinf,0.2,stopped,optimized__minimum,optimized__lipschitz,width,0,0,0,600
bridgeable,nearest,rinf,0.2,stopped,optimized__minimum,uniform__minimum,released,0,0,0,600
bridgeable,nearest,rinf,0.2,stopped,optimized__minimum,uniform__minimum,bad_release,0,0,0,600
bridgeable,nearest,rinf,0.2,stopped,optimized__minimum,uniform__minimum,path_covered,0,0,0,600
bridgeable,nearest,rinf,0.2,stopped,optimized__minimum,uniform__minimum,new_n,0,0,0,600
bridgeable,nearest,rinf,0.2,stopped,optimized__minimum,uniform__minimum,error,-0.175546463174,-0.179930083782,-0.171277536213,600
bridgeable,nearest,rinf,0.2,stopped,optimized__minimum,uniform__minimum,width,0,0,0,600
bridgeable,nearest,rinf,0.3,stopped,optimized__minimum,inverse_variance__minimum,released,0,0,0,600
bridgeable,nearest,rinf,0.3,stopped,optimized__minimum,inverse_variance__minimum,bad_release,0,0,0,600
bridgeable,nearest,rinf,0.3,stopped,optimized__minimum,inverse_variance__minimum,path_covered,0,0,0,600
bridgeable,nearest,rinf,0.3,stopped,optimized__minimum,inverse_variance__minimum,new_n,0,0,0,600
bridgeable,nearest,rinf,0.3,stopped,optimized__minimum,inverse_variance__minimum,error,-0.319578909783,-0.323444151839,-0.315459417932,600
bridgeable,nearest,rinf,0.3,stopped,optimized__minimum,inverse_variance__minimum,width,0,0,0,600
bridgeable,nearest,rinf,0.3,stopped,optimized__minimum,nearest_source__minimum,released,0,0,0,600
bridgeable,nearest,rinf,0.3,stopped,optimized__minimum,nearest_source__minimum,bad_release,0,0,0,600
bridgeable,nearest,rinf,0.3,stopped,optimized__minimum,nearest_source__minimum,path_covered,0,0,0,600
bridgeable,nearest,rinf,0.3,stopped,optimized__minimum,nearest_source__minimum,new_n,0,0,0,600
bridgeable,nearest,rinf,0.3,stopped,optimized__minimum,nearest_source__minimum,error,-0.0171077123991,-0.0227395654131,-0.0115883880734,600
bridgeable,nearest,rinf,0.3,stopped,optimized__minimum,nearest_source__minimum,width,0,0,0,600
bridgeable,nearest,rinf,0.3,stopped,optimized__minimum,optimized__barycentric,released,0,0,0,600
bridgeable,nearest,rinf,0.3,stopped,optimized__minimum,optimized__barycentric,bad_release,0,0,0,600
bridgeable,nearest,rinf,0.3,stopped,optimized__minimum,optimized__barycentric,path_covered,0,0,0,600
bridgeable,nearest,rinf,0.3,stopped,optimized__minimum,optimized__barycentric,new_n,0,0,0,600
bridgeable,nearest,rinf,0.3,stopped,optimized__minimum,optimized__barycentric,error,0,0,0,600
bridgeable,nearest,rinf,0.3,stopped,optimized__minimum,optimized__barycentric,width,0,0,0,600
bridgeable,nearest,rinf,0.3,stopped,optimized__minimum,optimized__lipschitz,released,0,0,0,600
bridgeable,nearest,rinf,0.3,stopped,optimized__minimum,optimized__lipschitz,bad_release,0,0,0,600
bridgeable,nearest,rinf,0.3,stopped,optimized__minimum,optimized__lipschitz,path_covered,0,0,0,600
bridgeable,nearest,rinf,0.3,stopped,optimized__minimum,optimized__lipschitz,new_n,0,0,0,600
bridgeable,nearest,rinf,0.3,stopped,optimized__minimum,optimized__lipschitz,error,-0.0171077123991,-0.0229250425638,-0.0114039078812,600
bridgeable,nearest,rinf,0.3,stopped,optimized__minimum,optimized__lipschitz,width,0,0,0,600
bridgeable,nearest,rinf,0.3,stopped,optimized__minimum,uniform__minimum,released,0,0,0,600
bridgeable,nearest,rinf,0.3,stopped,optimized__minimum,uniform__minimum,bad_release,0,0,0,600
bridgeable,nearest,rinf,0.3,stopped,optimized__minimum,uniform__minimum,path_covered,0,0,0,600
bridgeable,nearest,rinf,0.3,stopped,optimized__minimum,uniform__minimum,new_n,0,0,0,600
bridgeable,nearest,rinf,0.3,stopped,optimized__minimum,uniform__minimum,error,-0.175546463174,-0.179941937358,-0.171033127001,600
bridgeable,nearest,rinf,0.3,stopped,optimized__minimum,uniform__minimum,width,0,0,0,600
bridgeable,random,r2,0.2,stopped,optimized__minimum,inverse_variance__minimum,released,0.385,0.36,0.41,600
bridgeable,random,r2,0.2,stopped,optimized__minimum,inverse_variance__minimum,bad_release,0,0,0,600
bridgeable,random,r2,0.2,stopped,optimized__minimum,inverse_variance__minimum,path_covered,0,0,0,600
bridgeable,random,r2,0.2,stopped,optimized__minimum,inverse_variance__minimum,new_n,-26.56,-29.76,-23.2,600
bridgeable,random,r2,0.2,stopped,optimized__minimum,inverse_variance__minimum,error,-0.327614766898,-0.330411969496,-0.324924270118,600
bridgeable,random,r2,0.2,stopped,optimized__minimum,inverse_variance__minimum,width,-0.0727127261807,-0.0816543432846,-0.0642234617755,600
bridgeable,random,r2,0.2,stopped,optimized__minimum,nearest_source__minimum,released,0.385,0.361666666667,0.410041666667,600
bridgeable,random,r2,0.2,stopped,optimized__minimum,nearest_source__minimum,bad_release,0,0,0,600
bridgeable,random,r2,0.2,stopped,optimized__minimum,nearest_source__minimum,path_covered,0,0,0,600
bridgeable,random,r2,0.2,stopped,optimized__minimum,nearest_source__minimum,new_n,-26.56,-29.92,-23.36,600
bridgeable,random,r2,0.2,stopped,optimized__minimum,nearest_source__minimum,error,-0.0966245978314,-0.104767579244,-0.088231571012,600
bridgeable,random,r2,0.2,stopped,optimized__minimum,nearest_source__minimum,width,-0.0727127261807,-0.0816317775354,-0.0637124273169,600
bridgeable,random,r2,0.2,stopped,optimized__minimum,optimized__barycentric,released,0,0,0,600
bridgeable,random,r2,0.2,stopped,optimized__minimum,optimized__barycentric,bad_release,0,0,0,600
bridgeable,random,r2,0.2,stopped,optimized__minimum,optimized__barycentric,path_covered,0,0,0,600
bridgeable,random,r2,0.2,stopped,optimized__minimum,optimized__barycentric,new_n,0,0,0,600
bridgeable,random,r2,0.2,stopped,optimized__minimum,optimized__barycentric,error,0,0,0,600
bridgeable,random,r2,0.2,stopped,optimized__minimum,optimized__barycentric,width,0,0,0,600
bridgeable,random,r2,0.2,stopped,optimized__minimum,optimized__lipschitz,released,0.385,0.358333333333,0.408375,600
bridgeable,random,r2,0.2,stopped,optimized__minimum,optimized__lipschitz,bad_release,0,0,0,600
bridgeable,random,r2,0.2,stopped,optimized__minimum,optimized__lipschitz,path_covered,0,0,0,600
bridgeable,random,r2,0.2,stopped,optimized__minimum,optimized__lipschitz,new_n,-26.56,-29.92,-23.2,600
bridgeable,random,r2,0.2,stopped,optimized__minimum,optimized__lipschitz,error,-0.0870987975549,-0.093999524211,-0.0800477306955,600
bridgeable,random,r2,0.2,stopped,optimized__minimum,optimized__lipschitz,width,-0.0727127261807,-0.0812696442523,-0.0640731952424,600
bridgeable,random,r2,0.2,stopped,optimized__minimum,uniform__minimum,released,0.371666666667,0.345,0.398333333333,600
bridgeable,random,r2,0.2,stopped,optimized__minimum,uniform__minimum,bad_release,0,0,0,600
bridgeable,random,r2,0.2,stopped,optimized__minimum,uniform__minimum,path_covered,0,0,0,600
bridgeable,random,r2,0.2,stopped,optimized__minimum,uniform__minimum,new_n,-26.56,-29.76,-23.36,600
bridgeable,random,r2,0.2,stopped,optimized__minimum,uniform__minimum,error,-0.106440021192,-0.111662562079,-0.101442505772,600
bridgeable,random,r2,0.2,stopped,optimized__minimum,uniform__minimum,width,-0.0708112508232,-0.079437116675,-0.0622084679827,600
bridgeable,random,r2,0.3,stopped,optimized__minimum,inverse_variance__minimum,released,1,1,1,600
bridgeable,random,r2,0.3,stopped,optimized__minimum,inverse_variance__minimum,bad_release,0,0,0,600
bridgeable,random,r2,0.3,stopped,optimized__minimum,inverse_variance__minimum,path_covered,0,0,0,600
bridgeable,random,r2,0.3,stopped,optimized__minimum,inverse_variance__minimum,new_n,-128.32,-132.64,-124,600
bridgeable,random,r2,0.3,stopped,optimized__minimum,inverse_variance__minimum,error,-0.321774989557,-0.32478555783,-0.318717403833,600
bridgeable,random,r2,0.3,stopped,optimized__minimum,inverse_variance__minimum,width,-0.118130768685,-0.126358043524,-0.109708324741,600
bridgeable,random,r2,0.3,stopped,optimized__minimum,nearest_source__minimum,released,1,1,1,600
bridgeable,random,r2,0.3,stopped,optimized__minimum,nearest_source__minimum,bad_release,0,0,0,600
bridgeable,random,r2,0.3,stopped,optimized__minimum,nearest_source__minimum,path_covered,0,0,0,600
bridgeable,random,r2,0.3,stopped,optimized__minimum,nearest_source__minimum,new_n,-128.32,-132.64,-123.84,600
bridgeable,random,r2,0.3,stopped,optimized__minimum,nearest_source__minimum,error,-0.0907848204905,-0.0993888958568,-0.0822546786577,600
bridgeable,random,r2,0.3,stopped,optimized__minimum,nearest_source__minimum,width,-0.118130768685,-0.126855741483,-0.109811432194,600
bridgeable,random,r2,0.3,stopped,optimized__minimum,optimized__barycentric,released,0,0,0,600
bridgeable,random,r2,0.3,stopped,optimized__minimum,optimized__barycentric,bad_release,0,0,0,600
bridgeable,random,r2,0.3,stopped,optimized__minimum,optimized__barycentric,path_covered,0,0,0,600
bridgeable,random,r2,0.3,stopped,optimized__minimum,optimized__barycentric,new_n,0,0,0,600
bridgeable,random,r2,0.3,stopped,optimized__minimum,optimized__barycentric,error,0,0,0,600
bridgeable,random,r2,0.3,stopped,optimized__minimum,optimized__barycentric,width,0,0,0,600
bridgeable,random,r2,0.3,stopped,optimized__minimum,optimized__lipschitz,released,1,1,1,600
bridgeable,random,r2,0.3,stopped,optimized__minimum,optimized__lipschitz,bad_release,0,0,0,600
bridgeable,random,r2,0.3,stopped,optimized__minimum,optimized__lipschitz,path_covered,0,0,0,600
bridgeable,random,r2,0.3,stopped,optimized__minimum,optimized__lipschitz,new_n,-128.32,-132.8,-123.84,600
bridgeable,random,r2,0.3,stopped,optimized__minimum,optimized__lipschitz,error,-0.081259020214,-0.0886465484491,-0.0739219251824,600
bridgeable,random,r2,0.3,stopped,optimized__minimum,optimized__lipschitz,width,-0.118130768685,-0.126359475357,-0.109386819373,600
bridgeable,random,r2,0.3,stopped,optimized__minimum,uniform__minimum,released,0.796666666667,0.77,0.823333333333,600
bridgeable,random,r2,0.3,stopped,optimized__minimum,uniform__minimum,bad_release,0,0,0,600
bridgeable,random,r2,0.3,stopped,optimized__minimum,uniform__minimum,path_covered,0,0,0,600
bridgeable,random,r2,0.3,stopped,optimized__minimum,uniform__minimum,new_n,-123.84,-128.32,-119.36,600
bridgeable,random,r2,0.3,stopped,optimized__minimum,uniform__minimum,error,-0.102421298927,-0.107411336617,-0.097158666232,600
bridgeable,random,r2,0.3,stopped,optimized__minimum,uniform__minimum,width,-0.114457285547,-0.123202193822,-0.105640420572,600
bridgeable,random,rinf,0.2,stopped,optimized__minimum,inverse_variance__minimum,released,0,0,0,600
bridgeable,random,rinf,0.2,stopped,optimized__minimum,inverse_variance__minimum,bad_release,0,0,0,600
bridgeable,random,rinf,0.2,stopped,optimized__minimum,inverse_variance__minimum,path_covered,0,0,0,600
bridgeable,random,rinf,0.2,stopped,optimized__minimum,inverse_variance__minimum,new_n,0,0,0,600
bridgeable,random,rinf,0.2,stopped,optimized__minimum,inverse_variance__minimum,error,-0.317546430267,-0.320681463372,-0.314319896725,600
bridgeable,random,rinf,0.2,stopped,optimized__minimum,inverse_variance__minimum,width,0,0,0,600
bridgeable,random,rinf,0.2,stopped,optimized__minimum,nearest_source__minimum,released,0,0,0,600
bridgeable,random,rinf,0.2,stopped,optimized__minimum,nearest_source__minimum,bad_release,0,0,0,600
bridgeable,random,rinf,0.2,stopped,optimized__minimum,nearest_source__minimum,path_covered,0,0,0,600
bridgeable,random,rinf,0.2,stopped,optimized__minimum,nearest_source__minimum,new_n,0,0,0,600
bridgeable,random,rinf,0.2,stopped,optimized__minimum,nearest_source__minimum,error,-0.0865562612001,-0.0953937256164,-0.0776325527761,600
bridgeable,random,rinf,0.2,stopped,optimized__minimum,nearest_source__minimum,width,0,0,0,600
bridgeable,random,rinf,0.2,stopped,optimized__minimum,optimized__barycentric,released,0,0,0,600
bridgeable,random,rinf,0.2,stopped,optimized__minimum,optimized__barycentric,bad_release,0,0,0,600
bridgeable,random,rinf,0.2,stopped,optimized__minimum,optimized__barycentric,path_covered,0,0,0,600
bridgeable,random,rinf,0.2,stopped,optimized__minimum,optimized__barycentric,new_n,0,0,0,600
bridgeable,random,rinf,0.2,stopped,optimized__minimum,optimized__barycentric,error,0,0,0,600
bridgeable,random,rinf,0.2,stopped,optimized__minimum,optimized__barycentric,width,0,0,0,600
bridgeable,random,rinf,0.2,stopped,optimized__minimum,optimized__lipschitz,released,0,0,0,600
bridgeable,random,rinf,0.2,stopped,optimized__minimum,optimized__lipschitz,bad_release,0,0,0,600
bridgeable,random,rinf,0.2,stopped,optimized__minimum,optimized__lipschitz,path_covered,0,0,0,600
bridgeable,random,rinf,0.2,stopped,optimized__minimum,optimized__lipschitz,new_n,0,0,0,600
bridgeable,random,rinf,0.2,stopped,optimized__minimum,optimized__lipschitz,error,-0.134342546673,-0.145022364037,-0.12380716158,600
bridgeable,random,rinf,0.2,stopped,optimized__minimum,optimized__lipschitz,width,0,0,0,600
bridgeable,random,rinf,0.2,stopped,optimized__minimum,uniform__minimum,released,0,0,0,600
bridgeable,random,rinf,0.2,stopped,optimized__minimum,uniform__minimum,bad_release,0,0,0,600
bridgeable,random,rinf,0.2,stopped,optimized__minimum,uniform__minimum,path_covered,0,0,0,600
bridgeable,random,rinf,0.2,stopped,optimized__minimum,uniform__minimum,new_n,0,0,0,600
bridgeable,random,rinf,0.2,stopped,optimized__minimum,uniform__minimum,error,-0.096371684561,-0.101777822659,-0.0911841085181,600
bridgeable,random,rinf,0.2,stopped,optimized__minimum,uniform__minimum,width,0,0,0,600
bridgeable,random,rinf,0.3,stopped,optimized__minimum,inverse_variance__minimum,released,0.318333333333,0.305,0.33,600
bridgeable,random,rinf,0.3,stopped,optimized__minimum,inverse_variance__minimum,bad_release,0,0,0,600
bridgeable,random,rinf,0.3,stopped,optimized__minimum,inverse_variance__minimum,path_covered,0,0,0,600
bridgeable,random,rinf,0.3,stopped,optimized__minimum,inverse_variance__minimum,new_n,-43.04,-46.56,-39.52,600
bridgeable,random,rinf,0.3,stopped,optimized__minimum,inverse_variance__minimum,error,-0.317032389772,-0.320501959213,-0.313866137133,600
bridgeable,random,rinf,0.3,stopped,optimized__minimum,inverse_variance__minimum,width,0.0179747658762,0.0128995487599,0.0229243266234,600
bridgeable,random,rinf,0.3,stopped,optimized__minimum,nearest_source__minimum,released,0.318333333333,0.305,0.331666666667,600
bridgeable,random,rinf,0.3,stopped,optimized__minimum,nearest_source__minimum,bad_release,0,0,0,600
bridgeable,random,rinf,0.3,stopped,optimized__minimum,nearest_source__minimum,path_covered,0,0,0,600
bridgeable,random,rinf,0.3,stopped,optimized__minimum,nearest_source__minimum,new_n,-43.04,-46.56,-39.36,600
bridgeable,random,rinf,0.3,stopped,optimized__minimum,nearest_source__minimum,error,-0.086042220705,-0.0945643943492,-0.0775909840432,600
bridgeable,random,rinf,0.3,stopped,optimized__minimum,nearest_source__minimum,width,0.0179747658762,0.0131911522305,0.02259316729,600
bridgeable,random,rinf,0.3,stopped,optimized__minimum,optimized__barycentric,released,0,0,0,600
bridgeable,random,rinf,0.3,stopped,optimized__minimum,optimized__barycentric,bad_release,0,0,0,600
bridgeable,random,rinf,0.3,stopped,optimized__minimum,optimized__barycentric,path_covered,0,0,0,600
bridgeable,random,rinf,0.3,stopped,optimized__minimum,optimized__barycentric,new_n,0,0,0,600
bridgeable,random,rinf,0.3,stopped,optimized__minimum,optimized__barycentric,error,0,0,0,600
bridgeable,random,rinf,0.3,stopped,optimized__minimum,optimized__barycentric,width,0,0,0,600
bridgeable,random,rinf,0.3,stopped,optimized__minimum,optimized__lipschitz,released,0.318333333333,0.305,0.33,600
bridgeable,random,rinf,0.3,stopped,optimized__minimum,optimized__lipschitz,bad_release,0,0,0,600
bridgeable,random,rinf,0.3,stopped,optimized__minimum,optimized__lipschitz,path_covered,0,0,0,600
bridgeable,random,rinf,0.3,stopped,optimized__minimum,optimized__lipschitz,new_n,-43.04,-46.56,-39.36,600
bridgeable,random,rinf,0.3,stopped,optimized__minimum,optimized__lipschitz,error,-0.133828506178,-0.144628908021,-0.122818182757,600
bridgeable,random,rinf,0.3,stopped,optimized__minimum,optimized__lipschitz,width,0.0179747658762,0.0131183526337,0.022654235343,600
bridgeable,random,rinf,0.3,stopped,optimized__minimum,uniform__minimum,released,0.318333333333,0.303333333333,0.33,600
bridgeable,random,rinf,0.3,stopped,optimized__minimum,uniform__minimum,bad_release,0,0,0,600
bridgeable,random,rinf,0.3,stopped,optimized__minimum,uniform__minimum,path_covered,0,0,0,600
bridgeable,random,rinf,0.3,stopped,optimized__minimum,uniform__minimum,new_n,-43.04,-46.4,-39.68,600
bridgeable,random,rinf,0.3,stopped,optimized__minimum,uniform__minimum,error,-0.0958576440659,-0.101280602564,-0.0904407342098,600
bridgeable,random,rinf,0.3,stopped,optimized__minimum,uniform__minimum,width,0.0179747658762,0.0132306292716,0.0226271026702,600
supported,nearest,r2,0.2,stopped,optimized__minimum,inverse_variance__minimum,released,0,0,0,600
supported,nearest,r2,0.2,stopped,optimized__minimum,inverse_variance__minimum,bad_release,0,0,0,600
supported,nearest,r2,0.2,stopped,optimized__minimum,inverse_variance__minimum,path_covered,0,0,0,600
supported,nearest,r2,0.2,stopped,optimized__minimum,inverse_variance__minimum,new_n,0,0,0,600
supported,nearest,r2,0.2,stopped,optimized__minimum,inverse_variance__minimum,error,0.000437168152936,-0.000360432903022,0.00127321336869,600
supported,nearest,r2,0.2,stopped,optimized__minimum,inverse_variance__minimum,width,-0.0267704755689,-0.0277685753243,-0.0258197955444,600
supported,nearest,r2,0.2,stopped,optimized__minimum,nearest_source__minimum,released,0.998333333333,0.995,1,600
supported,nearest,r2,0.2,stopped,optimized__minimum,nearest_source__minimum,bad_release,0,0,0,600
supported,nearest,r2,0.2,stopped,optimized__minimum,nearest_source__minimum,path_covered,0,0,0,600
supported,nearest,r2,0.2,stopped,optimized__minimum,nearest_source__minimum,new_n,-287.52,-288,-286.56,600
supported,nearest,r2,0.2,stopped,optimized__minimum,nearest_source__minimum,error,-0.0674414238781,-0.0725320688396,-0.0624964040667,600
supported,nearest,r2,0.2,stopped,optimized__minimum,nearest_source__minimum,width,-0.166918165728,-0.171054317283,-0.162801375461,600
supported,nearest,r2,0.2,stopped,optimized__minimum,optimized__barycentric,released,0,0,0,600
supported,nearest,r2,0.2,stopped,optimized__minimum,optimized__barycentric,bad_release,0,0,0,600
supported,nearest,r2,0.2,stopped,optimized__minimum,optimized__barycentric,path_covered,0,0,0,600
supported,nearest,r2,0.2,stopped,optimized__minimum,optimized__barycentric,new_n,0,0,0,600
supported,nearest,r2,0.2,stopped,optimized__minimum,optimized__barycentric,error,0,0,0,600
supported,nearest,r2,0.2,stopped,optimized__minimum,optimized__barycentric,width,0,0,0,600
supported,nearest,r2,0.2,stopped,optimized__minimum,optimized__lipschitz,released,0.91,0.886666666667,0.931708333333,600
supported,nearest,r2,0.2,stopped,optimized__minimum,optimized__lipschitz,bad_release,0,0,0,600
supported,nearest,r2,0.2,stopped,optimized__minimum,optimized__lipschitz,path_covered,0,0,0,600
supported,nearest,r2,0.2,stopped,optimized__minimum,optimized__lipschitz,new_n,-267.52,-272.8,-262.08,600
supported,nearest,r2,0.2,stopped,optimized__minimum,optimized__lipschitz,error,-0.00125156871471,-0.00211813770557,-0.00030427586031,600
supported,nearest,r2,0.2,stopped,optimized__minimum,optimized__lipschitz,width,-0.169052197599,-0.172789883757,-0.165031656131,600
supported,nearest,r2,0.2,stopped,optimized__minimum,uniform__minimum,released,0,0,0,600
supported,nearest,r2,0.2,stopped,optimized__minimum,uniform__minimum,bad_release,0,0,0,600
supported,nearest,r2,0.2,stopped,optimized__minimum,uniform__minimum,path_covered,0,0,0,600
supported,nearest,r2,0.2,stopped,optimized__minimum,uniform__minimum,new_n,0,0,0,600
supported,nearest,r2,0.2,stopped,optimized__minimum,uniform__minimum,error,0.000437168152936,-0.000365998729239,0.00123869936005,600
supported,nearest,r2,0.2,stopped,optimized__minimum,uniform__minimum,width,-0.0267704755689,-0.0277312227947,-0.0257581678823,600
supported,nearest,r2,0.3,stopped,optimized__minimum,inverse_variance__minimum,released,0,0,0,600
supported,nearest,r2,0.3,stopped,optimized__minimum,inverse_variance__minimum,bad_release,0,0,0,600
supported,nearest,r2,0.3,stopped,optimized__minimum,inverse_variance__minimum,path_covered,0,0,0,600
supported,nearest,r2,0.3,stopped,optimized__minimum,inverse_variance__minimum,new_n,0,0,0,600
supported,nearest,r2,0.3,stopped,optimized__minimum,inverse_variance__minimum,error,0.000437168152936,-0.000360731644345,0.00119476217035,600
supported,nearest,r2,0.3,stopped,optimized__minimum,inverse_variance__minimum,width,-0.0267704755689,-0.0277384103549,-0.0257659101774,600
supported,nearest,r2,0.3,stopped,optimized__minimum,nearest_source__minimum,released,0.005,0,0.0116666666667,600
supported,nearest,r2,0.3,stopped,optimized__minimum,nearest_source__minimum,bad_release,0,0,0,600
supported,nearest,r2,0.3,stopped,optimized__minimum,nearest_source__minimum,path_covered,0,0,0,600
supported,nearest,r2,0.3,stopped,optimized__minimum,nearest_source__minimum,new_n,-1.44,-3.36,0,600
supported,nearest,r2,0.3,stopped,optimized__minimum,nearest_source__minimum,error,-0.0514992909798,-0.05460114522,-0.0485412214651,600
supported,nearest,r2,0.3,stopped,optimized__minimum,nearest_source__minimum,width,-0.283870913358,-0.286121883644,-0.281550129554,600
supported,nearest,r2,0.3,stopped,optimized__minimum,optimized__barycentric,released,0,0,0,600
supported,nearest,r2,0.3,stopped,optimized__minimum,optimized__barycentric,bad_release,0,0,0,600
supported,nearest,r2,0.3,stopped,optimized__minimum,optimized__barycentric,path_covered,0,0,0,600
supported,nearest,r2,0.3,stopped,optimized__minimum,optimized__barycentric,new_n,0,0,0,600
supported,nearest,r2,0.3,stopped,optimized__minimum,optimized__barycentric,error,0,0,0,600
supported,nearest,r2,0.3,stopped,optimized__minimum,optimized__barycentric,width,0,0,0,600
supported,nearest,r2,0.3,stopped,optimized__minimum,optimized__lipschitz,released,0,0,0,600
supported,nearest,r2,0.3,stopped,optimized__minimum,optimized__lipschitz,bad_release,0,0,0,600
supported,nearest,r2,0.3,stopped,optimized__minimum,optimized__lipschitz,path_covered,0,0,0,600
supported,nearest,r2,0.3,stopped,optimized__minimum,optimized__lipschitz,new_n,0,0,0,600
supported,nearest,r2,0.3,stopped,optimized__minimum,optimized__lipschitz,error,-0.000670350935344,-0.00142881279497,7.49589853097e-05,600
supported,nearest,r2,0.3,stopped,optimized__minimum,optimized__lipschitz,width,-0.205292238368,-0.207003663537,-0.203707486512,600
supported,nearest,r2,0.3,stopped,optimized__minimum,uniform__minimum,released,0,0,0,600
supported,nearest,r2,0.3,stopped,optimized__minimum,uniform__minimum,bad_release,0,0,0,600
supported,nearest,r2,0.3,stopped,optimized__minimum,uniform__minimum,path_covered,0,0,0,600
supported,nearest,r2,0.3,stopped,optimized__minimum,uniform__minimum,new_n,0,0,0,600
supported,nearest,r2,0.3,stopped,optimized__minimum,uniform__minimum,error,0.000437168152936,-0.000380331036087,0.0012502907383,600
supported,nearest,r2,0.3,stopped,optimized__minimum,uniform__minimum,width,-0.0267704755689,-0.0277498685109,-0.0257479374974,600
supported,nearest,rinf,0.2,stopped,optimized__minimum,inverse_variance__minimum,released,0.223333333333,0.191666666667,0.255,600
supported,nearest,rinf,0.2,stopped,optimized__minimum,inverse_variance__minimum,bad_release,0,0,0,600
supported,nearest,rinf,0.2,stopped,optimized__minimum,inverse_variance__minimum,path_covered,0,0,0,600
supported,nearest,rinf,0.2,stopped,optimized__minimum,inverse_variance__minimum,new_n,-64.32,-73.44,-55.2,600
supported,nearest,rinf,0.2,stopped,optimized__minimum,inverse_variance__minimum,error,0.00447227148898,0.00339735275549,0.0056581327749,600
supported,nearest,rinf,0.2,stopped,optimized__minimum,inverse_variance__minimum,width,-0.0277090472933,-0.0299159220574,-0.0255987449129,600
supported,nearest,rinf,0.2,stopped,optimized__minimum,nearest_source__minimum,released,0.998333333333,0.995,1,600
supported,nearest,rinf,0.2,stopped,optimized__minimum,nearest_source__minimum,bad_release,0,0,0,600
supported,nearest,rinf,0.2,stopped,optimized__minimum,nearest_source__minimum,path_covered,0,0,0,600
supported,nearest,rinf,0.2,stopped,optimized__minimum,nearest_source__minimum,new_n,-287.52,-288,-286.56,600
supported,nearest,rinf,0.2,stopped,optimized__minimum,nearest_source__minimum,error,-0.0635853141851,-0.0687870171265,-0.0586627051121,600
supported,nearest,rinf,0.2,stopped,optimized__minimum,nearest_source__minimum,width,-0.0330276982919,-0.037172367222,-0.0287339522611,600
supported,nearest,rinf,0.2,stopped,optimized__minimum,optimized__barycentric,released,0,0,0,600
supported,nearest,rinf,0.2,stopped,optimized__minimum,optimized__barycentric,bad_release,0,0,0,600
supported,nearest,rinf,0.2,stopped,optimized__minimum,optimized__barycentric,path_covered,0,0,0,600
supported,nearest,rinf,0.2,stopped,optimized__minimum,optimized__barycentric,new_n,0,0,0,600
supported,nearest,rinf,0.2,stopped,optimized__minimum,optimized__barycentric,error,0,0,0,600
supported,nearest,rinf,0.2,stopped,optimized__minimum,optimized__barycentric,width,0,0,0,600
supported,nearest,rinf,0.2,stopped,optimized__minimum,optimized__lipschitz,released,0.998333333333,0.995,1,600
supported,nearest,rinf,0.2,stopped,optimized__minimum,optimized__lipschitz,bad_release,0,0,0,600
supported,nearest,rinf,0.2,stopped,optimized__minimum,optimized__lipschitz,path_covered,0,0,0,600
supported,nearest,rinf,0.2,stopped,optimized__minimum,optimized__lipschitz,new_n,-287.52,-288,-286.56,600
supported,nearest,rinf,0.2,stopped,optimized__minimum,optimized__lipschitz,error,-0.0474241815596,-0.050379343568,-0.0445120178189,600
supported,nearest,rinf,0.2,stopped,optimized__minimum,optimized__lipschitz,width,-0.0330276982919,-0.0371371903343,-0.0288936046666,600
supported,nearest,rinf,0.2,stopped,optimized__minimum,uniform__minimum,released,0.223333333333,0.191666666667,0.255,600
supported,nearest,rinf,0.2,stopped,optimized__minimum,uniform__minimum,bad_release,0,0,0,600
supported,nearest,rinf,0.2,stopped,optimized__minimum,uniform__minimum,path_covered,0,0,0,600
supported,nearest,rinf,0.2,stopped,optimized__minimum,uniform__minimum,new_n,-64.32,-73.44,-55.2,600
supported,nearest,rinf,0.2,stopped,optimized__minimum,uniform__minimum,error,0.00220322986813,0.000856235481703,0.00347199649466,600
supported,nearest,rinf,0.2,stopped,optimized__minimum,uniform__minimum,width,-0.0277090472933,-0.0298949897335,-0.0256225575742,600
supported,nearest,rinf,0.3,stopped,optimized__minimum,inverse_variance__minimum,released,0,0,0,600
supported,nearest,rinf,0.3,stopped,optimized__minimum,inverse_variance__minimum,bad_release,0,0,0,600
supported,nearest,rinf,0.3,stopped,optimized__minimum,inverse_variance__minimum,path_covered,0,0,0,600
supported,nearest,rinf,0.3,stopped,optimized__minimum,inverse_variance__minimum,new_n,0,0,0,600
supported,nearest,rinf,0.3,stopped,optimized__minimum,inverse_variance__minimum,error,0.00429327784597,0.00322009874419,0.00543379252964,600
supported,nearest,rinf,0.3,stopped,optimized__minimum,inverse_variance__minimum,width,-0.0317262877073,-0.0329708217951,-0.0305509967715,600
supported,nearest,rinf,0.3,stopped,optimized__minimum,nearest_source__minimum,released,0.005,0,0.0116666666667,600
supported,nearest,rinf,0.3,stopped,optimized__minimum,nearest_source__minimum,bad_release,0,0,0,600
supported,nearest,rinf,0.3,stopped,optimized__minimum,nearest_source__minimum,path_covered,0,0,0,600
supported,nearest,rinf,0.3,stopped,optimized__minimum,nearest_source__minimum,new_n,-1.44,-3.36,0,600
supported,nearest,rinf,0.3,stopped,optimized__minimum,nearest_source__minimum,error,-0.0476431812868,-0.0504599895932,-0.0448557414095,600
supported,nearest,rinf,0.3,stopped,optimized__minimum,nearest_source__minimum,width,-0.168626562596,-0.170807392908,-0.166382732418,600
supported,nearest,rinf,0.3,stopped,optimized__minimum,optimized__barycentric,released,0,0,0,600
supported,nearest,rinf,0.3,stopped,optimized__minimum,optimized__barycentric,bad_release,0,0,0,600
supported,nearest,rinf,0.3,stopped,optimized__minimum,optimized__barycentric,path_covered,0,0,0,600
supported,nearest,rinf,0.3,stopped,optimized__minimum,optimized__barycentric,new_n,0,0,0,600
supported,nearest,rinf,0.3,stopped,optimized__minimum,optimized__barycentric,error,0,0,0,600
supported,nearest,rinf,0.3,stopped,optimized__minimum,optimized__barycentric,width,0,0,0,600
supported,nearest,rinf,0.3,stopped,optimized__minimum,optimized__lipschitz,released,0.005,0,0.0116666666667,600
supported,nearest,rinf,0.3,stopped,optimized__minimum,optimized__lipschitz,bad_release,0,0,0,600
supported,nearest,rinf,0.3,stopped,optimized__minimum,optimized__lipschitz,path_covered,0,0,0,600
supported,nearest,rinf,0.3,stopped,optimized__minimum,optimized__lipschitz,new_n,-1.44,-3.36,0,600
supported,nearest,rinf,0.3,stopped,optimized__minimum,optimized__lipschitz,error,-0.0474241815596,-0.0504385728356,-0.0445318149986,600
supported,nearest,rinf,0.3,stopped,optimized__minimum,optimized__lipschitz,width,-0.168626562596,-0.170739498432,-0.166445120174,600
supported,nearest,rinf,0.3,stopped,optimized__minimum,uniform__minimum,released,0,0,0,600
supported,nearest,rinf,0.3,stopped,optimized__minimum,uniform__minimum,bad_release,0,0,0,600
supported,nearest,rinf,0.3,stopped,optimized__minimum,uniform__minimum,path_covered,0,0,0,600
supported,nearest,rinf,0.3,stopped,optimized__minimum,uniform__minimum,new_n,0,0,0,600
supported,nearest,rinf,0.3,stopped,optimized__minimum,uniform__minimum,error,0.00429327784597,0.00314404176557,0.00550044951851,600
supported,nearest,rinf,0.3,stopped,optimized__minimum,uniform__minimum,width,-0.0317262877073,-0.0329330334247,-0.0305622066508,600
supported,random,r2,0.2,stopped,optimized__minimum,inverse_variance__minimum,released,0,0,0,600
supported,random,r2,0.2,stopped,optimized__minimum,inverse_variance__minimum,bad_release,0,0,0,600
supported,random,r2,0.2,stopped,optimized__minimum,inverse_variance__minimum,path_covered,0,0,0,600
supported,random,r2,0.2,stopped,optimized__minimum,inverse_variance__minimum,new_n,0,0,0,600
supported,random,r2,0.2,stopped,optimized__minimum,inverse_variance__minimum,error,0.000437168152936,-0.000390309218675,0.00122160887092,600
supported,random,r2,0.2,stopped,optimized__minimum,inverse_variance__minimum,width,-0.0267704755689,-0.0278045007996,-0.0258342753697,600
supported,random,r2,0.2,stopped,optimized__minimum,nearest_source__minimum,released,0.998333333333,0.995,1,600
supported,random,r2,0.2,stopped,optimized__minimum,nearest_source__minimum,bad_release,0,0,0,600
supported,random,r2,0.2,stopped,optimized__minimum,nearest_source__minimum,path_covered,0,0,0,600
supported,random,r2,0.2,stopped,optimized__minimum,nearest_source__minimum,new_n,-287.52,-288,-286.56,600
supported,random,r2,0.2,stopped,optimized__minimum,nearest_source__minimum,error,-0.0587693561981,-0.0631229716538,-0.0544000220754,600
supported,random,r2,0.2,stopped,optimized__minimum,nearest_source__minimum,width,-0.167091036886,-0.171155292358,-0.163068982616,600
supported,random,r2,0.2,stopped,optimized__minimum,optimized__barycentric,released,0,0,0,600
supported,random,r2,0.2,stopped,optimized__minimum,optimized__barycentric,bad_release,0,0,0,600
supported,random,r2,0.2,stopped,optimized__minimum,optimized__barycentric,path_covered,0,0,0,600
supported,random,r2,0.2,stopped,optimized__minimum,optimized__barycentric,new_n,0,0,0,600
supported,random,r2,0.2,stopped,optimized__minimum,optimized__barycentric,error,0,0,0,600
supported,random,r2,0.2,stopped,optimized__minimum,optimized__barycentric,width,0,0,0,600
supported,random,r2,0.2,stopped,optimized__minimum,optimized__lipschitz,released,0.935,0.916666666667,0.953333333333,600
supported,random,r2,0.2,stopped,optimized__minimum,optimized__lipschitz,bad_release,0,0,0,600
supported,random,r2,0.2,stopped,optimized__minimum,optimized__lipschitz,path_covered,0,0,0,600
supported,random,r2,0.2,stopped,optimized__minimum,optimized__lipschitz,new_n,-275.2,-279.36,-270.72,600
supported,random,r2,0.2,stopped,optimized__minimum,optimized__lipschitz,error,-0.00121169345233,-0.00201696983655,-0.000374081253644,600
supported,random,r2,0.2,stopped,optimized__minimum,optimized__lipschitz,width,-0.168884707154,-0.172995643117,-0.165153452354,600
supported,random,r2,0.2,stopped,optimized__minimum,uniform__minimum,released,0,0,0,600
supported,random,r2,0.2,stopped,optimized__minimum,uniform__minimum,bad_release,0,0,0,600
supported,random,r2,0.2,stopped,optimized__minimum,uniform__minimum,path_covered,0,0,0,600
supported,random,r2,0.2,stopped,optimized__minimum,uniform__minimum,new_n,0,0,0,600
supported,random,r2,0.2,stopped,optimized__minimum,uniform__minimum,error,0.000437168152936,-0.000348119633591,0.0012264490957,600
supported,random,r2,0.2,stopped,optimized__minimum,uniform__minimum,width,-0.0267704755689,-0.0277481666129,-0.0257716187628,600
supported,random,r2,0.3,stopped,optimized__minimum,inverse_variance__minimum,released,0,0,0,600
supported,random,r2,0.3,stopped,optimized__minimum,inverse_variance__minimum,bad_release,0,0,0,600
supported,random,r2,0.3,stopped,optimized__minimum,inverse_variance__minimum,path_covered,0,0,0,600
supported,random,r2,0.3,stopped,optimized__minimum,inverse_variance__minimum,new_n,0,0,0,600
supported,random,r2,0.3,stopped,optimized__minimum,inverse_variance__minimum,error,0.000437168152936,-0.000375415249415,0.0012517141708,600
supported,random,r2,0.3,stopped,optimized__minimum,inverse_variance__minimum,width,-0.0267704755689,-0.0278188491841,-0.0257871635741,600
supported,random,r2,0.3,stopped,optimized__minimum,nearest_source__minimum,released,0.005,0,0.0116666666667,600
supported,random,r2,0.3,stopped,optimized__minimum,nearest_source__minimum,bad_release,0,0,0,600
supported,random,r2,0.3,stopped,optimized__minimum,nearest_source__minimum,path_covered,0,0,0,600
supported,random,r2,0.3,stopped,optimized__minimum,nearest_source__minimum,new_n,-1.44,-3.36,0,600
supported,random,r2,0.3,stopped,optimized__minimum,nearest_source__minimum,error,-0.0515124636167,-0.0545541523149,-0.0484437187138,600
supported,random,r2,0.3,stopped,optimized__minimum,nearest_source__minimum,width,-0.283870913358,-0.286272664307,-0.281427620564,600
supported,random,r2,0.3,stopped,optimized__minimum,optimized__barycentric,released,0,0,0,600
supported,random,r2,0.3,stopped,optimized__minimum,optimized__barycentric,bad_release,0,0,0,600
supported,random,r2,0.3,stopped,optimized__minimum,optimized__barycentric,path_covered,0,0,0,600
supported,random,r2,0.3,stopped,optimized__minimum,optimized__barycentric,new_n,0,0,0,600
supported,random,r2,0.3,stopped,optimized__minimum,optimized__barycentric,error,0,0,0,600
supported,random,r2,0.3,stopped,optimized__minimum,optimized__barycentric,width,0,0,0,600
supported,random,r2,0.3,stopped,optimized__minimum,optimized__lipschitz,released,0,0,0,600
supported,random,r2,0.3,stopped,optimized__minimum,optimized__lipschitz,bad_release,0,0,0,600
supported,random,r2,0.3,stopped,optimized__minimum,optimized__lipschitz,path_covered,0,0,0,600
supported,random,r2,0.3,stopped,optimized__minimum,optimized__lipschitz,new_n,0,0,0,600
supported,random,r2,0.3,stopped,optimized__minimum,optimized__lipschitz,error,-0.000670350935344,-0.00141810353817,7.34108066738e-05,600
supported,random,r2,0.3,stopped,optimized__minimum,optimized__lipschitz,width,-0.205292238368,-0.206890701473,-0.203720153524,600
supported,random,r2,0.3,stopped,optimized__minimum,uniform__minimum,released,0,0,0,600
supported,random,r2,0.3,stopped,optimized__minimum,uniform__minimum,bad_release,0,0,0,600
supported,random,r2,0.3,stopped,optimized__minimum,uniform__minimum,path_covered,0,0,0,600
supported,random,r2,0.3,stopped,optimized__minimum,uniform__minimum,new_n,0,0,0,600
supported,random,r2,0.3,stopped,optimized__minimum,uniform__minimum,error,0.000437168152936,-0.000377967780252,0.0012364067926,600
supported,random,r2,0.3,stopped,optimized__minimum,uniform__minimum,width,-0.0267704755689,-0.0277663290639,-0.0258144074042,600
supported,random,rinf,0.2,stopped,optimized__minimum,inverse_variance__minimum,released,0.211666666667,0.181666666667,0.243333333333,600
supported,random,rinf,0.2,stopped,optimized__minimum,inverse_variance__minimum,bad_release,0,0,0,600
supported,random,rinf,0.2,stopped,optimized__minimum,inverse_variance__minimum,path_covered,0,0,0,600
supported,random,rinf,0.2,stopped,optimized__minimum,inverse_variance__minimum,new_n,-62.24,-71.524,-53.756,600
supported,random,rinf,0.2,stopped,optimized__minimum,inverse_variance__minimum,error,0.00365478442494,0.00253716087994,0.00486589350503,600
supported,random,rinf,0.2,stopped,optimized__minimum,inverse_variance__minimum,width,-0.028188500107,-0.0302302854858,-0.0260515780621,600
supported,random,rinf,0.2,stopped,optimized__minimum,nearest_source__minimum,released,0.998333333333,0.995,1,600
supported,random,rinf,0.2,stopped,optimized__minimum,nearest_source__minimum,bad_release,0,0,0,600
supported,random,rinf,0.2,stopped,optimized__minimum,nearest_source__minimum,path_covered,0,0,0,600
supported,random,rinf,0.2,stopped,optimized__minimum,nearest_source__minimum,new_n,-287.52,-288,-286.56,600
supported,random,rinf,0.2,stopped,optimized__minimum,nearest_source__minimum,error,-0.0549132465051,-0.059311515954,-0.0506606770076,600
supported,random,rinf,0.2,stopped,optimized__minimum,nearest_source__minimum,width,-0.0333038495448,-0.0373256693383,-0.029226109723,600
supported,random,rinf,0.2,stopped,optimized__minimum,optimized__barycentric,released,0,0,0,600
supported,random,rinf,0.2,stopped,optimized__minimum,optimized__barycentric,bad_release,0,0,0,600
supported,random,rinf,0.2,stopped,optimized__minimum,optimized__barycentric,path_covered,0,0,0,600
supported,random,rinf,0.2,stopped,optimized__minimum,optimized__barycentric,new_n,0,0,0,600
supported,random,rinf,0.2,stopped,optimized__minimum,optimized__barycentric,error,0,0,0,600
supported,random,rinf,0.2,stopped,optimized__minimum,optimized__barycentric,width,0,0,0,600
supported,random,rinf,0.2,stopped,optimized__minimum,optimized__lipschitz,released,0.998333333333,0.995,1,600
supported,random,rinf,0.2,stopped,optimized__minimum,optimized__lipschitz,bad_release,0,0,0,600
supported,random,rinf,0.2,stopped,optimized__minimum,optimized__lipschitz,path_covered,0,0,0,600
supported,random,rinf,0.2,stopped,optimized__minimum,optimized__lipschitz,new_n,-287.52,-288,-286.56,600
supported,random,rinf,0.2,stopped,optimized__minimum,optimized__lipschitz,error,-0.0474241815596,-0.0503643860133,-0.0444294874427,600
supported,random,rinf,0.2,stopped,optimized__minimum,optimized__lipschitz,width,-0.0333038495448,-0.0374809709841,-0.0289725706434,600
supported,random,rinf,0.2,stopped,optimized__minimum,uniform__minimum,released,0.223333333333,0.191666666667,0.256666666667,600
supported,random,rinf,0.2,stopped,optimized__minimum,uniform__minimum,bad_release,0,0,0,600
supported,random,rinf,0.2,stopped,optimized__minimum,uniform__minimum,path_covered,0,0,0,600
supported,random,rinf,0.2,stopped,optimized__minimum,uniform__minimum,new_n,-64.32,-73.92,-55.2,600
supported,random,rinf,0.2,stopped,optimized__minimum,uniform__minimum,error,-0.00626643938614,-0.00844212737348,-0.00419408819448,600
supported,random,rinf,0.2,stopped,optimized__minimum,uniform__minimum,width,-0.0275630849768,-0.0298719483252,-0.0254277520935,600
supported,random,rinf,0.3,stopped,optimized__minimum,inverse_variance__minimum,released,0,0,0,600
supported,random,rinf,0.3,stopped,optimized__minimum,inverse_variance__minimum,bad_release,0,0,0,600
supported,random,rinf,0.3,stopped,optimized__minimum,inverse_variance__minimum,path_covered,0,0,0,600
supported,random,rinf,0.3,stopped,optimized__minimum,inverse_variance__minimum,new_n,0,0,0,600
supported,random,rinf,0.3,stopped,optimized__minimum,inverse_variance__minimum,error,0.00429327784597,0.00319103371504,0.00544581994275,600
supported,random,rinf,0.3,stopped,optimized__minimum,inverse_variance__minimum,width,-0.0317262877073,-0.0330215167741,-0.030437585783,600
supported,random,rinf,0.3,stopped,optimized__minimum,nearest_source__minimum,released,0.005,0,0.0116666666667,600
supported,random,rinf,0.3,stopped,optimized__minimum,nearest_source__minimum,bad_release,0,0,0,600
supported,random,rinf,0.3,stopped,optimized__minimum,nearest_source__minimum,path_covered,0,0,0,600
supported,random,rinf,0.3,stopped,optimized__minimum,nearest_source__minimum,new_n,-1.44,-3.36,0,600
supported,random,rinf,0.3,stopped,optimized__minimum,nearest_source__minimum,error,-0.0476563539237,-0.0507808483916,-0.0446859684277,600
supported,random,rinf,0.3,stopped,optimized__minimum,nearest_source__minimum,width,-0.168626562596,-0.170925697096,-0.166336321299,600
supported,random,rinf,0.3,stopped,optimized__minimum,optimized__barycentric,released,0,0,0,600
supported,random,rinf,0.3,stopped,optimized__minimum,optimized__barycentric,bad_release,0,0,0,600
supported,random,rinf,0.3,stopped,optimized__minimum,optimized__barycentric,path_covered,0,0,0,600
supported,random,rinf,0.3,stopped,optimized__minimum,optimized__barycentric,new_n,0,0,0,600
supported,random,rinf,0.3,stopped,optimized__minimum,optimized__barycentric,error,0,0,0,600
supported,random,rinf,0.3,stopped,optimized__minimum,optimized__barycentric,width,0,0,0,600
supported,random,rinf,0.3,stopped,optimized__minimum,optimized__lipschitz,released,0.005,0,0.0116666666667,600
supported,random,rinf,0.3,stopped,optimized__minimum,optimized__lipschitz,bad_release,0,0,0,600
supported,random,rinf,0.3,stopped,optimized__minimum,optimized__lipschitz,path_covered,0,0,0,600
supported,random,rinf,0.3,stopped,optimized__minimum,optimized__lipschitz,new_n,-1.44,-3.36,0,600
supported,random,rinf,0.3,stopped,optimized__minimum,optimized__lipschitz,error,-0.0474241815596,-0.0502719710768,-0.0445903275894,600
supported,random,rinf,0.3,stopped,optimized__minimum,optimized__lipschitz,width,-0.168626562596,-0.170838461793,-0.166395158045,600
supported,random,rinf,0.3,stopped,optimized__minimum,uniform__minimum,released,0,0,0,600
supported,random,rinf,0.3,stopped,optimized__minimum,uniform__minimum,bad_release,0,0,0,600
supported,random,rinf,0.3,stopped,optimized__minimum,uniform__minimum,path_covered,0,0,0,600
supported,random,rinf,0.3,stopped,optimized__minimum,uniform__minimum,new_n,0,0,0,600
supported,random,rinf,0.3,stopped,optimized__minimum,uniform__minimum,error,0.00429327784597,0.00321633787852,0.00550170313259,600
supported,random,rinf,0.3,stopped,optimized__minimum,uniform__minimum,width,-0.0317262877073,-0.0329460924132,-0.0305240913533,600
unreachable,nearest,r2,0.2,stopped,optimized__minimum,inverse_variance__minimum,released,0,0,0,600
unreachable,nearest,r2,0.2,stopped,optimized__minimum,inverse_variance__minimum,bad_release,0,0,0,600
unreachable,nearest,r2,0.2,stopped,optimized__minimum,inverse_variance__minimum,path_covered,0,0,0,600
unreachable,nearest,r2,0.2,stopped,optimized__minimum,inverse_variance__minimum,new_n,0,0,0,600
unreachable,nearest,r2,0.2,stopped,optimized__minimum,inverse_variance__minimum,error,-0.287984261292,-0.293410558744,-0.282624131041,600
unreachable,nearest,r2,0.2,stopped,optimized__minimum,inverse_variance__minimum,width,0,0,0,600
unreachable,nearest,r2,0.2,stopped,optimized__minimum,nearest_source__minimum,released,0,0,0,600
unreachable,nearest,r2,0.2,stopped,optimized__minimum,nearest_source__minimum,bad_release,0,0,0,600
unreachable,nearest,r2,0.2,stopped,optimized__minimum,nearest_source__minimum,path_covered,0,0,0,600
unreachable,nearest,r2,0.2,stopped,optimized__minimum,nearest_source__minimum,new_n,0,0,0,600
unreachable,nearest,r2,0.2,stopped,optimized__minimum,nearest_source__minimum,error,0.0527711592427,0.0473282176739,0.0579792643977,600
unreachable,nearest,r2,0.2,stopped,optimized__minimum,nearest_source__minimum,width,0,0,0,600
unreachable,nearest,r2,0.2,stopped,optimized__minimum,optimized__barycentric,released,0,0,0,600
unreachable,nearest,r2,0.2,stopped,optimized__minimum,optimized__barycentric,bad_release,0,0,0,600
unreachable,nearest,r2,0.2,stopped,optimized__minimum,optimized__barycentric,path_covered,0,0,0,600
unreachable,nearest,r2,0.2,stopped,optimized__minimum,optimized__barycentric,new_n,0,0,0,600
unreachable,nearest,r2,0.2,stopped,optimized__minimum,optimized__barycentric,error,0.000126320653082,9.95023331165e-05,0.000154060847992,600
unreachable,nearest,r2,0.2,stopped,optimized__minimum,optimized__barycentric,width,0,0,0,600
unreachable,nearest,r2,0.2,stopped,optimized__minimum,optimized__lipschitz,released,0,0,0,600
unreachable,nearest,r2,0.2,stopped,optimized__minimum,optimized__lipschitz,bad_release,0,0,0,600
unreachable,nearest,r2,0.2,stopped,optimized__minimum,optimized__lipschitz,path_covered,0,0,0,600
unreachable,nearest,r2,0.2,stopped,optimized__minimum,optimized__lipschitz,new_n,0,0,0,600
unreachable,nearest,r2,0.2,stopped,optimized__minimum,optimized__lipschitz,error,3.8033207407e-05,2.91216760662e-05,4.69562566805e-05,600
unreachable,nearest,r2,0.2,stopped,optimized__minimum,optimized__lipschitz,width,0,0,0,600
unreachable,nearest,r2,0.2,stopped,optimized__minimum,uniform__minimum,released,0,0,0,600
unreachable,nearest,r2,0.2,stopped,optimized__minimum,uniform__minimum,bad_release,0,0,0,600
unreachable,nearest,r2,0.2,stopped,optimized__minimum,uniform__minimum,path_covered,0,0,0,600
unreachable,nearest,r2,0.2,stopped,optimized__minimum,uniform__minimum,new_n,0,0,0,600
unreachable,nearest,r2,0.2,stopped,optimized__minimum,uniform__minimum,error,-0.185971379483,-0.189339943585,-0.182511223681,600
unreachable,nearest,r2,0.2,stopped,optimized__minimum,uniform__minimum,width,0,0,0,600
unreachable,nearest,r2,0.3,stopped,optimized__minimum,inverse_variance__minimum,released,0,0,0,600
unreachable,nearest,r2,0.3,stopped,optimized__minimum,inverse_variance__minimum,bad_release,0,0,0,600
unreachable,nearest,r2,0.3,stopped,optimized__minimum,inverse_variance__minimum,path_covered,0,0,0,600
unreachable,nearest,r2,0.3,stopped,optimized__minimum,inverse_variance__minimum,new_n,0,0,0,600
unreachable,nearest,r2,0.3,stopped,optimized__minimum,inverse_variance__minimum,error,-0.287984261292,-0.293290217379,-0.282569818691,600
unreachable,nearest,r2,0.3,stopped,optimized__minimum,inverse_variance__minimum,width,0,0,0,600
unreachable,nearest,r2,0.3,stopped,optimized__minimum,nearest_source__minimum,released,0,0,0,600
unreachable,nearest,r2,0.3,stopped,optimized__minimum,nearest_source__minimum,bad_release,0,0,0,600
unreachable,nearest,r2,0.3,stopped,optimized__minimum,nearest_source__minimum,path_covered,0,0,0,600
unreachable,nearest,r2,0.3,stopped,optimized__minimum,nearest_source__minimum,new_n,0,0,0,600
unreachable,nearest,r2,0.3,stopped,optimized__minimum,nearest_source__minimum,error,0.0527711592427,0.0471628626326,0.0585359180676,600
unreachable,nearest,r2,0.3,stopped,optimized__minimum,nearest_source__minimum,width,0,0,0,600
unreachable,nearest,r2,0.3,stopped,optimized__minimum,optimized__barycentric,released,0,0,0,600
unreachable,nearest,r2,0.3,stopped,optimized__minimum,optimized__barycentric,bad_release,0,0,0,600
unreachable,nearest,r2,0.3,stopped,optimized__minimum,optimized__barycentric,path_covered,0,0,0,600
unreachable,nearest,r2,0.3,stopped,optimized__minimum,optimized__barycentric,new_n,0,0,0,600
unreachable,nearest,r2,0.3,stopped,optimized__minimum,optimized__barycentric,error,0.000126320653082,9.96035397573e-05,0.00015463633674,600
unreachable,nearest,r2,0.3,stopped,optimized__minimum,optimized__barycentric,width,0,0,0,600
unreachable,nearest,r2,0.3,stopped,optimized__minimum,optimized__lipschitz,released,0,0,0,600
unreachable,nearest,r2,0.3,stopped,optimized__minimum,optimized__lipschitz,bad_release,0,0,0,600
unreachable,nearest,r2,0.3,stopped,optimized__minimum,optimized__lipschitz,path_covered,0,0,0,600
unreachable,nearest,r2,0.3,stopped,optimized__minimum,optimized__lipschitz,new_n,0,0,0,600
unreachable,nearest,r2,0.3,stopped,optimized__minimum,optimized__lipschitz,error,3.8033207407e-05,2.8760252715e-05,4.75009820713e-05,600
unreachable,nearest,r2,0.3,stopped,optimized__minimum,optimized__lipschitz,width,0,0,0,600
unreachable,nearest,r2,0.3,stopped,optimized__minimum,uniform__minimum,released,0,0,0,600
unreachable,nearest,r2,0.3,stopped,optimized__minimum,uniform__minimum,bad_release,0,0,0,600
unreachable,nearest,r2,0.3,stopped,optimized__minimum,uniform__minimum,path_covered,0,0,0,600
unreachable,nearest,r2,0.3,stopped,optimized__minimum,uniform__minimum,new_n,0,0,0,600
unreachable,nearest,r2,0.3,stopped,optimized__minimum,uniform__minimum,error,-0.185971379483,-0.18964159248,-0.182489702557,600
unreachable,nearest,r2,0.3,stopped,optimized__minimum,uniform__minimum,width,0,0,0,600
unreachable,nearest,rinf,0.2,stopped,optimized__minimum,inverse_variance__minimum,released,0,0,0,600
unreachable,nearest,rinf,0.2,stopped,optimized__minimum,inverse_variance__minimum,bad_release,0,0,0,600
unreachable,nearest,rinf,0.2,stopped,optimized__minimum,inverse_variance__minimum,path_covered,0,0,0,600
unreachable,nearest,rinf,0.2,stopped,optimized__minimum,inverse_variance__minimum,new_n,0,0,0,600
unreachable,nearest,rinf,0.2,stopped,optimized__minimum,inverse_variance__minimum,error,-0.340755420534,-0.349373964215,-0.332414054552,600
unreachable,nearest,rinf,0.2,stopped,optimized__minimum,inverse_variance__minimum,width,0,0,0,600
unreachable,nearest,rinf,0.2,stopped,optimized__minimum,nearest_source__minimum,released,0,0,0,600
unreachable,nearest,rinf,0.2,stopped,optimized__minimum,nearest_source__minimum,bad_release,0,0,0,600
unreachable,nearest,rinf,0.2,stopped,optimized__minimum,nearest_source__minimum,path_covered,0,0,0,600
unreachable,nearest,rinf,0.2,stopped,optimized__minimum,nearest_source__minimum,new_n,0,0,0,600
unreachable,nearest,rinf,0.2,stopped,optimized__minimum,nearest_source__minimum,error,2.0169051614e-17,1.53534592447e-17,2.53547183249e-17,600
unreachable,nearest,rinf,0.2,stopped,optimized__minimum,nearest_source__minimum,width,0,0,0,600
unreachable,nearest,rinf,0.2,stopped,optimized__minimum,optimized__barycentric,released,0,0,0,600
unreachable,nearest,rinf,0.2,stopped,optimized__minimum,optimized__barycentric,bad_release,0,0,0,600
unreachable,nearest,rinf,0.2,stopped,optimized__minimum,optimized__barycentric,path_covered,0,0,0,600
unreachable,nearest,rinf,0.2,stopped,optimized__minimum,optimized__barycentric,new_n,0,0,0,600
unreachable,nearest,rinf,0.2,stopped,optimized__minimum,optimized__barycentric,error,1.70234197109e-17,1.23974904416e-17,2.1834386151e-17,600
unreachable,nearest,rinf,0.2,stopped,optimized__minimum,optimized__barycentric,width,0,0,0,600
unreachable,nearest,rinf,0.2,stopped,optimized__minimum,optimized__lipschitz,released,0,0,0,600
unreachable,nearest,rinf,0.2,stopped,optimized__minimum,optimized__lipschitz,bad_release,0,0,0,600
unreachable,nearest,rinf,0.2,stopped,optimized__minimum,optimized__lipschitz,path_covered,0,0,0,600
unreachable,nearest,rinf,0.2,stopped,optimized__minimum,optimized__lipschitz,new_n,0,0,0,600
unreachable,nearest,rinf,0.2,stopped,optimized__minimum,optimized__lipschitz,error,8.69674702623e-18,5.55111512313e-18,1.22124532709e-17,600
unreachable,nearest,rinf,0.2,stopped,optimized__minimum,optimized__lipschitz,width,0,0,0,600
unreachable,nearest,rinf,0.2,stopped,optimized__minimum,uniform__minimum,released,0,0,0,600
unreachable,nearest,rinf,0.2,stopped,optimized__minimum,uniform__minimum,bad_release,0,0,0,600
unreachable,nearest,rinf,0.2,stopped,optimized__minimum,uniform__minimum,path_covered,0,0,0,600
unreachable,nearest,rinf,0.2,stopped,optimized__minimum,uniform__minimum,new_n,0,0,0,600
unreachable,nearest,rinf,0.2,stopped,optimized__minimum,uniform__minimum,error,-0.238742538725,-0.246502362112,-0.230788464427,600
unreachable,nearest,rinf,0.2,stopped,optimized__minimum,uniform__minimum,width,0,0,0,600
unreachable,nearest,rinf,0.3,stopped,optimized__minimum,inverse_variance__minimum,released,0,0,0,600
unreachable,nearest,rinf,0.3,stopped,optimized__minimum,inverse_variance__minimum,bad_release,0,0,0,600
unreachable,nearest,rinf,0.3,stopped,optimized__minimum,inverse_variance__minimum,path_covered,0,0,0,600
unreachable,nearest,rinf,0.3,stopped,optimized__minimum,inverse_variance__minimum,new_n,0,0,0,600
unreachable,nearest,rinf,0.3,stopped,optimized__minimum,inverse_variance__minimum,error,-0.340755420534,-0.349036396361,-0.332062588566,600
unreachable,nearest,rinf,0.3,stopped,optimized__minimum,inverse_variance__minimum,width,0,0,0,600
unreachable,nearest,rinf,0.3,stopped,optimized__minimum,nearest_source__minimum,released,0,0,0,600
unreachable,nearest,rinf,0.3,stopped,optimized__minimum,nearest_source__minimum,bad_release,0,0,0,600
unreachable,nearest,rinf,0.3,stopped,optimized__minimum,nearest_source__minimum,path_covered,0,0,0,600
unreachable,nearest,rinf,0.3,stopped,optimized__minimum,nearest_source__minimum,new_n,0,0,0,600
unreachable,nearest,rinf,0.3,stopped,optimized__minimum,nearest_source__minimum,error,2.0169051614e-17,1.53534592447e-17,2.53500923956e-17,600
unreachable,nearest,rinf,0.3,stopped,optimized__minimum,nearest_source__minimum,width,0,0,0,600
unreachable,nearest,rinf,0.3,stopped,optimized__minimum,optimized__barycentric,released,0,0,0,600
unreachable,nearest,rinf,0.3,stopped,optimized__minimum,optimized__barycentric,bad_release,0,0,0,600
unreachable,nearest,rinf,0.3,stopped,optimized__minimum,optimized__barycentric,path_covered,0,0,0,600
unreachable,nearest,rinf,0.3,stopped,optimized__minimum,optimized__barycentric,new_n,0,0,0,600
unreachable,nearest,rinf,0.3,stopped,optimized__minimum,optimized__barycentric,error,1.70234197109e-17,1.23974904416e-17,2.2024049251e-17,600
unreachable,nearest,rinf,0.3,stopped,optimized__minimum,optimized__barycentric,width,0,0,0,600
unreachable,nearest,rinf,0.3,stopped,optimized__minimum,optimized__lipschitz,released,0,0,0,600
unreachable,nearest,rinf,0.3,stopped,optimized__minimum,optimized__lipschitz,bad_release,0,0,0,600
unreachable,nearest,rinf,0.3,stopped,optimized__minimum,optimized__lipschitz,path_covered,0,0,0,600
unreachable,nearest,rinf,0.3,stopped,optimized__minimum,optimized__lipschitz,new_n,0,0,0,600
unreachable,nearest,rinf,0.3,stopped,optimized__minimum,optimized__lipschitz,error,8.69674702623e-18,5.55111512313e-18,1.23974904416e-17,600
unreachable,nearest,rinf,0.3,stopped,optimized__minimum,optimized__lipschitz,width,0,0,0,600
unreachable,nearest,rinf,0.3,stopped,optimized__minimum,uniform__minimum,released,0,0,0,600
unreachable,nearest,rinf,0.3,stopped,optimized__minimum,uniform__minimum,bad_release,0,0,0,600
unreachable,nearest,rinf,0.3,stopped,optimized__minimum,uniform__minimum,path_covered,0,0,0,600
unreachable,nearest,rinf,0.3,stopped,optimized__minimum,uniform__minimum,new_n,0,0,0,600
unreachable,nearest,rinf,0.3,stopped,optimized__minimum,uniform__minimum,error,-0.238742538725,-0.246346497273,-0.2312319715,600
unreachable,nearest,rinf,0.3,stopped,optimized__minimum,uniform__minimum,width,0,0,0,600
unreachable,random,r2,0.2,stopped,optimized__minimum,inverse_variance__minimum,released,0,0,0,600
unreachable,random,r2,0.2,stopped,optimized__minimum,inverse_variance__minimum,bad_release,0,0,0,600
unreachable,random,r2,0.2,stopped,optimized__minimum,inverse_variance__minimum,path_covered,0,0,0,600
unreachable,random,r2,0.2,stopped,optimized__minimum,inverse_variance__minimum,new_n,0,0,0,600
unreachable,random,r2,0.2,stopped,optimized__minimum,inverse_variance__minimum,error,-0.237947346942,-0.245743957555,-0.229383898191,600
unreachable,random,r2,0.2,stopped,optimized__minimum,inverse_variance__minimum,width,0,0,0,600
unreachable,random,r2,0.2,stopped,optimized__minimum,nearest_source__minimum,released,0,0,0,600
unreachable,random,r2,0.2,stopped,optimized__minimum,nearest_source__minimum,bad_release,0,0,0,600
unreachable,random,r2,0.2,stopped,optimized__minimum,nearest_source__minimum,path_covered,0,0,0,600
unreachable,random,r2,0.2,stopped,optimized__minimum,nearest_source__minimum,new_n,0,0,0,600
unreachable,random,r2,0.2,stopped,optimized__minimum,nearest_source__minimum,error,0.0578477991793,0.0527962319681,0.0629324608454,600
unreachable,random,r2,0.2,stopped,optimized__minimum,nearest_source__minimum,width,0,0,0,600
unreachable,random,r2,0.2,stopped,optimized__minimum,optimized__barycentric,released,0,0,0,600
unreachable,random,r2,0.2,stopped,optimized__minimum,optimized__barycentric,bad_release,0,0,0,600
unreachable,random,r2,0.2,stopped,optimized__minimum,optimized__barycentric,path_covered,0,0,0,600
unreachable,random,r2,0.2,stopped,optimized__minimum,optimized__barycentric,new_n,0,0,0,600
unreachable,random,r2,0.2,stopped,optimized__minimum,optimized__barycentric,error,0.00195283061799,0.0013886168293,0.00250738469506,600
unreachable,random,r2,0.2,stopped,optimized__minimum,optimized__barycentric,width,0,0,0,600
unreachable,random,r2,0.2,stopped,optimized__minimum,optimized__lipschitz,released,0,0,0,600
unreachable,random,r2,0.2,stopped,optimized__minimum,optimized__lipschitz,bad_release,0,0,0,600
unreachable,random,r2,0.2,stopped,optimized__minimum,optimized__lipschitz,path_covered,0,0,0,600
unreachable,random,r2,0.2,stopped,optimized__minimum,optimized__lipschitz,new_n,0,0,0,600
unreachable,random,r2,0.2,stopped,optimized__minimum,optimized__lipschitz,error,0.00083806624302,0.000570160202007,0.00115016681215,600
unreachable,random,r2,0.2,stopped,optimized__minimum,optimized__lipschitz,width,0,0,0,600
unreachable,random,r2,0.2,stopped,optimized__minimum,uniform__minimum,released,0,0,0,600
unreachable,random,r2,0.2,stopped,optimized__minimum,uniform__minimum,bad_release,0,0,0,600
unreachable,random,r2,0.2,stopped,optimized__minimum,uniform__minimum,path_covered,0,0,0,600
unreachable,random,r2,0.2,stopped,optimized__minimum,uniform__minimum,new_n,0,0,0,600
unreachable,random,r2,0.2,stopped,optimized__minimum,uniform__minimum,error,-0.17494028757,-0.181535532884,-0.168341518594,600
unreachable,random,r2,0.2,stopped,optimized__minimum,uniform__minimum,width,0,0,0,600
unreachable,random,r2,0.3,stopped,optimized__minimum,inverse_variance__minimum,released,0,0,0,600
unreachable,random,r2,0.3,stopped,optimized__minimum,inverse_variance__minimum,bad_release,0,0,0,600
unreachable,random,r2,0.3,stopped,optimized__minimum,inverse_variance__minimum,path_covered,0,0,0,600
unreachable,random,r2,0.3,stopped,optimized__minimum,inverse_variance__minimum,new_n,0,0,0,600
unreachable,random,r2,0.3,stopped,optimized__minimum,inverse_variance__minimum,error,-0.237947346942,-0.245802462548,-0.229494440435,600
unreachable,random,r2,0.3,stopped,optimized__minimum,inverse_variance__minimum,width,0,0,0,600
unreachable,random,r2,0.3,stopped,optimized__minimum,nearest_source__minimum,released,0,0,0,600
unreachable,random,r2,0.3,stopped,optimized__minimum,nearest_source__minimum,bad_release,0,0,0,600
unreachable,random,r2,0.3,stopped,optimized__minimum,nearest_source__minimum,path_covered,0,0,0,600
unreachable,random,r2,0.3,stopped,optimized__minimum,nearest_source__minimum,new_n,0,0,0,600
unreachable,random,r2,0.3,stopped,optimized__minimum,nearest_source__minimum,error,0.0578477991793,0.0521218257685,0.0630897625123,600
unreachable,random,r2,0.3,stopped,optimized__minimum,nearest_source__minimum,width,0,0,0,600
unreachable,random,r2,0.3,stopped,optimized__minimum,optimized__barycentric,released,0,0,0,600
unreachable,random,r2,0.3,stopped,optimized__minimum,optimized__barycentric,bad_release,0,0,0,600
unreachable,random,r2,0.3,stopped,optimized__minimum,optimized__barycentric,path_covered,0,0,0,600
unreachable,random,r2,0.3,stopped,optimized__minimum,optimized__barycentric,new_n,0,0,0,600
unreachable,random,r2,0.3,stopped,optimized__minimum,optimized__barycentric,error,0.00195283061799,0.00147699401023,0.00251794937406,600
unreachable,random,r2,0.3,stopped,optimized__minimum,optimized__barycentric,width,0,0,0,600
unreachable,random,r2,0.3,stopped,optimized__minimum,optimized__lipschitz,released,0,0,0,600
unreachable,random,r2,0.3,stopped,optimized__minimum,optimized__lipschitz,bad_release,0,0,0,600
unreachable,random,r2,0.3,stopped,optimized__minimum,optimized__lipschitz,path_covered,0,0,0,600
unreachable,random,r2,0.3,stopped,optimized__minimum,optimized__lipschitz,new_n,0,0,0,600
unreachable,random,r2,0.3,stopped,optimized__minimum,optimized__lipschitz,error,0.00083806624302,0.000589470807108,0.0011273551797,600
unreachable,random,r2,0.3,stopped,optimized__minimum,optimized__lipschitz,width,0,0,0,600
unreachable,random,r2,0.3,stopped,optimized__minimum,uniform__minimum,released,0,0,0,600
unreachable,random,r2,0.3,stopped,optimized__minimum,uniform__minimum,bad_release,0,0,0,600
unreachable,random,r2,0.3,stopped,optimized__minimum,uniform__minimum,path_covered,0,0,0,600
unreachable,random,r2,0.3,stopped,optimized__minimum,uniform__minimum,new_n,0,0,0,600
unreachable,random,r2,0.3,stopped,optimized__minimum,uniform__minimum,error,-0.17494028757,-0.18152539211,-0.168324234893,600
unreachable,random,r2,0.3,stopped,optimized__minimum,uniform__minimum,width,0,0,0,600
unreachable,random,rinf,0.2,stopped,optimized__minimum,inverse_variance__minimum,released,0,0,0,600
unreachable,random,rinf,0.2,stopped,optimized__minimum,inverse_variance__minimum,bad_release,0,0,0,600
unreachable,random,rinf,0.2,stopped,optimized__minimum,inverse_variance__minimum,path_covered,0,0,0,600
unreachable,random,rinf,0.2,stopped,optimized__minimum,inverse_variance__minimum,new_n,0,0,0,600
unreachable,random,rinf,0.2,stopped,optimized__minimum,inverse_variance__minimum,error,-0.276776078646,-0.287261716246,-0.26644319423,600
unreachable,random,rinf,0.2,stopped,optimized__minimum,inverse_variance__minimum,width,0,0,0,600
unreachable,random,rinf,0.2,stopped,optimized__minimum,nearest_source__minimum,released,0,0,0,600
unreachable,random,rinf,0.2,stopped,optimized__minimum,nearest_source__minimum,bad_release,0,0,0,600
unreachable,random,rinf,0.2,stopped,optimized__minimum,nearest_source__minimum,path_covered,0,0,0,600
unreachable,random,rinf,0.2,stopped,optimized__minimum,nearest_source__minimum,new_n,0,0,0,600
unreachable,random,rinf,0.2,stopped,optimized__minimum,nearest_source__minimum,error,0.0190190674748,0.0144263978045,0.0239063384008,600
unreachable,random,rinf,0.2,stopped,optimized__minimum,nearest_source__minimum,width,0,0,0,600
unreachable,random,rinf,0.2,stopped,optimized__minimum,optimized__barycentric,released,0,0,0,600
unreachable,random,rinf,0.2,stopped,optimized__minimum,optimized__barycentric,bad_release,0,0,0,600
unreachable,random,rinf,0.2,stopped,optimized__minimum,optimized__barycentric,path_covered,0,0,0,600
unreachable,random,rinf,0.2,stopped,optimized__minimum,optimized__barycentric,new_n,0,0,0,600
unreachable,random,rinf,0.2,stopped,optimized__minimum,optimized__barycentric,error,7.03141248929e-18,-1.2952601954e-18,1.66579712986e-17,600
unreachable,random,rinf,0.2,stopped,optimized__minimum,optimized__barycentric,width,0,0,0,600
unreachable,random,rinf,0.2,stopped,optimized__minimum,optimized__lipschitz,released,0,0,0,600
unreachable,random,rinf,0.2,stopped,optimized__minimum,optimized__lipschitz,bad_release,0,0,0,600
unreachable,random,rinf,0.2,stopped,optimized__minimum,optimized__lipschitz,path_covered,0,0,0,600
unreachable,random,rinf,0.2,stopped,optimized__minimum,optimized__lipschitz,new_n,0,0,0,600
unreachable,random,rinf,0.2,stopped,optimized__minimum,optimized__lipschitz,error,-0.000316331419757,-0.00130579691311,0.000515793844062,600
unreachable,random,rinf,0.2,stopped,optimized__minimum,optimized__lipschitz,width,0,0,0,600
unreachable,random,rinf,0.2,stopped,optimized__minimum,uniform__minimum,released,0,0,0,600
unreachable,random,rinf,0.2,stopped,optimized__minimum,uniform__minimum,bad_release,0,0,0,600
unreachable,random,rinf,0.2,stopped,optimized__minimum,uniform__minimum,path_covered,0,0,0,600
unreachable,random,rinf,0.2,stopped,optimized__minimum,uniform__minimum,new_n,0,0,0,600
unreachable,random,rinf,0.2,stopped,optimized__minimum,uniform__minimum,error,-0.213769019274,-0.223368506678,-0.204297793238,600
unreachable,random,rinf,0.2,stopped,optimized__minimum,uniform__minimum,width,0,0,0,600
unreachable,random,rinf,0.3,stopped,optimized__minimum,inverse_variance__minimum,released,0,0,0,600
unreachable,random,rinf,0.3,stopped,optimized__minimum,inverse_variance__minimum,bad_release,0,0,0,600
unreachable,random,rinf,0.3,stopped,optimized__minimum,inverse_variance__minimum,path_covered,0,0,0,600
unreachable,random,rinf,0.3,stopped,optimized__minimum,inverse_variance__minimum,new_n,0,0,0,600
unreachable,random,rinf,0.3,stopped,optimized__minimum,inverse_variance__minimum,error,-0.276776078646,-0.28734731343,-0.265769019077,600
unreachable,random,rinf,0.3,stopped,optimized__minimum,inverse_variance__minimum,width,0,0,0,600
unreachable,random,rinf,0.3,stopped,optimized__minimum,nearest_source__minimum,released,0,0,0,600
unreachable,random,rinf,0.3,stopped,optimized__minimum,nearest_source__minimum,bad_release,0,0,0,600
unreachable,random,rinf,0.3,stopped,optimized__minimum,nearest_source__minimum,path_covered,0,0,0,600
unreachable,random,rinf,0.3,stopped,optimized__minimum,nearest_source__minimum,new_n,0,0,0,600
unreachable,random,rinf,0.3,stopped,optimized__minimum,nearest_source__minimum,error,0.0190190674748,0.0143323211301,0.0237464418331,600
unreachable,random,rinf,0.3,stopped,optimized__minimum,nearest_source__minimum,width,0,0,0,600
unreachable,random,rinf,0.3,stopped,optimized__minimum,optimized__barycentric,released,0,0,0,600
unreachable,random,rinf,0.3,stopped,optimized__minimum,optimized__barycentric,bad_release,0,0,0,600
unreachable,random,rinf,0.3,stopped,optimized__minimum,optimized__barycentric,path_covered,0,0,0,600
unreachable,random,rinf,0.3,stopped,optimized__minimum,optimized__barycentric,new_n,0,0,0,600
unreachable,random,rinf,0.3,stopped,optimized__minimum,optimized__barycentric,error,7.03141248929e-18,-1.66996046621e-18,1.64683081986e-17,600
unreachable,random,rinf,0.3,stopped,optimized__minimum,optimized__barycentric,width,0,0,0,600
unreachable,random,rinf,0.3,stopped,optimized__minimum,optimized__lipschitz,released,0,0,0,600
unreachable,random,rinf,0.3,stopped,optimized__minimum,optimized__lipschitz,bad_release,0,0,0,600
unreachable,random,rinf,0.3,stopped,optimized__minimum,optimized__lipschitz,path_covered,0,0,0,600
unreachable,random,rinf,0.3,stopped,optimized__minimum,optimized__lipschitz,new_n,0,0,0,600
unreachable,random,rinf,0.3,stopped,optimized__minimum,optimized__lipschitz,error,-0.000316331419757,-0.00122027681532,0.000535106673414,600
unreachable,random,rinf,0.3,stopped,optimized__minimum,optimized__lipschitz,width,0,0,0,600
unreachable,random,rinf,0.3,stopped,optimized__minimum,uniform__minimum,released,0,0,0,600
unreachable,random,rinf,0.3,stopped,optimized__minimum,uniform__minimum,bad_release,0,0,0,600
unreachable,random,rinf,0.3,stopped,optimized__minimum,uniform__minimum,path_covered,0,0,0,600
unreachable,random,rinf,0.3,stopped,optimized__minimum,uniform__minimum,new_n,0,0,0,600
unreachable,random,rinf,0.3,stopped,optimized__minimum,uniform__minimum,error,-0.213769019274,-0.223085666853,-0.204136263476,600
unreachable,random,rinf,0.3,stopped,optimized__minimum,uniform__minimum,width,0,0,0,600
bridgeable,nearest,r2,0.2,fixed_budget,optimized__minimum,inverse_variance__minimum,released,0,0,0,600
bridgeable,nearest,r2,0.2,fixed_budget,optimized__minimum,inverse_variance__minimum,bad_release,0,0,0,600
bridgeable,nearest,r2,0.2,fixed_budget,optimized__minimum,inverse_variance__minimum,path_covered,0,0,0,600
bridgeable,nearest,r2,0.2,fixed_budget,optimized__minimum,inverse_variance__minimum,new_n,0,0,0,600
bridgeable,nearest,r2,0.2,fixed_budget,optimized__minimum,inverse_variance__minimum,error,-0.335242032383,-0.3384502426,-0.332147484765,600
bridgeable,nearest,r2,0.2,fixed_budget,optimized__minimum,inverse_variance__minimum,width,-0.637273092456,-0.639095377105,-0.635459017316,600
bridgeable,nearest,r2,0.2,fixed_budget,optimized__minimum,nearest_source__minimum,released,0,0,0,600
bridgeable,nearest,r2,0.2,fixed_budget,optimized__minimum,nearest_source__minimum,bad_release,0,0,0,600
bridgeable,nearest,r2,0.2,fixed_budget,optimized__minimum,nearest_source__minimum,path_covered,0,0,0,600
bridgeable,nearest,r2,0.2,fixed_budget,optimized__minimum,nearest_source__minimum,new_n,0,0,0,600
bridgeable,nearest,r2,0.2,fixed_budget,optimized__minimum,nearest_source__minimum,error,-0.0327708349991,-0.0375085264311,-0.0280860902408,600
bridgeable,nearest,r2,0.2,fixed_budget,optimized__minimum,nearest_source__minimum,width,-0.342907151261,-0.345381310775,-0.340663426111,600
bridgeable,nearest,r2,0.2,fixed_budget,optimized__minimum,optimized__barycentric,released,0,0,0,600
bridgeable,nearest,r2,0.2,fixed_budget,optimized__minimum,optimized__barycentric,bad_release,0,0,0,600
bridgeable,nearest,r2,0.2,fixed_budget,optimized__minimum,optimized__barycentric,path_covered,0,0,0,600
bridgeable,nearest,r2,0.2,fixed_budget,optimized__minimum,optimized__barycentric,new_n,0,0,0,600
bridgeable,nearest,r2,0.2,fixed_budget,optimized__minimum,optimized__barycentric,error,0,0,0,600
bridgeable,nearest,r2,0.2,fixed_budget,optimized__minimum,optimized__barycentric,width,0,0,0,600
bridgeable,nearest,r2,0.2,fixed_budget,optimized__minimum,optimized__lipschitz,released,0,0,0,600
bridgeable,nearest,r2,0.2,fixed_budget,optimized__minimum,optimized__lipschitz,bad_release,0,0,0,600
bridgeable,nearest,r2,0.2,fixed_budget,optimized__minimum,optimized__lipschitz,path_covered,0,0,0,600
bridgeable,nearest,r2,0.2,fixed_budget,optimized__minimum,optimized__lipschitz,new_n,0,0,0,600
bridgeable,nearest,r2,0.2,fixed_budget,optimized__minimum,optimized__lipschitz,error,-0.00433380406999,-0.00658228439689,-0.00212332289207,600
bridgeable,nearest,r2,0.2,fixed_budget,optimized__minimum,optimized__lipschitz,width,-0.239567776826,-0.241294287874,-0.237787322756,600
bridgeable,nearest,r2,0.2,fixed_budget,optimized__minimum,uniform__minimum,released,0,0,0,600
bridgeable,nearest,r2,0.2,fixed_budget,optimized__minimum,uniform__minimum,bad_release,0,0,0,600
bridgeable,nearest,r2,0.2,fixed_budget,optimized__minimum,uniform__minimum,path_covered,0,0,0,600
bridgeable,nearest,r2,0.2,fixed_budget,optimized__minimum,uniform__minimum,new_n,0,0,0,600
bridgeable,nearest,r2,0.2,fixed_budget,optimized__minimum,uniform__minimum,error,-0.191209585774,-0.194600429229,-0.187801051026,600
bridgeable,nearest,r2,0.2,fixed_budget,optimized__minimum,uniform__minimum,width,-0.382325169573,-0.383792035913,-0.38092053883,600
bridgeable,nearest,r2,0.3,fixed_budget,optimized__minimum,inverse_variance__minimum,released,1,1,1,600
bridgeable,nearest,r2,0.3,fixed_budget,optimized__minimum,inverse_variance__minimum,bad_release,0,0,0,600
bridgeable,nearest,r2,0.3,fixed_budget,optimized__minimum,inverse_variance__minimum,path_covered,0,0,0,600
bridgeable,nearest,r2,0.3,fixed_budget,optimized__minimum,inverse_variance__minimum,new_n,0,0,0,600
bridgeable,nearest,r2,0.3,fixed_budget,optimized__minimum,inverse_variance__minimum,error,-0.335242032383,-0.338345214489,-0.332088746325,600
bridgeable,nearest,r2,0.3,fixed_budget,optimized__minimum,inverse_variance__minimum,width,-0.637273092456,-0.639061484099,-0.635495913102,600
bridgeable,nearest,r2,0.3,fixed_budget,optimized__minimum,nearest_source__minimum,released,1,1,1,600
bridgeable,nearest,r2,0.3,fixed_budget,optimized__minimum,nearest_source__minimum,bad_release,0,0,0,600
bridgeable,nearest,r2,0.3,fixed_budget,optimized__minimum,nearest_source__minimum,path_covered,0,0,0,600
bridgeable,nearest,r2,0.3,fixed_budget,optimized__minimum,nearest_source__minimum,new_n,0,0,0,600
bridgeable,nearest,r2,0.3,fixed_budget,optimized__minimum,nearest_source__minimum,error,-0.0327708349991,-0.0373341859047,-0.028177690819,600
bridgeable,nearest,r2,0.3,fixed_budget,optimized__minimum,nearest_source__minimum,width,-0.342907151261,-0.34534831157,-0.340562483465,600
bridgeable,nearest,r2,0.3,fixed_budget,optimized__minimum,optimized__barycentric,released,0,0,0,600
bridgeable,nearest,r2,0.3,fixed_budget,optimized__minimum,optimized__barycentric,bad_release,0,0,0,600
bridgeable,nearest,r2,0.3,fixed_budget,optimized__minimum,optimized__barycentric,path_covered,0,0,0,600
bridgeable,nearest,r2,0.3,fixed_budget,optimized__minimum,optimized__barycentric,new_n,0,0,0,600
bridgeable,nearest,r2,0.3,fixed_budget,optimized__minimum,optimized__barycentric,error,0,0,0,600
bridgeable,nearest,r2,0.3,fixed_budget,optimized__minimum,optimized__barycentric,width,0,0,0,600
bridgeable,nearest,r2,0.3,fixed_budget,optimized__minimum,optimized__lipschitz,released,1,1,1,600
bridgeable,nearest,r2,0.3,fixed_budget,optimized__minimum,optimized__lipschitz,bad_release,0,0,0,600
bridgeable,nearest,r2,0.3,fixed_budget,optimized__minimum,optimized__lipschitz,path_covered,0,0,0,600
bridgeable,nearest,r2,0.3,fixed_budget,optimized__minimum,optimized__lipschitz,new_n,0,0,0,600
bridgeable,nearest,r2,0.3,fixed_budget,optimized__minimum,optimized__lipschitz,error,-0.00433380406999,-0.00646728698302,-0.00226423911673,600
bridgeable,nearest,r2,0.3,fixed_budget,optimized__minimum,optimized__lipschitz,width,-0.239567776826,-0.241391827235,-0.237791849682,600
bridgeable,nearest,r2,0.3,fixed_budget,optimized__minimum,uniform__minimum,released,1,1,1,600
bridgeable,nearest,r2,0.3,fixed_budget,optimized__minimum,uniform__minimum,bad_release,0,0,0,600
bridgeable,nearest,r2,0.3,fixed_budget,optimized__minimum,uniform__minimum,path_covered,0,0,0,600
bridgeable,nearest,r2,0.3,fixed_budget,optimized__minimum,uniform__minimum,new_n,0,0,0,600
bridgeable,nearest,r2,0.3,fixed_budget,optimized__minimum,uniform__minimum,error,-0.191209585774,-0.194490014285,-0.187713090673,600
bridgeable,nearest,r2,0.3,fixed_budget,optimized__minimum,uniform__minimum,width,-0.382325169573,-0.383774391658,-0.380925932593,600
bridgeable,nearest,rinf,0.2,fixed_budget,optimized__minimum,inverse_variance__minimum,released,0,0,0,600
bridgeable,nearest,rinf,0.2,fixed_budget,optimized__minimum,inverse_variance__minimum,bad_release,0,0,0,600
bridgeable,nearest,rinf,0.2,fixed_budget,optimized__minimum,inverse_variance__minimum,path_covered,0,0,0,600
bridgeable,nearest,rinf,0.2,fixed_budget,optimized__minimum,inverse_variance__minimum,new_n,0,0,0,600
bridgeable,nearest,rinf,0.2,fixed_budget,optimized__minimum,inverse_variance__minimum,error,-0.319578909783,-0.323357939285,-0.315715844911,600
bridgeable,nearest,rinf,0.2,fixed_budget,optimized__minimum,inverse_variance__minimum,width,-0.602930802212,-0.604804524629,-0.601189255611,600
bridgeable,nearest,rinf,0.2,fixed_budget,optimized__minimum,nearest_source__minimum,released,0,0,0,600
bridgeable,nearest,rinf,0.2,fixed_budget,optimized__minimum,nearest_source__minimum,bad_release,0,0,0,600
bridgeable,nearest,rinf,0.2,fixed_budget,optimized__minimum,nearest_source__minimum,path_covered,0,0,0,600
bridgeable,nearest,rinf,0.2,fixed_budget,optimized__minimum,nearest_source__minimum,new_n,0,0,0,600
bridgeable,nearest,rinf,0.2,fixed_budget,optimized__minimum,nearest_source__minimum,error,-0.0171077123991,-0.0226795956988,-0.0113865873021,600
bridgeable,nearest,rinf,0.2,fixed_budget,optimized__minimum,nearest_source__minimum,width,-0.153962730366,-0.156207513604,-0.151599164167,600
bridgeable,nearest,rinf,0.2,fixed_budget,optimized__minimum,optimized__barycentric,released,0,0,0,600
bridgeable,nearest,rinf,0.2,fixed_budget,optimized__minimum,optimized__barycentric,bad_release,0,0,0,600
bridgeable,nearest,rinf,0.2,fixed_budget,optimized__minimum,optimized__barycentric,path_covered,0,0,0,600
bridgeable,nearest,rinf,0.2,fixed_budget,optimized__minimum,optimized__barycentric,new_n,0,0,0,600
bridgeable,nearest,rinf,0.2,fixed_budget,optimized__minimum,optimized__barycentric,error,0,0,0,600
bridgeable,nearest,rinf,0.2,fixed_budget,optimized__minimum,optimized__barycentric,width,0,0,0,600
bridgeable,nearest,rinf,0.2,fixed_budget,optimized__minimum,optimized__lipschitz,released,0,0,0,600
bridgeable,nearest,rinf,0.2,fixed_budget,optimized__minimum,optimized__lipschitz,bad_release,0,0,0,600
bridgeable,nearest,rinf,0.2,fixed_budget,optimized__minimum,optimized__lipschitz,path_covered,0,0,0,600
bridgeable,nearest,rinf,0.2,fixed_budget,optimized__minimum,optimized__lipschitz,new_n,0,0,0,600
bridgeable,nearest,rinf,0.2,fixed_budget,optimized__minimum,optimized__lipschitz,error,-0.0171077123991,-0.022891926046,-0.0110687871374,600
bridgeable,nearest,rinf,0.2,fixed_budget,optimized__minimum,optimized__lipschitz,width,-0.153962730366,-0.156265420412,-0.151691284819,600
bridgeable,nearest,rinf,0.2,fixed_budget,optimized__minimum,uniform__minimum,released,0,0,0,600
bridgeable,nearest,rinf,0.2,fixed_budget,optimized__minimum,uniform__minimum,bad_release,0,0,0,600
bridgeable,nearest,rinf,0.2,fixed_budget,optimized__minimum,uniform__minimum,path_covered,0,0,0,600
bridgeable,nearest,rinf,0.2,fixed_budget,optimized__minimum,uniform__minimum,new_n,0,0,0,600
bridgeable,nearest,rinf,0.2,fixed_budget,optimized__minimum,uniform__minimum,error,-0.175546463174,-0.179826768974,-0.17119358673,600
bridgeable,nearest,rinf,0.2,fixed_budget,optimized__minimum,uniform__minimum,width,-0.438031520079,-0.439575130794,-0.436405655332,600
bridgeable,nearest,rinf,0.3,fixed_budget,optimized__minimum,inverse_variance__minimum,released,0,0,0,600
bridgeable,nearest,rinf,0.3,fixed_budget,optimized__minimum,inverse_variance__minimum,bad_release,0,0,0,600
bridgeable,nearest,rinf,0.3,fixed_budget,optimized__minimum,inverse_variance__minimum,path_covered,0,0,0,600
bridgeable,nearest,rinf,0.3,fixed_budget,optimized__minimum,inverse_variance__minimum,new_n,0,0,0,600
bridgeable,nearest,rinf,0.3,fixed_budget,optimized__minimum,inverse_variance__minimum,error,-0.319578909783,-0.323344191825,-0.315569427027,600
bridgeable,nearest,rinf,0.3,fixed_budget,optimized__minimum,inverse_variance__minimum,width,-0.602930802212,-0.604712321767,-0.601066935256,600
bridgeable,nearest,rinf,0.3,fixed_budget,optimized__minimum,nearest_source__minimum,released,0,0,0,600
bridgeable,nearest,rinf,0.3,fixed_budget,optimized__minimum,nearest_source__minimum,bad_release,0,0,0,600
bridgeable,nearest,rinf,0.3,fixed_budget,optimized__minimum,nearest_source__minimum,path_covered,0,0,0,600
bridgeable,nearest,rinf,0.3,fixed_budget,optimized__minimum,nearest_source__minimum,new_n,0,0,0,600
bridgeable,nearest,rinf,0.3,fixed_budget,optimized__minimum,nearest_source__minimum,error,-0.0171077123991,-0.0228778353636,-0.0114179422276,600
bridgeable,nearest,rinf,0.3,fixed_budget,optimized__minimum,nearest_source__minimum,width,-0.153962730366,-0.156337230752,-0.151634243151,600
bridgeable,nearest,rinf,0.3,fixed_budget,optimized__minimum,optimized__barycentric,released,0,0,0,600
bridgeable,nearest,rinf,0.3,fixed_budget,optimized__minimum,optimized__barycentric,bad_release,0,0,0,600
bridgeable,nearest,rinf,0.3,fixed_budget,optimized__minimum,optimized__barycentric,path_covered,0,0,0,600
bridgeable,nearest,rinf,0.3,fixed_budget,optimized__minimum,optimized__barycentric,new_n,0,0,0,600
bridgeable,nearest,rinf,0.3,fixed_budget,optimized__minimum,optimized__barycentric,error,0,0,0,600
bridgeable,nearest,rinf,0.3,fixed_budget,optimized__minimum,optimized__barycentric,width,0,0,0,600
bridgeable,nearest,rinf,0.3,fixed_budget,optimized__minimum,optimized__lipschitz,released,0,0,0,600
bridgeable,nearest,rinf,0.3,fixed_budget,optimized__minimum,optimized__lipschitz,bad_release,0,0,0,600
bridgeable,nearest,rinf,0.3,fixed_budget,optimized__minimum,optimized__lipschitz,path_covered,0,0,0,600
bridgeable,nearest,rinf,0.3,fixed_budget,optimized__minimum,optimized__lipschitz,new_n,0,0,0,600
bridgeable,nearest,rinf,0.3,fixed_budget,optimized__minimum,optimized__lipschitz,error,-0.0171077123991,-0.0229922548724,-0.0113786753208,600
bridgeable,nearest,rinf,0.3,fixed_budget,optimized__minimum,optimized__lipschitz,width,-0.153962730366,-0.156355172551,-0.151501769945,600
bridgeable,nearest,rinf,0.3,fixed_budget,optimized__minimum,uniform__minimum,released,0,0,0,600
bridgeable,nearest,rinf,0.3,fixed_budget,optimized__minimum,uniform__minimum,bad_release,0,0,0,600
bridgeable,nearest,rinf,0.3,fixed_budget,optimized__minimum,uniform__minimum,path_covered,0,0,0,600
bridgeable,nearest,rinf,0.3,fixed_budget,optimized__minimum,uniform__minimum,new_n,0,0,0,600
bridgeable,nearest,rinf,0.3,fixed_budget,optimized__minimum,uniform__minimum,error,-0.175546463174,-0.179652270133,-0.171474697747,600
bridgeable,nearest,rinf,0.3,fixed_budget,optimized__minimum,uniform__minimum,width,-0.438031520079,-0.439559196576,-0.436560864096,600
bridgeable,random,r2,0.2,fixed_budget,optimized__minimum,inverse_variance__minimum,released,0.385,0.361625,0.408333333333,600
bridgeable,random,r2,0.2,fixed_budget,optimized__minimum,inverse_variance__minimum,bad_release,0,0,0,600
bridgeable,random,r2,0.2,fixed_budget,optimized__minimum,inverse_variance__minimum,path_covered,0,0,0,600
bridgeable,random,r2,0.2,fixed_budget,optimized__minimum,inverse_variance__minimum,new_n,0,0,0,600
bridgeable,random,r2,0.2,fixed_budget,optimized__minimum,inverse_variance__minimum,error,-0.328303692371,-0.330948144339,-0.32565485952,600
bridgeable,random,r2,0.2,fixed_budget,optimized__minimum,inverse_variance__minimum,width,-0.687243712399,-0.689389334116,-0.684969707619,600
bridgeable,random,r2,0.2,fixed_budget,optimized__minimum,nearest_source__minimum,released,0.385,0.36,0.41,600
bridgeable,random,r2,0.2,fixed_budget,optimized__minimum,nearest_source__minimum,bad_release,0,0,0,600
bridgeable,random,r2,0.2,fixed_budget,optimized__minimum,nearest_source__minimum,path_covered,0,0,0,600
bridgeable,random,r2,0.2,fixed_budget,optimized__minimum,nearest_source__minimum,new_n,0,0,0,600
bridgeable,random,r2,0.2,fixed_budget,optimized__minimum,nearest_source__minimum,error,-0.0973135233039,-0.10553972844,-0.0891589970921,600
bridgeable,random,r2,0.2,fixed_budget,optimized__minimum,nearest_source__minimum,width,-0.598368907093,-0.614547500541,-0.582151203213,600
bridgeable,random,r2,0.2,fixed_budget,optimized__minimum,optimized__barycentric,released,0,0,0,600
bridgeable,random,r2,0.2,fixed_budget,optimized__minimum,optimized__barycentric,bad_release,0,0,0,600
bridgeable,random,r2,0.2,fixed_budget,optimized__minimum,optimized__barycentric,path_covered,0,0,0,600
bridgeable,random,r2,0.2,fixed_budget,optimized__minimum,optimized__barycentric,new_n,0,0,0,600
bridgeable,random,r2,0.2,fixed_budget,optimized__minimum,optimized__barycentric,error,0,0,0,600
bridgeable,random,r2,0.2,fixed_budget,optimized__minimum,optimized__barycentric,width,0,0,0,600
bridgeable,random,r2,0.2,fixed_budget,optimized__minimum,optimized__lipschitz,released,0.385,0.361625,0.408333333333,600
bridgeable,random,r2,0.2,fixed_budget,optimized__minimum,optimized__lipschitz,bad_release,0,0,0,600
bridgeable,random,r2,0.2,fixed_budget,optimized__minimum,optimized__lipschitz,path_covered,0,0,0,600
bridgeable,random,r2,0.2,fixed_budget,optimized__minimum,optimized__lipschitz,new_n,0,0,0,600
bridgeable,random,r2,0.2,fixed_budget,optimized__minimum,optimized__lipschitz,error,-0.0877877230274,-0.0951119656265,-0.0807013491493,600
bridgeable,random,r2,0.2,fixed_budget,optimized__minimum,optimized__lipschitz,width,-0.480561104601,-0.491585930895,-0.469961944034,600
bridgeable,random,r2,0.2,fixed_budget,optimized__minimum,uniform__minimum,released,0.371666666667,0.345,0.396666666667,600
bridgeable,random,r2,0.2,fixed_budget,optimized__minimum,uniform__minimum,bad_release,0,0,0,600
bridgeable,random,r2,0.2,fixed_budget,optimized__minimum,uniform__minimum,path_covered,0,0,0,600
bridgeable,random,r2,0.2,fixed_budget,optimized__minimum,uniform__minimum,new_n,0,0,0,600
bridgeable,random,r2,0.2,fixed_budget,optimized__minimum,uniform__minimum,error,-0.107128946665,-0.112244620215,-0.102201596002,600
bridgeable,random,r2,0.2,fixed_budget,optimized__minimum,uniform__minimum,width,-0.283615253549,-0.289530064202,-0.277845523908,600
bridgeable,random,r2,0.3,fixed_budget,optimized__minimum,inverse_variance__minimum,released,1,1,1,600
bridgeable,random,r2,0.3,fixed_budget,optimized__minimum,inverse_variance__minimum,bad_release,0,0,0,600
bridgeable,random,r2,0.3,fixed_budget,optimized__minimum,inverse_variance__minimum,path_covered,0,0,0,600
bridgeable,random,r2,0.3,fixed_budget,optimized__minimum,inverse_variance__minimum,new_n,0,0,0,600
bridgeable,random,r2,0.3,fixed_budget,optimized__minimum,inverse_variance__minimum,error,-0.328303692371,-0.330950701896,-0.325777443759,600
bridgeable,random,r2,0.3,fixed_budget,optimized__minimum,inverse_variance__minimum,width,-0.687243712399,-0.689252759844,-0.685108133741,600
bridgeable,random,r2,0.3,fixed_budget,optimized__minimum,nearest_source__minimum,released,1,1,1,600
bridgeable,random,r2,0.3,fixed_budget,optimized__minimum,nearest_source__minimum,bad_release,0,0,0,600
bridgeable,random,r2,0.3,fixed_budget,optimized__minimum,nearest_source__minimum,path_covered,0,0,0,600
bridgeable,random,r2,0.3,fixed_budget,optimized__minimum,nearest_source__minimum,new_n,0,0,0,600
bridgeable,random,r2,0.3,fixed_budget,optimized__minimum,nearest_source__minimum,error,-0.0973135233039,-0.105789753719,-0.0894460830089,600
bridgeable,random,r2,0.3,fixed_budget,optimized__minimum,nearest_source__minimum,width,-0.598368907093,-0.614188554734,-0.582394540439,600
bridgeable,random,r2,0.3,fixed_budget,optimized__minimum,optimized__barycentric,released,0,0,0,600
bridgeable,random,r2,0.3,fixed_budget,optimized__minimum,optimized__barycentric,bad_release,0,0,0,600
bridgeable,random,r2,0.3,fixed_budget,optimized__minimum,optimized__barycentric,path_covered,0,0,0,600
bridgeable,random,r2,0.3,fixed_budget,optimized__minimum,optimized__barycentric,new_n,0,0,0,600
bridgeable,random,r2,0.3,fixed_budget,optimized__minimum,optimized__barycentric,error,0,0,0,600
bridgeable,random,r2,0.3,fixed_budget,optimized__minimum,optimized__barycentric,width,0,0,0,600
bridgeable,random,r2,0.3,fixed_budget,optimized__minimum,optimized__lipschitz,released,1,1,1,600
bridgeable,random,r2,0.3,fixed_budget,optimized__minimum,optimized__lipschitz,bad_release,0,0,0,600
bridgeable,random,r2,0.3,fixed_budget,optimized__minimum,optimized__lipschitz,path_covered,0,0,0,600
bridgeable,random,r2,0.3,fixed_budget,optimized__minimum,optimized__lipschitz,new_n,0,0,0,600
bridgeable,random,r2,0.3,fixed_budget,optimized__minimum,optimized__lipschitz,error,-0.0877877230274,-0.0946849319028,-0.0808147551847,600
bridgeable,random,r2,0.3,fixed_budget,optimized__minimum,optimized__lipschitz,width,-0.480561104601,-0.491613751929,-0.469779795943,600
bridgeable,random,r2,0.3,fixed_budget,optimized__minimum,uniform__minimum,released,0.8,0.773291666667,0.825,600
bridgeable,random,r2,0.3,fixed_budget,optimized__minimum,uniform__minimum,bad_release,0,0,0,600
bridgeable,random,r2,0.3,fixed_budget,optimized__minimum,uniform__minimum,path_covered,0,0,0,600
bridgeable,random,r2,0.3,fixed_budget,optimized__minimum,uniform__minimum,new_n,0,0,0,600
bridgeable,random,r2,0.3,fixed_budget,optimized__minimum,uniform__minimum,error,-0.107128946665,-0.112023619188,-0.101992448766,600
bridgeable,random,r2,0.3,fixed_budget,optimized__minimum,uniform__minimum,width,-0.283615253549,-0.289201136028,-0.277566379608,600
bridgeable,random,rinf,0.2,fixed_budget,optimized__minimum,inverse_variance__minimum,released,0,0,0,600
bridgeable,random,rinf,0.2,fixed_budget,optimized__minimum,inverse_variance__minimum,bad_release,0,0,0,600
bridgeable,random,rinf,0.2,fixed_budget,optimized__minimum,inverse_variance__minimum,path_covered,0,0,0,600
bridgeable,random,rinf,0.2,fixed_budget,optimized__minimum,inverse_variance__minimum,new_n,0,0,0,600
bridgeable,random,rinf,0.2,fixed_budget,optimized__minimum,inverse_variance__minimum,error,-0.317546430267,-0.32089654112,-0.314197478597,600
bridgeable,random,rinf,0.2,fixed_budget,optimized__minimum,inverse_variance__minimum,width,-0.642301364114,-0.644513795407,-0.640146371924,600
bridgeable,random,rinf,0.2,fixed_budget,optimized__minimum,nearest_source__minimum,released,0,0,0,600
bridgeable,random,rinf,0.2,fixed_budget,optimized__minimum,nearest_source__minimum,bad_release,0,0,0,600
bridgeable,random,rinf,0.2,fixed_budget,optimized__minimum,nearest_source__minimum,path_covered,0,0,0,600
bridgeable,random,rinf,0.2,fixed_budget,optimized__minimum,nearest_source__minimum,new_n,0,0,0,600
bridgeable,random,rinf,0.2,fixed_budget,optimized__minimum,nearest_source__minimum,error,-0.0865562612001,-0.0952363038402,-0.0780856155382,600
bridgeable,random,rinf,0.2,fixed_budget,optimized__minimum,nearest_source__minimum,width,-0.398723141871,-0.415133196049,-0.383188932202,600
bridgeable,random,rinf,0.2,fixed_budget,optimized__minimum,optimized__barycentric,released,0,0,0,600
bridgeable,random,rinf,0.2,fixed_budget,optimized__minimum,optimized__barycentric,bad_release,0,0,0,600
bridgeable,random,rinf,0.2,fixed_budget,optimized__minimum,optimized__barycentric,path_covered,0,0,0,600
bridgeable,random,rinf,0.2,fixed_budget,optimized__minimum,optimized__barycentric,new_n,0,0,0,600
bridgeable,random,rinf,0.2,fixed_budget,optimized__minimum,optimized__barycentric,error,0,0,0,600
bridgeable,random,rinf,0.2,fixed_budget,optimized__minimum,optimized__barycentric,width,0,0,0,600
bridgeable,random,rinf,0.2,fixed_budget,optimized__minimum,optimized__lipschitz,released,0,0,0,600
bridgeable,random,rinf,0.2,fixed_budget,optimized__minimum,optimized__lipschitz,bad_release,0,0,0,600
bridgeable,random,rinf,0.2,fixed_budget,optimized__minimum,optimized__lipschitz,path_covered,0,0,0,600
bridgeable,random,rinf,0.2,fixed_budget,optimized__minimum,optimized__lipschitz,new_n,0,0,0,600
bridgeable,random,rinf,0.2,fixed_budget,optimized__minimum,optimized__lipschitz,error,-0.134342546673,-0.145143958986,-0.123976146454,600
bridgeable,random,rinf,0.2,fixed_budget,optimized__minimum,optimized__lipschitz,width,-0.358124314671,-0.369511034264,-0.346266577301,600
bridgeable,random,rinf,0.2,fixed_budget,optimized__minimum,uniform__minimum,released,0,0,0,600
bridgeable,random,rinf,0.2,fixed_budget,optimized__minimum,uniform__minimum,bad_release,0,0,0,600
bridgeable,random,rinf,0.2,fixed_budget,optimized__minimum,uniform__minimum,path_covered,0,0,0,600
bridgeable,random,rinf,0.2,fixed_budget,optimized__minimum,uniform__minimum,new_n,0,0,0,600
bridgeable,random,rinf,0.2,fixed_budget,optimized__minimum,uniform__minimum,error,-0.096371684561,-0.101740474679,-0.0910638869453,600
bridgeable,random,rinf,0.2,fixed_budget,optimized__minimum,uniform__minimum,width,-0.328721546015,-0.335461740837,-0.321960875549,600
bridgeable,random,rinf,0.3,fixed_budget,optimized__minimum,inverse_variance__minimum,released,0.318333333333,0.305,0.331666666667,600
bridgeable,random,rinf,0.3,fixed_budget,optimized__minimum,inverse_variance__minimum,bad_release,0,0,0,600
bridgeable,random,rinf,0.3,fixed_budget,optimized__minimum,inverse_variance__minimum,path_covered,0,0,0,600
bridgeable,random,rinf,0.3,fixed_budget,optimized__minimum,inverse_variance__minimum,new_n,0,0,0,600
bridgeable,random,rinf,0.3,fixed_budget,optimized__minimum,inverse_variance__minimum,error,-0.317546430267,-0.320774218305,-0.314428366984,600
bridgeable,random,rinf,0.3,fixed_budget,optimized__minimum,inverse_variance__minimum,width,-0.642301364114,-0.644484147204,-0.640195614536,600
bridgeable,random,rinf,0.3,fixed_budget,optimized__minimum,nearest_source__minimum,released,0.318333333333,0.306666666667,0.331666666667,600
bridgeable,random,rinf,0.3,fixed_budget,optimized__minimum,nearest_source__minimum,bad_release,0,0,0,600
bridgeable,random,rinf,0.3,fixed_budget,optimized__minimum,nearest_source__minimum,path_covered,0,0,0,600
bridgeable,random,rinf,0.3,fixed_budget,optimized__minimum,nearest_source__minimum,new_n,0,0,0,600
bridgeable,random,rinf,0.3,fixed_budget,optimized__minimum,nearest_source__minimum,error,-0.0865562612001,-0.0955663895691,-0.0779792725887,600
bridgeable,random,rinf,0.3,fixed_budget,optimized__minimum,nearest_source__minimum,width,-0.398723141871,-0.415070767831,-0.383156967726,600
bridgeable,random,rinf,0.3,fixed_budget,optimized__minimum,optimized__barycentric,released,0,0,0,600
bridgeable,random,rinf,0.3,fixed_budget,optimized__minimum,optimized__barycentric,bad_release,0,0,0,600
bridgeable,random,rinf,0.3,fixed_budget,optimized__minimum,optimized__barycentric,path_covered,0,0,0,600
bridgeable,random,rinf,0.3,fixed_budget,optimized__minimum,optimized__barycentric,new_n,0,0,0,600
bridgeable,random,rinf,0.3,fixed_budget,optimized__minimum,optimized__barycentric,error,0,0,0,600
bridgeable,random,rinf,0.3,fixed_budget,optimized__minimum,optimized__barycentric,width,0,0,0,600
bridgeable,random,rinf,0.3,fixed_budget,optimized__minimum,optimized__lipschitz,released,0.318333333333,0.305,0.330041666667,600
bridgeable,random,rinf,0.3,fixed_budget,optimized__minimum,optimized__lipschitz,bad_release,0,0,0,600
bridgeable,random,rinf,0.3,fixed_budget,optimized__minimum,optimized__lipschitz,path_covered,0,0,0,600
bridgeable,random,rinf,0.3,fixed_budget,optimized__minimum,optimized__lipschitz,new_n,0,0,0,600
bridgeable,random,rinf,0.3,fixed_budget,optimized__minimum,optimized__lipschitz,error,-0.134342546673,-0.14536329741,-0.124074898257,600
bridgeable,random,rinf,0.3,fixed_budget,optimized__minimum,optimized__lipschitz,width,-0.358124314671,-0.369858100512,-0.346681981202,600
bridgeable,random,rinf,0.3,fixed_budget,optimized__minimum,uniform__minimum,released,0.318333333333,0.305,0.331666666667,600
bridgeable,random,rinf,0.3,fixed_budget,optimized__minimum,uniform__minimum,bad_release,0,0,0,600
bridgeable,random,rinf,0.3,fixed_budget,optimized__minimum,uniform__minimum,path_covered,0,0,0,600
bridgeable,random,rinf,0.3,fixed_budget,optimized__minimum,uniform__minimum,new_n,0,0,0,600
bridgeable,random,rinf,0.3,fixed_budget,optimized__minimum,uniform__minimum,error,-0.096371684561,-0.101590071546,-0.0910240974351,600
bridgeable,random,rinf,0.3,fixed_budget,optimized__minimum,uniform__minimum,width,-0.328721546015,-0.335748625347,-0.321358531993,600
supported,nearest,r2,0.2,fixed_budget,optimized__minimum,inverse_variance__minimum,released,0,0,0,600
supported,nearest,r2,0.2,fixed_budget,optimized__minimum,inverse_variance__minimum,bad_release,0,0,0,600
supported,nearest,r2,0.2,fixed_budget,optimized__minimum,inverse_variance__minimum,path_covered,0,0,0,600
supported,nearest,r2,0.2,fixed_budget,optimized__minimum,inverse_variance__minimum,new_n,0,0,0,600
supported,nearest,r2,0.2,fixed_budget,optimized__minimum,inverse_variance__minimum,error,0.000477687313947,-0.000302458010669,0.00121679472522,600
supported,nearest,r2,0.2,fixed_budget,optimized__minimum,inverse_variance__minimum,width,-0.0257139549935,-0.0266567306447,-0.0247377349033,600
supported,nearest,r2,0.2,fixed_budget,optimized__minimum,nearest_source__minimum,released,0.998333333333,0.995,1,600
supported,nearest,r2,0.2,fixed_budget,optimized__minimum,nearest_source__minimum,bad_release,0,0,0,600
supported,nearest,r2,0.2,fixed_budget,optimized__minimum,nearest_source__minimum,path_covered,0,0,0,600
supported,nearest,r2,0.2,fixed_budget,optimized__minimum,nearest_source__minimum,new_n,0,0,0,600
supported,nearest,r2,0.2,fixed_budget,optimized__minimum,nearest_source__minimum,error,-0.06804359938,-0.0730774503501,-0.0628509209621,600
supported,nearest,r2,0.2,fixed_budget,optimized__minimum,nearest_source__minimum,width,-0.618493187861,-0.622329797286,-0.61436610764,600
supported,nearest,r2,0.2,fixed_budget,optimized__minimum,optimized__barycentric,released,0,0,0,600
supported,nearest,r2,0.2,fixed_budget,optimized__minimum,optimized__barycentric,bad_release,0,0,0,600
supported,nearest,r2,0.2,fixed_budget,optimized__minimum,optimized__barycentric,path_covered,0,0,0,600
supported,nearest,r2,0.2,fixed_budget,optimized__minimum,optimized__barycentric,new_n,0,0,0,600
supported,nearest,r2,0.2,fixed_budget,optimized__minimum,optimized__barycentric,error,0,0,0,600
supported,nearest,r2,0.2,fixed_budget,optimized__minimum,optimized__barycentric,width,0,0,0,600
supported,nearest,r2,0.2,fixed_budget,optimized__minimum,optimized__lipschitz,released,0.91,0.888333333333,0.931666666667,600
supported,nearest,r2,0.2,fixed_budget,optimized__minimum,optimized__lipschitz,bad_release,0,0,0,600
supported,nearest,r2,0.2,fixed_budget,optimized__minimum,optimized__lipschitz,path_covered,0,0,0,600
supported,nearest,r2,0.2,fixed_budget,optimized__minimum,optimized__lipschitz,new_n,0,0,0,600
supported,nearest,r2,0.2,fixed_budget,optimized__minimum,optimized__lipschitz,error,-0.00184806041419,-0.00273664953756,-0.00102824343342,600
supported,nearest,r2,0.2,fixed_budget,optimized__minimum,optimized__lipschitz,width,-0.199967154704,-0.201416083472,-0.198440671218,600
supported,nearest,r2,0.2,fixed_budget,optimized__minimum,uniform__minimum,released,0.0116666666667,0.00333333333333,0.0216666666667,600
supported,nearest,r2,0.2,fixed_budget,optimized__minimum,uniform__minimum,bad_release,0,0,0,600
supported,nearest,r2,0.2,fixed_budget,optimized__minimum,uniform__minimum,path_covered,0,0,0,600
supported,nearest,r2,0.2,fixed_budget,optimized__minimum,uniform__minimum,new_n,0,0,0,600
supported,nearest,r2,0.2,fixed_budget,optimized__minimum,uniform__minimum,error,-0.0105948090155,-0.0121691344142,-0.00901974441198,600
supported,nearest,r2,0.2,fixed_budget,optimized__minimum,uniform__minimum,width,-0.117278439983,-0.118632850992,-0.115890390512,600
supported,nearest,r2,0.3,fixed_budget,optimized__minimum,inverse_variance__minimum,released,0,0,0,600
supported,nearest,r2,0.3,fixed_budget,optimized__minimum,inverse_variance__minimum,bad_release,0,0,0,600
supported,nearest,r2,0.3,fixed_budget,optimized__minimum,inverse_variance__minimum,path_covered,0,0,0,600
supported,nearest,r2,0.3,fixed_budget,optimized__minimum,inverse_variance__minimum,new_n,0,0,0,600
supported,nearest,r2,0.3,fixed_budget,optimized__minimum,inverse_variance__minimum,error,0.000477687313947,-0.000377304978238,0.00123989218221,600
supported,nearest,r2,0.3,fixed_budget,optimized__minimum,inverse_variance__minimum,width,-0.0257139549935,-0.0266595964385,-0.0247713692645,600
supported,nearest,r2,0.3,fixed_budget,optimized__minimum,nearest_source__minimum,released,0.991666666667,0.983333333333,0.998333333333,600
supported,nearest,r2,0.3,fixed_budget,optimized__minimum,nearest_source__minimum,bad_release,0,0,0,600
supported,nearest,r2,0.3,fixed_budget,optimized__minimum,nearest_source__minimum,path_covered,0,0,0,600
supported,nearest,r2,0.3,fixed_budget,optimized__minimum,nearest_source__minimum,new_n,0,0,0,600
supported,nearest,r2,0.3,fixed_budget,optimized__minimum,nearest_source__minimum,error,-0.06804359938,-0.0729285088451,-0.0631353344277,600
supported,nearest,r2,0.3,fixed_budget,optimized__minimum,nearest_source__minimum,width,-0.618493187861,-0.622129603171,-0.614459688953,600
supported,nearest,r2,0.3,fixed_budget,optimized__minimum,optimized__barycentric,released,0,0,0,600
supported,nearest,r2,0.3,fixed_budget,optimized__minimum,optimized__barycentric,bad_release,0,0,0,600
supported,nearest,r2,0.3,fixed_budget,optimized__minimum,optimized__barycentric,path_covered,0,0,0,600
supported,nearest,r2,0.3,fixed_budget,optimized__minimum,optimized__barycentric,new_n,0,0,0,600
supported,nearest,r2,0.3,fixed_budget,optimized__minimum,optimized__barycentric,error,0,0,0,600
supported,nearest,r2,0.3,fixed_budget,optimized__minimum,optimized__barycentric,width,0,0,0,600
supported,nearest,r2,0.3,fixed_budget,optimized__minimum,optimized__lipschitz,released,0,0,0,600
supported,nearest,r2,0.3,fixed_budget,optimized__minimum,optimized__lipschitz,bad_release,0,0,0,600
supported,nearest,r2,0.3,fixed_budget,optimized__minimum,optimized__lipschitz,path_covered,0,0,0,600
supported,nearest,r2,0.3,fixed_budget,optimized__minimum,optimized__lipschitz,new_n,0,0,0,600
supported,nearest,r2,0.3,fixed_budget,optimized__minimum,optimized__lipschitz,error,-0.00184806041419,-0.00264941583232,-0.00100084067144,600
supported,nearest,r2,0.3,fixed_budget,optimized__minimum,optimized__lipschitz,width,-0.199967154704,-0.201402967494,-0.198468555928,600
supported,nearest,r2,0.3,fixed_budget,optimized__minimum,uniform__minimum,released,0,0,0,600
supported,nearest,r2,0.3,fixed_budget,optimized__minimum,uniform__minimum,bad_release,0,0,0,600
supported,nearest,r2,0.3,fixed_budget,optimized__minimum,uniform__minimum,path_covered,0,0,0,600
supported,nearest,r2,0.3,fixed_budget,optimized__minimum,uniform__minimum,new_n,0,0,0,600
supported,nearest,r2,0.3,fixed_budget,optimized__minimum,uniform__minimum,error,-0.0105948090155,-0.012153522644,-0.00906736731508,600
supported,nearest,r2,0.3,fixed_budget,optimized__minimum,uniform__minimum,width,-0.117278439983,-0.118641160846,-0.115868343299,600
supported,nearest,rinf,0.2,fixed_budget,optimized__minimum,inverse_variance__minimum,released,0.891666666667,0.87,0.913333333333,600
supported,nearest,rinf,0.2,fixed_budget,optimized__minimum,inverse_variance__minimum,bad_release,0,0,0,600
supported,nearest,rinf,0.2,fixed_budget,optimized__minimum,inverse_variance__minimum,path_covered,0,0,0,600
supported,nearest,rinf,0.2,fixed_budget,optimized__minimum,inverse_variance__minimum,new_n,0,0,0,600
supported,nearest,rinf,0.2,fixed_budget,optimized__minimum,inverse_variance__minimum,error,0.00471305815368,0.00360509331559,0.00580662605858,600
supported,nearest,rinf,0.2,fixed_budget,optimized__minimum,inverse_variance__minimum,width,-0.0688098165099,-0.0700657414904,-0.0676205487617,600
supported,nearest,rinf,0.2,fixed_budget,optimized__minimum,nearest_source__minimum,released,0.998333333333,0.995,1,600
supported,nearest,rinf,0.2,fixed_budget,optimized__minimum,nearest_source__minimum,bad_release,0,0,0,600
supported,nearest,rinf,0.2,fixed_budget,optimized__minimum,nearest_source__minimum,path_covered,0,0,0,600
supported,nearest,rinf,0.2,fixed_budget,optimized__minimum,nearest_source__minimum,new_n,0,0,0,600
supported,nearest,rinf,0.2,fixed_budget,optimized__minimum,nearest_source__minimum,error,-0.0638082285402,-0.0688619387078,-0.0587920693458,600
supported,nearest,rinf,0.2,fixed_budget,optimized__minimum,nearest_source__minimum,width,-0.50691457138,-0.510499254648,-0.50289598065,600
supported,nearest,rinf,0.2,fixed_budget,optimized__minimum,optimized__barycentric,released,0,0,0,600
supported,nearest,rinf,0.2,fixed_budget,optimized__minimum,optimized__barycentric,bad_release,0,0,0,600
supported,nearest,rinf,0.2,fixed_budget,optimized__minimum,optimized__barycentric,path_covered,0,0,0,600
supported,nearest,rinf,0.2,fixed_budget,optimized__minimum,optimized__barycentric,new_n,0,0,0,600
supported,nearest,rinf,0.2,fixed_budget,optimized__minimum,optimized__barycentric,error,0,0,0,600
supported,nearest,rinf,0.2,fixed_budget,optimized__minimum,optimized__barycentric,width,0,0,0,600
supported,nearest,rinf,0.2,fixed_budget,optimized__minimum,optimized__lipschitz,released,0.998333333333,0.995,1,600
supported,nearest,rinf,0.2,fixed_budget,optimized__minimum,optimized__lipschitz,bad_release,0,0,0,600
supported,nearest,rinf,0.2,fixed_budget,optimized__minimum,optimized__lipschitz,path_covered,0,0,0,600
supported,nearest,rinf,0.2,fixed_budget,optimized__minimum,optimized__lipschitz,new_n,0,0,0,600
supported,nearest,rinf,0.2,fixed_budget,optimized__minimum,optimized__lipschitz,error,-0.0476470959148,-0.050536341393,-0.044743503962,600
supported,nearest,rinf,0.2,fixed_budget,optimized__minimum,optimized__lipschitz,width,-0.169348404745,-0.171397751586,-0.167111523934,600
supported,nearest,rinf,0.2,fixed_budget,optimized__minimum,uniform__minimum,released,1,1,1,600
supported,nearest,rinf,0.2,fixed_budget,optimized__minimum,uniform__minimum,bad_release,0,0,0,600
supported,nearest,rinf,0.2,fixed_budget,optimized__minimum,uniform__minimum,path_covered,0,0,0,600
supported,nearest,rinf,0.2,fixed_budget,optimized__minimum,uniform__minimum,new_n,0,0,0,600
supported,nearest,rinf,0.2,fixed_budget,optimized__minimum,uniform__minimum,error,-0.00635943817579,-0.00815585143284,-0.00469656541484,600
supported,nearest,rinf,0.2,fixed_budget,optimized__minimum,uniform__minimum,width,-0.25042294225,-0.251793571836,-0.248958938892,600
supported,nearest,rinf,0.3,fixed_budget,optimized__minimum,inverse_variance__minimum,released,0,0,0,600
supported,nearest,rinf,0.3,fixed_budget,optimized__minimum,inverse_variance__minimum,bad_release,0,0,0,600
supported,nearest,rinf,0.3,fixed_budget,optimized__minimum,inverse_variance__minimum,path_covered,0,0,0,600
supported,nearest,rinf,0.3,fixed_budget,optimized__minimum,inverse_variance__minimum,new_n,0,0,0,600
supported,nearest,rinf,0.3,fixed_budget,optimized__minimum,inverse_variance__minimum,error,0.00471305815368,0.00356986385201,0.00582329166145,600
supported,nearest,rinf,0.3,fixed_budget,optimized__minimum,inverse_variance__minimum,width,-0.0688098165099,-0.0700305056134,-0.0676148107885,600
supported,nearest,rinf,0.3,fixed_budget,optimized__minimum,nearest_source__minimum,released,0.991666666667,0.983333333333,0.998333333333,600
supported,nearest,rinf,0.3,fixed_budget,optimized__minimum,nearest_source__minimum,bad_release,0,0,0,600
supported,nearest,rinf,0.3,fixed_budget,optimized__minimum,nearest_source__minimum,path_covered,0,0,0,600
supported,nearest,rinf,0.3,fixed_budget,optimized__minimum,nearest_source__minimum,new_n,0,0,0,600
supported,nearest,rinf,0.3,fixed_budget,optimized__minimum,nearest_source__minimum,error,-0.0638082285402,-0.0690971276769,-0.0584255087278,600
supported,nearest,rinf,0.3,fixed_budget,optimized__minimum,nearest_source__minimum,width,-0.50691457138,-0.510487496479,-0.502766458874,600
supported,nearest,rinf,0.3,fixed_budget,optimized__minimum,optimized__barycentric,released,0,0,0,600
supported,nearest,rinf,0.3,fixed_budget,optimized__minimum,optimized__barycentric,bad_release,0,0,0,600
supported,nearest,rinf,0.3,fixed_budget,optimized__minimum,optimized__barycentric,path_covered,0,0,0,600
supported,nearest,rinf,0.3,fixed_budget,optimized__minimum,optimized__barycentric,new_n,0,0,0,600
supported,nearest,rinf,0.3,fixed_budget,optimized__minimum,optimized__barycentric,error,0,0,0,600
supported,nearest,rinf,0.3,fixed_budget,optimized__minimum,optimized__barycentric,width,0,0,0,600
supported,nearest,rinf,0.3,fixed_budget,optimized__minimum,optimized__lipschitz,released,0.005,0,0.0116666666667,600
supported,nearest,rinf,0.3,fixed_budget,optimized__minimum,optimized__lipschitz,bad_release,0,0,0,600
supported,nearest,rinf,0.3,fixed_budget,optimized__minimum,optimized__lipschitz,path_covered,0,0,0,600
supported,nearest,rinf,0.3,fixed_budget,optimized__minimum,optimized__lipschitz,new_n,0,0,0,600
supported,nearest,rinf,0.3,fixed_budget,optimized__minimum,optimized__lipschitz,error,-0.0476470959148,-0.0505561680914,-0.0447376552347,600
supported,nearest,rinf,0.3,fixed_budget,optimized__minimum,optimized__lipschitz,width,-0.169348404745,-0.17151944532,-0.167067826468,600
supported,nearest,rinf,0.3,fixed_budget,optimized__minimum,uniform__minimum,released,0.563333333333,0.528333333333,0.596666666667,600
supported,nearest,rinf,0.3,fixed_budget,optimized__minimum,uniform__minimum,bad_release,0,0,0,600
supported,nearest,rinf,0.3,fixed_budget,optimized__minimum,uniform__minimum,path_covered,0,0,0,600
supported,nearest,rinf,0.3,fixed_budget,optimized__minimum,uniform__minimum,new_n,0,0,0,600
supported,nearest,rinf,0.3,fixed_budget,optimized__minimum,uniform__minimum,error,-0.00635943817579,-0.00810340139722,-0.00467569203448,600
supported,nearest,rinf,0.3,fixed_budget,optimized__minimum,uniform__minimum,width,-0.25042294225,-0.251980916829,-0.248983442687,600
supported,random,r2,0.2,fixed_budget,optimized__minimum,inverse_variance__minimum,released,0,0,0,600
supported,random,r2,0.2,fixed_budget,optimized__minimum,inverse_variance__minimum,bad_release,0,0,0,600
supported,random,r2,0.2,fixed_budget,optimized__minimum,inverse_variance__minimum,path_covered,0,0,0,600
supported,random,r2,0.2,fixed_budget,optimized__minimum,inverse_variance__minimum,new_n,0,0,0,600
supported,random,r2,0.2,fixed_budget,optimized__minimum,inverse_variance__minimum,error,-0.00216918517947,-0.00320013003688,-0.00113301776322,600
supported,random,r2,0.2,fixed_budget,optimized__minimum,inverse_variance__minimum,width,-0.0360788190382,-0.0373987786706,-0.0347309430912,600
supported,random,r2,0.2,fixed_budget,optimized__minimum,nearest_source__minimum,released,0.998333333333,0.995,1,600
supported,random,r2,0.2,fixed_budget,optimized__minimum,nearest_source__minimum,bad_release,0,0,0,600
supported,random,r2,0.2,fixed_budget,optimized__minimum,nearest_source__minimum,path_covered,0,0,0,600
supported,random,r2,0.2,fixed_budget,optimized__minimum,nearest_source__minimum,new_n,0,0,0,600
supported,random,r2,0.2,fixed_budget,optimized__minimum,nearest_source__minimum,error,-0.0592140534366,-0.0635340186382,-0.0550133384284,600
supported,random,r2,0.2,fixed_budget,optimized__minimum,nearest_source__minimum,width,-0.460997582089,-0.474136347461,-0.447845212914,600
supported,random,r2,0.2,fixed_budget,optimized__minimum,optimized__barycentric,released,0,0,0,600
supported,random,r2,0.2,fixed_budget,optimized__minimum,optimized__barycentric,bad_release,0,0,0,600
supported,random,r2,0.2,fixed_budget,optimized__minimum,optimized__barycentric,path_covered,0,0,0,600
supported,random,r2,0.2,fixed_budget,optimized__minimum,optimized__barycentric,new_n,0,0,0,600
supported,random,r2,0.2,fixed_budget,optimized__minimum,optimized__barycentric,error,0,0,0,600
supported,random,r2,0.2,fixed_budget,optimized__minimum,optimized__barycentric,width,0,0,0,600
supported,random,r2,0.2,fixed_budget,optimized__minimum,optimized__lipschitz,released,0.935,0.915,0.953375,600
supported,random,r2,0.2,fixed_budget,optimized__minimum,optimized__lipschitz,bad_release,0,0,0,600
supported,random,r2,0.2,fixed_budget,optimized__minimum,optimized__lipschitz,path_covered,0,0,0,600
supported,random,r2,0.2,fixed_budget,optimized__minimum,optimized__lipschitz,new_n,0,0,0,600
supported,random,r2,0.2,fixed_budget,optimized__minimum,optimized__lipschitz,error,-0.00163313629731,-0.002424697903,-0.00082783025174,600
supported,random,r2,0.2,fixed_budget,optimized__minimum,optimized__lipschitz,width,-0.203965778976,-0.205473060406,-0.202423079268,600
supported,random,r2,0.2,fixed_budget,optimized__minimum,uniform__minimum,released,0.855,0.826666666667,0.881666666667,600
supported,random,r2,0.2,fixed_budget,optimized__minimum,uniform__minimum,bad_release,0,0,0,600
supported,random,r2,0.2,fixed_budget,optimized__minimum,uniform__minimum,path_covered,0,0,0,600
supported,random,r2,0.2,fixed_budget,optimized__minimum,uniform__minimum,new_n,0,0,0,600
supported,random,r2,0.2,fixed_budget,optimized__minimum,uniform__minimum,error,-0.0467162008666,-0.049504560473,-0.0439440445986,600
supported,random,r2,0.2,fixed_budget,optimized__minimum,uniform__minimum,width,-0.228052384574,-0.231953139927,-0.22395098914,600
supported,random,r2,0.3,fixed_budget,optimized__minimum,inverse_variance__minimum,released,0,0,0,600
supported,random,r2,0.3,fixed_budget,optimized__minimum,inverse_variance__minimum,bad_release,0,0,0,600
supported,random,r2,0.3,fixed_budget,optimized__minimum,inverse_variance__minimum,path_covered,0,0,0,600
supported,random,r2,0.3,fixed_budget,optimized__minimum,inverse_variance__minimum,new_n,0,0,0,600
supported,random,r2,0.3,fixed_budget,optimized__minimum,inverse_variance__minimum,error,-0.00216918517947,-0.0032369334753,-0.00109745511171,600
supported,random,r2,0.3,fixed_budget,optimized__minimum,inverse_variance__minimum,width,-0.0360788190382,-0.037502046548,-0.0347774573394,600
supported,random,r2,0.3,fixed_budget,optimized__minimum,nearest_source__minimum,released,0.52,0.48,0.558333333333,600
supported,random,r2,0.3,fixed_budget,optimized__minimum,nearest_source__minimum,bad_release,0,0,0,600
supported,random,r2,0.3,fixed_budget,optimized__minimum,nearest_source__minimum,path_covered,0,0,0,600
supported,random,r2,0.3,fixed_budget,optimized__minimum,nearest_source__minimum,new_n,0,0,0,600
supported,random,r2,0.3,fixed_budget,optimized__minimum,nearest_source__minimum,error,-0.0592140534366,-0.0634927475171,-0.0548888022118,600
supported,random,r2,0.3,fixed_budget,optimized__minimum,nearest_source__minimum,width,-0.460997582089,-0.473775252542,-0.447029212145,600
supported,random,r2,0.3,fixed_budget,optimized__minimum,optimized__barycentric,released,0,0,0,600
supported,random,r2,0.3,fixed_budget,optimized__minimum,optimized__barycentric,bad_release,0,0,0,600
supported,random,r2,0.3,fixed_budget,optimized__minimum,optimized__barycentric,path_covered,0,0,0,600
supported,random,r2,0.3,fixed_budget,optimized__minimum,optimized__barycentric,new_n,0,0,0,600
supported,random,r2,0.3,fixed_budget,optimized__minimum,optimized__barycentric,error,0,0,0,600
supported,random,r2,0.3,fixed_budget,optimized__minimum,optimized__barycentric,width,0,0,0,600
supported,random,r2,0.3,fixed_budget,optimized__minimum,optimized__lipschitz,released,0,0,0,600
supported,random,r2,0.3,fixed_budget,optimized__minimum,optimized__lipschitz,bad_release,0,0,0,600
supported,random,r2,0.3,fixed_budget,optimized__minimum,optimized__lipschitz,path_covered,0,0,0,600
supported,random,r2,0.3,fixed_budget,optimized__minimum,optimized__lipschitz,new_n,0,0,0,600
supported,random,r2,0.3,fixed_budget,optimized__minimum,optimized__lipschitz,error,-0.00163313629731,-0.00240629757322,-0.000855716783186,600
supported,random,r2,0.3,fixed_budget,optimized__minimum,optimized__lipschitz,width,-0.203965778976,-0.205567710686,-0.20244556412,600
supported,random,r2,0.3,fixed_budget,optimized__minimum,uniform__minimum,released,0.00166666666667,0,0.005,600
supported,random,r2,0.3,fixed_budget,optimized__minimum,uniform__minimum,bad_release,0,0,0,600
supported,random,r2,0.3,fixed_budget,optimized__minimum,uniform__minimum,path_covered,0,0,0,600
supported,random,r2,0.3,fixed_budget,optimized__minimum,uniform__minimum,new_n,0,0,0,600
supported,random,r2,0.3,fixed_budget,optimized__minimum,uniform__minimum,error,-0.0467162008666,-0.0495999470635,-0.0438072423476,600
supported,random,r2,0.3,fixed_budget,optimized__minimum,uniform__minimum,width,-0.228052384574,-0.232447841985,-0.223639457255,600
supported,random,rinf,0.2,fixed_budget,optimized__minimum,inverse_variance__minimum,released,0.945,0.928333333333,0.961666666667,600
supported,random,rinf,0.2,fixed_budget,optimized__minimum,inverse_variance__minimum,bad_release,0,0,0,600
supported,random,rinf,0.2,fixed_budget,optimized__minimum,inverse_variance__minimum,path_covered,0,0,0,600
supported,random,rinf,0.2,fixed_budget,optimized__minimum,inverse_variance__minimum,new_n,0,0,0,600
supported,random,rinf,0.2,fixed_budget,optimized__minimum,inverse_variance__minimum,error,0.00198526042889,0.000657164261651,0.00335082491791,600
supported,random,rinf,0.2,fixed_budget,optimized__minimum,inverse_variance__minimum,width,-0.0801091508135,-0.0816810712265,-0.0784770372241,600
supported,random,rinf,0.2,fixed_budget,optimized__minimum,nearest_source__minimum,released,0.998333333333,0.995,1,600
supported,random,rinf,0.2,fixed_budget,optimized__minimum,nearest_source__minimum,bad_release,0,0,0,600
supported,random,rinf,0.2,fixed_budget,optimized__minimum,nearest_source__minimum,path_covered,0,0,0,600
supported,random,rinf,0.2,fixed_budget,optimized__minimum,nearest_source__minimum,new_n,0,0,0,600
supported,random,rinf,0.2,fixed_budget,optimized__minimum,nearest_source__minimum,error,-0.0550596078282,-0.05938641518,-0.0507176599999,600
supported,random,rinf,0.2,fixed_budget,optimized__minimum,nearest_source__minimum,width,-0.346244106528,-0.359685207868,-0.332195318054,600
supported,random,rinf,0.2,fixed_budget,optimized__minimum,optimized__barycentric,released,0,0,0,600
supported,random,rinf,0.2,fixed_budget,optimized__minimum,optimized__barycentric,bad_release,0,0,0,600
supported,random,rinf,0.2,fixed_budget,optimized__minimum,optimized__barycentric,path_covered,0,0,0,600
supported,random,rinf,0.2,fixed_budget,optimized__minimum,optimized__barycentric,new_n,0,0,0,600
supported,random,rinf,0.2,fixed_budget,optimized__minimum,optimized__barycentric,error,0,0,0,600
supported,random,rinf,0.2,fixed_budget,optimized__minimum,optimized__barycentric,width,0,0,0,600
supported,random,rinf,0.2,fixed_budget,optimized__minimum,optimized__lipschitz,released,0.998333333333,0.995,1,600
supported,random,rinf,0.2,fixed_budget,optimized__minimum,optimized__lipschitz,bad_release,0,0,0,600
supported,random,rinf,0.2,fixed_budget,optimized__minimum,optimized__lipschitz,path_covered,0,0,0,600
supported,random,rinf,0.2,fixed_budget,optimized__minimum,optimized__lipschitz,new_n,0,0,0,600
supported,random,rinf,0.2,fixed_budget,optimized__minimum,optimized__lipschitz,error,-0.0475705428828,-0.0503347979283,-0.044444790562,600
supported,random,rinf,0.2,fixed_budget,optimized__minimum,optimized__lipschitz,width,-0.169348502053,-0.171606747987,-0.167041346416,600
supported,random,rinf,0.2,fixed_budget,optimized__minimum,uniform__minimum,released,1,1,1,600
supported,random,rinf,0.2,fixed_budget,optimized__minimum,uniform__minimum,bad_release,0,0,0,600
supported,random,rinf,0.2,fixed_budget,optimized__minimum,uniform__minimum,path_covered,0,0,0,600
supported,random,rinf,0.2,fixed_budget,optimized__minimum,uniform__minimum,new_n,0,0,0,600
supported,random,rinf,0.2,fixed_budget,optimized__minimum,uniform__minimum,error,-0.0425617552583,-0.0456209568473,-0.039580966906,600
supported,random,rinf,0.2,fixed_budget,optimized__minimum,uniform__minimum,width,-0.3621313571,-0.366517628276,-0.357974375693,600
supported,random,rinf,0.3,fixed_budget,optimized__minimum,inverse_variance__minimum,released,0,0,0,600
supported,random,rinf,0.3,fixed_budget,optimized__minimum,inverse_variance__minimum,bad_release,0,0,0,600
supported,random,rinf,0.3,fixed_budget,optimized__minimum,inverse_variance__minimum,path_covered,0,0,0,600
supported,random,rinf,0.3,fixed_budget,optimized__minimum,inverse_variance__minimum,new_n,0,0,0,600
supported,random,rinf,0.3,fixed_budget,optimized__minimum,inverse_variance__minimum,error,0.00198526042889,0.000669878858861,0.00325322169188,600
supported,random,rinf,0.3,fixed_budget,optimized__minimum,inverse_variance__minimum,width,-0.0801091508135,-0.0816186511414,-0.0785100421361,600
supported,random,rinf,0.3,fixed_budget,optimized__minimum,nearest_source__minimum,released,0.52,0.48,0.558333333333,600
supported,random,rinf,0.3,fixed_budget,optimized__minimum,nearest_source__minimum,bad_release,0,0,0,600
supported,random,rinf,0.3,fixed_budget,optimized__minimum,nearest_source__minimum,path_covered,0,0,0,600
supported,random,rinf,0.3,fixed_budget,optimized__minimum,nearest_source__minimum,new_n,0,0,0,600
supported,random,rinf,0.3,fixed_budget,optimized__minimum,nearest_source__minimum,error,-0.0550596078282,-0.0592687015882,-0.0507196611746,600
supported,random,rinf,0.3,fixed_budget,optimized__minimum,nearest_source__minimum,width,-0.346244106528,-0.359645760022,-0.332612498517,600
supported,random,rinf,0.3,fixed_budget,optimized__minimum,optimized__barycentric,released,0,0,0,600
supported,random,rinf,0.3,fixed_budget,optimized__minimum,optimized__barycentric,bad_release,0,0,0,600
supported,random,rinf,0.3,fixed_budget,optimized__minimum,optimized__barycentric,path_covered,0,0,0,600
supported,random,rinf,0.3,fixed_budget,optimized__minimum,optimized__barycentric,new_n,0,0,0,600
supported,random,rinf,0.3,fixed_budget,optimized__minimum,optimized__barycentric,error,0,0,0,600
supported,random,rinf,0.3,fixed_budget,optimized__minimum,optimized__barycentric,width,0,0,0,600
supported,random,rinf,0.3,fixed_budget,optimized__minimum,optimized__lipschitz,released,0.005,0,0.0116666666667,600
supported,random,rinf,0.3,fixed_budget,optimized__minimum,optimized__lipschitz,bad_release,0,0,0,600
supported,random,rinf,0.3,fixed_budget,optimized__minimum,optimized__lipschitz,path_covered,0,0,0,600
supported,random,rinf,0.3,fixed_budget,optimized__minimum,optimized__lipschitz,new_n,0,0,0,600
supported,random,rinf,0.3,fixed_budget,optimized__minimum,optimized__lipschitz,error,-0.0475705428828,-0.0505728860005,-0.0449321562309,600
supported,random,rinf,0.3,fixed_budget,optimized__minimum,optimized__lipschitz,width,-0.169348502053,-0.171577566425,-0.167269373842,600
supported,random,rinf,0.3,fixed_budget,optimized__minimum,uniform__minimum,released,0.971666666667,0.958333333333,0.983333333333,600
supported,random,rinf,0.3,fixed_budget,optimized__minimum,uniform__minimum,bad_release,0,0,0,600
supported,random,rinf,0.3,fixed_budget,optimized__minimum,uniform__minimum,path_covered,0,0,0,600
supported,random,rinf,0.3,fixed_budget,optimized__minimum,uniform__minimum,new_n,0,0,0,600
supported,random,rinf,0.3,fixed_budget,optimized__minimum,uniform__minimum,error,-0.0425617552583,-0.0454311874232,-0.0397681826627,600
supported,random,rinf,0.3,fixed_budget,optimized__minimum,uniform__minimum,width,-0.3621313571,-0.366275823408,-0.357617134152,600
unreachable,nearest,r2,0.2,fixed_budget,optimized__minimum,inverse_variance__minimum,released,0,0,0,600
unreachable,nearest,r2,0.2,fixed_budget,optimized__minimum,inverse_variance__minimum,bad_release,0,0,0,600
unreachable,nearest,r2,0.2,fixed_budget,optimized__minimum,inverse_variance__minimum,path_covered,0,0,0,600
unreachable,nearest,r2,0.2,fixed_budget,optimized__minimum,inverse_variance__minimum,new_n,0,0,0,600
unreachable,nearest,r2,0.2,fixed_budget,optimized__minimum,inverse_variance__minimum,error,-0.287984261292,-0.292902978097,-0.282877946169,600
unreachable,nearest,r2,0.2,fixed_budget,optimized__minimum,inverse_variance__minimum,width,-0.470467830672,-0.472579099395,-0.468359358236,600
unreachable,nearest,r2,0.2,fixed_budget,optimized__minimum,nearest_source__minimum,released,0,0,0,600
unreachable,nearest,r2,0.2,fixed_budget,optimized__minimum,nearest_source__minimum,bad_release,0,0,0,600
unreachable,nearest,r2,0.2,fixed_budget,optimized__minimum,nearest_source__minimum,path_covered,0,0,0,600
unreachable,nearest,r2,0.2,fixed_budget,optimized__minimum,nearest_source__minimum,new_n,0,0,0,600
unreachable,nearest,r2,0.2,fixed_budget,optimized__minimum,nearest_source__minimum,error,0.0527711592427,0.0473550837125,0.0579413527092,600
unreachable,nearest,r2,0.2,fixed_budget,optimized__minimum,nearest_source__minimum,width,-0.147979247941,-0.149843294275,-0.146069206412,600
unreachable,nearest,r2,0.2,fixed_budget,optimized__minimum,optimized__barycentric,released,0,0,0,600
unreachable,nearest,r2,0.2,fixed_budget,optimized__minimum,optimized__barycentric,bad_release,0,0,0,600
unreachable,nearest,r2,0.2,fixed_budget,optimized__minimum,optimized__barycentric,path_covered,0,0,0,600
unreachable,nearest,r2,0.2,fixed_budget,optimized__minimum,optimized__barycentric,new_n,0,0,0,600
unreachable,nearest,r2,0.2,fixed_budget,optimized__minimum,optimized__barycentric,error,0.000126320653082,0.000101463504169,0.000152375853687,600
unreachable,nearest,r2,0.2,fixed_budget,optimized__minimum,optimized__barycentric,width,-0.00263409817176,-0.00269801773226,-0.00256806017082,600
unreachable,nearest,r2,0.2,fixed_budget,optimized__minimum,optimized__lipschitz,released,0,0,0,600
unreachable,nearest,r2,0.2,fixed_budget,optimized__minimum,optimized__lipschitz,bad_release,0,0,0,600
unreachable,nearest,r2,0.2,fixed_budget,optimized__minimum,optimized__lipschitz,path_covered,0,0,0,600
unreachable,nearest,r2,0.2,fixed_budget,optimized__minimum,optimized__lipschitz,new_n,0,0,0,600
unreachable,nearest,r2,0.2,fixed_budget,optimized__minimum,optimized__lipschitz,error,3.8033207407e-05,2.92373179227e-05,4.79531351908e-05,600
unreachable,nearest,r2,0.2,fixed_budget,optimized__minimum,optimized__lipschitz,width,-0.000305221907407,-0.000329517648748,-0.000282811412861,600
unreachable,nearest,r2,0.2,fixed_budget,optimized__minimum,uniform__minimum,released,0,0,0,600
unreachable,nearest,r2,0.2,fixed_budget,optimized__minimum,uniform__minimum,bad_release,0,0,0,600
unreachable,nearest,r2,0.2,fixed_budget,optimized__minimum,uniform__minimum,path_covered,0,0,0,600
unreachable,nearest,r2,0.2,fixed_budget,optimized__minimum,uniform__minimum,new_n,0,0,0,600
unreachable,nearest,r2,0.2,fixed_budget,optimized__minimum,uniform__minimum,error,-0.185971379483,-0.189424014637,-0.182494747613,600
unreachable,nearest,r2,0.2,fixed_budget,optimized__minimum,uniform__minimum,width,-0.262150629611,-0.263495904765,-0.260793580346,600
unreachable,nearest,r2,0.3,fixed_budget,optimized__minimum,inverse_variance__minimum,released,0,0,0,600
unreachable,nearest,r2,0.3,fixed_budget,optimized__minimum,inverse_variance__minimum,bad_release,0,0,0,600
unreachable,nearest,r2,0.3,fixed_budget,optimized__minimum,inverse_variance__minimum,path_covered,0,0,0,600
unreachable,nearest,r2,0.3,fixed_budget,optimized__minimum,inverse_variance__minimum,new_n,0,0,0,600
unreachable,nearest,r2,0.3,fixed_budget,optimized__minimum,inverse_variance__minimum,error,-0.287984261292,-0.293125727165,-0.282881998711,600
unreachable,nearest,r2,0.3,fixed_budget,optimized__minimum,inverse_variance__minimum,width,-0.470467830672,-0.47254102366,-0.468347396829,600
unreachable,nearest,r2,0.3,fixed_budget,optimized__minimum,nearest_source__minimum,released,0,0,0,600
unreachable,nearest,r2,0.3,fixed_budget,optimized__minimum,nearest_source__minimum,bad_release,0,0,0,600
unreachable,nearest,r2,0.3,fixed_budget,optimized__minimum,nearest_source__minimum,path_covered,0,0,0,600
unreachable,nearest,r2,0.3,fixed_budget,optimized__minimum,nearest_source__minimum,new_n,0,0,0,600
unreachable,nearest,r2,0.3,fixed_budget,optimized__minimum,nearest_source__minimum,error,0.0527711592427,0.0474056548571,0.0580490820523,600
unreachable,nearest,r2,0.3,fixed_budget,optimized__minimum,nearest_source__minimum,width,-0.147979247941,-0.149815803454,-0.146081046943,600
unreachable,nearest,r2,0.3,fixed_budget,optimized__minimum,optimized__barycentric,released,0,0,0,600
unreachable,nearest,r2,0.3,fixed_budget,optimized__minimum,optimized__barycentric,bad_release,0,0,0,600
unreachable,nearest,r2,0.3,fixed_budget,optimized__minimum,optimized__barycentric,path_covered,0,0,0,600
unreachable,nearest,r2,0.3,fixed_budget,optimized__minimum,optimized__barycentric,new_n,0,0,0,600
unreachable,nearest,r2,0.3,fixed_budget,optimized__minimum,optimized__barycentric,error,0.000126320653082,0.000101627802437,0.000152735334152,600
unreachable,nearest,r2,0.3,fixed_budget,optimized__minimum,optimized__barycentric,width,-0.00263409817176,-0.00270156963973,-0.00257140669756,600
unreachable,nearest,r2,0.3,fixed_budget,optimized__minimum,optimized__lipschitz,released,0,0,0,600
unreachable,nearest,r2,0.3,fixed_budget,optimized__minimum,optimized__lipschitz,bad_release,0,0,0,600
unreachable,nearest,r2,0.3,fixed_budget,optimized__minimum,optimized__lipschitz,path_covered,0,0,0,600
unreachable,nearest,r2,0.3,fixed_budget,optimized__minimum,optimized__lipschitz,new_n,0,0,0,600
unreachable,nearest,r2,0.3,fixed_budget,optimized__minimum,optimized__lipschitz,error,3.8033207407e-05,2.9268504973e-05,4.69300009677e-05,600
unreachable,nearest,r2,0.3,fixed_budget,optimized__minimum,optimized__lipschitz,width,-0.000305221907407,-0.00032886810534,-0.000281689478122,600
unreachable,nearest,r2,0.3,fixed_budget,optimized__minimum,uniform__minimum,released,0,0,0,600
unreachable,nearest,r2,0.3,fixed_budget,optimized__minimum,uniform__minimum,bad_release,0,0,0,600
unreachable,nearest,r2,0.3,fixed_budget,optimized__minimum,uniform__minimum,path_covered,0,0,0,600
unreachable,nearest,r2,0.3,fixed_budget,optimized__minimum,uniform__minimum,new_n,0,0,0,600
unreachable,nearest,r2,0.3,fixed_budget,optimized__minimum,uniform__minimum,error,-0.185971379483,-0.189684748783,-0.182546603288,600
unreachable,nearest,r2,0.3,fixed_budget,optimized__minimum,uniform__minimum,width,-0.262150629611,-0.263472038872,-0.260714510614,600
unreachable,nearest,rinf,0.2,fixed_budget,optimized__minimum,inverse_variance__minimum,released,0,0,0,600
unreachable,nearest,rinf,0.2,fixed_budget,optimized__minimum,inverse_variance__minimum,bad_release,0,0,0,600
unreachable,nearest,rinf,0.2,fixed_budget,optimized__minimum,inverse_variance__minimum,path_covered,0,0,0,600
unreachable,nearest,rinf,0.2,fixed_budget,optimized__minimum,inverse_variance__minimum,new_n,0,0,0,600
unreachable,nearest,rinf,0.2,fixed_budget,optimized__minimum,inverse_variance__minimum,error,-0.340755420534,-0.348940125653,-0.332383378485,600
unreachable,nearest,rinf,0.2,fixed_budget,optimized__minimum,inverse_variance__minimum,width,-0.477090713381,-0.480274778054,-0.473905145125,600
unreachable,nearest,rinf,0.2,fixed_budget,optimized__minimum,nearest_source__minimum,released,0,0,0,600
unreachable,nearest,rinf,0.2,fixed_budget,optimized__minimum,nearest_source__minimum,bad_release,0,0,0,600
unreachable,nearest,rinf,0.2,fixed_budget,optimized__minimum,nearest_source__minimum,path_covered,0,0,0,600
unreachable,nearest,rinf,0.2,fixed_budget,optimized__minimum,nearest_source__minimum,new_n,0,0,0,600
unreachable,nearest,rinf,0.2,fixed_budget,optimized__minimum,nearest_source__minimum,error,2.0169051614e-17,1.5358085174e-17,2.55351295664e-17,600
unreachable,nearest,rinf,0.2,fixed_budget,optimized__minimum,nearest_source__minimum,width,-9.10382880193e-17,-1.05841261681e-16,-7.77156117238e-17,600
unreachable,nearest,rinf,0.2,fixed_budget,optimized__minimum,optimized__barycentric,released,0,0,0,600
unreachable,nearest,rinf,0.2,fixed_budget,optimized__minimum,optimized__barycentric,bad_release,0,0,0,600
unreachable,nearest,rinf,0.2,fixed_budget,optimized__minimum,optimized__barycentric,path_covered,0,0,0,600
unreachable,nearest,rinf,0.2,fixed_budget,optimized__minimum,optimized__barycentric,new_n,0,0,0,600
unreachable,nearest,rinf,0.2,fixed_budget,optimized__minimum,optimized__barycentric,error,1.70234197109e-17,1.22124532709e-17,2.23894976633e-17,600
unreachable,nearest,rinf,0.2,fixed_budget,optimized__minimum,optimized__barycentric,width,-7.54951656745e-17,-9.02981393362e-17,-6.2172489379e-17,600
unreachable,nearest,rinf,0.2,fixed_budget,optimized__minimum,optimized__lipschitz,released,0,0,0,600
unreachable,nearest,rinf,0.2,fixed_budget,optimized__minimum,optimized__lipschitz,bad_release,0,0,0,600
unreachable,nearest,rinf,0.2,fixed_budget,optimized__minimum,optimized__lipschitz,path_covered,0,0,0,600
unreachable,nearest,rinf,0.2,fixed_budget,optimized__minimum,optimized__lipschitz,new_n,0,0,0,600
unreachable,nearest,rinf,0.2,fixed_budget,optimized__minimum,optimized__lipschitz,error,8.69674702623e-18,5.55111512313e-18,1.20274161001e-17,600
unreachable,nearest,rinf,0.2,fixed_budget,optimized__minimum,optimized__lipschitz,width,-4.14483262527e-17,-5.18104078158e-17,-3.10862446895e-17,600
unreachable,nearest,rinf,0.2,fixed_budget,optimized__minimum,uniform__minimum,released,0,0,0,600
unreachable,nearest,rinf,0.2,fixed_budget,optimized__minimum,uniform__minimum,bad_release,0,0,0,600
unreachable,nearest,rinf,0.2,fixed_budget,optimized__minimum,uniform__minimum,path_covered,0,0,0,600
unreachable,nearest,rinf,0.2,fixed_budget,optimized__minimum,uniform__minimum,new_n,0,0,0,600
unreachable,nearest,rinf,0.2,fixed_budget,optimized__minimum,uniform__minimum,error,-0.238742538725,-0.246344211761,-0.230648098811,600
unreachable,nearest,rinf,0.2,fixed_budget,optimized__minimum,uniform__minimum,width,-0.358822153071,-0.361536562116,-0.356198631995,600
unreachable,nearest,rinf,0.3,fixed_budget,optimized__minimum,inverse_variance__minimum,released,0,0,0,600
unreachable,nearest,rinf,0.3,fixed_budget,optimized__minimum,inverse_variance__minimum,bad_release,0,0,0,600
unreachable,nearest,rinf,0.3,fixed_budget,optimized__minimum,inverse_variance__minimum,path_covered,0,0,0,600
unreachable,nearest,rinf,0.3,fixed_budget,optimized__minimum,inverse_variance__minimum,new_n,0,0,0,600
unreachable,nearest,rinf,0.3,fixed_budget,optimized__minimum,inverse_variance__minimum,error,-0.340755420534,-0.349125603526,-0.332725257675,600
unreachable,nearest,rinf,0.3,fixed_budget,optimized__minimum,inverse_variance__minimum,width,-0.477090713381,-0.480216111847,-0.4739481138,600
unreachable,nearest,rinf,0.3,fixed_budget,optimized__minimum,nearest_source__minimum,released,0,0,0,600
unreachable,nearest,rinf,0.3,fixed_budget,optimized__minimum,nearest_source__minimum,bad_release,0,0,0,600
unreachable,nearest,rinf,0.3,fixed_budget,optimized__minimum,nearest_source__minimum,path_covered,0,0,0,600
unreachable,nearest,rinf,0.3,fixed_budget,optimized__minimum,nearest_source__minimum,new_n,0,0,0,600
unreachable,nearest,rinf,0.3,fixed_budget,optimized__minimum,nearest_source__minimum,error,2.0169051614e-17,1.5358085174e-17,2.55351295664e-17,600
unreachable,nearest,rinf,0.3,fixed_budget,optimized__minimum,nearest_source__minimum,width,-9.10382880193e-17,-1.05841261681e-16,-7.69754630407e-17,600
unreachable,nearest,rinf,0.3,fixed_budget,optimized__minimum,optimized__barycentric,released,0,0,0,600
unreachable,nearest,rinf,0.3,fixed_budget,optimized__minimum,optimized__barycentric,bad_release,0,0,0,600
unreachable,nearest,rinf,0.3,fixed_budget,optimized__minimum,optimized__barycentric,path_covered,0,0,0,600
unreachable,nearest,rinf,0.3,fixed_budget,optimized__minimum,optimized__barycentric,new_n,0,0,0,600
unreachable,nearest,rinf,0.3,fixed_budget,optimized__minimum,optimized__barycentric,error,1.70234197109e-17,1.23974904416e-17,2.20194233217e-17,600
unreachable,nearest,rinf,0.3,fixed_budget,optimized__minimum,optimized__barycentric,width,-7.54951656745e-17,-8.881784197e-17,-6.2172489379e-17,600
unreachable,nearest,rinf,0.3,fixed_budget,optimized__minimum,optimized__lipschitz,released,0,0,0,600
unreachable,nearest,rinf,0.3,fixed_budget,optimized__minimum,optimized__lipschitz,bad_release,0,0,0,600
unreachable,nearest,rinf,0.3,fixed_budget,optimized__minimum,optimized__lipschitz,path_covered,0,0,0,600
unreachable,nearest,rinf,0.3,fixed_budget,optimized__minimum,optimized__lipschitz,new_n,0,0,0,600
unreachable,nearest,rinf,0.3,fixed_budget,optimized__minimum,optimized__lipschitz,error,8.69674702623e-18,5.7361522939e-18,1.20274161001e-17,600
unreachable,nearest,rinf,0.3,fixed_budget,optimized__minimum,optimized__lipschitz,width,-4.14483262527e-17,-5.25505564989e-17,-3.10862446895e-17,600
unreachable,nearest,rinf,0.3,fixed_budget,optimized__minimum,uniform__minimum,released,0,0,0,600
unreachable,nearest,rinf,0.3,fixed_budget,optimized__minimum,uniform__minimum,bad_release,0,0,0,600
unreachable,nearest,rinf,0.3,fixed_budget,optimized__minimum,uniform__minimum,path_covered,0,0,0,600
unreachable,nearest,rinf,0.3,fixed_budget,optimized__minimum,uniform__minimum,new_n,0,0,0,600
unreachable,nearest,rinf,0.3,fixed_budget,optimized__minimum,uniform__minimum,error,-0.238742538725,-0.246301954862,-0.230982918089,600
unreachable,nearest,rinf,0.3,fixed_budget,optimized__minimum,uniform__minimum,width,-0.358822153071,-0.361402829565,-0.356108817015,600
unreachable,random,r2,0.2,fixed_budget,optimized__minimum,inverse_variance__minimum,released,0,0,0,600
unreachable,random,r2,0.2,fixed_budget,optimized__minimum,inverse_variance__minimum,bad_release,0,0,0,600
unreachable,random,r2,0.2,fixed_budget,optimized__minimum,inverse_variance__minimum,path_covered,0,0,0,600
unreachable,random,r2,0.2,fixed_budget,optimized__minimum,inverse_variance__minimum,new_n,0,0,0,600
unreachable,random,r2,0.2,fixed_budget,optimized__minimum,inverse_variance__minimum,error,-0.237947346942,-0.245898315834,-0.22981004654,600
unreachable,random,r2,0.2,fixed_budget,optimized__minimum,inverse_variance__minimum,width,-0.328263334515,-0.335957644615,-0.320453124509,600
unreachable,random,r2,0.2,fixed_budget,optimized__minimum,nearest_source__minimum,released,0,0,0,600
unreachable,random,r2,0.2,fixed_budget,optimized__minimum,nearest_source__minimum,bad_release,0,0,0,600
unreachable,random,r2,0.2,fixed_budget,optimized__minimum,nearest_source__minimum,path_covered,0,0,0,600
unreachable,random,r2,0.2,fixed_budget,optimized__minimum,nearest_source__minimum,new_n,0,0,0,600
unreachable,random,r2,0.2,fixed_budget,optimized__minimum,nearest_source__minimum,error,0.0578477991793,0.0528976294878,0.0631329048256,600
unreachable,random,r2,0.2,fixed_budget,optimized__minimum,nearest_source__minimum,width,-0.115560748672,-0.120728470173,-0.110491207025,600
unreachable,random,r2,0.2,fixed_budget,optimized__minimum,optimized__barycentric,released,0,0,0,600
unreachable,random,r2,0.2,fixed_budget,optimized__minimum,optimized__barycentric,bad_release,0,0,0,600
unreachable,random,r2,0.2,fixed_budget,optimized__minimum,optimized__barycentric,path_covered,0,0,0,600
unreachable,random,r2,0.2,fixed_budget,optimized__minimum,optimized__barycentric,new_n,0,0,0,600
unreachable,random,r2,0.2,fixed_budget,optimized__minimum,optimized__barycentric,error,0.00195283061799,0.00141956128718,0.00251804323426,600
unreachable,random,r2,0.2,fixed_budget,optimized__minimum,optimized__barycentric,width,-0.0035748627654,-0.00379653091805,-0.00334949806036,600
unreachable,random,r2,0.2,fixed_budget,optimized__minimum,optimized__lipschitz,released,0,0,0,600
unreachable,random,r2,0.2,fixed_budget,optimized__minimum,optimized__lipschitz,bad_release,0,0,0,600
unreachable,random,r2,0.2,fixed_budget,optimized__minimum,optimized__lipschitz,path_covered,0,0,0,600
unreachable,random,r2,0.2,fixed_budget,optimized__minimum,optimized__lipschitz,new_n,0,0,0,600
unreachable,random,r2,0.2,fixed_budget,optimized__minimum,optimized__lipschitz,error,0.00083806624302,0.000584331126494,0.00111797498853,600
unreachable,random,r2,0.2,fixed_budget,optimized__minimum,optimized__lipschitz,width,-0.0010481951624,-0.00118790492545,-0.000913026998188,600
unreachable,random,r2,0.2,fixed_budget,optimized__minimum,uniform__minimum,released,0,0,0,600
unreachable,random,r2,0.2,fixed_budget,optimized__minimum,uniform__minimum,bad_release,0,0,0,600
unreachable,random,r2,0.2,fixed_budget,optimized__minimum,uniform__minimum,path_covered,0,0,0,600
unreachable,random,r2,0.2,fixed_budget,optimized__minimum,uniform__minimum,new_n,0,0,0,600
unreachable,random,r2,0.2,fixed_budget,optimized__minimum,uniform__minimum,error,-0.17494028757,-0.181989141065,-0.168508409361,600
unreachable,random,r2,0.2,fixed_budget,optimized__minimum,uniform__minimum,width,-0.211443792095,-0.21670569296,-0.206367857851,600
unreachable,random,r2,0.3,fixed_budget,optimized__minimum,inverse_variance__minimum,released,0,0,0,600
unreachable,random,r2,0.3,fixed_budget,optimized__minimum,inverse_variance__minimum,bad_release,0,0,0,600
unreachable,random,r2,0.3,fixed_budget,optimized__minimum,inverse_variance__minimum,path_covered,0,0,0,600
unreachable,random,r2,0.3,fixed_budget,optimized__minimum,inverse_variance__minimum,new_n,0,0,0,600
unreachable,random,r2,0.3,fixed_budget,optimized__minimum,inverse_variance__minimum,error,-0.237947346942,-0.245547341436,-0.230127167029,600
unreachable,random,r2,0.3,fixed_budget,optimized__minimum,inverse_variance__minimum,width,-0.328263334515,-0.335846821637,-0.320501547327,600
unreachable,random,r2,0.3,fixed_budget,optimized__minimum,nearest_source__minimum,released,0,0,0,600
unreachable,random,r2,0.3,fixed_budget,optimized__minimum,nearest_source__minimum,bad_release,0,0,0,600
unreachable,random,r2,0.3,fixed_budget,optimized__minimum,nearest_source__minimum,path_covered,0,0,0,600
unreachable,random,r2,0.3,fixed_budget,optimized__minimum,nearest_source__minimum,new_n,0,0,0,600
unreachable,random,r2,0.3,fixed_budget,optimized__minimum,nearest_source__minimum,error,0.0578477991793,0.052720615551,0.0628551111022,600
unreachable,random,r2,0.3,fixed_budget,optimized__minimum,nearest_source__minimum,width,-0.115560748672,-0.120586046511,-0.110218228052,600
unreachable,random,r2,0.3,fixed_budget,optimized__minimum,optimized__barycentric,released,0,0,0,600
unreachable,random,r2,0.3,fixed_budget,optimized__minimum,optimized__barycentric,bad_release,0,0,0,600
unreachable,random,r2,0.3,fixed_budget,optimized__minimum,optimized__barycentric,path_covered,0,0,0,600
unreachable,random,r2,0.3,fixed_budget,optimized__minimum,optimized__barycentric,new_n,0,0,0,600
unreachable,random,r2,0.3,fixed_budget,optimized__minimum,optimized__barycentric,error,0.00195283061799,0.00143682108199,0.00251961837578,600
unreachable,random,r2,0.3,fixed_budget,optimized__minimum,optimized__barycentric,width,-0.0035748627654,-0.00379785927431,-0.00334478755051,600
unreachable,random,r2,0.3,fixed_budget,optimized__minimum,optimized__lipschitz,released,0,0,0,600
unreachable,random,r2,0.3,fixed_budget,optimized__minimum,optimized__lipschitz,bad_release,0,0,0,600
unreachable,random,r2,0.3,fixed_budget,optimized__minimum,optimized__lipschitz,path_covered,0,0,0,600
unreachable,random,r2,0.3,fixed_budget,optimized__minimum,optimized__lipschitz,new_n,0,0,0,600
unreachable,random,r2,0.3,fixed_budget,optimized__minimum,optimized__lipschitz,error,0.00083806624302,0.000582719867719,0.00113704132969,600
unreachable,random,r2,0.3,fixed_budget,optimized__minimum,optimized__lipschitz,width,-0.0010481951624,-0.00118942425889,-0.000897790146411,600
unreachable,random,r2,0.3,fixed_budget,optimized__minimum,uniform__minimum,released,0,0,0,600
unreachable,random,r2,0.3,fixed_budget,optimized__minimum,uniform__minimum,bad_release,0,0,0,600
unreachable,random,r2,0.3,fixed_budget,optimized__minimum,uniform__minimum,path_covered,0,0,0,600
unreachable,random,r2,0.3,fixed_budget,optimized__minimum,uniform__minimum,new_n,0,0,0,600
unreachable,random,r2,0.3,fixed_budget,optimized__minimum,uniform__minimum,error,-0.17494028757,-0.181555298704,-0.168335490862,600
unreachable,random,r2,0.3,fixed_budget,optimized__minimum,uniform__minimum,width,-0.211443792095,-0.216476201741,-0.206361720902,600
unreachable,random,rinf,0.2,fixed_budget,optimized__minimum,inverse_variance__minimum,released,0,0,0,600
unreachable,random,rinf,0.2,fixed_budget,optimized__minimum,inverse_variance__minimum,bad_release,0,0,0,600
unreachable,random,rinf,0.2,fixed_budget,optimized__minimum,inverse_variance__minimum,path_covered,0,0,0,600
unreachable,random,rinf,0.2,fixed_budget,optimized__minimum,inverse_variance__minimum,new_n,0,0,0,600
unreachable,random,rinf,0.2,fixed_budget,optimized__minimum,inverse_variance__minimum,error,-0.276776078646,-0.28741702895,-0.265909765477,600
unreachable,random,rinf,0.2,fixed_budget,optimized__minimum,inverse_variance__minimum,width,-0.381567144903,-0.390938650631,-0.372600678098,600
unreachable,random,rinf,0.2,fixed_budget,optimized__minimum,nearest_source__minimum,released,0,0,0,600
unreachable,random,rinf,0.2,fixed_budget,optimized__minimum,nearest_source__minimum,bad_release,0,0,0,600
unreachable,random,rinf,0.2,fixed_budget,optimized__minimum,nearest_source__minimum,path_covered,0,0,0,600
unreachable,random,rinf,0.2,fixed_budget,optimized__minimum,nearest_source__minimum,new_n,0,0,0,600
unreachable,random,rinf,0.2,fixed_budget,optimized__minimum,nearest_source__minimum,error,0.0190190674748,0.0145312207536,0.0237245624475,600
unreachable,random,rinf,0.2,fixed_budget,optimized__minimum,nearest_source__minimum,width,-0.0142624284097,-0.0178556912127,-0.0111294988239,600
unreachable,random,rinf,0.2,fixed_budget,optimized__minimum,optimized__barycentric,released,0,0,0,600
unreachable,random,rinf,0.2,fixed_budget,optimized__minimum,optimized__barycentric,bad_release,0,0,0,600
unreachable,random,rinf,0.2,fixed_budget,optimized__minimum,optimized__barycentric,path_covered,0,0,0,600
unreachable,random,rinf,0.2,fixed_budget,optimized__minimum,optimized__barycentric,new_n,0,0,0,600
unreachable,random,rinf,0.2,fixed_budget,optimized__minimum,optimized__barycentric,error,7.03141248929e-18,-1.11022302463e-18,1.68383825401e-17,600
unreachable,random,rinf,0.2,fixed_budget,optimized__minimum,optimized__barycentric,width,-6.2172489379e-17,-7.69754630407e-17,-4.81096644004e-17,600
unreachable,random,rinf,0.2,fixed_budget,optimized__minimum,optimized__lipschitz,released,0,0,0,600
unreachable,random,rinf,0.2,fixed_budget,optimized__minimum,optimized__lipschitz,bad_release,0,0,0,600
unreachable,random,rinf,0.2,fixed_budget,optimized__minimum,optimized__lipschitz,path_covered,0,0,0,600
unreachable,random,rinf,0.2,fixed_budget,optimized__minimum,optimized__lipschitz,new_n,0,0,0,600
unreachable,random,rinf,0.2,fixed_budget,optimized__minimum,optimized__lipschitz,error,-0.000316331419757,-0.00125593558834,0.000520846719494,600
unreachable,random,rinf,0.2,fixed_budget,optimized__minimum,optimized__lipschitz,width,-9.31575653362e-05,-0.000146347960042,-4.80869531257e-05,600
unreachable,random,rinf,0.2,fixed_budget,optimized__minimum,uniform__minimum,released,0,0,0,600
unreachable,random,rinf,0.2,fixed_budget,optimized__minimum,uniform__minimum,bad_release,0,0,0,600
unreachable,random,rinf,0.2,fixed_budget,optimized__minimum,uniform__minimum,path_covered,0,0,0,600
unreachable,random,rinf,0.2,fixed_budget,optimized__minimum,uniform__minimum,new_n,0,0,0,600
unreachable,random,rinf,0.2,fixed_budget,optimized__minimum,uniform__minimum,error,-0.213769019274,-0.223125979439,-0.204024025329,600
unreachable,random,rinf,0.2,fixed_budget,optimized__minimum,uniform__minimum,width,-0.354796243234,-0.362588172751,-0.347272906009,600
unreachable,random,rinf,0.3,fixed_budget,optimized__minimum,inverse_variance__minimum,released,0,0,0,600
unreachable,random,rinf,0.3,fixed_budget,optimized__minimum,inverse_variance__minimum,bad_release,0,0,0,600
unreachable,random,rinf,0.3,fixed_budget,optimized__minimum,inverse_variance__minimum,path_covered,0,0,0,600
unreachable,random,rinf,0.3,fixed_budget,optimized__minimum,inverse_variance__minimum,new_n,0,0,0,600
unreachable,random,rinf,0.3,fixed_budget,optimized__minimum,inverse_variance__minimum,error,-0.276776078646,-0.287425851771,-0.265831484916,600
unreachable,random,rinf,0.3,fixed_budget,optimized__minimum,inverse_variance__minimum,width,-0.381567144903,-0.390664738605,-0.372209329456,600
unreachable,random,rinf,0.3,fixed_budget,optimized__minimum,nearest_source__minimum,released,0,0,0,600
unreachable,random,rinf,0.3,fixed_budget,optimized__minimum,nearest_source__minimum,bad_release,0,0,0,600
unreachable,random,rinf,0.3,fixed_budget,optimized__minimum,nearest_source__minimum,path_covered,0,0,0,600
unreachable,random,rinf,0.3,fixed_budget,optimized__minimum,nearest_source__minimum,new_n,0,0,0,600
unreachable,random,rinf,0.3,fixed_budget,optimized__minimum,nearest_source__minimum,error,0.0190190674748,0.0140267926919,0.0240431811775,600
unreachable,random,rinf,0.3,fixed_budget,optimized__minimum,nearest_source__minimum,width,-0.0142624284097,-0.0179284844576,-0.0109735948189,600
unreachable,random,rinf,0.3,fixed_budget,optimized__minimum,optimized__barycentric,released,0,0,0,600
unreachable,random,rinf,0.3,fixed_budget,optimized__minimum,optimized__barycentric,bad_release,0,0,0,600
unreachable,random,rinf,0.3,fixed_budget,optimized__minimum,optimized__barycentric,path_covered,0,0,0,600
unreachable,random,rinf,0.3,fixed_budget,optimized__minimum,optimized__barycentric,new_n,0,0,0,600
unreachable,random,rinf,0.3,fixed_budget,optimized__minimum,optimized__barycentric,error,7.03141248929e-18,-1.66533453694e-18,1.59178226156e-17,600
unreachable,random,rinf,0.3,fixed_budget,optimized__minimum,optimized__barycentric,width,-6.2172489379e-17,-7.62353143576e-17,-4.81096644004e-17,600
unreachable,random,rinf,0.3,fixed_budget,optimized__minimum,optimized__lipschitz,released,0,0,0,600
unreachable,random,rinf,0.3,fixed_budget,optimized__minimum,optimized__lipschitz,bad_release,0,0,0,600
unreachable,random,rinf,0.3,fixed_budget,optimized__minimum,optimized__lipschitz,path_covered,0,0,0,600
unreachable,random,rinf,0.3,fixed_budget,optimized__minimum,optimized__lipschitz,new_n,0,0,0,600
unreachable,random,rinf,0.3,fixed_budget,optimized__minimum,optimized__lipschitz,error,-0.000316331419757,-0.00131778407571,0.000565442641168,600
unreachable,random,rinf,0.3,fixed_budget,optimized__minimum,optimized__lipschitz,width,-9.31575653362e-05,-0.000147188830461,-4.63929849193e-05,600
unreachable,random,rinf,0.3,fixed_budget,optimized__minimum,uniform__minimum,released,0,0,0,600
unreachable,random,rinf,0.3,fixed_budget,optimized__minimum,uniform__minimum,bad_release,0,0,0,600
unreachable,random,rinf,0.3,fixed_budget,optimized__minimum,uniform__minimum,path_covered,0,0,0,600
unreachable,random,rinf,0.3,fixed_budget,optimized__minimum,uniform__minimum,new_n,0,0,0,600
unreachable,random,rinf,0.3,fixed_budget,optimized__minimum,uniform__minimum,error,-0.213769019274,-0.222923780854,-0.204470606428,600
unreachable,random,rinf,0.3,fixed_budget,optimized__minimum,uniform__minimum,width,-0.354796243234,-0.362545665074,-0.346788546077,600
