surface,scenario,schedule,mode,method,tolerance,budget,n_worlds,released_mae,released_bad_rate,n_released,released,bad_release,path_covered,new_n,error,width,certificate_covered
linear,bridgeable,nearest,r2,inverse_variance__minimum,0.2,0,200,,,0,0,0,1,0,0.462528617988,1.06450443808,1
linear,bridgeable,nearest,r2,inverse_variance__minimum,0.2,1,200,,,0,0,0,1,96,0.448985150463,0.600304215018,1
linear,bridgeable,nearest,r2,inverse_variance__minimum,0.2,2,200,,,0,0,0,1,192,0.436334457266,0.558836710476,1
linear,bridgeable,nearest,r2,inverse_variance__minimum,0.2,3,200,,,0,0,0,1,288,0.424187853008,0.532806702511,1
linear,bridgeable,nearest,r2,inverse_variance__minimum,0.3,0,200,,,0,0,0,1,0,0.462528617988,1.06450443808,1
linear,bridgeable,nearest,r2,inverse_variance__minimum,0.3,1,200,,,0,0,0,1,96,0.448985150463,0.600304215018,1
linear,bridgeable,nearest,r2,inverse_variance__minimum,0.3,2,200,,,0,0,0,1,192,0.436334457266,0.558836710476,1
linear,bridgeable,nearest,r2,inverse_variance__minimum,0.3,3,200,,,0,0,0,1,288,0.424187853008,0.532806702511,1
linear,bridgeable,nearest,r2,nearest_source__minimum,0.2,0,200,,,0,0,0,1,0,0.353978568859,1.06450443808,1
linear,bridgeable,nearest,r2,nearest_source__minimum,0.2,1,200,,,0,0,0,1,96,0.0794331533162,0.600304215018,1
linear,bridgeable,nearest,r2,nearest_source__minimum,0.2,2,200,,,0,0,0,1,192,0.0794331533162,0.558836710476,1
linear,bridgeable,nearest,r2,nearest_source__minimum,0.2,3,200,,,0,0,0,1,288,0.0794331533162,0.532806702511,1
linear,bridgeable,nearest,r2,nearest_source__minimum,0.3,0,200,,,0,0,0,1,0,0.353978568859,1.06450443808,1
linear,bridgeable,nearest,r2,nearest_source__minimum,0.3,1,200,,,0,0,0,1,96,0.0794331533162,0.600304215018,1
linear,bridgeable,nearest,r2,nearest_source__minimum,0.3,2,200,,,0,0,0,1,192,0.0794331533162,0.558836710476,1
linear,bridgeable,nearest,r2,nearest_source__minimum,0.3,3,200,,,0,0,0,1,288,0.0794331533162,0.532806702511,1
linear,bridgeable,nearest,r2,optimized__barycentric,0.2,0,200,,,0,0,0,1,0,0.38006644792,1.06450443808,1
linear,bridgeable,nearest,r2,optimized__barycentric,0.2,1,200,,,0,0,0,1,96,0.0817124738771,0.600304215018,1
linear,bridgeable,nearest,r2,optimized__barycentric,0.2,2,200,,,0,0,0,1,192,0.0657917979958,0.558836710476,1
linear,bridgeable,nearest,r2,optimized__barycentric,0.2,3,200,,,0,0,0,1,288,0.0467235368574,0.532806702511,1
linear,bridgeable,nearest,r2,optimized__barycentric,0.3,0,200,,,0,0,0,1,0,0.38006644792,1.06450443808,1
linear,bridgeable,nearest,r2,optimized__barycentric,0.3,1,200,,,0,0,0,1,96,0.0817124738771,0.600304215018,1
linear,bridgeable,nearest,r2,optimized__barycentric,0.3,2,200,0.0516437344353,0,91,0.455,0,1,192,0.0657917979958,0.551674790133,1
linear,bridgeable,nearest,r2,optimized__barycentric,0.3,3,200,0.0481824895298,0,200,1,0,1,244.32,0.0481824895298,0.487285548909,1
linear,bridgeable,nearest,r2,optimized__lipschitz,0.2,0,200,,,0,0,0,1,0,0.3743328216,1.06450443808,1
linear,bridgeable,nearest,r2,optimized__lipschitz,0.2,1,200,,,0,0,0,1,96,0.0882641568453,0.600304215018,1
linear,bridgeable,nearest,r2,optimized__lipschitz,0.2,2,200,,,0,0,0,1,192,0.0814254111829,0.558836710476,1
linear,bridgeable,nearest,r2,optimized__lipschitz,0.2,3,200,,,0,0,0,1,288,0.0514084103444,0.532806702511,1
linear,bridgeable,nearest,r2,optimized__lipschitz,0.3,0,200,,,0,0,0,1,0,0.3743328216,1.06450443808,1
linear,bridgeable,nearest,r2,optimized__lipschitz,0.3,1,200,,,0,0,0,1,96,0.0882641568453,0.600304215018,1
linear,bridgeable,nearest,r2,optimized__lipschitz,0.3,2,200,,,0,0,0,1,192,0.0814254111829,0.558836710476,1
linear,bridgeable,nearest,r2,optimized__lipschitz,0.3,3,200,,,0,0,0,1,288,0.0514084103444,0.532806702511,1
linear,bridgeable,nearest,r2,optimized__minimum,0.2,0,200,,,0,0,0,1,0,0.38006644792,1.06450443808,1
linear,bridgeable,nearest,r2,optimized__minimum,0.2,1,200,,,0,0,0,1,96,0.0817127139363,0.600304215018,1
linear,bridgeable,nearest,r2,optimized__minimum,0.2,2,200,,,0,0,0,1,192,0.0657917757137,0.558836710476,1
linear,bridgeable,nearest,r2,optimized__minimum,0.2,3,200,,,0,0,0,1,288,0.0467235368574,0.532806702511,1
linear,bridgeable,nearest,r2,optimized__minimum,0.3,0,200,,,0,0,0,1,0,0.38006644792,1.06450443808,1
linear,bridgeable,nearest,r2,optimized__minimum,0.3,1,200,,,0,0,0,1,96,0.0817127139363,0.600304215018,1
linear,bridgeable,nearest,r2,optimized__minimum,0.3,2,200,0.0516437344353,0,91,0.455,0,1,192,0.0657917757137,0.551674790133,1
linear,bridgeable,nearest,r2,optimized__minimum,0.3,3,200,0.0481824895298,0,200,1,0,1,244.32,0.0481824895298,0.487285548909,1
linear,bridgeable,nearest,r2,uniform__minimum,0.2,0,200,,,0,0,0,1,0,0.462528617988,1.06450443808,1
linear,bridgeable,nearest,r2,uniform__minimum,0.2,1,200,,,0,0,0,1,96,0.36953014098,0.600304215018,1
linear,bridgeable,nearest,r2,uniform__minimum,0.2,2,200,,,0,0,0,1,192,0.308274115954,0.558836710476,1
linear,bridgeable,nearest,r2,uniform__minimum,0.2,3,200,,,0,0,0,1,288,0.263521790234,0.532806702511,1
linear,bridgeable,nearest,r2,uniform__minimum,0.3,0,200,,,0,0,0,1,0,0.462528617988,1.06450443808,1
linear,bridgeable,nearest,r2,uniform__minimum,0.3,1,200,,,0,0,0,1,96,0.36953014098,0.600304215018,1
linear,bridgeable,nearest,r2,uniform__minimum,0.3,2,200,,,0,0,0,1,192,0.308274115954,0.558836710476,1
linear,bridgeable,nearest,r2,uniform__minimum,0.3,3,200,,,0,0,0,1,288,0.263521790234,0.532806702511,1
linear,bridgeable,nearest,rinf,inverse_variance__minimum,0.2,0,200,,,0,0,0,1,0,0.462528617988,1.05073296032,1
linear,bridgeable,nearest,rinf,inverse_variance__minimum,0.2,1,200,,,0,0,0,1,96,0.448985150463,0.573541060167,1
linear,bridgeable,nearest,rinf,inverse_variance__minimum,0.2,2,200,,,0,0,0,1,192,0.436334457266,0.532008597239,1
linear,bridgeable,nearest,rinf,inverse_variance__minimum,0.2,3,200,,,0,0,0,1,288,0.424187853008,0.505978589275,1
linear,bridgeable,nearest,rinf,inverse_variance__minimum,0.3,0,200,,,0,0,0,1,0,0.462528617988,1.05073296032,1
linear,bridgeable,nearest,rinf,inverse_variance__minimum,0.3,1,200,,,0,0,0,1,96,0.448985150463,0.573541060167,1
linear,bridgeable,nearest,rinf,inverse_variance__minimum,0.3,2,200,,,0,0,0,1,192,0.436334457266,0.532008597239,1
linear,bridgeable,nearest,rinf,inverse_variance__minimum,0.3,3,200,,,0,0,0,1,288,0.424187853008,0.505978589275,1
linear,bridgeable,nearest,rinf,nearest_source__minimum,0.2,0,200,,,0,0,0,1,0,0.353978568859,1.05073296032,1
linear,bridgeable,nearest,rinf,nearest_source__minimum,0.2,1,200,,,0,0,0,1,96,0.0794331533162,0.573541060167,1
linear,bridgeable,nearest,rinf,nearest_source__minimum,0.2,2,200,,,0,0,0,1,192,0.0794331533162,0.532008597239,1
linear,bridgeable,nearest,rinf,nearest_source__minimum,0.2,3,200,,,0,0,0,1,288,0.0794331533162,0.505978589275,1
linear,bridgeable,nearest,rinf,nearest_source__minimum,0.3,0,200,,,0,0,0,1,0,0.353978568859,1.05073296032,1
linear,bridgeable,nearest,rinf,nearest_source__minimum,0.3,1,200,,,0,0,0,1,96,0.0794331533162,0.573541060167,1
linear,bridgeable,nearest,rinf,nearest_source__minimum,0.3,2,200,,,0,0,0,1,192,0.0794331533162,0.532008597239,1
linear,bridgeable,nearest,rinf,nearest_source__minimum,0.3,3,200,,,0,0,0,1,288,0.0794331533162,0.505978589275,1
linear,bridgeable,nearest,rinf,optimized__barycentric,0.2,0,200,,,0,0,0,1,0,0.354862530947,1.05073296032,1
linear,bridgeable,nearest,rinf,optimized__barycentric,0.2,1,200,,,0,0,0,1,96,0.0767848659377,0.573541060167,1
linear,bridgeable,nearest,rinf,optimized__barycentric,0.2,2,200,,,0,0,0,1,192,0.0711332930652,0.532008597239,1
linear,bridgeable,nearest,rinf,optimized__barycentric,0.2,3,200,,,0,0,0,1,288,0.0619372697454,0.505978589275,1
linear,bridgeable,nearest,rinf,optimized__barycentric,0.3,0,200,,,0,0,0,1,0,0.354862530947,1.05073296032,1
linear,bridgeable,nearest,rinf,optimized__barycentric,0.3,1,200,,,0,0,0,1,96,0.0767848659377,0.573541060167,1
linear,bridgeable,nearest,rinf,optimized__barycentric,0.3,2,200,,,0,0,0,1,192,0.0711332930652,0.532008597239,1
linear,bridgeable,nearest,rinf,optimized__barycentric,0.3,3,200,,,0,0,0,1,288,0.0619372697454,0.505978589275,1
linear,bridgeable,nearest,rinf,optimized__lipschitz,0.2,0,200,,,0,0,0,1,0,0.353978568859,1.05073296032,1
linear,bridgeable,nearest,rinf,optimized__lipschitz,0.2,1,200,,,0,0,0,1,96,0.0794331533162,0.573541060167,1
linear,bridgeable,nearest,rinf,optimized__lipschitz,0.2,2,200,,,0,0,0,1,192,0.0794331533162,0.532008597239,1
linear,bridgeable,nearest,rinf,optimized__lipschitz,0.2,3,200,,,0,0,0,1,288,0.0794331533162,0.505978589275,1
linear,bridgeable,nearest,rinf,optimized__lipschitz,0.3,0,200,,,0,0,0,1,0,0.353978568859,1.05073296032,1
linear,bridgeable,nearest,rinf,optimized__lipschitz,0.3,1,200,,,0,0,0,1,96,0.0794331533162,0.573541060167,1
linear,bridgeable,nearest,rinf,optimized__lipschitz,0.3,2,200,,,0,0,0,1,192,0.0794331533162,0.532008597239,1
linear,bridgeable,nearest,rinf,optimized__lipschitz,0.3,3,200,,,0,0,0,1,288,0.0794331533162,0.505978589275,1
linear,bridgeable,nearest,rinf,optimized__minimum,0.2,0,200,,,0,0,0,1,0,0.354862530947,1.05073296032,1
linear,bridgeable,nearest,rinf,optimized__minimum,0.2,1,200,,,0,0,0,1,96,0.0767848659377,0.573541060167,1
linear,bridgeable,nearest,rinf,optimized__minimum,0.2,2,200,,,0,0,0,1,192,0.0711332930652,0.532008597239,1
linear,bridgeable,nearest,rinf,optimized__minimum,0.2,3,200,,,0,0,0,1,288,0.0619372697454,0.505978589275,1
linear,bridgeable,nearest,rinf,optimized__minimum,0.3,0,200,,,0,0,0,1,0,0.354862530947,1.05073296032,1
linear,bridgeable,nearest,rinf,optimized__minimum,0.3,1,200,,,0,0,0,1,96,0.0767848659377,0.573541060167,1
linear,bridgeable,nearest,rinf,optimized__minimum,0.3,2,200,,,0,0,0,1,192,0.0711332930652,0.532008597239,1
linear,bridgeable,nearest,rinf,optimized__minimum,0.3,3,200,,,0,0,0,1,288,0.0619372697454,0.505978589275,1
linear,bridgeable,nearest,rinf,uniform__minimum,0.2,0,200,,,0,0,0,1,0,0.462528617988,1.05073296032,1
linear,bridgeable,nearest,rinf,uniform__minimum,0.2,1,200,,,0,0,0,1,96,0.36953014098,0.573541060167,1
linear,bridgeable,nearest,rinf,uniform__minimum,0.2,2,200,,,0,0,0,1,192,0.308274115954,0.532008597239,1
linear,bridgeable,nearest,rinf,uniform__minimum,0.2,3,200,,,0,0,0,1,288,0.263521790234,0.505978589275,1
linear,bridgeable,nearest,rinf,uniform__minimum,0.3,0,200,,,0,0,0,1,0,0.462528617988,1.05073296032,1
linear,bridgeable,nearest,rinf,uniform__minimum,0.3,1,200,,,0,0,0,1,96,0.36953014098,0.573541060167,1
linear,bridgeable,nearest,rinf,uniform__minimum,0.3,2,200,,,0,0,0,1,192,0.308274115954,0.532008597239,1
linear,bridgeable,nearest,rinf,uniform__minimum,0.3,3,200,,,0,0,0,1,288,0.263521790234,0.505978589275,1
linear,bridgeable,random,r2,inverse_variance__minimum,0.2,0,200,,,0,0,0,1,0,0.462528617988,1.06450443808,1
linear,bridgeable,random,r2,inverse_variance__minimum,0.2,1,200,,,0,0,0,1,96,0.440822653908,0.633563190714,1
linear,bridgeable,random,r2,inverse_variance__minimum,0.2,2,200,,,0,0,0,1,192,0.421853482676,0.545624999259,1
linear,bridgeable,random,r2,inverse_variance__minimum,0.2,3,200,,,0,0,0,1,288,0.403521638051,0.513830025996,1
linear,bridgeable,random,r2,inverse_variance__minimum,0.3,0,200,,,0,0,0,1,0,0.462528617988,1.06450443808,1
linear,bridgeable,random,r2,inverse_variance__minimum,0.3,1,200,,,0,0,0,1,96,0.440822653908,0.633563190714,1
linear,bridgeable,random,r2,inverse_variance__minimum,0.3,2,200,,,0,0,0,1,192,0.421853482676,0.545624999259,1
linear,bridgeable,random,r2,inverse_variance__minimum,0.3,3,200,,,0,0,0,1,288,0.403521638051,0.513830025996,1
linear,bridgeable,random,r2,nearest_source__minimum,0.2,0,200,,,0,0,0,1,0,0.353978568859,1.06450443808,1
linear,bridgeable,random,r2,nearest_source__minimum,0.2,1,200,,,0,0,0,1,96,0.255913914472,0.633563190714,1
linear,bridgeable,random,r2,nearest_source__minimum,0.2,2,200,,,0,0,0,1,192,0.174801489032,0.545624999259,1
linear,bridgeable,random,r2,nearest_source__minimum,0.2,3,200,,,0,0,0,1,288,0.140448711456,0.513830025996,1
linear,bridgeable,random,r2,nearest_source__minimum,0.3,0,200,,,0,0,0,1,0,0.353978568859,1.06450443808,1
linear,bridgeable,random,r2,nearest_source__minimum,0.3,1,200,,,0,0,0,1,96,0.255913914472,0.633563190714,1
linear,bridgeable,random,r2,nearest_source__minimum,0.3,2,200,,,0,0,0,1,192,0.174801489032,0.545624999259,1
linear,bridgeable,random,r2,nearest_source__minimum,0.3,3,200,,,0,0,0,1,288,0.140448711456,0.513830025996,1
linear,bridgeable,random,r2,optimized__barycentric,0.2,0,200,,,0,0,0,1,0,0.38006644792,1.06450443808,1
linear,bridgeable,random,r2,optimized__barycentric,0.2,1,200,0.0353205389487,0,42,0.21,0,1,96,0.0823958883602,0.586636495894,1
linear,bridgeable,random,r2,optimized__barycentric,0.2,2,200,0.0341748940491,0,124,0.62,0,1,171.84,0.0408509897014,0.444799979774,1
linear,bridgeable,random,r2,optimized__barycentric,0.2,3,200,0.0327314473775,0,178,0.89,0,1,208.32,0.0344540456491,0.385497250757,1
linear,bridgeable,random,r2,optimized__barycentric,0.3,0,200,,,0,0,0,1,0,0.38006644792,1.06450443808,1
linear,bridgeable,random,r2,optimized__barycentric,0.3,1,200,0.0418158275586,0,132,0.66,0,1,96,0.0823958883602,0.53976753549,1
linear,bridgeable,random,r2,optimized__barycentric,0.3,2,200,0.041750364689,0,191,0.955,0,1,128.64,0.0439139154387,0.45469517844,1
linear,bridgeable,random,r2,optimized__barycentric,0.3,3,200,0.0409965395352,0,200,1,0,1,132.96,0.0409965395352,0.444822076851,1
linear,bridgeable,random,r2,optimized__lipschitz,0.2,0,200,,,0,0,0,1,0,0.3743328216,1.06450443808,1
linear,bridgeable,random,r2,optimized__lipschitz,0.2,1,200,,,0,0,0,1,96,0.277640129791,0.633563190714,1
linear,bridgeable,random,r2,optimized__lipschitz,0.2,2,200,,,0,0,0,1,192,0.197410037644,0.545624999259,1
linear,bridgeable,random,r2,optimized__lipschitz,0.2,3,200,,,0,0,0,1,288,0.145368758746,0.513830025996,1
linear,bridgeable,random,r2,optimized__lipschitz,0.3,0,200,,,0,0,0,1,0,0.3743328216,1.06450443808,1
linear,bridgeable,random,r2,optimized__lipschitz,0.3,1,200,,,0,0,0,1,96,0.277640129791,0.633563190714,1
linear,bridgeable,random,r2,optimized__lipschitz,0.3,2,200,,,0,0,0,1,192,0.197410037644,0.545624999259,1
linear,bridgeable,random,r2,optimized__lipschitz,0.3,3,200,,,0,0,0,1,288,0.145368758746,0.513830025996,1
linear,bridgeable,random,r2,optimized__minimum,0.2,0,200,,,0,0,0,1,0,0.38006644792,1.06450443808,1
linear,bridgeable,random,r2,optimized__minimum,0.2,1,200,0.0353205389487,0,42,0.21,0,1,96,0.0823958883602,0.586636495894,1
linear,bridgeable,random,r2,optimized__minimum,0.2,2,200,0.0341748940491,0,124,0.62,0,1,171.84,0.0408509897014,0.444799979774,1
linear,bridgeable,random,r2,optimized__minimum,0.2,3,200,0.0327314473775,0,178,0.89,0,1,208.32,0.0344540456491,0.385497250757,1
linear,bridgeable,random,r2,optimized__minimum,0.3,0,200,,,0,0,0,1,0,0.38006644792,1.06450443808,1
linear,bridgeable,random,r2,optimized__minimum,0.3,1,200,0.0418158275586,0,132,0.66,0,1,96,0.0823958883602,0.53976753549,1
linear,bridgeable,random,r2,optimized__minimum,0.3,2,200,0.041750364689,0,191,0.955,0,1,128.64,0.0439139154387,0.45469517844,1
linear,bridgeable,random,r2,optimized__minimum,0.3,3,200,0.0409965395352,0,200,1,0,1,132.96,0.0409965395352,0.444822076851,1
linear,bridgeable,random,r2,uniform__minimum,0.2,0,200,,,0,0,0,1,0,0.462528617988,1.06450443808,1
linear,bridgeable,random,r2,uniform__minimum,0.2,1,200,,,0,0,0,1,96,0.313480997969,0.633563190714,1
linear,bridgeable,random,r2,uniform__minimum,0.2,2,200,,,0,0,0,1,192,0.222997265596,0.545624999259,1
linear,bridgeable,random,r2,uniform__minimum,0.2,3,200,0.0382029208798,0,8,0.04,0,1,288,0.156254293552,0.508125599924,1
linear,bridgeable,random,r2,uniform__minimum,0.3,0,200,,,0,0,0,1,0,0.462528617988,1.06450443808,1
linear,bridgeable,random,r2,uniform__minimum,0.3,1,200,,,0,0,0,1,96,0.313480997969,0.633563190714,1
linear,bridgeable,random,r2,uniform__minimum,0.3,2,200,0.133727472856,0,28,0.14,0,1,192,0.222997265596,0.547283629643,1
linear,bridgeable,random,r2,uniform__minimum,0.3,3,200,0.121645158997,0,100,0.5,0,1,274.56,0.161717458778,0.521970475545,1
linear,bridgeable,random,rinf,inverse_variance__minimum,0.2,0,200,,,0,0,0,1,0,0.462528617988,1.05073296032,1
linear,bridgeable,random,rinf,inverse_variance__minimum,0.2,1,200,,,0,0,0,1,96,0.440822653908,0.606929952634,1
linear,bridgeable,random,rinf,inverse_variance__minimum,0.2,2,200,,,0,0,0,1,192,0.421853482676,0.518861844407,1
linear,bridgeable,random,rinf,inverse_variance__minimum,0.2,3,200,,,0,0,0,1,288,0.403521638051,0.487066871145,1
linear,bridgeable,random,rinf,inverse_variance__minimum,0.3,0,200,,,0,0,0,1,0,0.462528617988,1.05073296032,1
linear,bridgeable,random,rinf,inverse_variance__minimum,0.3,1,200,,,0,0,0,1,96,0.440822653908,0.606929952634,1
linear,bridgeable,random,rinf,inverse_variance__minimum,0.3,2,200,,,0,0,0,1,192,0.421853482676,0.518861844407,1
linear,bridgeable,random,rinf,inverse_variance__minimum,0.3,3,200,,,0,0,0,1,288,0.403521638051,0.487066871145,1
linear,bridgeable,random,rinf,nearest_source__minimum,0.2,0,200,,,0,0,0,1,0,0.353978568859,1.05073296032,1
linear,bridgeable,random,rinf,nearest_source__minimum,0.2,1,200,,,0,0,0,1,96,0.255913914472,0.606929952634,1
linear,bridgeable,random,rinf,nearest_source__minimum,0.2,2,200,,,0,0,0,1,192,0.174801489032,0.518861844407,1
linear,bridgeable,random,rinf,nearest_source__minimum,0.2,3,200,,,0,0,0,1,288,0.140448711456,0.487066871145,1
linear,bridgeable,random,rinf,nearest_source__minimum,0.3,0,200,,,0,0,0,1,0,0.353978568859,1.05073296032,1
linear,bridgeable,random,rinf,nearest_source__minimum,0.3,1,200,,,0,0,0,1,96,0.255913914472,0.606929952634,1
linear,bridgeable,random,rinf,nearest_source__minimum,0.3,2,200,,,0,0,0,1,192,0.174801489032,0.518861844407,1
linear,bridgeable,random,rinf,nearest_source__minimum,0.3,3,200,,,0,0,0,1,288,0.140448711456,0.487066871145,1
linear,bridgeable,random,rinf,optimized__barycentric,0.2,0,200,,,0,0,0,1,0,0.354862530947,1.05073296032,1
linear,bridgeable,random,rinf,optimized__barycentric,0.2,1,200,,,0,0,0,1,96,0.0840566250378,0.606929952634,1
linear,bridgeable,random,rinf,optimized__barycentric,0.2,2,200,,,0,0,0,1,192,0.044362148875,0.518861844407,1
linear,bridgeable,random,rinf,optimized__barycentric,0.2,3,200,,,0,0,0,1,288,0.0400946481859,0.487066871145,1
linear,bridgeable,random,rinf,optimized__barycentric,0.3,0,200,,,0,0,0,1,0,0.354862530947,1.05073296032,1
linear,bridgeable,random,rinf,optimized__barycentric,0.3,1,200,0.0355850725253,0,107,0.535,0,1,96,0.0840566250378,0.593434758227,1
linear,bridgeable,random,rinf,optimized__barycentric,0.3,2,200,0.0409910848973,0,160,0.8,0,1,140.64,0.0459308570906,0.545599695748,1
linear,bridgeable,random,rinf,optimized__barycentric,0.3,3,200,0.0403134787037,0,187,0.935,0,1,159.84,0.0416367696709,0.544096054217,1
linear,bridgeable,random,rinf,optimized__lipschitz,0.2,0,200,,,0,0,0,1,0,0.353978568859,1.05073296032,1
linear,bridgeable,random,rinf,optimized__lipschitz,0.2,1,200,,,0,0,0,1,96,0.301630638206,0.606929952634,1
linear,bridgeable,random,rinf,optimized__lipschitz,0.2,2,200,,,0,0,0,1,192,0.252897330434,0.518861844407,1
linear,bridgeable,random,rinf,optimized__lipschitz,0.2,3,200,,,0,0,0,1,288,0.207298688197,0.487066871145,1
linear,bridgeable,random,rinf,optimized__lipschitz,0.3,0,200,,,0,0,0,1,0,0.353978568859,1.05073296032,1
linear,bridgeable,random,rinf,optimized__lipschitz,0.3,1,200,,,0,0,0,1,96,0.301630638206,0.606929952634,1
linear,bridgeable,random,rinf,optimized__lipschitz,0.3,2,200,,,0,0,0,1,192,0.252897330434,0.518861844407,1
linear,bridgeable,random,rinf,optimized__lipschitz,0.3,3,200,,,0,0,0,1,288,0.207298688197,0.487066871145,1
linear,bridgeable,random,rinf,optimized__minimum,0.2,0,200,,,0,0,0,1,0,0.354862530947,1.05073296032,1
linear,bridgeable,random,rinf,optimized__minimum,0.2,1,200,,,0,0,0,1,96,0.0840566250378,0.606929952634,1
linear,bridgeable,random,rinf,optimized__minimum,0.2,2,200,,,0,0,0,1,192,0.044362148875,0.518861844407,1
linear,bridgeable,random,rinf,optimized__minimum,0.2,3,200,,,0,0,0,1,288,0.0400946481859,0.487066871145,1
linear,bridgeable,random,rinf,optimized__minimum,0.3,0,200,,,0,0,0,1,0,0.354862530947,1.05073296032,1
linear,bridgeable,random,rinf,optimized__minimum,0.3,1,200,0.0355850725253,0,107,0.535,0,1,96,0.0840566250378,0.593434758227,1
linear,bridgeable,random,rinf,optimized__minimum,0.3,2,200,0.0409910848973,0,160,0.8,0,1,140.64,0.0459308570906,0.545599695748,1
linear,bridgeable,random,rinf,optimized__minimum,0.3,3,200,0.0403134787037,0,187,0.935,0,1,159.84,0.0416367696709,0.544096054217,1
linear,bridgeable,random,rinf,uniform__minimum,0.2,0,200,,,0,0,0,1,0,0.462528617988,1.05073296032,1
linear,bridgeable,random,rinf,uniform__minimum,0.2,1,200,,,0,0,0,1,96,0.313480997969,0.606929952634,1
linear,bridgeable,random,rinf,uniform__minimum,0.2,2,200,,,0,0,0,1,192,0.222997265596,0.518861844407,1
linear,bridgeable,random,rinf,uniform__minimum,0.2,3,200,,,0,0,0,1,288,0.156254293552,0.487066871145,1
linear,bridgeable,random,rinf,uniform__minimum,0.3,0,200,,,0,0,0,1,0,0.462528617988,1.05073296032,1
linear,bridgeable,random,rinf,uniform__minimum,0.3,1,200,,,0,0,0,1,96,0.313480997969,0.606929952634,1
linear,bridgeable,random,rinf,uniform__minimum,0.3,2,200,,,0,0,0,1,192,0.222997265596,0.518861844407,1
linear,bridgeable,random,rinf,uniform__minimum,0.3,3,200,,,0,0,0,1,288,0.156254293552,0.487066871145,1
linear,supported,nearest,r2,inverse_variance__minimum,0.2,0,200,0.0148917746238,0,200,1,0,1,0,0.0148917746238,0.246902605026,1
linear,supported,nearest,r2,inverse_variance__minimum,0.2,1,200,0.0148917746238,0,200,1,0,1,0,0.0148917746238,0.246902605026,1
linear,supported,nearest,r2,inverse_variance__minimum,0.2,2,200,0.0148917746238,0,200,1,0,1,0,0.0148917746238,0.246902605026,1
linear,supported,nearest,r2,inverse_variance__minimum,0.2,3,200,0.0148917746238,0,200,1,0,1,0,0.0148917746238,0.246902605026,1
linear,supported,nearest,r2,inverse_variance__minimum,0.3,0,200,0.0148917746238,0,200,1,0,1,0,0.0148917746238,0.246902605026,1
linear,supported,nearest,r2,inverse_variance__minimum,0.3,1,200,0.0148917746238,0,200,1,0,1,0,0.0148917746238,0.246902605026,1
linear,supported,nearest,r2,inverse_variance__minimum,0.3,2,200,0.0148917746238,0,200,1,0,1,0,0.0148917746238,0.246902605026,1
linear,supported,nearest,r2,inverse_variance__minimum,0.3,3,200,0.0148917746238,0,200,1,0,1,0,0.0148917746238,0.246902605026,1
linear,supported,nearest,r2,nearest_source__minimum,0.2,0,200,,,0,0,0,1,0,0.0576754218551,0.400122971708,1
linear,supported,nearest,r2,nearest_source__minimum,0.2,1,200,,,0,0,0,1,96,0.0785830477319,0.399860283919,1
linear,supported,nearest,r2,nearest_source__minimum,0.2,2,200,,,0,0,0,1,192,0.0785830477319,0.399826033563,1
linear,supported,nearest,r2,nearest_source__minimum,0.2,3,200,,,0,0,0,1,288,0.0785830477319,0.399826033563,1
linear,supported,nearest,r2,nearest_source__minimum,0.3,0,200,0.0576754218551,0,200,1,0,1,0,0.0576754218551,0.50872669862,1
linear,supported,nearest,r2,nearest_source__minimum,0.3,1,200,0.0576754218551,0,200,1,0,1,0,0.0576754218551,0.50872669862,1
linear,supported,nearest,r2,nearest_source__minimum,0.3,2,200,0.0576754218551,0,200,1,0,1,0,0.0576754218551,0.50872669862,1
linear,supported,nearest,r2,nearest_source__minimum,0.3,3,200,0.0576754218551,0,200,1,0,1,0,0.0576754218551,0.50872669862,1
linear,supported,nearest,r2,optimized__barycentric,0.2,0,200,0.0151247385291,0,200,1,0,1,0,0.0151247385291,0.222481303551,1
linear,supported,nearest,r2,optimized__barycentric,0.2,1,200,0.0151247385291,0,200,1,0,1,0,0.0151247385291,0.222481303551,1
linear,supported,nearest,r2,optimized__barycentric,0.2,2,200,0.0151247385291,0,200,1,0,1,0,0.0151247385291,0.222481303551,1
linear,supported,nearest,r2,optimized__barycentric,0.2,3,200,0.0151247385291,0,200,1,0,1,0,0.0151247385291,0.222481303551,1
linear,supported,nearest,r2,optimized__barycentric,0.3,0,200,0.0151247385291,0,200,1,0,1,0,0.0151247385291,0.222481303551,1
linear,supported,nearest,r2,optimized__barycentric,0.3,1,200,0.0151247385291,0,200,1,0,1,0,0.0151247385291,0.222481303551,1
linear,supported,nearest,r2,optimized__barycentric,0.3,2,200,0.0151247385291,0,200,1,0,1,0,0.0151247385291,0.222481303551,1
linear,supported,nearest,r2,optimized__barycentric,0.3,3,200,0.0151247385291,0,200,1,0,1,0,0.0151247385291,0.222481303551,1
linear,supported,nearest,r2,optimized__lipschitz,0.2,0,200,0.0105408181454,0,14,0.07,0,1,0,0.0155769570064,0.402068941123,1
linear,supported,nearest,r2,optimized__lipschitz,0.2,1,200,0.0160911259471,0,35,0.175,0,1,89.28,0.0163532949258,0.402523097964,1
linear,supported,nearest,r2,optimized__lipschitz,0.2,2,200,0.0160911259471,0,35,0.175,0,1,168.48,0.0163569810481,0.402488847609,1
linear,supported,nearest,r2,optimized__lipschitz,0.2,3,200,0.0160911259471,0,35,0.175,0,1,247.68,0.0163567240338,0.402488847609,1
linear,supported,nearest,r2,optimized__lipschitz,0.3,0,200,0.0155769570064,0,200,1,0,1,0,0.0155769570064,0.426338391486,1
linear,supported,nearest,r2,optimized__lipschitz,0.3,1,200,0.0155769570064,0,200,1,0,1,0,0.0155769570064,0.426338391486,1
linear,supported,nearest,r2,optimized__lipschitz,0.3,2,200,0.0155769570064,0,200,1,0,1,0,0.0155769570064,0.426338391486,1
linear,supported,nearest,r2,optimized__lipschitz,0.3,3,200,0.0155769570064,0,200,1,0,1,0,0.0155769570064,0.426338391486,1
linear,supported,nearest,r2,optimized__minimum,0.2,0,200,0.0151247385291,0,200,1,0,1,0,0.0151247385291,0.222481303551,1
linear,supported,nearest,r2,optimized__minimum,0.2,1,200,0.0151247385291,0,200,1,0,1,0,0.0151247385291,0.222481303551,1
linear,supported,nearest,r2,optimized__minimum,0.2,2,200,0.0151247385291,0,200,1,0,1,0,0.0151247385291,0.222481303551,1
linear,supported,nearest,r2,optimized__minimum,0.2,3,200,0.0151247385291,0,200,1,0,1,0,0.0151247385291,0.222481303551,1
linear,supported,nearest,r2,optimized__minimum,0.3,0,200,0.0151247385291,0,200,1,0,1,0,0.0151247385291,0.222481303551,1
linear,supported,nearest,r2,optimized__minimum,0.3,1,200,0.0151247385291,0,200,1,0,1,0,0.0151247385291,0.222481303551,1
linear,supported,nearest,r2,optimized__minimum,0.3,2,200,0.0151247385291,0,200,1,0,1,0,0.0151247385291,0.222481303551,1
linear,supported,nearest,r2,optimized__minimum,0.3,3,200,0.0151247385291,0,200,1,0,1,0,0.0151247385291,0.222481303551,1
linear,supported,nearest,r2,uniform__minimum,0.2,0,200,0.0148917746238,0,200,1,0,1,0,0.0148917746238,0.246902605026,1
linear,supported,nearest,r2,uniform__minimum,0.2,1,200,0.0148917746238,0,200,1,0,1,0,0.0148917746238,0.246902605026,1
linear,supported,nearest,r2,uniform__minimum,0.2,2,200,0.0148917746238,0,200,1,0,1,0,0.0148917746238,0.246902605026,1
linear,supported,nearest,r2,uniform__minimum,0.2,3,200,0.0148917746238,0,200,1,0,1,0,0.0148917746238,0.246902605026,1
linear,supported,nearest,r2,uniform__minimum,0.3,0,200,0.0148917746238,0,200,1,0,1,0,0.0148917746238,0.246902605026,1
linear,supported,nearest,r2,uniform__minimum,0.3,1,200,0.0148917746238,0,200,1,0,1,0,0.0148917746238,0.246902605026,1
linear,supported,nearest,r2,uniform__minimum,0.3,2,200,0.0148917746238,0,200,1,0,1,0,0.0148917746238,0.246902605026,1
linear,supported,nearest,r2,uniform__minimum,0.3,3,200,0.0148917746238,0,200,1,0,1,0,0.0148917746238,0.246902605026,1
linear,supported,nearest,rinf,inverse_variance__minimum,0.2,0,200,0.0149994239888,0,194,0.97,0,1,0,0.0148917746238,0.37024814514,1
linear,supported,nearest,rinf,inverse_variance__minimum,0.2,1,200,0.0149994239888,0,194,0.97,0,1,2.88,0.0149120146069,0.37024814514,1
linear,supported,nearest,rinf,inverse_variance__minimum,0.2,2,200,0.0149994239888,0,194,0.97,0,1,5.76,0.0148626083082,0.37024814514,1
linear,supported,nearest,rinf,inverse_variance__minimum,0.2,3,200,0.0149994239888,0,194,0.97,0,1,8.64,0.0148286221595,0.37024814514,1
linear,supported,nearest,rinf,inverse_variance__minimum,0.3,0,200,0.0148917746238,0,200,1,0,1,0,0.0148917746238,0.371590642335,1
linear,supported,nearest,rinf,inverse_variance__minimum,0.3,1,200,0.0148917746238,0,200,1,0,1,0,0.0148917746238,0.371590642335,1
linear,supported,nearest,rinf,inverse_variance__minimum,0.3,2,200,0.0148917746238,0,200,1,0,1,0,0.0148917746238,0.371590642335,1
linear,supported,nearest,rinf,inverse_variance__minimum,0.3,3,200,0.0148917746238,0,200,1,0,1,0,0.0148917746238,0.371590642335,1
linear,supported,nearest,rinf,nearest_source__minimum,0.2,0,200,,,0,0,0,1,0,0.0576754218551,0.386351493953,1
linear,supported,nearest,rinf,nearest_source__minimum,0.2,1,200,,,0,0,0,1,96,0.0785830477319,0.385952300788,1
linear,supported,nearest,rinf,nearest_source__minimum,0.2,2,200,,,0,0,0,1,192,0.0785830477319,0.385853092047,1
linear,supported,nearest,rinf,nearest_source__minimum,0.2,3,200,,,0,0,0,1,288,0.0785830477319,0.385853092047,1
linear,supported,nearest,rinf,nearest_source__minimum,0.3,0,200,0.0576754218551,0,200,1,0,1,0,0.0576754218551,0.513328090172,1
linear,supported,nearest,rinf,nearest_source__minimum,0.3,1,200,0.0576754218551,0,200,1,0,1,0,0.0576754218551,0.513328090172,1
linear,supported,nearest,rinf,nearest_source__minimum,0.3,2,200,0.0576754218551,0,200,1,0,1,0,0.0576754218551,0.513328090172,1
linear,supported,nearest,rinf,nearest_source__minimum,0.3,3,200,0.0576754218551,0,200,1,0,1,0,0.0576754218551,0.513328090172,1
linear,supported,nearest,rinf,optimized__barycentric,0.2,0,200,0.016332943371,0,200,1,0,1,0,0.016332943371,0.343647953126,1
linear,supported,nearest,rinf,optimized__barycentric,0.2,1,200,0.016332943371,0,200,1,0,1,0,0.016332943371,0.343647953126,1
linear,supported,nearest,rinf,optimized__barycentric,0.2,2,200,0.016332943371,0,200,1,0,1,0,0.016332943371,0.343647953126,1
linear,supported,nearest,rinf,optimized__barycentric,0.2,3,200,0.016332943371,0,200,1,0,1,0,0.016332943371,0.343647953126,1
linear,supported,nearest,rinf,optimized__barycentric,0.3,0,200,0.016332943371,0,200,1,0,1,0,0.016332943371,0.343647953126,1
linear,supported,nearest,rinf,optimized__barycentric,0.3,1,200,0.016332943371,0,200,1,0,1,0,0.016332943371,0.343647953126,1
linear,supported,nearest,rinf,optimized__barycentric,0.3,2,200,0.016332943371,0,200,1,0,1,0,0.016332943371,0.343647953126,1
linear,supported,nearest,rinf,optimized__barycentric,0.3,3,200,0.016332943371,0,200,1,0,1,0,0.016332943371,0.343647953126,1
linear,supported,nearest,rinf,optimized__lipschitz,0.2,0,200,,,0,0,0,1,0,0.0576754218551,0.386351493953,1
linear,supported,nearest,rinf,optimized__lipschitz,0.2,1,200,,,0,0,0,1,96,0.0576754218551,0.385952300788,1
linear,supported,nearest,rinf,optimized__lipschitz,0.2,2,200,,,0,0,0,1,192,0.0576754218551,0.385853092047,1
linear,supported,nearest,rinf,optimized__lipschitz,0.2,3,200,,,0,0,0,1,288,0.0576754218551,0.385853092047,1
linear,supported,nearest,rinf,optimized__lipschitz,0.3,0,200,0.0576754218551,0,200,1,0,1,0,0.0576754218551,0.513328090172,1
linear,supported,nearest,rinf,optimized__lipschitz,0.3,1,200,0.0576754218551,0,200,1,0,1,0,0.0576754218551,0.513328090172,1
linear,supported,nearest,rinf,optimized__lipschitz,0.3,2,200,0.0576754218551,0,200,1,0,1,0,0.0576754218551,0.513328090172,1
linear,supported,nearest,rinf,optimized__lipschitz,0.3,3,200,0.0576754218551,0,200,1,0,1,0,0.0576754218551,0.513328090172,1
linear,supported,nearest,rinf,optimized__minimum,0.2,0,200,0.016332943371,0,200,1,0,1,0,0.016332943371,0.343647953126,1
linear,supported,nearest,rinf,optimized__minimum,0.2,1,200,0.016332943371,0,200,1,0,1,0,0.016332943371,0.343647953126,1
linear,supported,nearest,rinf,optimized__minimum,0.2,2,200,0.016332943371,0,200,1,0,1,0,0.016332943371,0.343647953126,1
linear,supported,nearest,rinf,optimized__minimum,0.2,3,200,0.016332943371,0,200,1,0,1,0,0.016332943371,0.343647953126,1
linear,supported,nearest,rinf,optimized__minimum,0.3,0,200,0.016332943371,0,200,1,0,1,0,0.016332943371,0.343647953126,1
linear,supported,nearest,rinf,optimized__minimum,0.3,1,200,0.016332943371,0,200,1,0,1,0,0.016332943371,0.343647953126,1
linear,supported,nearest,rinf,optimized__minimum,0.3,2,200,0.016332943371,0,200,1,0,1,0,0.016332943371,0.343647953126,1
linear,supported,nearest,rinf,optimized__minimum,0.3,3,200,0.016332943371,0,200,1,0,1,0,0.016332943371,0.343647953126,1
linear,supported,nearest,rinf,uniform__minimum,0.2,0,200,0.0149994239888,0,194,0.97,0,1,0,0.0148917746238,0.37024814514,1
linear,supported,nearest,rinf,uniform__minimum,0.2,1,200,0.0149994239888,0,194,0.97,0,1,2.88,0.0152645004923,0.37024814514,1
linear,supported,nearest,rinf,uniform__minimum,0.2,2,200,0.0149994239888,0,194,0.97,0,1,5.76,0.0150575813248,0.37024814514,1
linear,supported,nearest,rinf,uniform__minimum,0.2,3,200,0.0149994239888,0,194,0.97,0,1,8.64,0.0151371122788,0.37024814514,1
linear,supported,nearest,rinf,uniform__minimum,0.3,0,200,0.0148917746238,0,200,1,0,1,0,0.0148917746238,0.371590642335,1
linear,supported,nearest,rinf,uniform__minimum,0.3,1,200,0.0148917746238,0,200,1,0,1,0,0.0148917746238,0.371590642335,1
linear,supported,nearest,rinf,uniform__minimum,0.3,2,200,0.0148917746238,0,200,1,0,1,0,0.0148917746238,0.371590642335,1
linear,supported,nearest,rinf,uniform__minimum,0.3,3,200,0.0148917746238,0,200,1,0,1,0,0.0148917746238,0.371590642335,1
linear,supported,random,r2,inverse_variance__minimum,0.2,0,200,0.0148917746238,0,200,1,0,1,0,0.0148917746238,0.246902605026,1
linear,supported,random,r2,inverse_variance__minimum,0.2,1,200,0.0148917746238,0,200,1,0,1,0,0.0148917746238,0.246902605026,1
linear,supported,random,r2,inverse_variance__minimum,0.2,2,200,0.0148917746238,0,200,1,0,1,0,0.0148917746238,0.246902605026,1
linear,supported,random,r2,inverse_variance__minimum,0.2,3,200,0.0148917746238,0,200,1,0,1,0,0.0148917746238,0.246902605026,1
linear,supported,random,r2,inverse_variance__minimum,0.3,0,200,0.0148917746238,0,200,1,0,1,0,0.0148917746238,0.246902605026,1
linear,supported,random,r2,inverse_variance__minimum,0.3,1,200,0.0148917746238,0,200,1,0,1,0,0.0148917746238,0.246902605026,1
linear,supported,random,r2,inverse_variance__minimum,0.3,2,200,0.0148917746238,0,200,1,0,1,0,0.0148917746238,0.246902605026,1
linear,supported,random,r2,inverse_variance__minimum,0.3,3,200,0.0148917746238,0,200,1,0,1,0,0.0148917746238,0.246902605026,1
linear,supported,random,r2,nearest_source__minimum,0.2,0,200,,,0,0,0,1,0,0.0576754218551,0.400122971708,1
linear,supported,random,r2,nearest_source__minimum,0.2,1,200,,,0,0,0,1,96,0.0605430309813,0.400031828567,1
linear,supported,random,r2,nearest_source__minimum,0.2,2,200,,,0,0,0,1,192,0.062629818275,0.399986985214,1
linear,supported,random,r2,nearest_source__minimum,0.2,3,200,,,0,0,0,1,288,0.0666145437843,0.399986985214,1
linear,supported,random,r2,nearest_source__minimum,0.3,0,200,0.0576754218551,0,200,1,0,1,0,0.0576754218551,0.50872669862,1
linear,supported,random,r2,nearest_source__minimum,0.3,1,200,0.0576754218551,0,200,1,0,1,0,0.0576754218551,0.50872669862,1
linear,supported,random,r2,nearest_source__minimum,0.3,2,200,0.0576754218551,0,200,1,0,1,0,0.0576754218551,0.50872669862,1
linear,supported,random,r2,nearest_source__minimum,0.3,3,200,0.0576754218551,0,200,1,0,1,0,0.0576754218551,0.50872669862,1
linear,supported,random,r2,optimized__barycentric,0.2,0,200,0.0151247385291,0,200,1,0,1,0,0.0151247385291,0.222481303551,1
linear,supported,random,r2,optimized__barycentric,0.2,1,200,0.0151247385291,0,200,1,0,1,0,0.0151247385291,0.222481303551,1
linear,supported,random,r2,optimized__barycentric,0.2,2,200,0.0151247385291,0,200,1,0,1,0,0.0151247385291,0.222481303551,1
linear,supported,random,r2,optimized__barycentric,0.2,3,200,0.0151247385291,0,200,1,0,1,0,0.0151247385291,0.222481303551,1
linear,supported,random,r2,optimized__barycentric,0.3,0,200,0.0151247385291,0,200,1,0,1,0,0.0151247385291,0.222481303551,1
linear,supported,random,r2,optimized__barycentric,0.3,1,200,0.0151247385291,0,200,1,0,1,0,0.0151247385291,0.222481303551,1
linear,supported,random,r2,optimized__barycentric,0.3,2,200,0.0151247385291,0,200,1,0,1,0,0.0151247385291,0.222481303551,1
linear,supported,random,r2,optimized__barycentric,0.3,3,200,0.0151247385291,0,200,1,0,1,0,0.0151247385291,0.222481303551,1
linear,supported,random,r2,optimized__lipschitz,0.2,0,200,0.0105408181454,0,14,0.07,0,1,0,0.0155769570064,0.402068941123,1
linear,supported,random,r2,optimized__lipschitz,0.2,1,200,0.0130064024286,0,18,0.09,0,1,89.28,0.0158730219648,0.402393018799,1
linear,supported,random,r2,optimized__lipschitz,0.2,2,200,0.0158210641355,0,22,0.11,0,1,176.64,0.0159574356154,0.402413273826,1
linear,supported,random,r2,optimized__lipschitz,0.2,3,200,0.0149320301876,0,26,0.13,0,1,262.08,0.0162741596523,0.402284110505,1
linear,supported,random,r2,optimized__lipschitz,0.3,0,200,0.0155769570064,0,200,1,0,1,0,0.0155769570064,0.426338391486,1
linear,supported,random,r2,optimized__lipschitz,0.3,1,200,0.0155769570064,0,200,1,0,1,0,0.0155769570064,0.426338391486,1
linear,supported,random,r2,optimized__lipschitz,0.3,2,200,0.0155769570064,0,200,1,0,1,0,0.0155769570064,0.426338391486,1
linear,supported,random,r2,optimized__lipschitz,0.3,3,200,0.0155769570064,0,200,1,0,1,0,0.0155769570064,0.426338391486,1
linear,supported,random,r2,optimized__minimum,0.2,0,200,0.0151247385291,0,200,1,0,1,0,0.0151247385291,0.222481303551,1
linear,supported,random,r2,optimized__minimum,0.2,1,200,0.0151247385291,0,200,1,0,1,0,0.0151247385291,0.222481303551,1
linear,supported,random,r2,optimized__minimum,0.2,2,200,0.0151247385291,0,200,1,0,1,0,0.0151247385291,0.222481303551,1
linear,supported,random,r2,optimized__minimum,0.2,3,200,0.0151247385291,0,200,1,0,1,0,0.0151247385291,0.222481303551,1
linear,supported,random,r2,optimized__minimum,0.3,0,200,0.0151247385291,0,200,1,0,1,0,0.0151247385291,0.222481303551,1
linear,supported,random,r2,optimized__minimum,0.3,1,200,0.0151247385291,0,200,1,0,1,0,0.0151247385291,0.222481303551,1
linear,supported,random,r2,optimized__minimum,0.3,2,200,0.0151247385291,0,200,1,0,1,0,0.0151247385291,0.222481303551,1
linear,supported,random,r2,optimized__minimum,0.3,3,200,0.0151247385291,0,200,1,0,1,0,0.0151247385291,0.222481303551,1
linear,supported,random,r2,uniform__minimum,0.2,0,200,0.0148917746238,0,200,1,0,1,0,0.0148917746238,0.246902605026,1
linear,supported,random,r2,uniform__minimum,0.2,1,200,0.0148917746238,0,200,1,0,1,0,0.0148917746238,0.246902605026,1
linear,supported,random,r2,uniform__minimum,0.2,2,200,0.0148917746238,0,200,1,0,1,0,0.0148917746238,0.246902605026,1
linear,supported,random,r2,uniform__minimum,0.2,3,200,0.0148917746238,0,200,1,0,1,0,0.0148917746238,0.246902605026,1
linear,supported,random,r2,uniform__minimum,0.3,0,200,0.0148917746238,0,200,1,0,1,0,0.0148917746238,0.246902605026,1
linear,supported,random,r2,uniform__minimum,0.3,1,200,0.0148917746238,0,200,1,0,1,0,0.0148917746238,0.246902605026,1
linear,supported,random,r2,uniform__minimum,0.3,2,200,0.0148917746238,0,200,1,0,1,0,0.0148917746238,0.246902605026,1
linear,supported,random,r2,uniform__minimum,0.3,3,200,0.0148917746238,0,200,1,0,1,0,0.0148917746238,0.246902605026,1
linear,supported,random,rinf,inverse_variance__minimum,0.2,0,200,0.0149994239888,0,194,0.97,0,1,0,0.0148917746238,0.37024814514,1
linear,supported,random,rinf,inverse_variance__minimum,0.2,1,200,0.0149391080136,0,195,0.975,0,1,2.88,0.0148646304968,0.370599324169,1
linear,supported,random,rinf,inverse_variance__minimum,0.2,2,200,0.0149391080136,0,195,0.975,0,1,5.28,0.0147495346563,0.370599324169,1
linear,supported,random,rinf,inverse_variance__minimum,0.2,3,200,0.0149391080136,0,195,0.975,0,1,7.68,0.0147708879646,0.370599324169,1
linear,supported,random,rinf,inverse_variance__minimum,0.3,0,200,0.0148917746238,0,200,1,0,1,0,0.0148917746238,0.371590642335,1
linear,supported,random,rinf,inverse_variance__minimum,0.3,1,200,0.0148917746238,0,200,1,0,1,0,0.0148917746238,0.371590642335,1
linear,supported,random,rinf,inverse_variance__minimum,0.3,2,200,0.0148917746238,0,200,1,0,1,0,0.0148917746238,0.371590642335,1
linear,supported,random,rinf,inverse_variance__minimum,0.3,3,200,0.0148917746238,0,200,1,0,1,0,0.0148917746238,0.371590642335,1
linear,supported,random,rinf,nearest_source__minimum,0.2,0,200,,,0,0,0,1,0,0.0576754218551,0.386351493953,1
linear,supported,random,rinf,nearest_source__minimum,0.2,1,200,,,0,0,0,1,96,0.0605430309813,0.38613043404,1
linear,supported,random,rinf,nearest_source__minimum,0.2,2,200,,,0,0,0,1,192,0.062629818275,0.386020632302,1
linear,supported,random,rinf,nearest_source__minimum,0.2,3,200,,,0,0,0,1,288,0.0666145437843,0.386020632302,1
linear,supported,random,rinf,nearest_source__minimum,0.3,0,200,0.0576754218551,0,200,1,0,1,0,0.0576754218551,0.513328090172,1
linear,supported,random,rinf,nearest_source__minimum,0.3,1,200,0.0576754218551,0,200,1,0,1,0,0.0576754218551,0.513328090172,1
linear,supported,random,rinf,nearest_source__minimum,0.3,2,200,0.0576754218551,0,200,1,0,1,0,0.0576754218551,0.513328090172,1
linear,supported,random,rinf,nearest_source__minimum,0.3,3,200,0.0576754218551,0,200,1,0,1,0,0.0576754218551,0.513328090172,1
linear,supported,random,rinf,optimized__barycentric,0.2,0,200,0.016332943371,0,200,1,0,1,0,0.016332943371,0.343647953126,1
linear,supported,random,rinf,optimized__barycentric,0.2,1,200,0.016332943371,0,200,1,0,1,0,0.016332943371,0.343647953126,1
linear,supported,random,rinf,optimized__barycentric,0.2,2,200,0.016332943371,0,200,1,0,1,0,0.016332943371,0.343647953126,1
linear,supported,random,rinf,optimized__barycentric,0.2,3,200,0.016332943371,0,200,1,0,1,0,0.016332943371,0.343647953126,1
linear,supported,random,rinf,optimized__barycentric,0.3,0,200,0.016332943371,0,200,1,0,1,0,0.016332943371,0.343647953126,1
linear,supported,random,rinf,optimized__barycentric,0.3,1,200,0.016332943371,0,200,1,0,1,0,0.016332943371,0.343647953126,1
linear,supported,random,rinf,optimized__barycentric,0.3,2,200,0.016332943371,0,200,1,0,1,0,0.016332943371,0.343647953126,1
linear,supported,random,rinf,optimized__barycentric,0.3,3,200,0.016332943371,0,200,1,0,1,0,0.016332943371,0.343647953126,1
linear,supported,random,rinf,optimized__lipschitz,0.2,0,200,,,0,0,0,1,0,0.0576754218551,0.386351493953,1
linear,supported,random,rinf,optimized__lipschitz,0.2,1,200,,,0,0,0,1,96,0.0576754218551,0.38613043404,1
linear,supported,random,rinf,optimized__lipschitz,0.2,2,200,,,0,0,0,1,192,0.0576754218551,0.386020632302,1
linear,supported,random,rinf,optimized__lipschitz,0.2,3,200,,,0,0,0,1,288,0.0576754218551,0.386020632302,1
linear,supported,random,rinf,optimized__lipschitz,0.3,0,200,0.0576754218551,0,200,1,0,1,0,0.0576754218551,0.513328090172,1
linear,supported,random,rinf,optimized__lipschitz,0.3,1,200,0.0576754218551,0,200,1,0,1,0,0.0576754218551,0.513328090172,1
linear,supported,random,rinf,optimized__lipschitz,0.3,2,200,0.0576754218551,0,200,1,0,1,0,0.0576754218551,0.513328090172,1
linear,supported,random,rinf,optimized__lipschitz,0.3,3,200,0.0576754218551,0,200,1,0,1,0,0.0576754218551,0.513328090172,1
linear,supported,random,rinf,optimized__minimum,0.2,0,200,0.016332943371,0,200,1,0,1,0,0.016332943371,0.343647953126,1
linear,supported,random,rinf,optimized__minimum,0.2,1,200,0.016332943371,0,200,1,0,1,0,0.016332943371,0.343647953126,1
linear,supported,random,rinf,optimized__minimum,0.2,2,200,0.016332943371,0,200,1,0,1,0,0.016332943371,0.343647953126,1
linear,supported,random,rinf,optimized__minimum,0.2,3,200,0.016332943371,0,200,1,0,1,0,0.016332943371,0.343647953126,1
linear,supported,random,rinf,optimized__minimum,0.3,0,200,0.016332943371,0,200,1,0,1,0,0.016332943371,0.343647953126,1
linear,supported,random,rinf,optimized__minimum,0.3,1,200,0.016332943371,0,200,1,0,1,0,0.016332943371,0.343647953126,1
linear,supported,random,rinf,optimized__minimum,0.3,2,200,0.016332943371,0,200,1,0,1,0,0.016332943371,0.343647953126,1
linear,supported,random,rinf,optimized__minimum,0.3,3,200,0.016332943371,0,200,1,0,1,0,0.016332943371,0.343647953126,1
linear,supported,random,rinf,uniform__minimum,0.2,0,200,0.0149994239888,0,194,0.97,0,1,0,0.0148917746238,0.37024814514,1
linear,supported,random,rinf,uniform__minimum,0.2,1,200,0.0149994239888,0,194,0.97,0,1,2.88,0.0154035874101,0.37024814514,1
linear,supported,random,rinf,uniform__minimum,0.2,2,200,0.0149994239888,0,194,0.97,0,1,5.76,0.015765890282,0.37024814514,1
linear,supported,random,rinf,uniform__minimum,0.2,3,200,0.0149994239888,0,194,0.97,0,1,8.64,0.0162817720741,0.37024814514,1
linear,supported,random,rinf,uniform__minimum,0.3,0,200,0.0148917746238,0,200,1,0,1,0,0.0148917746238,0.371590642335,1
linear,supported,random,rinf,uniform__minimum,0.3,1,200,0.0148917746238,0,200,1,0,1,0,0.0148917746238,0.371590642335,1
linear,supported,random,rinf,uniform__minimum,0.3,2,200,0.0148917746238,0,200,1,0,1,0,0.0148917746238,0.371590642335,1
linear,supported,random,rinf,uniform__minimum,0.3,3,200,0.0148917746238,0,200,1,0,1,0,0.0148917746238,0.371590642335,1
linear,unreachable,nearest,r2,inverse_variance__minimum,0.2,0,200,,,0,0,0,1,0,1.29051241315,2.75164129029,1
linear,unreachable,nearest,r2,inverse_variance__minimum,0.2,1,200,,,0,0,0,1,96,1.27808870627,2.3343310463,1
linear,unreachable,nearest,r2,inverse_variance__minimum,0.2,2,200,,,0,0,0,1,192,1.26928967956,2.32879637854,1
linear,unreachable,nearest,r2,inverse_variance__minimum,0.2,3,200,,,0,0,0,1,288,1.26177219325,2.32819101164,1
linear,unreachable,nearest,r2,inverse_variance__minimum,0.3,0,200,,,0,0,0,1,0,1.29051241315,2.75164129029,1
linear,unreachable,nearest,r2,inverse_variance__minimum,0.3,1,200,,,0,0,0,1,96,1.27808870627,2.3343310463,1
linear,unreachable,nearest,r2,inverse_variance__minimum,0.3,2,200,,,0,0,0,1,192,1.26928967956,2.32879637854,1
linear,unreachable,nearest,r2,inverse_variance__minimum,0.3,3,200,,,0,0,0,1,288,1.26177219325,2.32819101164,1
linear,unreachable,nearest,r2,nearest_source__minimum,0.2,0,200,,,0,0,0,1,0,1.1707211224,2.75164129029,1
linear,unreachable,nearest,r2,nearest_source__minimum,0.2,1,200,,,0,0,0,1,96,0.863965143607,2.3343310463,1
linear,unreachable,nearest,r2,nearest_source__minimum,0.2,2,200,,,0,0,0,1,192,0.863965143607,2.32879637854,1
linear,unreachable,nearest,r2,nearest_source__minimum,0.2,3,200,,,0,0,0,1,288,0.863965143607,2.32819101164,1
linear,unreachable,nearest,r2,nearest_source__minimum,0.3,0,200,,,0,0,0,1,0,1.1707211224,2.75164129029,1
linear,unreachable,nearest,r2,nearest_source__minimum,0.3,1,200,,,0,0,0,1,96,0.863965143607,2.3343310463,1
linear,unreachable,nearest,r2,nearest_source__minimum,0.3,2,200,,,0,0,0,1,192,0.863965143607,2.32879637854,1
linear,unreachable,nearest,r2,nearest_source__minimum,0.3,3,200,,,0,0,0,1,288,0.863965143607,2.32819101164,1
linear,unreachable,nearest,r2,optimized__barycentric,0.2,0,200,,,0,0,0,1,0,1.18969592882,2.75164129029,1
linear,unreachable,nearest,r2,optimized__barycentric,0.2,1,200,,,0,0,0,1,96,0.900632458789,2.3343310463,1
linear,unreachable,nearest,r2,optimized__barycentric,0.2,2,200,,,0,0,0,1,192,0.904199755476,2.32879637854,1
linear,unreachable,nearest,r2,optimized__barycentric,0.2,3,200,,,0,0,0,1,288,0.924404143298,2.32819101164,1
linear,unreachable,nearest,r2,optimized__barycentric,0.3,0,200,,,0,0,0,1,0,1.18969592882,2.75164129029,1
linear,unreachable,nearest,r2,optimized__barycentric,0.3,1,200,,,0,0,0,1,96,0.900632458789,2.3343310463,1
linear,unreachable,nearest,r2,optimized__barycentric,0.3,2,200,,,0,0,0,1,192,0.904199755476,2.32879637854,1
linear,unreachable,nearest,r2,optimized__barycentric,0.3,3,200,,,0,0,0,1,288,0.924404143298,2.32819101164,1
linear,unreachable,nearest,r2,optimized__lipschitz,0.2,0,200,,,0,0,0,1,0,1.18738987473,2.75164129029,1
linear,unreachable,nearest,r2,optimized__lipschitz,0.2,1,200,,,0,0,0,1,96,0.891068681201,2.3343310463,1
linear,unreachable,nearest,r2,optimized__lipschitz,0.2,2,200,,,0,0,0,1,192,0.904077410298,2.32879637854,1
linear,unreachable,nearest,r2,optimized__lipschitz,0.2,3,200,,,0,0,0,1,288,0.924288936718,2.32819101164,1
linear,unreachable,nearest,r2,optimized__lipschitz,0.3,0,200,,,0,0,0,1,0,1.18738987473,2.75164129029,1
linear,unreachable,nearest,r2,optimized__lipschitz,0.3,1,200,,,0,0,0,1,96,0.891068681201,2.3343310463,1
linear,unreachable,nearest,r2,optimized__lipschitz,0.3,2,200,,,0,0,0,1,192,0.904077410298,2.32879637854,1
linear,unreachable,nearest,r2,optimized__lipschitz,0.3,3,200,,,0,0,0,1,288,0.924288936718,2.32819101164,1
linear,unreachable,nearest,r2,optimized__minimum,0.2,0,200,,,0,0,0,1,0,1.18969592882,2.75164129029,1
linear,unreachable,nearest,r2,optimized__minimum,0.2,1,200,,,0,0,0,1,96,0.900632458789,2.3343310463,1
linear,unreachable,nearest,r2,optimized__minimum,0.2,2,200,,,0,0,0,1,192,0.904199229162,2.32879637854,1
linear,unreachable,nearest,r2,optimized__minimum,0.2,3,200,,,0,0,0,1,288,0.924404143298,2.32819101164,1
linear,unreachable,nearest,r2,optimized__minimum,0.3,0,200,,,0,0,0,1,0,1.18969592882,2.75164129029,1
linear,unreachable,nearest,r2,optimized__minimum,0.3,1,200,,,0,0,0,1,96,0.900632458789,2.3343310463,1
linear,unreachable,nearest,r2,optimized__minimum,0.3,2,200,,,0,0,0,1,192,0.904199229162,2.32879637854,1
linear,unreachable,nearest,r2,optimized__minimum,0.3,3,200,,,0,0,0,1,288,0.924404143298,2.32819101164,1
linear,unreachable,nearest,r2,uniform__minimum,0.2,0,200,,,0,0,0,1,0,1.29051241315,2.75164129029,1
linear,unreachable,nearest,r2,uniform__minimum,0.2,1,200,,,0,0,0,1,96,1.20520295924,2.3343310463,1
linear,unreachable,nearest,r2,uniform__minimum,0.2,2,200,,,0,0,0,1,192,1.16553409316,2.32879637854,1
linear,unreachable,nearest,r2,uniform__minimum,0.2,3,200,,,0,0,0,1,288,1.14133698606,2.32819101164,1
linear,unreachable,nearest,r2,uniform__minimum,0.3,0,200,,,0,0,0,1,0,1.29051241315,2.75164129029,1
linear,unreachable,nearest,r2,uniform__minimum,0.3,1,200,,,0,0,0,1,96,1.20520295924,2.3343310463,1
linear,unreachable,nearest,r2,uniform__minimum,0.3,2,200,,,0,0,0,1,192,1.16553409316,2.32879637854,1
linear,unreachable,nearest,r2,uniform__minimum,0.3,3,200,,,0,0,0,1,288,1.14133698606,2.32819101164,1
linear,unreachable,nearest,rinf,inverse_variance__minimum,0.2,0,200,,,0,0,0,1,0,1.29051241315,2.73786981253,1
linear,unreachable,nearest,rinf,inverse_variance__minimum,0.2,1,200,,,0,0,0,1,96,1.27808870627,2.30737913607,1
linear,unreachable,nearest,rinf,inverse_variance__minimum,0.2,2,200,,,0,0,0,1,192,1.26928967956,2.30177950993,1
linear,unreachable,nearest,rinf,inverse_variance__minimum,0.2,3,200,,,0,0,0,1,288,1.26177219325,2.30111751426,1
linear,unreachable,nearest,rinf,inverse_variance__minimum,0.3,0,200,,,0,0,0,1,0,1.29051241315,2.73786981253,1
linear,unreachable,nearest,rinf,inverse_variance__minimum,0.3,1,200,,,0,0,0,1,96,1.27808870627,2.30737913607,1
linear,unreachable,nearest,rinf,inverse_variance__minimum,0.3,2,200,,,0,0,0,1,192,1.26928967956,2.30177950993,1
linear,unreachable,nearest,rinf,inverse_variance__minimum,0.3,3,200,,,0,0,0,1,288,1.26177219325,2.30111751426,1
linear,unreachable,nearest,rinf,nearest_source__minimum,0.2,0,200,,,0,0,0,1,0,1.1707211224,2.73786981253,1
linear,unreachable,nearest,rinf,nearest_source__minimum,0.2,1,200,,,0,0,0,1,96,0.863965143607,2.30737913607,1
linear,unreachable,nearest,rinf,nearest_source__minimum,0.2,2,200,,,0,0,0,1,192,0.863965143607,2.30177950993,1
linear,unreachable,nearest,rinf,nearest_source__minimum,0.2,3,200,,,0,0,0,1,288,0.863965143607,2.30111751426,1
linear,unreachable,nearest,rinf,nearest_source__minimum,0.3,0,200,,,0,0,0,1,0,1.1707211224,2.73786981253,1
linear,unreachable,nearest,rinf,nearest_source__minimum,0.3,1,200,,,0,0,0,1,96,0.863965143607,2.30737913607,1
linear,unreachable,nearest,rinf,nearest_source__minimum,0.3,2,200,,,0,0,0,1,192,0.863965143607,2.30177950993,1
linear,unreachable,nearest,rinf,nearest_source__minimum,0.3,3,200,,,0,0,0,1,288,0.863965143607,2.30111751426,1
linear,unreachable,nearest,rinf,optimized__barycentric,0.2,0,200,,,0,0,0,1,0,1.1707211224,2.73786981253,1
linear,unreachable,nearest,rinf,optimized__barycentric,0.2,1,200,,,0,0,0,1,96,0.863965143607,2.30737913607,1
linear,unreachable,nearest,rinf,optimized__barycentric,0.2,2,200,,,0,0,0,1,192,0.863965143607,2.30177950993,1
linear,unreachable,nearest,rinf,optimized__barycentric,0.2,3,200,,,0,0,0,1,288,0.863965143607,2.30111751426,1
linear,unreachable,nearest,rinf,optimized__barycentric,0.3,0,200,,,0,0,0,1,0,1.1707211224,2.73786981253,1
linear,unreachable,nearest,rinf,optimized__barycentric,0.3,1,200,,,0,0,0,1,96,0.863965143607,2.30737913607,1
linear,unreachable,nearest,rinf,optimized__barycentric,0.3,2,200,,,0,0,0,1,192,0.863965143607,2.30177950993,1
linear,unreachable,nearest,rinf,optimized__barycentric,0.3,3,200,,,0,0,0,1,288,0.863965143607,2.30111751426,1
linear,unreachable,nearest,rinf,optimized__lipschitz,0.2,0,200,,,0,0,0,1,0,1.1707211224,2.73786981253,1
linear,unreachable,nearest,rinf,optimized__lipschitz,0.2,1,200,,,0,0,0,1,96,0.863965143607,2.30737913607,1
linear,unreachable,nearest,rinf,optimized__lipschitz,0.2,2,200,,,0,0,0,1,192,0.863965143607,2.30177950993,1
linear,unreachable,nearest,rinf,optimized__lipschitz,0.2,3,200,,,0,0,0,1,288,0.863965143607,2.30111751426,1
linear,unreachable,nearest,rinf,optimized__lipschitz,0.3,0,200,,,0,0,0,1,0,1.1707211224,2.73786981253,1
linear,unreachable,nearest,rinf,optimized__lipschitz,0.3,1,200,,,0,0,0,1,96,0.863965143607,2.30737913607,1
linear,unreachable,nearest,rinf,optimized__lipschitz,0.3,2,200,,,0,0,0,1,192,0.863965143607,2.30177950993,1
linear,unreachable,nearest,rinf,optimized__lipschitz,0.3,3,200,,,0,0,0,1,288,0.863965143607,2.30111751426,1
linear,unreachable,nearest,rinf,optimized__minimum,0.2,0,200,,,0,0,0,1,0,1.1707211224,2.73786981253,1
linear,unreachable,nearest,rinf,optimized__minimum,0.2,1,200,,,0,0,0,1,96,0.863965143607,2.30737913607,1
linear,unreachable,nearest,rinf,optimized__minimum,0.2,2,200,,,0,0,0,1,192,0.863965143607,2.30177950993,1
linear,unreachable,nearest,rinf,optimized__minimum,0.2,3,200,,,0,0,0,1,288,0.863965143607,2.30111751426,1
linear,unreachable,nearest,rinf,optimized__minimum,0.3,0,200,,,0,0,0,1,0,1.1707211224,2.73786981253,1
linear,unreachable,nearest,rinf,optimized__minimum,0.3,1,200,,,0,0,0,1,96,0.863965143607,2.30737913607,1
linear,unreachable,nearest,rinf,optimized__minimum,0.3,2,200,,,0,0,0,1,192,0.863965143607,2.30177950993,1
linear,unreachable,nearest,rinf,optimized__minimum,0.3,3,200,,,0,0,0,1,288,0.863965143607,2.30111751426,1
linear,unreachable,nearest,rinf,uniform__minimum,0.2,0,200,,,0,0,0,1,0,1.29051241315,2.73786981253,1
linear,unreachable,nearest,rinf,uniform__minimum,0.2,1,200,,,0,0,0,1,96,1.20520295924,2.30737913607,1
linear,unreachable,nearest,rinf,uniform__minimum,0.2,2,200,,,0,0,0,1,192,1.16553409316,2.30177950993,1
linear,unreachable,nearest,rinf,uniform__minimum,0.2,3,200,,,0,0,0,1,288,1.14133698606,2.30111751426,1
linear,unreachable,nearest,rinf,uniform__minimum,0.3,0,200,,,0,0,0,1,0,1.29051241315,2.73786981253,1
linear,unreachable,nearest,rinf,uniform__minimum,0.3,1,200,,,0,0,0,1,96,1.20520295924,2.30737913607,1
linear,unreachable,nearest,rinf,uniform__minimum,0.3,2,200,,,0,0,0,1,192,1.16553409316,2.30177950993,1
linear,unreachable,nearest,rinf,uniform__minimum,0.3,3,200,,,0,0,0,1,288,1.14133698606,2.30111751426,1
linear,unreachable,random,r2,inverse_variance__minimum,0.2,0,200,,,0,0,0,1,0,1.29051241315,2.75164129029,1
linear,unreachable,random,r2,inverse_variance__minimum,0.2,1,200,,,0,0,0,1,96,1.28344585208,2.58784221755,1
linear,unreachable,random,r2,inverse_variance__minimum,0.2,2,200,,,0,0,0,1,192,1.27726945705,2.48959752732,1
linear,unreachable,random,r2,inverse_variance__minimum,0.2,3,200,,,0,0,0,1,288,1.27169374279,2.43217228093,1
linear,unreachable,random,r2,inverse_variance__minimum,0.3,0,200,,,0,0,0,1,0,1.29051241315,2.75164129029,1
linear,unreachable,random,r2,inverse_variance__minimum,0.3,1,200,,,0,0,0,1,96,1.28344585208,2.58784221755,1
linear,unreachable,random,r2,inverse_variance__minimum,0.3,2,200,,,0,0,0,1,192,1.27726945705,2.48959752732,1
linear,unreachable,random,r2,inverse_variance__minimum,0.3,3,200,,,0,0,0,1,288,1.27169374279,2.43217228093,1
linear,unreachable,random,r2,nearest_source__minimum,0.2,0,200,,,0,0,0,1,0,1.1707211224,2.75164129029,1
linear,unreachable,random,r2,nearest_source__minimum,0.2,1,200,,,0,0,0,1,96,1.02552544535,2.58784221755,1
linear,unreachable,random,r2,nearest_source__minimum,0.2,2,200,,,0,0,0,1,192,0.948980046701,2.48959752732,1
linear,unreachable,random,r2,nearest_source__minimum,0.2,3,200,,,0,0,0,1,288,0.915971849562,2.43217228093,1
linear,unreachable,random,r2,nearest_source__minimum,0.3,0,200,,,0,0,0,1,0,1.1707211224,2.75164129029,1
linear,unreachable,random,r2,nearest_source__minimum,0.3,1,200,,,0,0,0,1,96,1.02552544535,2.58784221755,1
linear,unreachable,random,r2,nearest_source__minimum,0.3,2,200,,,0,0,0,1,192,0.948980046701,2.48959752732,1
linear,unreachable,random,r2,nearest_source__minimum,0.3,3,200,,,0,0,0,1,288,0.915971849562,2.43217228093,1
linear,unreachable,random,r2,optimized__barycentric,0.2,0,200,,,0,0,0,1,0,1.18969592882,2.75164129029,1
linear,unreachable,random,r2,optimized__barycentric,0.2,1,200,,,0,0,0,1,96,1.08627986598,2.58784221755,1
linear,unreachable,random,r2,optimized__barycentric,0.2,2,200,,,0,0,0,1,192,1.02354976017,2.48959752732,1
linear,unreachable,random,r2,optimized__barycentric,0.2,3,200,,,0,0,0,1,288,0.989400915216,2.43217228093,1
linear,unreachable,random,r2,optimized__barycentric,0.3,0,200,,,0,0,0,1,0,1.18969592882,2.75164129029,1
linear,unreachable,random,r2,optimized__barycentric,0.3,1,200,,,0,0,0,1,96,1.08627986598,2.58784221755,1
linear,unreachable,random,r2,optimized__barycentric,0.3,2,200,,,0,0,0,1,192,1.02354976017,2.48959752732,1
linear,unreachable,random,r2,optimized__barycentric,0.3,3,200,,,0,0,0,1,288,0.989400915216,2.43217228093,1
linear,unreachable,random,r2,optimized__lipschitz,0.2,0,200,,,0,0,0,1,0,1.18738987473,2.75164129029,1
linear,unreachable,random,r2,optimized__lipschitz,0.2,1,200,,,0,0,0,1,96,1.08377949583,2.58784221755,1
linear,unreachable,random,r2,optimized__lipschitz,0.2,2,200,,,0,0,0,1,192,1.02118444738,2.48959752732,1
linear,unreachable,random,r2,optimized__lipschitz,0.2,3,200,,,0,0,0,1,288,0.986926792948,2.43217228093,1
linear,unreachable,random,r2,optimized__lipschitz,0.3,0,200,,,0,0,0,1,0,1.18738987473,2.75164129029,1
linear,unreachable,random,r2,optimized__lipschitz,0.3,1,200,,,0,0,0,1,96,1.08377949583,2.58784221755,1
linear,unreachable,random,r2,optimized__lipschitz,0.3,2,200,,,0,0,0,1,192,1.02118444738,2.48959752732,1
linear,unreachable,random,r2,optimized__lipschitz,0.3,3,200,,,0,0,0,1,288,0.986926792948,2.43217228093,1
linear,unreachable,random,r2,optimized__minimum,0.2,0,200,,,0,0,0,1,0,1.18969592882,2.75164129029,1
linear,unreachable,random,r2,optimized__minimum,0.2,1,200,,,0,0,0,1,96,1.08627986598,2.58784221755,1
linear,unreachable,random,r2,optimized__minimum,0.2,2,200,,,0,0,0,1,192,1.02354960392,2.48959752732,1
linear,unreachable,random,r2,optimized__minimum,0.2,3,200,,,0,0,0,1,288,0.989400680437,2.43217228093,1
linear,unreachable,random,r2,optimized__minimum,0.3,0,200,,,0,0,0,1,0,1.18969592882,2.75164129029,1
linear,unreachable,random,r2,optimized__minimum,0.3,1,200,,,0,0,0,1,96,1.08627986598,2.58784221755,1
linear,unreachable,random,r2,optimized__minimum,0.3,2,200,,,0,0,0,1,192,1.02354960392,2.48959752732,1
linear,unreachable,random,r2,optimized__minimum,0.3,3,200,,,0,0,0,1,288,0.989400680437,2.43217228093,1
linear,unreachable,random,r2,uniform__minimum,0.2,0,200,,,0,0,0,1,0,1.29051241315,2.75164129029,1
linear,unreachable,random,r2,uniform__minimum,0.2,1,200,,,0,0,0,1,96,1.2419886938,2.58784221755,1
linear,unreachable,random,r2,uniform__minimum,0.2,2,200,,,0,0,0,1,192,1.21252611615,2.48959752732,1
linear,unreachable,random,r2,uniform__minimum,0.2,3,200,,,0,0,0,1,288,1.19283455269,2.43217228093,1
linear,unreachable,random,r2,uniform__minimum,0.3,0,200,,,0,0,0,1,0,1.29051241315,2.75164129029,1
linear,unreachable,random,r2,uniform__minimum,0.3,1,200,,,0,0,0,1,96,1.2419886938,2.58784221755,1
linear,unreachable,random,r2,uniform__minimum,0.3,2,200,,,0,0,0,1,192,1.21252611615,2.48959752732,1
linear,unreachable,random,r2,uniform__minimum,0.3,3,200,,,0,0,0,1,288,1.19283455269,2.43217228093,1
linear,unreachable,random,rinf,inverse_variance__minimum,0.2,0,200,,,0,0,0,1,0,1.29051241315,2.73786981253,1
linear,unreachable,random,rinf,inverse_variance__minimum,0.2,1,200,,,0,0,0,1,96,1.28344585208,2.56623375248,1
linear,unreachable,random,rinf,inverse_variance__minimum,0.2,2,200,,,0,0,0,1,192,1.27726945705,2.46433139963,1
linear,unreachable,random,rinf,inverse_variance__minimum,0.2,3,200,,,0,0,0,1,288,1.27169374279,2.40530416714,1
linear,unreachable,random,rinf,inverse_variance__minimum,0.3,0,200,,,0,0,0,1,0,1.29051241315,2.73786981253,1
linear,unreachable,random,rinf,inverse_variance__minimum,0.3,1,200,,,0,0,0,1,96,1.28344585208,2.56623375248,1
linear,unreachable,random,rinf,inverse_variance__minimum,0.3,2,200,,,0,0,0,1,192,1.27726945705,2.46433139963,1
linear,unreachable,random,rinf,inverse_variance__minimum,0.3,3,200,,,0,0,0,1,288,1.27169374279,2.40530416714,1
linear,unreachable,random,rinf,nearest_source__minimum,0.2,0,200,,,0,0,0,1,0,1.1707211224,2.73786981253,1
linear,unreachable,random,rinf,nearest_source__minimum,0.2,1,200,,,0,0,0,1,96,1.02552544535,2.56623375248,1
linear,unreachable,random,rinf,nearest_source__minimum,0.2,2,200,,,0,0,0,1,192,0.948980046701,2.46433139963,1
linear,unreachable,random,rinf,nearest_source__minimum,0.2,3,200,,,0,0,0,1,288,0.915971849562,2.40530416714,1
linear,unreachable,random,rinf,nearest_source__minimum,0.3,0,200,,,0,0,0,1,0,1.1707211224,2.73786981253,1
linear,unreachable,random,rinf,nearest_source__minimum,0.3,1,200,,,0,0,0,1,96,1.02552544535,2.56623375248,1
linear,unreachable,random,rinf,nearest_source__minimum,0.3,2,200,,,0,0,0,1,192,0.948980046701,2.46433139963,1
linear,unreachable,random,rinf,nearest_source__minimum,0.3,3,200,,,0,0,0,1,288,0.915971849562,2.40530416714,1
linear,unreachable,random,rinf,optimized__barycentric,0.2,0,200,,,0,0,0,1,0,1.1707211224,2.73786981253,1
linear,unreachable,random,rinf,optimized__barycentric,0.2,1,200,,,0,0,0,1,96,1.05619001527,2.56623375248,1
linear,unreachable,random,rinf,optimized__barycentric,0.2,2,200,,,0,0,0,1,192,0.989258178252,2.46433139963,1
linear,unreachable,random,rinf,optimized__barycentric,0.2,3,200,,,0,0,0,1,288,0.947131001344,2.40530416714,1
linear,unreachable,random,rinf,optimized__barycentric,0.3,0,200,,,0,0,0,1,0,1.1707211224,2.73786981253,1
linear,unreachable,random,rinf,optimized__barycentric,0.3,1,200,,,0,0,0,1,96,1.05619001527,2.56623375248,1
linear,unreachable,random,rinf,optimized__barycentric,0.3,2,200,,,0,0,0,1,192,0.989258178252,2.46433139963,1
linear,unreachable,random,rinf,optimized__barycentric,0.3,3,200,,,0,0,0,1,288,0.947131001344,2.40530416714,1
linear,unreachable,random,rinf,optimized__lipschitz,0.2,0,200,,,0,0,0,1,0,1.1707211224,2.73786981253,1
linear,unreachable,random,rinf,optimized__lipschitz,0.2,1,200,,,0,0,0,1,96,1.05682533204,2.56623375248,1
linear,unreachable,random,rinf,optimized__lipschitz,0.2,2,200,,,0,0,0,1,192,0.992271177679,2.46433139963,1
linear,unreachable,random,rinf,optimized__lipschitz,0.2,3,200,,,0,0,0,1,288,0.948560738495,2.40530416714,1
linear,unreachable,random,rinf,optimized__lipschitz,0.3,0,200,,,0,0,0,1,0,1.1707211224,2.73786981253,1
linear,unreachable,random,rinf,optimized__lipschitz,0.3,1,200,,,0,0,0,1,96,1.05682533204,2.56623375248,1
linear,unreachable,random,rinf,optimized__lipschitz,0.3,2,200,,,0,0,0,1,192,0.992271177679,2.46433139963,1
linear,unreachable,random,rinf,optimized__lipschitz,0.3,3,200,,,0,0,0,1,288,0.948560738495,2.40530416714,1
linear,unreachable,random,rinf,optimized__minimum,0.2,0,200,,,0,0,0,1,0,1.1707211224,2.73786981253,1
linear,unreachable,random,rinf,optimized__minimum,0.2,1,200,,,0,0,0,1,96,1.05619001527,2.56623375248,1
linear,unreachable,random,rinf,optimized__minimum,0.2,2,200,,,0,0,0,1,192,0.989258178252,2.46433139963,1
linear,unreachable,random,rinf,optimized__minimum,0.2,3,200,,,0,0,0,1,288,0.947131001344,2.40530416714,1
linear,unreachable,random,rinf,optimized__minimum,0.3,0,200,,,0,0,0,1,0,1.1707211224,2.73786981253,1
linear,unreachable,random,rinf,optimized__minimum,0.3,1,200,,,0,0,0,1,96,1.05619001527,2.56623375248,1
linear,unreachable,random,rinf,optimized__minimum,0.3,2,200,,,0,0,0,1,192,0.989258178252,2.46433139963,1
linear,unreachable,random,rinf,optimized__minimum,0.3,3,200,,,0,0,0,1,288,0.947131001344,2.40530416714,1
linear,unreachable,random,rinf,uniform__minimum,0.2,0,200,,,0,0,0,1,0,1.29051241315,2.73786981253,1
linear,unreachable,random,rinf,uniform__minimum,0.2,1,200,,,0,0,0,1,96,1.2419886938,2.56623375248,1
linear,unreachable,random,rinf,uniform__minimum,0.2,2,200,,,0,0,0,1,192,1.21252611615,2.46433139963,1
linear,unreachable,random,rinf,uniform__minimum,0.2,3,200,,,0,0,0,1,288,1.19283455269,2.40530416714,1
linear,unreachable,random,rinf,uniform__minimum,0.3,0,200,,,0,0,0,1,0,1.29051241315,2.73786981253,1
linear,unreachable,random,rinf,uniform__minimum,0.3,1,200,,,0,0,0,1,96,1.2419886938,2.56623375248,1
linear,unreachable,random,rinf,uniform__minimum,0.3,2,200,,,0,0,0,1,192,1.21252611615,2.46433139963,1
linear,unreachable,random,rinf,uniform__minimum,0.3,3,200,,,0,0,0,1,288,1.19283455269,2.40530416714,1
quadratic,bridgeable,nearest,r2,inverse_variance__minimum,0.2,0,200,,,0,0,0,1,0,0.350224851839,1.18711760346,1
quadratic,bridgeable,nearest,r2,inverse_variance__minimum,0.2,1,200,,,0,0,0,1,96,0.340360488494,0.773589015616,1
quadratic,bridgeable,nearest,r2,inverse_variance__minimum,0.2,2,200,,,0,0,0,1,192,0.33017314662,0.74396618835,1
quadratic,bridgeable,nearest,r2,inverse_variance__minimum,0.2,3,200,,,0,0,0,1,288,0.321217767963,0.716576502185,1
quadratic,bridgeable,nearest,r2,inverse_variance__minimum,0.3,0,200,,,0,0,0,1,0,0.350224851839,1.18711760346,1
quadratic,bridgeable,nearest,r2,inverse_variance__minimum,0.3,1,200,,,0,0,0,1,96,0.340360488494,0.773589015616,1
quadratic,bridgeable,nearest,r2,inverse_variance__minimum,0.3,2,200,,,0,0,0,1,192,0.33017314662,0.74396618835,1
quadratic,bridgeable,nearest,r2,inverse_variance__minimum,0.3,3,200,,,0,0,0,1,288,0.321217767963,0.716576502185,1
quadratic,bridgeable,nearest,r2,nearest_source__minimum,0.2,0,200,,,0,0,0,1,0,0.266788554076,1.18711760346,1
quadratic,bridgeable,nearest,r2,nearest_source__minimum,0.2,1,200,,,0,0,0,1,96,0.0750995174119,0.773589015616,1
quadratic,bridgeable,nearest,r2,nearest_source__minimum,0.2,2,200,,,0,0,0,1,192,0.0750995174119,0.74396618835,1
quadratic,bridgeable,nearest,r2,nearest_source__minimum,0.2,3,200,,,0,0,0,1,288,0.0750995174119,0.716576502185,1
quadratic,bridgeable,nearest,r2,nearest_source__minimum,0.3,0,200,,,0,0,0,1,0,0.266788554076,1.18711760346,1
quadratic,bridgeable,nearest,r2,nearest_source__minimum,0.3,1,200,,,0,0,0,1,96,0.0750995174119,0.773589015616,1
quadratic,bridgeable,nearest,r2,nearest_source__minimum,0.3,2,200,,,0,0,0,1,192,0.0750995174119,0.74396618835,1
quadratic,bridgeable,nearest,r2,nearest_source__minimum,0.3,3,200,,,0,0,0,1,288,0.0750995174119,0.716576502185,1
quadratic,bridgeable,nearest,r2,optimized__barycentric,0.2,0,200,,,0,0,0,1,0,0.291037748082,1.18711760346,1
quadratic,bridgeable,nearest,r2,optimized__barycentric,0.2,1,200,,,0,0,0,1,96,0.073629849735,0.773589015616,1
quadratic,bridgeable,nearest,r2,optimized__barycentric,0.2,2,200,,,0,0,0,1,192,0.0608078869204,0.74396618835,1
quadratic,bridgeable,nearest,r2,optimized__barycentric,0.2,3,200,,,0,0,0,1,288,0.044482002627,0.716576502185,1
quadratic,bridgeable,nearest,r2,optimized__barycentric,0.3,0,200,,,0,0,0,1,0,0.291037748082,1.18711760346,1
quadratic,bridgeable,nearest,r2,optimized__barycentric,0.3,1,200,,,0,0,0,1,96,0.073629849735,0.773589015616,1
quadratic,bridgeable,nearest,r2,optimized__barycentric,0.3,2,200,0.0462266921888,0,100,0.5,0,1,192,0.0608078869204,0.656910005376,1
quadratic,bridgeable,nearest,r2,optimized__barycentric,0.3,3,200,0.0469408411942,0,200,1,0,1,240,0.0469408411942,0.518576396551,1
quadratic,bridgeable,nearest,r2,optimized__lipschitz,0.2,0,200,,,0,0,0,1,0,0.285806097661,1.18711760346,1
quadratic,bridgeable,nearest,r2,optimized__lipschitz,0.2,1,200,,,0,0,0,1,96,0.0753742413858,0.773589015616,1
quadratic,bridgeable,nearest,r2,optimized__lipschitz,0.2,2,200,,,0,0,0,1,192,0.0732718949089,0.74396618835,1
quadratic,bridgeable,nearest,r2,optimized__lipschitz,0.2,3,200,,,0,0,0,1,288,0.047583047656,0.716576502185,1
quadratic,bridgeable,nearest,r2,optimized__lipschitz,0.3,0,200,,,0,0,0,1,0,0.285806097661,1.18711760346,1
quadratic,bridgeable,nearest,r2,optimized__lipschitz,0.3,1,200,,,0,0,0,1,96,0.0753742413858,0.773589015616,1
quadratic,bridgeable,nearest,r2,optimized__lipschitz,0.3,2,200,,,0,0,0,1,192,0.0732718949089,0.74396618835,1
quadratic,bridgeable,nearest,r2,optimized__lipschitz,0.3,3,200,,,0,0,0,1,288,0.047583047656,0.716576502185,1
quadratic,bridgeable,nearest,r2,optimized__minimum,0.2,0,200,,,0,0,0,1,0,0.291037748082,1.18711760346,1
quadratic,bridgeable,nearest,r2,optimized__minimum,0.2,1,200,,,0,0,0,1,96,0.073629849735,0.773589015616,1
quadratic,bridgeable,nearest,r2,optimized__minimum,0.2,2,200,,,0,0,0,1,192,0.06080592765,0.74396618835,1
quadratic,bridgeable,nearest,r2,optimized__minimum,0.2,3,200,,,0,0,0,1,288,0.044482002627,0.716576502185,1
quadratic,bridgeable,nearest,r2,optimized__minimum,0.3,0,200,,,0,0,0,1,0,0.291037748082,1.18711760346,1
quadratic,bridgeable,nearest,r2,optimized__minimum,0.3,1,200,,,0,0,0,1,96,0.073629849735,0.773589015616,1
quadratic,bridgeable,nearest,r2,optimized__minimum,0.3,2,200,0.0462266921888,0,100,0.5,0,1,192,0.06080592765,0.656910005376,1
quadratic,bridgeable,nearest,r2,optimized__minimum,0.3,3,200,0.0469408411942,0,200,1,0,1,240,0.0469408411942,0.518576396551,1
quadratic,bridgeable,nearest,r2,uniform__minimum,0.2,0,200,,,0,0,0,1,0,0.350224851839,1.18711760346,1
quadratic,bridgeable,nearest,r2,uniform__minimum,0.2,1,200,,,0,0,0,1,96,0.282489556867,0.773589015616,1
quadratic,bridgeable,nearest,r2,uniform__minimum,0.2,2,200,,,0,0,0,1,192,0.232142587772,0.74396618835,1
quadratic,bridgeable,nearest,r2,uniform__minimum,0.2,3,200,,,0,0,0,1,288,0.199664273624,0.716576502185,1
quadratic,bridgeable,nearest,r2,uniform__minimum,0.3,0,200,,,0,0,0,1,0,0.350224851839,1.18711760346,1
quadratic,bridgeable,nearest,r2,uniform__minimum,0.3,1,200,,,0,0,0,1,96,0.282489556867,0.773589015616,1
quadratic,bridgeable,nearest,r2,uniform__minimum,0.3,2,200,,,0,0,0,1,192,0.232142587772,0.74396618835,1
quadratic,bridgeable,nearest,r2,uniform__minimum,0.3,3,200,,,0,0,0,1,288,0.199664273624,0.716576502185,1
quadratic,bridgeable,nearest,rinf,inverse_variance__minimum,0.2,0,200,,,0,0,0,1,0,0.350224851839,1.1733461257,1
quadratic,bridgeable,nearest,rinf,inverse_variance__minimum,0.2,1,200,,,0,0,0,1,96,0.340360488494,0.745379743498,1
quadratic,bridgeable,nearest,rinf,inverse_variance__minimum,0.2,2,200,,,0,0,0,1,192,0.33017314662,0.715539506443,1
quadratic,bridgeable,nearest,rinf,inverse_variance__minimum,0.2,3,200,,,0,0,0,1,288,0.321217767963,0.687802407145,1
quadratic,bridgeable,nearest,rinf,inverse_variance__minimum,0.3,0,200,,,0,0,0,1,0,0.350224851839,1.1733461257,1
quadratic,bridgeable,nearest,rinf,inverse_variance__minimum,0.3,1,200,,,0,0,0,1,96,0.340360488494,0.745379743498,1
quadratic,bridgeable,nearest,rinf,inverse_variance__minimum,0.3,2,200,,,0,0,0,1,192,0.33017314662,0.715539506443,1
quadratic,bridgeable,nearest,rinf,inverse_variance__minimum,0.3,3,200,,,0,0,0,1,288,0.321217767963,0.687802407145,1
quadratic,bridgeable,nearest,rinf,nearest_source__minimum,0.2,0,200,,,0,0,0,1,0,0.266788554076,1.1733461257,1
quadratic,bridgeable,nearest,rinf,nearest_source__minimum,0.2,1,200,,,0,0,0,1,96,0.0750995174119,0.745379743498,1
quadratic,bridgeable,nearest,rinf,nearest_source__minimum,0.2,2,200,,,0,0,0,1,192,0.0750995174119,0.715539506443,1
quadratic,bridgeable,nearest,rinf,nearest_source__minimum,0.2,3,200,,,0,0,0,1,288,0.0750995174119,0.687802407145,1
quadratic,bridgeable,nearest,rinf,nearest_source__minimum,0.3,0,200,,,0,0,0,1,0,0.266788554076,1.1733461257,1
quadratic,bridgeable,nearest,rinf,nearest_source__minimum,0.3,1,200,,,0,0,0,1,96,0.0750995174119,0.745379743498,1
quadratic,bridgeable,nearest,rinf,nearest_source__minimum,0.3,2,200,,,0,0,0,1,192,0.0750995174119,0.715539506443,1
quadratic,bridgeable,nearest,rinf,nearest_source__minimum,0.3,3,200,,,0,0,0,1,288,0.0750995174119,0.687802407145,1
quadratic,bridgeable,nearest,rinf,optimized__barycentric,0.2,0,200,,,0,0,0,1,0,0.267141629626,1.1733461257,1
quadratic,bridgeable,nearest,rinf,optimized__barycentric,0.2,1,200,,,0,0,0,1,96,0.0731641070526,0.745379743498,1
quadratic,bridgeable,nearest,rinf,optimized__barycentric,0.2,2,200,,,0,0,0,1,192,0.0665901595815,0.715539506443,1
quadratic,bridgeable,nearest,rinf,optimized__barycentric,0.2,3,200,,,0,0,0,1,288,0.060912878551,0.687802407145,1
quadratic,bridgeable,nearest,rinf,optimized__barycentric,0.3,0,200,,,0,0,0,1,0,0.267141629626,1.1733461257,1
quadratic,bridgeable,nearest,rinf,optimized__barycentric,0.3,1,200,,,0,0,0,1,96,0.0731641070526,0.745379743498,1
quadratic,bridgeable,nearest,rinf,optimized__barycentric,0.3,2,200,,,0,0,0,1,192,0.0665901595815,0.715539506443,1
quadratic,bridgeable,nearest,rinf,optimized__barycentric,0.3,3,200,,,0,0,0,1,288,0.060912878551,0.687802407145,1
quadratic,bridgeable,nearest,rinf,optimized__lipschitz,0.2,0,200,,,0,0,0,1,0,0.266788554076,1.1733461257,1
quadratic,bridgeable,nearest,rinf,optimized__lipschitz,0.2,1,200,,,0,0,0,1,96,0.0750995174119,0.745379743498,1
quadratic,bridgeable,nearest,rinf,optimized__lipschitz,0.2,2,200,,,0,0,0,1,192,0.0750995174119,0.715539506443,1
quadratic,bridgeable,nearest,rinf,optimized__lipschitz,0.2,3,200,,,0,0,0,1,288,0.0750995174119,0.687802407145,1
quadratic,bridgeable,nearest,rinf,optimized__lipschitz,0.3,0,200,,,0,0,0,1,0,0.266788554076,1.1733461257,1
quadratic,bridgeable,nearest,rinf,optimized__lipschitz,0.3,1,200,,,0,0,0,1,96,0.0750995174119,0.745379743498,1
quadratic,bridgeable,nearest,rinf,optimized__lipschitz,0.3,2,200,,,0,0,0,1,192,0.0750995174119,0.715539506443,1
quadratic,bridgeable,nearest,rinf,optimized__lipschitz,0.3,3,200,,,0,0,0,1,288,0.0750995174119,0.687802407145,1
quadratic,bridgeable,nearest,rinf,optimized__minimum,0.2,0,200,,,0,0,0,1,0,0.267141629626,1.1733461257,1
quadratic,bridgeable,nearest,rinf,optimized__minimum,0.2,1,200,,,0,0,0,1,96,0.0731641070526,0.745379743498,1
quadratic,bridgeable,nearest,rinf,optimized__minimum,0.2,2,200,,,0,0,0,1,192,0.0665901595815,0.715539506443,1
quadratic,bridgeable,nearest,rinf,optimized__minimum,0.2,3,200,,,0,0,0,1,288,0.060912878551,0.687802407145,1
quadratic,bridgeable,nearest,rinf,optimized__minimum,0.3,0,200,,,0,0,0,1,0,0.267141629626,1.1733461257,1
quadratic,bridgeable,nearest,rinf,optimized__minimum,0.3,1,200,,,0,0,0,1,96,0.0731641070526,0.745379743498,1
quadratic,bridgeable,nearest,rinf,optimized__minimum,0.3,2,200,,,0,0,0,1,192,0.0665901595815,0.715539506443,1
quadratic,bridgeable,nearest,rinf,optimized__minimum,0.3,3,200,,,0,0,0,1,288,0.060912878551,0.687802407145,1
quadratic,bridgeable,nearest,rinf,uniform__minimum,0.2,0,200,,,0,0,0,1,0,0.350224851839,1.1733461257,1
quadratic,bridgeable,nearest,rinf,uniform__minimum,0.2,1,200,,,0,0,0,1,96,0.282489556867,0.745379743498,1
quadratic,bridgeable,nearest,rinf,uniform__minimum,0.2,2,200,,,0,0,0,1,192,0.232142587772,0.715539506443,1
quadratic,bridgeable,nearest,rinf,uniform__minimum,0.2,3,200,,,0,0,0,1,288,0.199664273624,0.687802407145,1
quadratic,bridgeable,nearest,rinf,uniform__minimum,0.3,0,200,,,0,0,0,1,0,0.350224851839,1.1733461257,1
quadratic,bridgeable,nearest,rinf,uniform__minimum,0.3,1,200,,,0,0,0,1,96,0.282489556867,0.745379743498,1
quadratic,bridgeable,nearest,rinf,uniform__minimum,0.3,2,200,,,0,0,0,1,192,0.232142587772,0.715539506443,1
quadratic,bridgeable,nearest,rinf,uniform__minimum,0.3,3,200,,,0,0,0,1,288,0.199664273624,0.687802407145,1
quadratic,bridgeable,random,r2,inverse_variance__minimum,0.2,0,200,,,0,0,0,1,0,0.350224851839,1.18711760346,1
quadratic,bridgeable,random,r2,inverse_variance__minimum,0.2,1,200,,,0,0,0,1,96,0.333960223006,0.871951819807,1
quadratic,bridgeable,random,r2,inverse_variance__minimum,0.2,2,200,,,0,0,0,1,192,0.318321298174,0.785328231631,1
quadratic,bridgeable,random,r2,inverse_variance__minimum,0.2,3,200,,,0,0,0,1,288,0.303896805376,0.747966661571,1
quadratic,bridgeable,random,r2,inverse_variance__minimum,0.3,0,200,,,0,0,0,1,0,0.350224851839,1.18711760346,1
quadratic,bridgeable,random,r2,inverse_variance__minimum,0.3,1,200,,,0,0,0,1,96,0.333960223006,0.871951819807,1
quadratic,bridgeable,random,r2,inverse_variance__minimum,0.3,2,200,,,0,0,0,1,192,0.318321298174,0.785328231631,1
quadratic,bridgeable,random,r2,inverse_variance__minimum,0.3,3,200,,,0,0,0,1,288,0.303896805376,0.747966661571,1
quadratic,bridgeable,random,r2,nearest_source__minimum,0.2,0,200,,,0,0,0,1,0,0.266788554076,1.18711760346,1
quadratic,bridgeable,random,r2,nearest_source__minimum,0.2,1,200,,,0,0,0,1,96,0.203804897817,0.871951819807,1
quadratic,bridgeable,random,r2,nearest_source__minimum,0.2,2,200,,,0,0,0,1,192,0.150436800305,0.785328231631,1
quadratic,bridgeable,random,r2,nearest_source__minimum,0.2,3,200,,,0,0,0,1,288,0.116688496936,0.747966661571,1
quadratic,bridgeable,random,r2,nearest_source__minimum,0.3,0,200,,,0,0,0,1,0,0.266788554076,1.18711760346,1
quadratic,bridgeable,random,r2,nearest_source__minimum,0.3,1,200,,,0,0,0,1,96,0.203804897817,0.871951819807,1
quadratic,bridgeable,random,r2,nearest_source__minimum,0.3,2,200,,,0,0,0,1,192,0.150436800305,0.785328231631,1
quadratic,bridgeable,random,r2,nearest_source__minimum,0.3,3,200,,,0,0,0,1,288,0.116688496936,0.747966661571,1
quadratic,bridgeable,random,r2,optimized__barycentric,0.2,0,200,,,0,0,0,1,0,0.291037748082,1.18711760346,1
quadratic,bridgeable,random,r2,optimized__barycentric,0.2,1,200,,,0,0,0,1,96,0.0867640845067,0.871951819807,1
quadratic,bridgeable,random,r2,optimized__barycentric,0.2,2,200,,,0,0,0,1,192,0.0407861119636,0.785328231631,1
quadratic,bridgeable,random,r2,optimized__barycentric,0.2,3,200,0.0339764437301,0,53,0.265,0,1,288,0.0340448473943,0.658161258269,1
quadratic,bridgeable,random,r2,optimized__barycentric,0.3,0,200,,,0,0,0,1,0,0.291037748082,1.18711760346,1
quadratic,bridgeable,random,r2,optimized__barycentric,0.3,1,200,0.0423328698757,0,99,0.495,0,1,96,0.0867640845067,0.70529641635,1
quadratic,bridgeable,random,r2,optimized__barycentric,0.3,2,200,0.040140141074,0,182,0.91,0,1,144.48,0.0422840071562,0.51946992938,1
quadratic,bridgeable,random,r2,optimized__barycentric,0.3,3,200,0.040053910409,0,200,1,0,1,153.12,0.040053910409,0.494404808972,1
quadratic,bridgeable,random,r2,optimized__lipschitz,0.2,0,200,,,0,0,0,1,0,0.285806097661,1.18711760346,1
quadratic,bridgeable,random,r2,optimized__lipschitz,0.2,1,200,,,0,0,0,1,96,0.206201681142,0.871951819807,1
quadratic,bridgeable,random,r2,optimized__lipschitz,0.2,2,200,,,0,0,0,1,192,0.145503790444,0.785328231631,1
quadratic,bridgeable,random,r2,optimized__lipschitz,0.2,3,200,,,0,0,0,1,288,0.0979922832425,0.747966661571,1
quadratic,bridgeable,random,r2,optimized__lipschitz,0.3,0,200,,,0,0,0,1,0,0.285806097661,1.18711760346,1
quadratic,bridgeable,random,r2,optimized__lipschitz,0.3,1,200,,,0,0,0,1,96,0.206201681142,0.871951819807,1
quadratic,bridgeable,random,r2,optimized__lipschitz,0.3,2,200,,,0,0,0,1,192,0.145503790444,0.785328231631,1
quadratic,bridgeable,random,r2,optimized__lipschitz,0.3,3,200,,,0,0,0,1,288,0.0979922832425,0.747966661571,1
quadratic,bridgeable,random,r2,optimized__minimum,0.2,0,200,,,0,0,0,1,0,0.291037748082,1.18711760346,1
quadratic,bridgeable,random,r2,optimized__minimum,0.2,1,200,,,0,0,0,1,96,0.0867288677626,0.871951819807,1
quadratic,bridgeable,random,r2,optimized__minimum,0.2,2,200,,,0,0,0,1,192,0.0408059027168,0.785328231631,1
quadratic,bridgeable,random,r2,optimized__minimum,0.2,3,200,0.0339764437301,0,53,0.265,0,1,288,0.0340448473943,0.658161258269,1
quadratic,bridgeable,random,r2,optimized__minimum,0.3,0,200,,,0,0,0,1,0,0.291037748082,1.18711760346,1
quadratic,bridgeable,random,r2,optimized__minimum,0.3,1,200,0.0423328698757,0,99,0.495,0,1,96,0.0867288677626,0.70529641635,1
quadratic,bridgeable,random,r2,optimized__minimum,0.3,2,200,0.040140141074,0,182,0.91,0,1,144.48,0.0423037979094,0.51946992938,1
quadratic,bridgeable,random,r2,optimized__minimum,0.3,3,200,0.040053910409,0,200,1,0,1,153.12,0.040053910409,0.494404808972,1
quadratic,bridgeable,random,r2,uniform__minimum,0.2,0,200,,,0,0,0,1,0,0.350224851839,1.18711760346,1
quadratic,bridgeable,random,r2,uniform__minimum,0.2,1,200,,,0,0,0,1,96,0.238541067184,0.871951819807,1
quadratic,bridgeable,random,r2,uniform__minimum,0.2,2,200,,,0,0,0,1,192,0.162348369145,0.785328231631,1
quadratic,bridgeable,random,r2,uniform__minimum,0.2,3,200,,,0,0,0,1,288,0.110461102491,0.747966661571,1
quadratic,bridgeable,random,r2,uniform__minimum,0.3,0,200,,,0,0,0,1,0,0.350224851839,1.18711760346,1
quadratic,bridgeable,random,r2,uniform__minimum,0.3,1,200,,,0,0,0,1,96,0.238541067184,0.871951819807,1
quadratic,bridgeable,random,r2,uniform__minimum,0.3,2,200,,,0,0,0,1,192,0.162348369145,0.785328231631,1
quadratic,bridgeable,random,r2,uniform__minimum,0.3,3,200,0.0374341971139,0,22,0.11,0,1,288,0.110461102491,0.728805762606,1
quadratic,bridgeable,random,rinf,inverse_variance__minimum,0.2,0,200,,,0,0,0,1,0,0.350224851839,1.1733461257,1
quadratic,bridgeable,random,rinf,inverse_variance__minimum,0.2,1,200,,,0,0,0,1,96,0.333960223006,0.845233770874,1
quadratic,bridgeable,random,rinf,inverse_variance__minimum,0.2,2,200,,,0,0,0,1,192,0.318321298174,0.757863939465,1
quadratic,bridgeable,random,rinf,inverse_variance__minimum,0.2,3,200,,,0,0,0,1,288,0.303896805376,0.720307494249,1
quadratic,bridgeable,random,rinf,inverse_variance__minimum,0.3,0,200,,,0,0,0,1,0,0.350224851839,1.1733461257,1
quadratic,bridgeable,random,rinf,inverse_variance__minimum,0.3,1,200,,,0,0,0,1,96,0.333960223006,0.845233770874,1
quadratic,bridgeable,random,rinf,inverse_variance__minimum,0.3,2,200,,,0,0,0,1,192,0.318321298174,0.757863939465,1
quadratic,bridgeable,random,rinf,inverse_variance__minimum,0.3,3,200,,,0,0,0,1,288,0.303896805376,0.720307494249,1
quadratic,bridgeable,random,rinf,nearest_source__minimum,0.2,0,200,,,0,0,0,1,0,0.266788554076,1.1733461257,1
quadratic,bridgeable,random,rinf,nearest_source__minimum,0.2,1,200,,,0,0,0,1,96,0.203804897817,0.845233770874,1
quadratic,bridgeable,random,rinf,nearest_source__minimum,0.2,2,200,,,0,0,0,1,192,0.150436800305,0.757863939465,1
quadratic,bridgeable,random,rinf,nearest_source__minimum,0.2,3,200,,,0,0,0,1,288,0.116688496936,0.720307494249,1
quadratic,bridgeable,random,rinf,nearest_source__minimum,0.3,0,200,,,0,0,0,1,0,0.266788554076,1.1733461257,1
quadratic,bridgeable,random,rinf,nearest_source__minimum,0.3,1,200,,,0,0,0,1,96,0.203804897817,0.845233770874,1
quadratic,bridgeable,random,rinf,nearest_source__minimum,0.3,2,200,,,0,0,0,1,192,0.150436800305,0.757863939465,1
quadratic,bridgeable,random,rinf,nearest_source__minimum,0.3,3,200,,,0,0,0,1,288,0.116688496936,0.720307494249,1
quadratic,bridgeable,random,rinf,optimized__barycentric,0.2,0,200,,,0,0,0,1,0,0.267141629626,1.1733461257,1
quadratic,bridgeable,random,rinf,optimized__barycentric,0.2,1,200,,,0,0,0,1,96,0.0850965870018,0.845233770874,1
quadratic,bridgeable,random,rinf,optimized__barycentric,0.2,2,200,,,0,0,0,1,192,0.047975865343,0.757863939465,1
quadratic,bridgeable,random,rinf,optimized__barycentric,0.2,3,200,,,0,0,0,1,288,0.0452139428676,0.720307494249,1
quadratic,bridgeable,random,rinf,optimized__barycentric,0.3,0,200,,,0,0,0,1,0,0.267141629626,1.1733461257,1
quadratic,bridgeable,random,rinf,optimized__barycentric,0.3,1,200,,,0,0,0,1,96,0.0850965870018,0.845233770874,1
quadratic,bridgeable,random,rinf,optimized__barycentric,0.3,2,200,0.0561662567093,0,2,0.01,0,1,192,0.047975865343,0.755886868296,1
quadratic,bridgeable,random,rinf,optimized__barycentric,0.3,3,200,0.0408901459463,0,4,0.02,0,1,287.04,0.0452139428676,0.717202608805,1
quadratic,bridgeable,random,rinf,optimized__lipschitz,0.2,0,200,,,0,0,0,1,0,0.266788554076,1.1733461257,1
quadratic,bridgeable,random,rinf,optimized__lipschitz,0.2,1,200,,,0,0,0,1,96,0.219113859165,0.845233770874,1
quadratic,bridgeable,random,rinf,optimized__lipschitz,0.2,2,200,,,0,0,0,1,192,0.17750584293,0.757863939465,1
quadratic,bridgeable,random,rinf,optimized__lipschitz,0.2,3,200,,,0,0,0,1,288,0.143087896453,0.720307494249,1
quadratic,bridgeable,random,rinf,optimized__lipschitz,0.3,0,200,,,0,0,0,1,0,0.266788554076,1.1733461257,1
quadratic,bridgeable,random,rinf,optimized__lipschitz,0.3,1,200,,,0,0,0,1,96,0.219113859165,0.845233770874,1
quadratic,bridgeable,random,rinf,optimized__lipschitz,0.3,2,200,,,0,0,0,1,192,0.17750584293,0.757863939465,1
quadratic,bridgeable,random,rinf,optimized__lipschitz,0.3,3,200,,,0,0,0,1,288,0.143087896453,0.720307494249,1
quadratic,bridgeable,random,rinf,optimized__minimum,0.2,0,200,,,0,0,0,1,0,0.267141629626,1.1733461257,1
quadratic,bridgeable,random,rinf,optimized__minimum,0.2,1,200,,,0,0,0,1,96,0.0850965870018,0.845233770874,1
quadratic,bridgeable,random,rinf,optimized__minimum,0.2,2,200,,,0,0,0,1,192,0.047975865343,0.757863939465,1
quadratic,bridgeable,random,rinf,optimized__minimum,0.2,3,200,,,0,0,0,1,288,0.0452139428676,0.720307494249,1
quadratic,bridgeable,random,rinf,optimized__minimum,0.3,0,200,,,0,0,0,1,0,0.267141629626,1.1733461257,1
quadratic,bridgeable,random,rinf,optimized__minimum,0.3,1,200,,,0,0,0,1,96,0.0850965870018,0.845233770874,1
quadratic,bridgeable,random,rinf,optimized__minimum,0.3,2,200,0.0561662567093,0,2,0.01,0,1,192,0.047975865343,0.755886868296,1
quadratic,bridgeable,random,rinf,optimized__minimum,0.3,3,200,0.0408901459463,0,4,0.02,0,1,287.04,0.0452139428676,0.717202608805,1
quadratic,bridgeable,random,rinf,uniform__minimum,0.2,0,200,,,0,0,0,1,0,0.350224851839,1.1733461257,1
quadratic,bridgeable,random,rinf,uniform__minimum,0.2,1,200,,,0,0,0,1,96,0.238541067184,0.845233770874,1
quadratic,bridgeable,random,rinf,uniform__minimum,0.2,2,200,,,0,0,0,1,192,0.162348369145,0.757863939465,1
quadratic,bridgeable,random,rinf,uniform__minimum,0.2,3,200,,,0,0,0,1,288,0.110461102491,0.720307494249,1
quadratic,bridgeable,random,rinf,uniform__minimum,0.3,0,200,,,0,0,0,1,0,0.350224851839,1.1733461257,1
quadratic,bridgeable,random,rinf,uniform__minimum,0.3,1,200,,,0,0,0,1,96,0.238541067184,0.845233770874,1
quadratic,bridgeable,random,rinf,uniform__minimum,0.3,2,200,,,0,0,0,1,192,0.162348369145,0.757863939465,1
quadratic,bridgeable,random,rinf,uniform__minimum,0.3,3,200,,,0,0,0,1,288,0.110461102491,0.720307494249,1
quadratic,supported,nearest,r2,inverse_variance__minimum,0.2,0,200,0.0142426824781,0,200,1,0,1,0,0.0142426824781,0.267875750369,1
quadratic,supported,nearest,r2,inverse_variance__minimum,0.2,1,200,0.0142426824781,0,200,1,0,1,0,0.0142426824781,0.267875750369,1
quadratic,supported,nearest,r2,inverse_variance__minimum,0.2,2,200,0.0142426824781,0,200,1,0,1,0,0.0142426824781,0.267875750369,1
quadratic,supported,nearest,r2,inverse_variance__minimum,0.2,3,200,0.0142426824781,0,200,1,0,1,0,0.0142426824781,0.267875750369,1
quadratic,supported,nearest,r2,inverse_variance__minimum,0.3,0,200,0.0142426824781,0,200,1,0,1,0,0.0142426824781,0.267875750369,1
quadratic,supported,nearest,r2,inverse_variance__minimum,0.3,1,200,0.0142426824781,0,200,1,0,1,0,0.0142426824781,0.267875750369,1
quadratic,supported,nearest,r2,inverse_variance__minimum,0.3,2,200,0.0142426824781,0,200,1,0,1,0,0.0142426824781,0.267875750369,1
quadratic,supported,nearest,r2,inverse_variance__minimum,0.3,3,200,0.0142426824781,0,200,1,0,1,0,0.0142426824781,0.267875750369,1
quadratic,supported,nearest,r2,nearest_source__minimum,0.2,0,200,,,0,0,0,1,0,0.0630479098003,0.429664681718,1
quadratic,supported,nearest,r2,nearest_source__minimum,0.2,1,200,,,0,0,0,1,96,0.0869476441659,0.428553678513,1
quadratic,supported,nearest,r2,nearest_source__minimum,0.2,2,200,,,0,0,0,1,192,0.0869476441659,0.428379858167,1
quadratic,supported,nearest,r2,nearest_source__minimum,0.2,3,200,,,0,0,0,1,288,0.0869476441659,0.428379858167,1
quadratic,supported,nearest,r2,nearest_source__minimum,0.3,0,200,0.0631141169487,0,197,0.985,0,1,0,0.0630479098003,0.532757531181,1
quadratic,supported,nearest,r2,nearest_source__minimum,0.3,1,200,0.0631141169487,0,197,0.985,0,1,1.44,0.0637049089819,0.532638366663,1
quadratic,supported,nearest,r2,nearest_source__minimum,0.3,2,200,0.0631141169487,0,197,0.985,0,1,2.88,0.0637049089819,0.532638366663,1
quadratic,supported,nearest,r2,nearest_source__minimum,0.3,3,200,0.0631141169487,0,197,0.985,0,1,4.32,0.0637049089819,0.532638366663,1
quadratic,supported,nearest,r2,optimized__barycentric,0.2,0,200,0.0151170621418,0,200,1,0,1,0,0.0151170621418,0.239334449341,1
quadratic,supported,nearest,r2,optimized__barycentric,0.2,1,200,0.0151170621418,0,200,1,0,1,0,0.0151170621418,0.239334449341,1
quadratic,supported,nearest,r2,optimized__barycentric,0.2,2,200,0.0151170621418,0,200,1,0,1,0,0.0151170621418,0.239334449341,1
quadratic,supported,nearest,r2,optimized__barycentric,0.2,3,200,0.0151170621418,0,200,1,0,1,0,0.0151170621418,0.239334449341,1
quadratic,supported,nearest,r2,optimized__barycentric,0.3,0,200,0.0151170621418,0,200,1,0,1,0,0.0151170621418,0.239334449341,1
quadratic,supported,nearest,r2,optimized__barycentric,0.3,1,200,0.0151170621418,0,200,1,0,1,0,0.0151170621418,0.239334449341,1
quadratic,supported,nearest,r2,optimized__barycentric,0.3,2,200,0.0151170621418,0,200,1,0,1,0,0.0151170621418,0.239334449341,1
quadratic,supported,nearest,r2,optimized__barycentric,0.3,3,200,0.0151170621418,0,200,1,0,1,0,0.0151170621418,0.239334449341,1
quadratic,supported,nearest,r2,optimized__lipschitz,0.2,0,200,,,0,0,0,1,0,0.0162971633852,0.429664681718,1
quadratic,supported,nearest,r2,optimized__lipschitz,0.2,1,200,0.00975256418918,0,1,0.005,0,1,96,0.0167178477937,0.428542760774,1
quadratic,supported,nearest,r2,optimized__lipschitz,0.2,2,200,0.00975256418918,0,1,0.005,0,1,191.52,0.0167182201734,0.428368940428,1
quadratic,supported,nearest,r2,optimized__lipschitz,0.2,3,200,0.00975256418918,0,1,0.005,0,1,287.04,0.0167183313229,0.428368940428,1
quadratic,supported,nearest,r2,optimized__lipschitz,0.3,0,200,0.0162971633852,0,200,1,0,1,0,0.0162971633852,0.458319562859,1
quadratic,supported,nearest,r2,optimized__lipschitz,0.3,1,200,0.0162971633852,0,200,1,0,1,0,0.0162971633852,0.458319562859,1
quadratic,supported,nearest,r2,optimized__lipschitz,0.3,2,200,0.0162971633852,0,200,1,0,1,0,0.0162971633852,0.458319562859,1
quadratic,supported,nearest,r2,optimized__lipschitz,0.3,3,200,0.0162971633852,0,200,1,0,1,0,0.0162971633852,0.458319562859,1
quadratic,supported,nearest,r2,optimized__minimum,0.2,0,200,0.0151170621418,0,200,1,0,1,0,0.0151170621418,0.239334449341,1
quadratic,supported,nearest,r2,optimized__minimum,0.2,1,200,0.0151170621418,0,200,1,0,1,0,0.0151170621418,0.239334449341,1
quadratic,supported,nearest,r2,optimized__minimum,0.2,2,200,0.0151170621418,0,200,1,0,1,0,0.0151170621418,0.239334449341,1
quadratic,supported,nearest,r2,optimized__minimum,0.2,3,200,0.0151170621418,0,200,1,0,1,0,0.0151170621418,0.239334449341,1
quadratic,supported,nearest,r2,optimized__minimum,0.3,0,200,0.0151170621418,0,200,1,0,1,0,0.0151170621418,0.239334449341,1
quadratic,supported,nearest,r2,optimized__minimum,0.3,1,200,0.0151170621418,0,200,1,0,1,0,0.0151170621418,0.239334449341,1
quadratic,supported,nearest,r2,optimized__minimum,0.3,2,200,0.0151170621418,0,200,1,0,1,0,0.0151170621418,0.239334449341,1
quadratic,supported,nearest,r2,optimized__minimum,0.3,3,200,0.0151170621418,0,200,1,0,1,0,0.0151170621418,0.239334449341,1
quadratic,supported,nearest,r2,uniform__minimum,0.2,0,200,0.0142426824781,0,200,1,0,1,0,0.0142426824781,0.267875750369,1
quadratic,supported,nearest,r2,uniform__minimum,0.2,1,200,0.0142426824781,0,200,1,0,1,0,0.0142426824781,0.267875750369,1
quadratic,supported,nearest,r2,uniform__minimum,0.2,2,200,0.0142426824781,0,200,1,0,1,0,0.0142426824781,0.267875750369,1
quadratic,supported,nearest,r2,uniform__minimum,0.2,3,200,0.0142426824781,0,200,1,0,1,0,0.0142426824781,0.267875750369,1
quadratic,supported,nearest,r2,uniform__minimum,0.3,0,200,0.0142426824781,0,200,1,0,1,0,0.0142426824781,0.267875750369,1
quadratic,supported,nearest,r2,uniform__minimum,0.3,1,200,0.0142426824781,0,200,1,0,1,0,0.0142426824781,0.267875750369,1
quadratic,supported,nearest,r2,uniform__minimum,0.3,2,200,0.0142426824781,0,200,1,0,1,0,0.0142426824781,0.267875750369,1
quadratic,supported,nearest,r2,uniform__minimum,0.3,3,200,0.0142426824781,0,200,1,0,1,0,0.0142426824781,0.267875750369,1
quadratic,supported,nearest,rinf,inverse_variance__minimum,0.2,0,200,0.0151479515171,0,138,0.69,0,1,0,0.0142426824781,0.395208800357,1
quadratic,supported,nearest,rinf,inverse_variance__minimum,0.2,1,200,0.0151479515171,0,138,0.69,0,1,29.76,0.0141821323993,0.394784773445,1
quadratic,supported,nearest,rinf,inverse_variance__minimum,0.2,2,200,0.0151479515171,0,138,0.69,0,1,59.52,0.0141081635704,0.3946902628,1
quadratic,supported,nearest,rinf,inverse_variance__minimum,0.2,3,200,0.0151479515171,0,138,0.69,0,1,89.28,0.0139174368566,0.3946902628,1
quadratic,supported,nearest,rinf,inverse_variance__minimum,0.3,0,200,0.0142426824781,0,200,1,0,1,0,0.0142426824781,0.392563787678,1
quadratic,supported,nearest,rinf,inverse_variance__minimum,0.3,1,200,0.0142426824781,0,200,1,0,1,0,0.0142426824781,0.392563787678,1
quadratic,supported,nearest,rinf,inverse_variance__minimum,0.3,2,200,0.0142426824781,0,200,1,0,1,0,0.0142426824781,0.392563787678,1
quadratic,supported,nearest,rinf,inverse_variance__minimum,0.3,3,200,0.0142426824781,0,200,1,0,1,0,0.0142426824781,0.392563787678,1
quadratic,supported,nearest,rinf,nearest_source__minimum,0.2,0,200,,,0,0,0,1,0,0.0630479098003,0.415893203962,1
quadratic,supported,nearest,rinf,nearest_source__minimum,0.2,1,200,,,0,0,0,1,96,0.0869476441659,0.414311353402,1
quadratic,supported,nearest,rinf,nearest_source__minimum,0.2,2,200,,,0,0,0,1,192,0.0869476441659,0.41407257467,1
quadratic,supported,nearest,rinf,nearest_source__minimum,0.2,3,200,,,0,0,0,1,288,0.0869476441659,0.41407257467,1
quadratic,supported,nearest,rinf,nearest_source__minimum,0.3,0,200,0.0631141169487,0,197,0.985,0,1,0,0.0630479098003,0.537083329693,1
quadratic,supported,nearest,rinf,nearest_source__minimum,0.3,1,200,0.0631141169487,0,197,0.985,0,1,1.44,0.0637049089819,0.53689920679,1
quadratic,supported,nearest,rinf,nearest_source__minimum,0.3,2,200,0.0631141169487,0,197,0.985,0,1,2.88,0.0637049089819,0.53689920679,1
quadratic,supported,nearest,rinf,nearest_source__minimum,0.3,3,200,0.0631141169487,0,197,0.985,0,1,4.32,0.0637049089819,0.53689920679,1
quadratic,supported,nearest,rinf,optimized__barycentric,0.2,0,200,0.0201762543596,0,200,1,0,1,0,0.0201762543596,0.35946454447,1
quadratic,supported,nearest,rinf,optimized__barycentric,0.2,1,200,0.0201762543596,0,200,1,0,1,0,0.0201762543596,0.35946454447,1
quadratic,supported,nearest,rinf,optimized__barycentric,0.2,2,200,0.0201762543596,0,200,1,0,1,0,0.0201762543596,0.35946454447,1
quadratic,supported,nearest,rinf,optimized__barycentric,0.2,3,200,0.0201762543596,0,200,1,0,1,0,0.0201762543596,0.35946454447,1
quadratic,supported,nearest,rinf,optimized__barycentric,0.3,0,200,0.0201762543596,0,200,1,0,1,0,0.0201762543596,0.35946454447,1
quadratic,supported,nearest,rinf,optimized__barycentric,0.3,1,200,0.0201762543596,0,200,1,0,1,0,0.0201762543596,0.35946454447,1
quadratic,supported,nearest,rinf,optimized__barycentric,0.3,2,200,0.0201762543596,0,200,1,0,1,0,0.0201762543596,0.35946454447,1
quadratic,supported,nearest,rinf,optimized__barycentric,0.3,3,200,0.0201762543596,0,200,1,0,1,0,0.0201762543596,0.35946454447,1
quadratic,supported,nearest,rinf,optimized__lipschitz,0.2,0,200,,,0,0,0,1,0,0.0630479098003,0.415893203962,1
quadratic,supported,nearest,rinf,optimized__lipschitz,0.2,1,200,,,0,0,0,1,96,0.0630479098003,0.414311353402,1
quadratic,supported,nearest,rinf,optimized__lipschitz,0.2,2,200,,,0,0,0,1,192,0.0630479098003,0.41407257467,1
quadratic,supported,nearest,rinf,optimized__lipschitz,0.2,3,200,,,0,0,0,1,288,0.0630479098003,0.41407257467,1
quadratic,supported,nearest,rinf,optimized__lipschitz,0.3,0,200,0.0631141169487,0,197,0.985,0,1,0,0.0630479098003,0.537083329693,1
quadratic,supported,nearest,rinf,optimized__lipschitz,0.3,1,200,0.0631141169487,0,197,0.985,0,1,1.44,0.0630479098003,0.53689920679,1
quadratic,supported,nearest,rinf,optimized__lipschitz,0.3,2,200,0.0631141169487,0,197,0.985,0,1,2.88,0.0630479098003,0.53689920679,1
quadratic,supported,nearest,rinf,optimized__lipschitz,0.3,3,200,0.0631141169487,0,197,0.985,0,1,4.32,0.0630479098003,0.53689920679,1
quadratic,supported,nearest,rinf,optimized__minimum,0.2,0,200,0.0201762543596,0,200,1,0,1,0,0.0201762543596,0.35946454447,1
quadratic,supported,nearest,rinf,optimized__minimum,0.2,1,200,0.0201762543596,0,200,1,0,1,0,0.0201762543596,0.35946454447,1
quadratic,supported,nearest,rinf,optimized__minimum,0.2,2,200,0.0201762543596,0,200,1,0,1,0,0.0201762543596,0.35946454447,1
quadratic,supported,nearest,rinf,optimized__minimum,0.2,3,200,0.0201762543596,0,200,1,0,1,0,0.0201762543596,0.35946454447,1
quadratic,supported,nearest,rinf,optimized__minimum,0.3,0,200,0.0201762543596,0,200,1,0,1,0,0.0201762543596,0.35946454447,1
quadratic,supported,nearest,rinf,optimized__minimum,0.3,1,200,0.0201762543596,0,200,1,0,1,0,0.0201762543596,0.35946454447,1
quadratic,supported,nearest,rinf,optimized__minimum,0.3,2,200,0.0201762543596,0,200,1,0,1,0,0.0201762543596,0.35946454447,1
quadratic,supported,nearest,rinf,optimized__minimum,0.3,3,200,0.0201762543596,0,200,1,0,1,0,0.0201762543596,0.35946454447,1
quadratic,supported,nearest,rinf,uniform__minimum,0.2,0,200,0.0151479515171,0,138,0.69,0,1,0,0.0142426824781,0.395208800357,1
quadratic,supported,nearest,rinf,uniform__minimum,0.2,1,200,0.0151479515171,0,138,0.69,0,1,29.76,0.016567064877,0.394784773445,1
quadratic,supported,nearest,rinf,uniform__minimum,0.2,2,200,0.0151479515171,0,138,0.69,0,1,59.52,0.0191278533044,0.3946902628,1
quadratic,supported,nearest,rinf,uniform__minimum,0.2,3,200,0.0151479515171,0,138,0.69,0,1,89.28,0.0174722687151,0.3946902628,1
quadratic,supported,nearest,rinf,uniform__minimum,0.3,0,200,0.0142426824781,0,200,1,0,1,0,0.0142426824781,0.392563787678,1
quadratic,supported,nearest,rinf,uniform__minimum,0.3,1,200,0.0142426824781,0,200,1,0,1,0,0.0142426824781,0.392563787678,1
quadratic,supported,nearest,rinf,uniform__minimum,0.3,2,200,0.0142426824781,0,200,1,0,1,0,0.0142426824781,0.392563787678,1
quadratic,supported,nearest,rinf,uniform__minimum,0.3,3,200,0.0142426824781,0,200,1,0,1,0,0.0142426824781,0.392563787678,1
quadratic,supported,random,r2,inverse_variance__minimum,0.2,0,200,0.0142426824781,0,200,1,0,1,0,0.0142426824781,0.267875750369,1
quadratic,supported,random,r2,inverse_variance__minimum,0.2,1,200,0.0142426824781,0,200,1,0,1,0,0.0142426824781,0.267875750369,1
quadratic,supported,random,r2,inverse_variance__minimum,0.2,2,200,0.0142426824781,0,200,1,0,1,0,0.0142426824781,0.267875750369,1
quadratic,supported,random,r2,inverse_variance__minimum,0.2,3,200,0.0142426824781,0,200,1,0,1,0,0.0142426824781,0.267875750369,1
quadratic,supported,random,r2,inverse_variance__minimum,0.3,0,200,0.0142426824781,0,200,1,0,1,0,0.0142426824781,0.267875750369,1
quadratic,supported,random,r2,inverse_variance__minimum,0.3,1,200,0.0142426824781,0,200,1,0,1,0,0.0142426824781,0.267875750369,1
quadratic,supported,random,r2,inverse_variance__minimum,0.3,2,200,0.0142426824781,0,200,1,0,1,0,0.0142426824781,0.267875750369,1
quadratic,supported,random,r2,inverse_variance__minimum,0.3,3,200,0.0142426824781,0,200,1,0,1,0,0.0142426824781,0.267875750369,1
quadratic,supported,random,r2,nearest_source__minimum,0.2,0,200,,,0,0,0,1,0,0.0630479098003,0.429664681718,1
quadratic,supported,random,r2,nearest_source__minimum,0.2,1,200,,,0,0,0,1,96,0.0665956558962,0.429507616694,1
quadratic,supported,random,r2,nearest_source__minimum,0.2,2,200,,,0,0,0,1,192,0.073155319834,0.429251407059,1
quadratic,supported,random,r2,nearest_source__minimum,0.2,3,200,,,0,0,0,1,288,0.0769388985957,0.429156896414,1
quadratic,supported,random,r2,nearest_source__minimum,0.3,0,200,0.0631141169487,0,197,0.985,0,1,0,0.0630479098003,0.532757531181,1
quadratic,supported,random,r2,nearest_source__minimum,0.3,1,200,0.0631141169487,0,197,0.985,0,1,1.44,0.0639014294816,0.532638366663,1
quadratic,supported,random,r2,nearest_source__minimum,0.3,2,200,0.0631141169487,0,197,0.985,0,1,2.88,0.0637444268926,0.532638366663,1
quadratic,supported,random,r2,nearest_source__minimum,0.3,3,200,0.0631141169487,0,197,0.985,0,1,4.32,0.0637444268926,0.532638366663,1
quadratic,supported,random,r2,optimized__barycentric,0.2,0,200,0.0151170621418,0,200,1,0,1,0,0.0151170621418,0.239334449341,1
quadratic,supported,random,r2,optimized__barycentric,0.2,1,200,0.0151170621418,0,200,1,0,1,0,0.0151170621418,0.239334449341,1
quadratic,supported,random,r2,optimized__barycentric,0.2,2,200,0.0151170621418,0,200,1,0,1,0,0.0151170621418,0.239334449341,1
quadratic,supported,random,r2,optimized__barycentric,0.2,3,200,0.0151170621418,0,200,1,0,1,0,0.0151170621418,0.239334449341,1
quadratic,supported,random,r2,optimized__barycentric,0.3,0,200,0.0151170621418,0,200,1,0,1,0,0.0151170621418,0.239334449341,1
quadratic,supported,random,r2,optimized__barycentric,0.3,1,200,0.0151170621418,0,200,1,0,1,0,0.0151170621418,0.239334449341,1
quadratic,supported,random,r2,optimized__barycentric,0.3,2,200,0.0151170621418,0,200,1,0,1,0,0.0151170621418,0.239334449341,1
quadratic,supported,random,r2,optimized__barycentric,0.3,3,200,0.0151170621418,0,200,1,0,1,0,0.0151170621418,0.239334449341,1
quadratic,supported,random,r2,optimized__lipschitz,0.2,0,200,,,0,0,0,1,0,0.0162971633852,0.429664681718,1
quadratic,supported,random,r2,optimized__lipschitz,0.2,1,200,,,0,0,0,1,96,0.0164725216435,0.429507616694,1
quadratic,supported,random,r2,optimized__lipschitz,0.2,2,200,0.00975617353079,0,1,0.005,0,1,192,0.016841442029,0.429240489317,1
quadratic,supported,random,r2,optimized__lipschitz,0.2,3,200,0.00975617353079,0,1,0.005,0,1,287.52,0.0167988410642,0.429145978672,1
quadratic,supported,random,r2,optimized__lipschitz,0.3,0,200,0.0162971633852,0,200,1,0,1,0,0.0162971633852,0.458319562859,1
quadratic,supported,random,r2,optimized__lipschitz,0.3,1,200,0.0162971633852,0,200,1,0,1,0,0.0162971633852,0.458319562859,1
quadratic,supported,random,r2,optimized__lipschitz,0.3,2,200,0.0162971633852,0,200,1,0,1,0,0.0162971633852,0.458319562859,1
quadratic,supported,random,r2,optimized__lipschitz,0.3,3,200,0.0162971633852,0,200,1,0,1,0,0.0162971633852,0.458319562859,1
quadratic,supported,random,r2,optimized__minimum,0.2,0,200,0.0151170621418,0,200,1,0,1,0,0.0151170621418,0.239334449341,1
quadratic,supported,random,r2,optimized__minimum,0.2,1,200,0.0151170621418,0,200,1,0,1,0,0.0151170621418,0.239334449341,1
quadratic,supported,random,r2,optimized__minimum,0.2,2,200,0.0151170621418,0,200,1,0,1,0,0.0151170621418,0.239334449341,1
quadratic,supported,random,r2,optimized__minimum,0.2,3,200,0.0151170621418,0,200,1,0,1,0,0.0151170621418,0.239334449341,1
quadratic,supported,random,r2,optimized__minimum,0.3,0,200,0.0151170621418,0,200,1,0,1,0,0.0151170621418,0.239334449341,1
quadratic,supported,random,r2,optimized__minimum,0.3,1,200,0.0151170621418,0,200,1,0,1,0,0.0151170621418,0.239334449341,1
quadratic,supported,random,r2,optimized__minimum,0.3,2,200,0.0151170621418,0,200,1,0,1,0,0.0151170621418,0.239334449341,1
quadratic,supported,random,r2,optimized__minimum,0.3,3,200,0.0151170621418,0,200,1,0,1,0,0.0151170621418,0.239334449341,1
quadratic,supported,random,r2,uniform__minimum,0.2,0,200,0.0142426824781,0,200,1,0,1,0,0.0142426824781,0.267875750369,1
quadratic,supported,random,r2,uniform__minimum,0.2,1,200,0.0142426824781,0,200,1,0,1,0,0.0142426824781,0.267875750369,1
quadratic,supported,random,r2,uniform__minimum,0.2,2,200,0.0142426824781,0,200,1,0,1,0,0.0142426824781,0.267875750369,1
quadratic,supported,random,r2,uniform__minimum,0.2,3,200,0.0142426824781,0,200,1,0,1,0,0.0142426824781,0.267875750369,1
quadratic,supported,random,r2,uniform__minimum,0.3,0,200,0.0142426824781,0,200,1,0,1,0,0.0142426824781,0.267875750369,1
quadratic,supported,random,r2,uniform__minimum,0.3,1,200,0.0142426824781,0,200,1,0,1,0,0.0142426824781,0.267875750369,1
quadratic,supported,random,r2,uniform__minimum,0.3,2,200,0.0142426824781,0,200,1,0,1,0,0.0142426824781,0.267875750369,1
quadratic,supported,random,r2,uniform__minimum,0.3,3,200,0.0142426824781,0,200,1,0,1,0,0.0142426824781,0.267875750369,1
quadratic,supported,random,rinf,inverse_variance__minimum,0.2,0,200,0.0151479515171,0,138,0.69,0,1,0,0.0142426824781,0.395208800357,1
quadratic,supported,random,rinf,inverse_variance__minimum,0.2,1,200,0.0150941908003,0,141,0.705,0,1,29.76,0.0145186576076,0.395494194642,1
quadratic,supported,random,rinf,inverse_variance__minimum,0.2,2,200,0.0150036075679,0,142,0.71,0,1,58.08,0.0145683800273,0.394987844497,1
quadratic,supported,random,rinf,inverse_variance__minimum,0.2,3,200,0.0150036075679,0,142,0.71,0,1,85.92,0.0146544317639,0.394893333852,1
quadratic,supported,random,rinf,inverse_variance__minimum,0.3,0,200,0.0142426824781,0,200,1,0,1,0,0.0142426824781,0.392563787678,1
quadratic,supported,random,rinf,inverse_variance__minimum,0.3,1,200,0.0142426824781,0,200,1,0,1,0,0.0142426824781,0.392563787678,1
quadratic,supported,random,rinf,inverse_variance__minimum,0.3,2,200,0.0142426824781,0,200,1,0,1,0,0.0142426824781,0.392563787678,1
quadratic,supported,random,rinf,inverse_variance__minimum,0.3,3,200,0.0142426824781,0,200,1,0,1,0,0.0142426824781,0.392563787678,1
quadratic,supported,random,rinf,nearest_source__minimum,0.2,0,200,,,0,0,0,1,0,0.0630479098003,0.415893203962,1
quadratic,supported,random,rinf,nearest_source__minimum,0.2,1,200,,,0,0,0,1,96,0.0665956558962,0.415606222168,1
quadratic,supported,random,rinf,nearest_source__minimum,0.2,2,200,,,0,0,0,1,192,0.073155319834,0.41522819383,1
quadratic,supported,random,rinf,nearest_source__minimum,0.2,3,200,,,0,0,0,1,288,0.0769388985957,0.415133683185,1
quadratic,supported,random,rinf,nearest_source__minimum,0.3,0,200,0.0631141169487,0,197,0.985,0,1,0,0.0630479098003,0.537083329693,1
quadratic,supported,random,rinf,nearest_source__minimum,0.3,1,200,0.0631141169487,0,197,0.985,0,1,1.44,0.0639014294816,0.53689920679,1
quadratic,supported,random,rinf,nearest_source__minimum,0.3,2,200,0.0631141169487,0,197,0.985,0,1,2.88,0.0637444268926,0.53689920679,1
quadratic,supported,random,rinf,nearest_source__minimum,0.3,3,200,0.0631141169487,0,197,0.985,0,1,4.32,0.0637444268926,0.53689920679,1
quadratic,supported,random,rinf,optimized__barycentric,0.2,0,200,0.0201762543596,0,200,1,0,1,0,0.0201762543596,0.35946454447,1
quadratic,supported,random,rinf,optimized__barycentric,0.2,1,200,0.0201762543596,0,200,1,0,1,0,0.0201762543596,0.35946454447,1
quadratic,supported,random,rinf,optimized__barycentric,0.2,2,200,0.0201762543596,0,200,1,0,1,0,0.0201762543596,0.35946454447,1
quadratic,supported,random,rinf,optimized__barycentric,0.2,3,200,0.0201762543596,0,200,1,0,1,0,0.0201762543596,0.35946454447,1
quadratic,supported,random,rinf,optimized__barycentric,0.3,0,200,0.0201762543596,0,200,1,0,1,0,0.0201762543596,0.35946454447,1
quadratic,supported,random,rinf,optimized__barycentric,0.3,1,200,0.0201762543596,0,200,1,0,1,0,0.0201762543596,0.35946454447,1
quadratic,supported,random,rinf,optimized__barycentric,0.3,2,200,0.0201762543596,0,200,1,0,1,0,0.0201762543596,0.35946454447,1
quadratic,supported,random,rinf,optimized__barycentric,0.3,3,200,0.0201762543596,0,200,1,0,1,0,0.0201762543596,0.35946454447,1
quadratic,supported,random,rinf,optimized__lipschitz,0.2,0,200,,,0,0,0,1,0,0.0630479098003,0.415893203962,1
quadratic,supported,random,rinf,optimized__lipschitz,0.2,1,200,,,0,0,0,1,96,0.0630479098003,0.415606222168,1
quadratic,supported,random,rinf,optimized__lipschitz,0.2,2,200,,,0,0,0,1,192,0.0630479098003,0.41522819383,1
quadratic,supported,random,rinf,optimized__lipschitz,0.2,3,200,,,0,0,0,1,288,0.0630479098003,0.415133683185,1
quadratic,supported,random,rinf,optimized__lipschitz,0.3,0,200,0.0631141169487,0,197,0.985,0,1,0,0.0630479098003,0.537083329693,1
quadratic,supported,random,rinf,optimized__lipschitz,0.3,1,200,0.0631141169487,0,197,0.985,0,1,1.44,0.0630479098003,0.53689920679,1
quadratic,supported,random,rinf,optimized__lipschitz,0.3,2,200,0.0631141169487,0,197,0.985,0,1,2.88,0.0630479098003,0.53689920679,1
quadratic,supported,random,rinf,optimized__lipschitz,0.3,3,200,0.0631141169487,0,197,0.985,0,1,4.32,0.0630479098003,0.53689920679,1
quadratic,supported,random,rinf,optimized__minimum,0.2,0,200,0.0201762543596,0,200,1,0,1,0,0.0201762543596,0.35946454447,1
quadratic,supported,random,rinf,optimized__minimum,0.2,1,200,0.0201762543596,0,200,1,0,1,0,0.0201762543596,0.35946454447,1
quadratic,supported,random,rinf,optimized__minimum,0.2,2,200,0.0201762543596,0,200,1,0,1,0,0.0201762543596,0.35946454447,1
quadratic,supported,random,rinf,optimized__minimum,0.2,3,200,0.0201762543596,0,200,1,0,1,0,0.0201762543596,0.35946454447,1
quadratic,supported,random,rinf,optimized__minimum,0.3,0,200,0.0201762543596,0,200,1,0,1,0,0.0201762543596,0.35946454447,1
quadratic,supported,random,rinf,optimized__minimum,0.3,1,200,0.0201762543596,0,200,1,0,1,0,0.0201762543596,0.35946454447,1
quadratic,supported,random,rinf,optimized__minimum,0.3,2,200,0.0201762543596,0,200,1,0,1,0,0.0201762543596,0.35946454447,1
quadratic,supported,random,rinf,optimized__minimum,0.3,3,200,0.0201762543596,0,200,1,0,1,0,0.0201762543596,0.35946454447,1
quadratic,supported,random,rinf,uniform__minimum,0.2,0,200,0.0151479515171,0,138,0.69,0,1,0,0.0142426824781,0.395208800357,1
quadratic,supported,random,rinf,uniform__minimum,0.2,1,200,0.0151479515171,0,138,0.69,0,1,29.76,0.0220487824378,0.395105941465,1
quadratic,supported,random,rinf,uniform__minimum,0.2,2,200,0.0151479515171,0,138,0.69,0,1,59.52,0.0248439626829,0.394784773445,1
quadratic,supported,random,rinf,uniform__minimum,0.2,3,200,0.0151479515171,0,138,0.69,0,1,89.28,0.026984619086,0.3946902628,1
quadratic,supported,random,rinf,uniform__minimum,0.3,0,200,0.0142426824781,0,200,1,0,1,0,0.0142426824781,0.392563787678,1
quadratic,supported,random,rinf,uniform__minimum,0.3,1,200,0.0142426824781,0,200,1,0,1,0,0.0142426824781,0.392563787678,1
quadratic,supported,random,rinf,uniform__minimum,0.3,2,200,0.0142426824781,0,200,1,0,1,0,0.0142426824781,0.392563787678,1
quadratic,supported,random,rinf,uniform__minimum,0.3,3,200,0.0142426824781,0,200,1,0,1,0,0.0142426824781,0.392563787678,1
quadratic,unreachable,nearest,r2,inverse_variance__minimum,0.2,0,200,,,0,0,0,1,0,1.09858494247,3.07644871574,1
quadratic,unreachable,nearest,r2,inverse_variance__minimum,0.2,1,200,,,0,0,0,1,96,1.08985973315,2.68904845327,1
quadratic,unreachable,nearest,r2,inverse_variance__minimum,0.2,2,200,,,0,0,0,1,192,1.08338392694,2.67434149065,1
quadratic,unreachable,nearest,r2,inverse_variance__minimum,0.2,3,200,,,0,0,0,1,288,1.07866438048,2.66622351724,1
quadratic,unreachable,nearest,r2,inverse_variance__minimum,0.3,0,200,,,0,0,0,1,0,1.09858494247,3.07644871574,1
quadratic,unreachable,nearest,r2,inverse_variance__minimum,0.3,1,200,,,0,0,0,1,96,1.08985973315,2.68904845327,1
quadratic,unreachable,nearest,r2,inverse_variance__minimum,0.3,2,200,,,0,0,0,1,192,1.08338392694,2.67434149065,1
quadratic,unreachable,nearest,r2,inverse_variance__minimum,0.3,3,200,,,0,0,0,1,288,1.07866438048,2.66622351724,1
quadratic,unreachable,nearest,r2,nearest_source__minimum,0.2,0,200,,,0,0,0,1,0,1.01541893719,3.07644871574,1
quadratic,unreachable,nearest,r2,nearest_source__minimum,0.2,1,200,,,0,0,0,1,96,0.799019422424,2.68904845327,1
quadratic,unreachable,nearest,r2,nearest_source__minimum,0.2,2,200,,,0,0,0,1,192,0.799019422424,2.67434149065,1
quadratic,unreachable,nearest,r2,nearest_source__minimum,0.2,3,200,,,0,0,0,1,288,0.799019422424,2.66622351724,1
quadratic,unreachable,nearest,r2,nearest_source__minimum,0.3,0,200,,,0,0,0,1,0,1.01541893719,3.07644871574,1
quadratic,unreachable,nearest,r2,nearest_source__minimum,0.3,1,200,,,0,0,0,1,96,0.799019422424,2.68904845327,1
quadratic,unreachable,nearest,r2,nearest_source__minimum,0.3,2,200,,,0,0,0,1,192,0.799019422424,2.67434149065,1
quadratic,unreachable,nearest,r2,nearest_source__minimum,0.3,3,200,,,0,0,0,1,288,0.799019422424,2.66622351724,1
quadratic,unreachable,nearest,r2,optimized__barycentric,0.2,0,200,,,0,0,0,1,0,1.02492879725,3.07644871574,1
quadratic,unreachable,nearest,r2,optimized__barycentric,0.2,1,200,,,0,0,0,1,96,0.799885281319,2.68904845327,1
quadratic,unreachable,nearest,r2,optimized__barycentric,0.2,2,200,,,0,0,0,1,192,0.821965272766,2.67434149065,1
quadratic,unreachable,nearest,r2,optimized__barycentric,0.2,3,200,,,0,0,0,1,288,0.840770287869,2.66622351724,1
quadratic,unreachable,nearest,r2,optimized__barycentric,0.3,0,200,,,0,0,0,1,0,1.02492879725,3.07644871574,1
quadratic,unreachable,nearest,r2,optimized__barycentric,0.3,1,200,,,0,0,0,1,96,0.799885281319,2.68904845327,1
quadratic,unreachable,nearest,r2,optimized__barycentric,0.3,2,200,,,0,0,0,1,192,0.821965272766,2.67434149065,1
quadratic,unreachable,nearest,r2,optimized__barycentric,0.3,3,200,,,0,0,0,1,288,0.840770287869,2.66622351724,1
quadratic,unreachable,nearest,r2,optimized__lipschitz,0.2,0,200,,,0,0,0,1,0,1.02483045032,3.07644871574,1
quadratic,unreachable,nearest,r2,optimized__lipschitz,0.2,1,200,,,0,0,0,1,96,0.800412894565,2.68904845327,1
quadratic,unreachable,nearest,r2,optimized__lipschitz,0.2,2,200,,,0,0,0,1,192,0.822039511139,2.67434149065,1
quadratic,unreachable,nearest,r2,optimized__lipschitz,0.2,3,200,,,0,0,0,1,288,0.840821788331,2.66622351724,1
quadratic,unreachable,nearest,r2,optimized__lipschitz,0.3,0,200,,,0,0,0,1,0,1.02483045032,3.07644871574,1
quadratic,unreachable,nearest,r2,optimized__lipschitz,0.3,1,200,,,0,0,0,1,96,0.800412894565,2.68904845327,1
quadratic,unreachable,nearest,r2,optimized__lipschitz,0.3,2,200,,,0,0,0,1,192,0.822039511139,2.67434149065,1
quadratic,unreachable,nearest,r2,optimized__lipschitz,0.3,3,200,,,0,0,0,1,288,0.840821788331,2.66622351724,1
quadratic,unreachable,nearest,r2,optimized__minimum,0.2,0,200,,,0,0,0,1,0,1.02501967478,3.07644871574,1
quadratic,unreachable,nearest,r2,optimized__minimum,0.2,1,200,,,0,0,0,1,96,0.800412894565,2.68904845327,1
quadratic,unreachable,nearest,r2,optimized__minimum,0.2,2,200,,,0,0,0,1,192,0.82203946588,2.67434149065,1
quadratic,unreachable,nearest,r2,optimized__minimum,0.2,3,200,,,0,0,0,1,288,0.840820681373,2.66622351724,1
quadratic,unreachable,nearest,r2,optimized__minimum,0.3,0,200,,,0,0,0,1,0,1.02501967478,3.07644871574,1
quadratic,unreachable,nearest,r2,optimized__minimum,0.3,1,200,,,0,0,0,1,96,0.800412894565,2.68904845327,1
quadratic,unreachable,nearest,r2,optimized__minimum,0.3,2,200,,,0,0,0,1,192,0.82203946588,2.67434149065,1
quadratic,unreachable,nearest,r2,optimized__minimum,0.3,3,200,,,0,0,0,1,288,0.840820681373,2.66622351724,1
quadratic,unreachable,nearest,r2,uniform__minimum,0.2,0,200,,,0,0,0,1,0,1.09858494247,3.07644871574,1
quadratic,unreachable,nearest,r2,uniform__minimum,0.2,1,200,,,0,0,0,1,96,1.03867183846,2.68904845327,1
quadratic,unreachable,nearest,r2,uniform__minimum,0.2,2,200,,,0,0,0,1,192,1.00906785101,2.67434149065,1
quadratic,unreachable,nearest,r2,uniform__minimum,0.2,3,200,,,0,0,0,1,288,0.995187739767,2.66622351724,1
quadratic,unreachable,nearest,r2,uniform__minimum,0.3,0,200,,,0,0,0,1,0,1.09858494247,3.07644871574,1
quadratic,unreachable,nearest,r2,uniform__minimum,0.3,1,200,,,0,0,0,1,96,1.03867183846,2.68904845327,1
quadratic,unreachable,nearest,r2,uniform__minimum,0.3,2,200,,,0,0,0,1,192,1.00906785101,2.67434149065,1
quadratic,unreachable,nearest,r2,uniform__minimum,0.3,3,200,,,0,0,0,1,288,0.995187739767,2.66622351724,1
quadratic,unreachable,nearest,rinf,inverse_variance__minimum,0.2,0,200,,,0,0,0,1,0,1.09858494247,3.06267723799,1
quadratic,unreachable,nearest,rinf,inverse_variance__minimum,0.2,1,200,,,0,0,0,1,96,1.08985973315,2.65906868116,1
quadratic,unreachable,nearest,rinf,inverse_variance__minimum,0.2,2,200,,,0,0,0,1,192,1.08338392694,2.64279545851,1
quadratic,unreachable,nearest,rinf,inverse_variance__minimum,0.2,3,200,,,0,0,0,1,288,1.07866438048,2.63340710613,1
quadratic,unreachable,nearest,rinf,inverse_variance__minimum,0.3,0,200,,,0,0,0,1,0,1.09858494247,3.06267723799,1
quadratic,unreachable,nearest,rinf,inverse_variance__minimum,0.3,1,200,,,0,0,0,1,96,1.08985973315,2.65906868116,1
quadratic,unreachable,nearest,rinf,inverse_variance__minimum,0.3,2,200,,,0,0,0,1,192,1.08338392694,2.64279545851,1
quadratic,unreachable,nearest,rinf,inverse_variance__minimum,0.3,3,200,,,0,0,0,1,288,1.07866438048,2.63340710613,1
quadratic,unreachable,nearest,rinf,nearest_source__minimum,0.2,0,200,,,0,0,0,1,0,1.01541893719,3.06267723799,1
quadratic,unreachable,nearest,rinf,nearest_source__minimum,0.2,1,200,,,0,0,0,1,96,0.799019422424,2.65906868116,1
quadratic,unreachable,nearest,rinf,nearest_source__minimum,0.2,2,200,,,0,0,0,1,192,0.799019422424,2.64279545851,1
quadratic,unreachable,nearest,rinf,nearest_source__minimum,0.2,3,200,,,0,0,0,1,288,0.799019422424,2.63340710613,1
quadratic,unreachable,nearest,rinf,nearest_source__minimum,0.3,0,200,,,0,0,0,1,0,1.01541893719,3.06267723799,1
quadratic,unreachable,nearest,rinf,nearest_source__minimum,0.3,1,200,,,0,0,0,1,96,0.799019422424,2.65906868116,1
quadratic,unreachable,nearest,rinf,nearest_source__minimum,0.3,2,200,,,0,0,0,1,192,0.799019422424,2.64279545851,1
quadratic,unreachable,nearest,rinf,nearest_source__minimum,0.3,3,200,,,0,0,0,1,288,0.799019422424,2.63340710613,1
quadratic,unreachable,nearest,rinf,optimized__barycentric,0.2,0,200,,,0,0,0,1,0,1.01541893719,3.06267723799,1
quadratic,unreachable,nearest,rinf,optimized__barycentric,0.2,1,200,,,0,0,0,1,96,0.799019422424,2.65906868116,1
quadratic,unreachable,nearest,rinf,optimized__barycentric,0.2,2,200,,,0,0,0,1,192,0.799019422424,2.64279545851,1
quadratic,unreachable,nearest,rinf,optimized__barycentric,0.2,3,200,,,0,0,0,1,288,0.799019422424,2.63340710613,1
quadratic,unreachable,nearest,rinf,optimized__barycentric,0.3,0,200,,,0,0,0,1,0,1.01541893719,3.06267723799,1
quadratic,unreachable,nearest,rinf,optimized__barycentric,0.3,1,200,,,0,0,0,1,96,0.799019422424,2.65906868116,1
quadratic,unreachable,nearest,rinf,optimized__barycentric,0.3,2,200,,,0,0,0,1,192,0.799019422424,2.64279545851,1
quadratic,unreachable,nearest,rinf,optimized__barycentric,0.3,3,200,,,0,0,0,1,288,0.799019422424,2.63340710613,1
quadratic,unreachable,nearest,rinf,optimized__lipschitz,0.2,0,200,,,0,0,0,1,0,1.01541893719,3.06267723799,1
quadratic,unreachable,nearest,rinf,optimized__lipschitz,0.2,1,200,,,0,0,0,1,96,0.799019422424,2.65906868116,1
quadratic,unreachable,nearest,rinf,optimized__lipschitz,0.2,2,200,,,0,0,0,1,192,0.799019422424,2.64279545851,1
quadratic,unreachable,nearest,rinf,optimized__lipschitz,0.2,3,200,,,0,0,0,1,288,0.799019422424,2.63340710613,1
quadratic,unreachable,nearest,rinf,optimized__lipschitz,0.3,0,200,,,0,0,0,1,0,1.01541893719,3.06267723799,1
quadratic,unreachable,nearest,rinf,optimized__lipschitz,0.3,1,200,,,0,0,0,1,96,0.799019422424,2.65906868116,1
quadratic,unreachable,nearest,rinf,optimized__lipschitz,0.3,2,200,,,0,0,0,1,192,0.799019422424,2.64279545851,1
quadratic,unreachable,nearest,rinf,optimized__lipschitz,0.3,3,200,,,0,0,0,1,288,0.799019422424,2.63340710613,1
quadratic,unreachable,nearest,rinf,optimized__minimum,0.2,0,200,,,0,0,0,1,0,1.01541893719,3.06267723799,1
quadratic,unreachable,nearest,rinf,optimized__minimum,0.2,1,200,,,0,0,0,1,96,0.799019422424,2.65906868116,1
quadratic,unreachable,nearest,rinf,optimized__minimum,0.2,2,200,,,0,0,0,1,192,0.799019422424,2.64279545851,1
quadratic,unreachable,nearest,rinf,optimized__minimum,0.2,3,200,,,0,0,0,1,288,0.799019422424,2.63340710613,1
quadratic,unreachable,nearest,rinf,optimized__minimum,0.3,0,200,,,0,0,0,1,0,1.01541893719,3.06267723799,1
quadratic,unreachable,nearest,rinf,optimized__minimum,0.3,1,200,,,0,0,0,1,96,0.799019422424,2.65906868116,1
quadratic,unreachable,nearest,rinf,optimized__minimum,0.3,2,200,,,0,0,0,1,192,0.799019422424,2.64279545851,1
quadratic,unreachable,nearest,rinf,optimized__minimum,0.3,3,200,,,0,0,0,1,288,0.799019422424,2.63340710613,1
quadratic,unreachable,nearest,rinf,uniform__minimum,0.2,0,200,,,0,0,0,1,0,1.09858494247,3.06267723799,1
quadratic,unreachable,nearest,rinf,uniform__minimum,0.2,1,200,,,0,0,0,1,96,1.03867183846,2.65906868116,1
quadratic,unreachable,nearest,rinf,uniform__minimum,0.2,2,200,,,0,0,0,1,192,1.00906785101,2.64279545851,1
quadratic,unreachable,nearest,rinf,uniform__minimum,0.2,3,200,,,0,0,0,1,288,0.995187739767,2.63340710613,1
quadratic,unreachable,nearest,rinf,uniform__minimum,0.3,0,200,,,0,0,0,1,0,1.09858494247,3.06267723799,1
quadratic,unreachable,nearest,rinf,uniform__minimum,0.3,1,200,,,0,0,0,1,96,1.03867183846,2.65906868116,1
quadratic,unreachable,nearest,rinf,uniform__minimum,0.3,2,200,,,0,0,0,1,192,1.00906785101,2.64279545851,1
quadratic,unreachable,nearest,rinf,uniform__minimum,0.3,3,200,,,0,0,0,1,288,0.995187739767,2.63340710613,1
quadratic,unreachable,random,r2,inverse_variance__minimum,0.2,0,200,,,0,0,0,1,0,1.09858494247,3.07644871574,1
quadratic,unreachable,random,r2,inverse_variance__minimum,0.2,1,200,,,0,0,0,1,96,1.09447033272,2.96363495975,1
quadratic,unreachable,random,r2,inverse_variance__minimum,0.2,2,200,,,0,0,0,1,192,1.09033019583,2.86817673154,1
quadratic,unreachable,random,r2,inverse_variance__minimum,0.2,3,200,,,0,0,0,1,288,1.08675198998,2.78558490275,1
quadratic,unreachable,random,r2,inverse_variance__minimum,0.3,0,200,,,0,0,0,1,0,1.09858494247,3.07644871574,1
quadratic,unreachable,random,r2,inverse_variance__minimum,0.3,1,200,,,0,0,0,1,96,1.09447033272,2.96363495975,1
quadratic,unreachable,random,r2,inverse_variance__minimum,0.3,2,200,,,0,0,0,1,192,1.09033019583,2.86817673154,1
quadratic,unreachable,random,r2,inverse_variance__minimum,0.3,3,200,,,0,0,0,1,288,1.08675198998,2.78558490275,1
quadratic,unreachable,random,r2,nearest_source__minimum,0.2,0,200,,,0,0,0,1,0,1.01541893719,3.07644871574,1
quadratic,unreachable,random,r2,nearest_source__minimum,0.2,1,200,,,0,0,0,1,96,0.943391368176,2.96363495975,1
quadratic,unreachable,random,r2,nearest_source__minimum,0.2,2,200,,,0,0,0,1,192,0.879665596277,2.86817673154,1
quadratic,unreachable,random,r2,nearest_source__minimum,0.2,3,200,,,0,0,0,1,288,0.837549652124,2.78558490275,1
quadratic,unreachable,random,r2,nearest_source__minimum,0.3,0,200,,,0,0,0,1,0,1.01541893719,3.07644871574,1
quadratic,unreachable,random,r2,nearest_source__minimum,0.3,1,200,,,0,0,0,1,96,0.943391368176,2.96363495975,1
quadratic,unreachable,random,r2,nearest_source__minimum,0.3,2,200,,,0,0,0,1,192,0.879665596277,2.86817673154,1
quadratic,unreachable,random,r2,nearest_source__minimum,0.3,3,200,,,0,0,0,1,288,0.837549652124,2.78558490275,1
quadratic,unreachable,random,r2,optimized__barycentric,0.2,0,200,,,0,0,0,1,0,1.02492879725,3.07644871574,1
quadratic,unreachable,random,r2,optimized__barycentric,0.2,1,200,,,0,0,0,1,96,0.969400674142,2.96363495975,1
quadratic,unreachable,random,r2,optimized__barycentric,0.2,2,200,,,0,0,0,1,192,0.918635922069,2.86817673154,1
quadratic,unreachable,random,r2,optimized__barycentric,0.2,3,200,,,0,0,0,1,288,0.878401166232,2.78558490275,1
quadratic,unreachable,random,r2,optimized__barycentric,0.3,0,200,,,0,0,0,1,0,1.02492879725,3.07644871574,1
quadratic,unreachable,random,r2,optimized__barycentric,0.3,1,200,,,0,0,0,1,96,0.969400674142,2.96363495975,1
quadratic,unreachable,random,r2,optimized__barycentric,0.3,2,200,,,0,0,0,1,192,0.918635922069,2.86817673154,1
quadratic,unreachable,random,r2,optimized__barycentric,0.3,3,200,,,0,0,0,1,288,0.878401166232,2.78558490275,1
quadratic,unreachable,random,r2,optimized__lipschitz,0.2,0,200,,,0,0,0,1,0,1.02483045032,3.07644871574,1
quadratic,unreachable,random,r2,optimized__lipschitz,0.2,1,200,,,0,0,0,1,96,0.969690624095,2.96363495975,1
quadratic,unreachable,random,r2,optimized__lipschitz,0.2,2,200,,,0,0,0,1,192,0.919167798606,2.86817673154,1
quadratic,unreachable,random,r2,optimized__lipschitz,0.2,3,200,,,0,0,0,1,288,0.879065926898,2.78558490275,1
quadratic,unreachable,random,r2,optimized__lipschitz,0.3,0,200,,,0,0,0,1,0,1.02483045032,3.07644871574,1
quadratic,unreachable,random,r2,optimized__lipschitz,0.3,1,200,,,0,0,0,1,96,0.969690624095,2.96363495975,1
quadratic,unreachable,random,r2,optimized__lipschitz,0.3,2,200,,,0,0,0,1,192,0.919167798606,2.86817673154,1
quadratic,unreachable,random,r2,optimized__lipschitz,0.3,3,200,,,0,0,0,1,288,0.879065926898,2.78558490275,1
quadratic,unreachable,random,r2,optimized__minimum,0.2,0,200,,,0,0,0,1,0,1.02501967478,3.07644871574,1
quadratic,unreachable,random,r2,optimized__minimum,0.2,1,200,,,0,0,0,1,96,0.969629452433,2.96363495975,1
quadratic,unreachable,random,r2,optimized__minimum,0.2,2,200,,,0,0,0,1,192,0.919149357766,2.86817673154,1
quadratic,unreachable,random,r2,optimized__minimum,0.2,3,200,,,0,0,0,1,288,0.879106238139,2.78558490275,1
quadratic,unreachable,random,r2,optimized__minimum,0.3,0,200,,,0,0,0,1,0,1.02501967478,3.07644871574,1
quadratic,unreachable,random,r2,optimized__minimum,0.3,1,200,,,0,0,0,1,96,0.969629452433,2.96363495975,1
quadratic,unreachable,random,r2,optimized__minimum,0.3,2,200,,,0,0,0,1,192,0.919149357766,2.86817673154,1
quadratic,unreachable,random,r2,optimized__minimum,0.3,3,200,,,0,0,0,1,288,0.879106238139,2.78558490275,1
quadratic,unreachable,random,r2,uniform__minimum,0.2,0,200,,,0,0,0,1,0,1.09858494247,3.07644871574,1
quadratic,unreachable,random,r2,uniform__minimum,0.2,1,200,,,0,0,0,1,96,1.07033128883,2.96363495975,1
quadratic,unreachable,random,r2,uniform__minimum,0.2,2,200,,,0,0,0,1,192,1.04997365672,2.86817673154,1
quadratic,unreachable,random,r2,uniform__minimum,0.2,3,200,,,0,0,0,1,288,1.03716628432,2.78558490275,1
quadratic,unreachable,random,r2,uniform__minimum,0.3,0,200,,,0,0,0,1,0,1.09858494247,3.07644871574,1
quadratic,unreachable,random,r2,uniform__minimum,0.3,1,200,,,0,0,0,1,96,1.07033128883,2.96363495975,1
quadratic,unreachable,random,r2,uniform__minimum,0.3,2,200,,,0,0,0,1,192,1.04997365672,2.86817673154,1
quadratic,unreachable,random,r2,uniform__minimum,0.3,3,200,,,0,0,0,1,288,1.03716628432,2.78558490275,1
quadratic,unreachable,random,rinf,inverse_variance__minimum,0.2,0,200,,,0,0,0,1,0,1.09858494247,3.06267723799,1
quadratic,unreachable,random,rinf,inverse_variance__minimum,0.2,1,200,,,0,0,0,1,96,1.09447033272,2.94100396172,1
quadratic,unreachable,random,rinf,inverse_variance__minimum,0.2,2,200,,,0,0,0,1,192,1.09033019583,2.84146484395,1
quadratic,unreachable,random,rinf,inverse_variance__minimum,0.2,3,200,,,0,0,0,1,288,1.08675198998,2.7558154809,1
quadratic,unreachable,random,rinf,inverse_variance__minimum,0.3,0,200,,,0,0,0,1,0,1.09858494247,3.06267723799,1
quadratic,unreachable,random,rinf,inverse_variance__minimum,0.3,1,200,,,0,0,0,1,96,1.09447033272,2.94100396172,1
quadratic,unreachable,random,rinf,inverse_variance__minimum,0.3,2,200,,,0,0,0,1,192,1.09033019583,2.84146484395,1
quadratic,unreachable,random,rinf,inverse_variance__minimum,0.3,3,200,,,0,0,0,1,288,1.08675198998,2.7558154809,1
quadratic,unreachable,random,rinf,nearest_source__minimum,0.2,0,200,,,0,0,0,1,0,1.01541893719,3.06267723799,1
quadratic,unreachable,random,rinf,nearest_source__minimum,0.2,1,200,,,0,0,0,1,96,0.943391368176,2.94100396172,1
quadratic,unreachable,random,rinf,nearest_source__minimum,0.2,2,200,,,0,0,0,1,192,0.879665596277,2.84146484395,1
quadratic,unreachable,random,rinf,nearest_source__minimum,0.2,3,200,,,0,0,0,1,288,0.837549652124,2.7558154809,1
quadratic,unreachable,random,rinf,nearest_source__minimum,0.3,0,200,,,0,0,0,1,0,1.01541893719,3.06267723799,1
quadratic,unreachable,random,rinf,nearest_source__minimum,0.3,1,200,,,0,0,0,1,96,0.943391368176,2.94100396172,1
quadratic,unreachable,random,rinf,nearest_source__minimum,0.3,2,200,,,0,0,0,1,192,0.879665596277,2.84146484395,1
quadratic,unreachable,random,rinf,nearest_source__minimum,0.3,3,200,,,0,0,0,1,288,0.837549652124,2.7558154809,1
quadratic,unreachable,random,rinf,optimized__barycentric,0.2,0,200,,,0,0,0,1,0,1.01541893719,3.06267723799,1
quadratic,unreachable,random,rinf,optimized__barycentric,0.2,1,200,,,0,0,0,1,96,0.954195903954,2.94100396172,1
quadratic,unreachable,random,rinf,optimized__barycentric,0.2,2,200,,,0,0,0,1,192,0.896262899756,2.84146484395,1
quadratic,unreachable,random,rinf,optimized__barycentric,0.2,3,200,,,0,0,0,1,288,0.847342526437,2.7558154809,1
quadratic,unreachable,random,rinf,optimized__barycentric,0.3,0,200,,,0,0,0,1,0,1.01541893719,3.06267723799,1
quadratic,unreachable,random,rinf,optimized__barycentric,0.3,1,200,,,0,0,0,1,96,0.954195903954,2.94100396172,1
quadratic,unreachable,random,rinf,optimized__barycentric,0.3,2,200,,,0,0,0,1,192,0.896262899756,2.84146484395,1
quadratic,unreachable,random,rinf,optimized__barycentric,0.3,3,200,,,0,0,0,1,288,0.847342526437,2.7558154809,1
quadratic,unreachable,random,rinf,optimized__lipschitz,0.2,0,200,,,0,0,0,1,0,1.01541893719,3.06267723799,1
quadratic,unreachable,random,rinf,optimized__lipschitz,0.2,1,200,,,0,0,0,1,96,0.954221055413,2.94100396172,1
quadratic,unreachable,random,rinf,optimized__lipschitz,0.2,2,200,,,0,0,0,1,192,0.896406415659,2.84146484395,1
quadratic,unreachable,random,rinf,optimized__lipschitz,0.2,3,200,,,0,0,0,1,288,0.846861783545,2.7558154809,1
quadratic,unreachable,random,rinf,optimized__lipschitz,0.3,0,200,,,0,0,0,1,0,1.01541893719,3.06267723799,1
quadratic,unreachable,random,rinf,optimized__lipschitz,0.3,1,200,,,0,0,0,1,96,0.954221055413,2.94100396172,1
quadratic,unreachable,random,rinf,optimized__lipschitz,0.3,2,200,,,0,0,0,1,192,0.896406415659,2.84146484395,1
quadratic,unreachable,random,rinf,optimized__lipschitz,0.3,3,200,,,0,0,0,1,288,0.846861783545,2.7558154809,1
quadratic,unreachable,random,rinf,optimized__minimum,0.2,0,200,,,0,0,0,1,0,1.01541893719,3.06267723799,1
quadratic,unreachable,random,rinf,optimized__minimum,0.2,1,200,,,0,0,0,1,96,0.954195903954,2.94100396172,1
quadratic,unreachable,random,rinf,optimized__minimum,0.2,2,200,,,0,0,0,1,192,0.896262899756,2.84146484395,1
quadratic,unreachable,random,rinf,optimized__minimum,0.2,3,200,,,0,0,0,1,288,0.847342526437,2.7558154809,1
quadratic,unreachable,random,rinf,optimized__minimum,0.3,0,200,,,0,0,0,1,0,1.01541893719,3.06267723799,1
quadratic,unreachable,random,rinf,optimized__minimum,0.3,1,200,,,0,0,0,1,96,0.954195903954,2.94100396172,1
quadratic,unreachable,random,rinf,optimized__minimum,0.3,2,200,,,0,0,0,1,192,0.896262899756,2.84146484395,1
quadratic,unreachable,random,rinf,optimized__minimum,0.3,3,200,,,0,0,0,1,288,0.847342526437,2.7558154809,1
quadratic,unreachable,random,rinf,uniform__minimum,0.2,0,200,,,0,0,0,1,0,1.09858494247,3.06267723799,1
quadratic,unreachable,random,rinf,uniform__minimum,0.2,1,200,,,0,0,0,1,96,1.07033128883,2.94100396172,1
quadratic,unreachable,random,rinf,uniform__minimum,0.2,2,200,,,0,0,0,1,192,1.04997365672,2.84146484395,1
quadratic,unreachable,random,rinf,uniform__minimum,0.2,3,200,,,0,0,0,1,288,1.03716628432,2.7558154809,1
quadratic,unreachable,random,rinf,uniform__minimum,0.3,0,200,,,0,0,0,1,0,1.09858494247,3.06267723799,1
quadratic,unreachable,random,rinf,uniform__minimum,0.3,1,200,,,0,0,0,1,96,1.07033128883,2.94100396172,1
quadratic,unreachable,random,rinf,uniform__minimum,0.3,2,200,,,0,0,0,1,192,1.04997365672,2.84146484395,1
quadratic,unreachable,random,rinf,uniform__minimum,0.3,3,200,,,0,0,0,1,288,1.03716628432,2.7558154809,1
sinusoidal,bridgeable,nearest,r2,inverse_variance__minimum,0.2,0,200,,,0,0,0,1,0,0.430832981402,1.08418559941,1
sinusoidal,bridgeable,nearest,r2,inverse_variance__minimum,0.2,1,200,,,0,0,0,1,96,0.418556898189,0.651907188156,1
sinusoidal,bridgeable,nearest,r2,inverse_variance__minimum,0.2,2,200,,,0,0,0,1,192,0.40633811237,0.603614384095,1
sinusoidal,bridgeable,nearest,r2,inverse_variance__minimum,0.2,3,200,,,0,0,0,1,288,0.395066692345,0.572684615324,1
sinusoidal,bridgeable,nearest,r2,inverse_variance__minimum,0.3,0,200,,,0,0,0,1,0,0.430832981402,1.08418559941,1
sinusoidal,bridgeable,nearest,r2,inverse_variance__minimum,0.3,1,200,,,0,0,0,1,96,0.418556898189,0.651907188156,1
sinusoidal,bridgeable,nearest,r2,inverse_variance__minimum,0.3,2,200,,,0,0,0,1,192,0.40633811237,0.603614384095,1
sinusoidal,bridgeable,nearest,r2,inverse_variance__minimum,0.3,3,200,,,0,0,0,1,288,0.395066692345,0.572684615324,1
sinusoidal,bridgeable,nearest,r2,nearest_source__minimum,0.2,0,200,,,0,0,0,1,0,0.327147359394,1.08418559941,1
sinusoidal,bridgeable,nearest,r2,nearest_source__minimum,0.2,1,200,,,0,0,0,1,96,0.0785260504357,0.651907188156,1
sinusoidal,bridgeable,nearest,r2,nearest_source__minimum,0.2,2,200,,,0,0,0,1,192,0.0785260504357,0.603614384095,1
sinusoidal,bridgeable,nearest,r2,nearest_source__minimum,0.2,3,200,,,0,0,0,1,288,0.0785260504357,0.572684615324,1
sinusoidal,bridgeable,nearest,r2,nearest_source__minimum,0.3,0,200,,,0,0,0,1,0,0.327147359394,1.08418559941,1
sinusoidal,bridgeable,nearest,r2,nearest_source__minimum,0.3,1,200,,,0,0,0,1,96,0.0785260504357,0.651907188156,1
sinusoidal,bridgeable,nearest,r2,nearest_source__minimum,0.3,2,200,,,0,0,0,1,192,0.0785260504357,0.603614384095,1
sinusoidal,bridgeable,nearest,r2,nearest_source__minimum,0.3,3,200,,,0,0,0,1,288,0.0785260504357,0.572684615324,1
sinusoidal,bridgeable,nearest,r2,optimized__barycentric,0.2,0,200,,,0,0,0,1,0,0.35260120409,1.08418559941,1
sinusoidal,bridgeable,nearest,r2,optimized__barycentric,0.2,1,200,,,0,0,0,1,96,0.0769547197815,0.651907188156,1
sinusoidal,bridgeable,nearest,r2,optimized__barycentric,0.2,2,200,,,0,0,0,1,192,0.0577552772662,0.603614384095,1
sinusoidal,bridgeable,nearest,r2,optimized__barycentric,0.2,3,200,,,0,0,0,1,288,0.0435406766822,0.572684615324,1
sinusoidal,bridgeable,nearest,r2,optimized__barycentric,0.3,0,200,,,0,0,0,1,0,0.35260120409,1.08418559941,1
sinusoidal,bridgeable,nearest,r2,optimized__barycentric,0.3,1,200,,,0,0,0,1,96,0.0769547197815,0.651907188156,1
sinusoidal,bridgeable,nearest,r2,optimized__barycentric,0.3,2,200,0.047832083503,0,99,0.495,0,1,192,0.0577552772662,0.590454417296,1
sinusoidal,bridgeable,nearest,r2,optimized__barycentric,0.3,3,200,0.0462040963097,0,200,1,0,1,240.48,0.0462040963097,0.537483956479,1
sinusoidal,bridgeable,nearest,r2,optimized__lipschitz,0.2,0,200,,,0,0,0,1,0,0.350029724613,1.08418559941,1
sinusoidal,bridgeable,nearest,r2,optimized__lipschitz,0.2,1,200,,,0,0,0,1,96,0.0834706715426,0.651907188156,1
sinusoidal,bridgeable,nearest,r2,optimized__lipschitz,0.2,2,200,,,0,0,0,1,192,0.0720937333978,0.603614384095,1
sinusoidal,bridgeable,nearest,r2,optimized__lipschitz,0.2,3,200,,,0,0,0,1,288,0.0487561703762,0.572684615324,1
sinusoidal,bridgeable,nearest,r2,optimized__lipschitz,0.3,0,200,,,0,0,0,1,0,0.350029724613,1.08418559941,1
sinusoidal,bridgeable,nearest,r2,optimized__lipschitz,0.3,1,200,,,0,0,0,1,96,0.0834706715426,0.651907188156,1
sinusoidal,bridgeable,nearest,r2,optimized__lipschitz,0.3,2,200,,,0,0,0,1,192,0.0720937333978,0.603614384095,1
sinusoidal,bridgeable,nearest,r2,optimized__lipschitz,0.3,3,200,,,0,0,0,1,288,0.0487561703762,0.572684615324,1
sinusoidal,bridgeable,nearest,r2,optimized__minimum,0.2,0,200,,,0,0,0,1,0,0.352603535788,1.08418559941,1
sinusoidal,bridgeable,nearest,r2,optimized__minimum,0.2,1,200,,,0,0,0,1,96,0.0781404664193,0.651907188156,1
sinusoidal,bridgeable,nearest,r2,optimized__minimum,0.2,2,200,,,0,0,0,1,192,0.0576745363253,0.603614384095,1
sinusoidal,bridgeable,nearest,r2,optimized__minimum,0.2,3,200,,,0,0,0,1,288,0.0435406766822,0.572684615324,1
sinusoidal,bridgeable,nearest,r2,optimized__minimum,0.3,0,200,,,0,0,0,1,0,0.352603535788,1.08418559941,1
sinusoidal,bridgeable,nearest,r2,optimized__minimum,0.3,1,200,,,0,0,0,1,96,0.0781404664193,0.651907188156,1
sinusoidal,bridgeable,nearest,r2,optimized__minimum,0.3,2,200,0.047832083503,0,99,0.495,0,1,192,0.0576745363253,0.590454417296,1
sinusoidal,bridgeable,nearest,r2,optimized__minimum,0.3,3,200,0.0462040963097,0,200,1,0,1,240.48,0.0462040963097,0.537483956479,1
sinusoidal,bridgeable,nearest,r2,uniform__minimum,0.2,0,200,,,0,0,0,1,0,0.430832981402,1.08418559941,1
sinusoidal,bridgeable,nearest,r2,uniform__minimum,0.2,1,200,,,0,0,0,1,96,0.346537210006,0.651907188156,1
sinusoidal,bridgeable,nearest,r2,uniform__minimum,0.2,2,200,,,0,0,0,1,192,0.286585419324,0.603614384095,1
sinusoidal,bridgeable,nearest,r2,uniform__minimum,0.2,3,200,,,0,0,0,1,288,0.24518890963,0.572684615324,1
sinusoidal,bridgeable,nearest,r2,uniform__minimum,0.3,0,200,,,0,0,0,1,0,0.430832981402,1.08418559941,1
sinusoidal,bridgeable,nearest,r2,uniform__minimum,0.3,1,200,,,0,0,0,1,96,0.346537210006,0.651907188156,1
sinusoidal,bridgeable,nearest,r2,uniform__minimum,0.3,2,200,,,0,0,0,1,192,0.286585419324,0.603614384095,1
sinusoidal,bridgeable,nearest,r2,uniform__minimum,0.3,3,200,,,0,0,0,1,288,0.24518890963,0.572684615324,1
sinusoidal,bridgeable,nearest,rinf,inverse_variance__minimum,0.2,0,200,,,0,0,0,1,0,0.430832981402,1.07041412165,1
sinusoidal,bridgeable,nearest,rinf,inverse_variance__minimum,0.2,1,200,,,0,0,0,1,96,0.418556898189,0.62502460884,1
sinusoidal,bridgeable,nearest,rinf,inverse_variance__minimum,0.2,2,200,,,0,0,0,1,192,0.40633811237,0.576536929623,1
sinusoidal,bridgeable,nearest,rinf,inverse_variance__minimum,0.2,3,200,,,0,0,0,1,288,0.395066692345,0.545412285696,1
sinusoidal,bridgeable,nearest,rinf,inverse_variance__minimum,0.3,0,200,,,0,0,0,1,0,0.430832981402,1.07041412165,1
sinusoidal,bridgeable,nearest,rinf,inverse_variance__minimum,0.3,1,200,,,0,0,0,1,96,0.418556898189,0.62502460884,1
sinusoidal,bridgeable,nearest,rinf,inverse_variance__minimum,0.3,2,200,,,0,0,0,1,192,0.40633811237,0.576536929623,1
sinusoidal,bridgeable,nearest,rinf,inverse_variance__minimum,0.3,3,200,,,0,0,0,1,288,0.395066692345,0.545412285696,1
sinusoidal,bridgeable,nearest,rinf,nearest_source__minimum,0.2,0,200,,,0,0,0,1,0,0.327147359394,1.07041412165,1
sinusoidal,bridgeable,nearest,rinf,nearest_source__minimum,0.2,1,200,,,0,0,0,1,96,0.0785260504357,0.62502460884,1
sinusoidal,bridgeable,nearest,rinf,nearest_source__minimum,0.2,2,200,,,0,0,0,1,192,0.0785260504357,0.576536929623,1
sinusoidal,bridgeable,nearest,rinf,nearest_source__minimum,0.2,3,200,,,0,0,0,1,288,0.0785260504357,0.545412285696,1
sinusoidal,bridgeable,nearest,rinf,nearest_source__minimum,0.3,0,200,,,0,0,0,1,0,0.327147359394,1.07041412165,1
sinusoidal,bridgeable,nearest,rinf,nearest_source__minimum,0.3,1,200,,,0,0,0,1,96,0.0785260504357,0.62502460884,1
sinusoidal,bridgeable,nearest,rinf,nearest_source__minimum,0.3,2,200,,,0,0,0,1,192,0.0785260504357,0.576536929623,1
sinusoidal,bridgeable,nearest,rinf,nearest_source__minimum,0.3,3,200,,,0,0,0,1,288,0.0785260504357,0.545412285696,1
sinusoidal,bridgeable,nearest,rinf,optimized__barycentric,0.2,0,200,,,0,0,0,1,0,0.327155187236,1.07041412165,1
sinusoidal,bridgeable,nearest,rinf,optimized__barycentric,0.2,1,200,,,0,0,0,1,96,0.0770267770539,0.62502460884,1
sinusoidal,bridgeable,nearest,rinf,optimized__barycentric,0.2,2,200,,,0,0,0,1,192,0.0665275117948,0.576536929623,1
sinusoidal,bridgeable,nearest,rinf,optimized__barycentric,0.2,3,200,,,0,0,0,1,288,0.0588854356702,0.545412285696,1
sinusoidal,bridgeable,nearest,rinf,optimized__barycentric,0.3,0,200,,,0,0,0,1,0,0.327155187236,1.07041412165,1
sinusoidal,bridgeable,nearest,rinf,optimized__barycentric,0.3,1,200,,,0,0,0,1,96,0.0770267770539,0.62502460884,1
sinusoidal,bridgeable,nearest,rinf,optimized__barycentric,0.3,2,200,,,0,0,0,1,192,0.0665275117948,0.576536929623,1
sinusoidal,bridgeable,nearest,rinf,optimized__barycentric,0.3,3,200,,,0,0,0,1,288,0.0588854356702,0.545412285696,1
sinusoidal,bridgeable,nearest,rinf,optimized__lipschitz,0.2,0,200,,,0,0,0,1,0,0.327147359394,1.07041412165,1
sinusoidal,bridgeable,nearest,rinf,optimized__lipschitz,0.2,1,200,,,0,0,0,1,96,0.0785260504357,0.62502460884,1
sinusoidal,bridgeable,nearest,rinf,optimized__lipschitz,0.2,2,200,,,0,0,0,1,192,0.0785260504357,0.576536929623,1
sinusoidal,bridgeable,nearest,rinf,optimized__lipschitz,0.2,3,200,,,0,0,0,1,288,0.0785260504357,0.545412285696,1
sinusoidal,bridgeable,nearest,rinf,optimized__lipschitz,0.3,0,200,,,0,0,0,1,0,0.327147359394,1.07041412165,1
sinusoidal,bridgeable,nearest,rinf,optimized__lipschitz,0.3,1,200,,,0,0,0,1,96,0.0785260504357,0.62502460884,1
sinusoidal,bridgeable,nearest,rinf,optimized__lipschitz,0.3,2,200,,,0,0,0,1,192,0.0785260504357,0.576536929623,1
sinusoidal,bridgeable,nearest,rinf,optimized__lipschitz,0.3,3,200,,,0,0,0,1,288,0.0785260504357,0.545412285696,1
sinusoidal,bridgeable,nearest,rinf,optimized__minimum,0.2,0,200,,,0,0,0,1,0,0.327155187236,1.07041412165,1
sinusoidal,bridgeable,nearest,rinf,optimized__minimum,0.2,1,200,,,0,0,0,1,96,0.0770267770539,0.62502460884,1
sinusoidal,bridgeable,nearest,rinf,optimized__minimum,0.2,2,200,,,0,0,0,1,192,0.0665275117948,0.576536929623,1
sinusoidal,bridgeable,nearest,rinf,optimized__minimum,0.2,3,200,,,0,0,0,1,288,0.0588854356702,0.545412285696,1
sinusoidal,bridgeable,nearest,rinf,optimized__minimum,0.3,0,200,,,0,0,0,1,0,0.327155187236,1.07041412165,1
sinusoidal,bridgeable,nearest,rinf,optimized__minimum,0.3,1,200,,,0,0,0,1,96,0.0770267770539,0.62502460884,1
sinusoidal,bridgeable,nearest,rinf,optimized__minimum,0.3,2,200,,,0,0,0,1,192,0.0665275117948,0.576536929623,1
sinusoidal,bridgeable,nearest,rinf,optimized__minimum,0.3,3,200,,,0,0,0,1,288,0.0588854356702,0.545412285696,1
sinusoidal,bridgeable,nearest,rinf,uniform__minimum,0.2,0,200,,,0,0,0,1,0,0.430832981402,1.07041412165,1
sinusoidal,bridgeable,nearest,rinf,uniform__minimum,0.2,1,200,,,0,0,0,1,96,0.346537210006,0.62502460884,1
sinusoidal,bridgeable,nearest,rinf,uniform__minimum,0.2,2,200,,,0,0,0,1,192,0.286585419324,0.576536929623,1
sinusoidal,bridgeable,nearest,rinf,uniform__minimum,0.2,3,200,,,0,0,0,1,288,0.24518890963,0.545412285696,1
sinusoidal,bridgeable,nearest,rinf,uniform__minimum,0.3,0,200,,,0,0,0,1,0,0.430832981402,1.07041412165,1
sinusoidal,bridgeable,nearest,rinf,uniform__minimum,0.3,1,200,,,0,0,0,1,96,0.346537210006,0.62502460884,1
sinusoidal,bridgeable,nearest,rinf,uniform__minimum,0.3,2,200,,,0,0,0,1,192,0.286585419324,0.576536929623,1
sinusoidal,bridgeable,nearest,rinf,uniform__minimum,0.3,3,200,,,0,0,0,1,288,0.24518890963,0.545412285696,1
sinusoidal,bridgeable,random,r2,inverse_variance__minimum,0.2,0,200,,,0,0,0,1,0,0.430832981402,1.08418559941,1
sinusoidal,bridgeable,random,r2,inverse_variance__minimum,0.2,1,200,,,0,0,0,1,96,0.411661234886,0.716546841332,1
sinusoidal,bridgeable,random,r2,inverse_variance__minimum,0.2,2,200,,,0,0,0,1,192,0.394553043492,0.624348522192,1
sinusoidal,bridgeable,random,r2,inverse_variance__minimum,0.2,3,200,,,0,0,0,1,288,0.377659742943,0.580493839345,1
sinusoidal,bridgeable,random,r2,inverse_variance__minimum,0.3,0,200,,,0,0,0,1,0,0.430832981402,1.08418559941,1
sinusoidal,bridgeable,random,r2,inverse_variance__minimum,0.3,1,200,,,0,0,0,1,96,0.411661234886,0.716546841332,1
sinusoidal,bridgeable,random,r2,inverse_variance__minimum,0.3,2,200,,,0,0,0,1,192,0.394553043492,0.624348522192,1
sinusoidal,bridgeable,random,r2,inverse_variance__minimum,0.3,3,200,,,0,0,0,1,288,0.377659742943,0.580493839345,1
sinusoidal,bridgeable,random,r2,nearest_source__minimum,0.2,0,200,,,0,0,0,1,0,0.327147359394,1.08418559941,1
sinusoidal,bridgeable,random,r2,nearest_source__minimum,0.2,1,200,,,0,0,0,1,96,0.236165377366,0.716546841332,1
sinusoidal,bridgeable,random,r2,nearest_source__minimum,0.2,2,200,,,0,0,0,1,192,0.165480902265,0.624348522192,1
sinusoidal,bridgeable,random,r2,nearest_source__minimum,0.2,3,200,,,0,0,0,1,288,0.134970470776,0.580493839345,1
sinusoidal,bridgeable,random,r2,nearest_source__minimum,0.3,0,200,,,0,0,0,1,0,0.327147359394,1.08418559941,1
sinusoidal,bridgeable,random,r2,nearest_source__minimum,0.3,1,200,,,0,0,0,1,96,0.236165377366,0.716546841332,1
sinusoidal,bridgeable,random,r2,nearest_source__minimum,0.3,2,200,,,0,0,0,1,192,0.165480902265,0.624348522192,1
sinusoidal,bridgeable,random,r2,nearest_source__minimum,0.3,3,200,,,0,0,0,1,288,0.134970470776,0.580493839345,1
sinusoidal,bridgeable,random,r2,optimized__barycentric,0.2,0,200,,,0,0,0,1,0,0.35260120409,1.08418559941,1
sinusoidal,bridgeable,random,r2,optimized__barycentric,0.2,1,200,,,0,0,0,1,96,0.0947371757903,0.716546841332,1
sinusoidal,bridgeable,random,r2,optimized__barycentric,0.2,2,200,,,0,0,0,1,192,0.0415178949133,0.624348522192,1
sinusoidal,bridgeable,random,r2,optimized__barycentric,0.2,3,200,,,0,0,0,1,288,0.033734992631,0.580493839345,1
sinusoidal,bridgeable,random,r2,optimized__barycentric,0.3,0,200,,,0,0,0,1,0,0.35260120409,1.08418559941,1
sinusoidal,bridgeable,random,r2,optimized__barycentric,0.3,1,200,0.0422467093965,0,24,0.12,0,1,96,0.0947371757903,0.712644051126,1
sinusoidal,bridgeable,random,r2,optimized__barycentric,0.3,2,200,0.0385090422957,0,174,0.87,0,1,180.48,0.0429701722764,0.571021331262,1
sinusoidal,bridgeable,random,r2,optimized__barycentric,0.3,3,200,0.0387027677528,0,200,1,0,1,192.96,0.0387027677528,0.548671335034,1
sinusoidal,bridgeable,random,r2,optimized__lipschitz,0.2,0,200,,,0,0,0,1,0,0.350029724613,1.08418559941,1
sinusoidal,bridgeable,random,r2,optimized__lipschitz,0.2,1,200,,,0,0,0,1,96,0.259620990838,0.716546841332,1
sinusoidal,bridgeable,random,r2,optimized__lipschitz,0.2,2,200,,,0,0,0,1,192,0.178054474679,0.624348522192,1
sinusoidal,bridgeable,random,r2,optimized__lipschitz,0.2,3,200,,,0,0,0,1,288,0.120169236351,0.580493839345,1
sinusoidal,bridgeable,random,r2,optimized__lipschitz,0.3,0,200,,,0,0,0,1,0,0.350029724613,1.08418559941,1
sinusoidal,bridgeable,random,r2,optimized__lipschitz,0.3,1,200,,,0,0,0,1,96,0.259620990838,0.716546841332,1
sinusoidal,bridgeable,random,r2,optimized__lipschitz,0.3,2,200,,,0,0,0,1,192,0.178054474679,0.624348522192,1
sinusoidal,bridgeable,random,r2,optimized__lipschitz,0.3,3,200,,,0,0,0,1,288,0.120169236351,0.580493839345,1
sinusoidal,bridgeable,random,r2,optimized__minimum,0.2,0,200,,,0,0,0,1,0,0.352603535788,1.08418559941,1
sinusoidal,bridgeable,random,r2,optimized__minimum,0.2,1,200,,,0,0,0,1,96,0.0929316216395,0.716546841332,1
sinusoidal,bridgeable,random,r2,optimized__minimum,0.2,2,200,,,0,0,0,1,192,0.0415517826855,0.624348522192,1
sinusoidal,bridgeable,random,r2,optimized__minimum,0.2,3,200,,,0,0,0,1,288,0.033734992631,0.580493839345,1
sinusoidal,bridgeable,random,r2,optimized__minimum,0.3,0,200,,,0,0,0,1,0,0.352603535788,1.08418559941,1
sinusoidal,bridgeable,random,r2,optimized__minimum,0.3,1,200,0.0422467093965,0,24,0.12,0,1,96,0.0929316216395,0.712644051126,1
sinusoidal,bridgeable,random,r2,optimized__minimum,0.3,2,200,0.0385090422957,0,174,0.87,0,1,180.48,0.0430040600486,0.571021331262,1
sinusoidal,bridgeable,random,r2,optimized__minimum,0.3,3,200,0.0387027677528,0,200,1,0,1,192.96,0.0387027677528,0.548671335034,1
sinusoidal,bridgeable,random,r2,uniform__minimum,0.2,0,200,,,0,0,0,1,0,0.430832981402,1.08418559941,1
sinusoidal,bridgeable,random,r2,uniform__minimum,0.2,1,200,,,0,0,0,1,96,0.29918698866,0.716546841332,1
sinusoidal,bridgeable,random,r2,uniform__minimum,0.2,2,200,,,0,0,0,1,192,0.217184458157,0.624348522192,1
sinusoidal,bridgeable,random,r2,uniform__minimum,0.2,3,200,,,0,0,0,1,288,0.154838553208,0.580493839345,1
sinusoidal,bridgeable,random,r2,uniform__minimum,0.3,0,200,,,0,0,0,1,0,0.430832981402,1.08418559941,1
sinusoidal,bridgeable,random,r2,uniform__minimum,0.3,1,200,,,0,0,0,1,96,0.29918698866,0.716546841332,1
sinusoidal,bridgeable,random,r2,uniform__minimum,0.3,2,200,,,0,0,0,1,192,0.217184458157,0.624348522192,1
sinusoidal,bridgeable,random,r2,uniform__minimum,0.3,3,200,,,0,0,0,1,288,0.154838553208,0.580493839345,1
sinusoidal,bridgeable,random,rinf,inverse_variance__minimum,0.2,0,200,,,0,0,0,1,0,0.430832981402,1.07041412165,1
sinusoidal,bridgeable,random,rinf,inverse_variance__minimum,0.2,1,200,,,0,0,0,1,96,0.411661234886,0.689994402735,1
sinusoidal,bridgeable,random,rinf,inverse_variance__minimum,0.2,2,200,,,0,0,0,1,192,0.394553043492,0.597465942876,1
sinusoidal,bridgeable,random,rinf,inverse_variance__minimum,0.2,3,200,,,0,0,0,1,288,0.377659742943,0.553546301644,1
sinusoidal,bridgeable,random,rinf,inverse_variance__minimum,0.3,0,200,,,0,0,0,1,0,0.430832981402,1.07041412165,1
sinusoidal,bridgeable,random,rinf,inverse_variance__minimum,0.3,1,200,,,0,0,0,1,96,0.411661234886,0.689994402735,1
sinusoidal,bridgeable,random,rinf,inverse_variance__minimum,0.3,2,200,,,0,0,0,1,192,0.394553043492,0.597465942876,1
sinusoidal,bridgeable,random,rinf,inverse_variance__minimum,0.3,3,200,,,0,0,0,1,288,0.377659742943,0.553546301644,1
sinusoidal,bridgeable,random,rinf,nearest_source__minimum,0.2,0,200,,,0,0,0,1,0,0.327147359394,1.07041412165,1
sinusoidal,bridgeable,random,rinf,nearest_source__minimum,0.2,1,200,,,0,0,0,1,96,0.236165377366,0.689994402735,1
sinusoidal,bridgeable,random,rinf,nearest_source__minimum,0.2,2,200,,,0,0,0,1,192,0.165480902265,0.597465942876,1
sinusoidal,bridgeable,random,rinf,nearest_source__minimum,0.2,3,200,,,0,0,0,1,288,0.134970470776,0.553546301644,1
sinusoidal,bridgeable,random,rinf,nearest_source__minimum,0.3,0,200,,,0,0,0,1,0,0.327147359394,1.07041412165,1
sinusoidal,bridgeable,random,rinf,nearest_source__minimum,0.3,1,200,,,0,0,0,1,96,0.236165377366,0.689994402735,1
sinusoidal,bridgeable,random,rinf,nearest_source__minimum,0.3,2,200,,,0,0,0,1,192,0.165480902265,0.597465942876,1
sinusoidal,bridgeable,random,rinf,nearest_source__minimum,0.3,3,200,,,0,0,0,1,288,0.134970470776,0.553546301644,1
sinusoidal,bridgeable,random,rinf,optimized__barycentric,0.2,0,200,,,0,0,0,1,0,0.327155187236,1.07041412165,1
sinusoidal,bridgeable,random,rinf,optimized__barycentric,0.2,1,200,,,0,0,0,1,96,0.0971738295539,0.689994402735,1
sinusoidal,bridgeable,random,rinf,optimized__barycentric,0.2,2,200,,,0,0,0,1,192,0.0494556139326,0.597465942876,1
sinusoidal,bridgeable,random,rinf,optimized__barycentric,0.2,3,200,,,0,0,0,1,288,0.047130304515,0.553546301644,1
sinusoidal,bridgeable,random,rinf,optimized__barycentric,0.3,0,200,,,0,0,0,1,0,0.327155187236,1.07041412165,1
sinusoidal,bridgeable,random,rinf,optimized__barycentric,0.3,1,200,,,0,0,0,1,96,0.0971738295539,0.689994402735,1
sinusoidal,bridgeable,random,rinf,optimized__barycentric,0.3,2,200,,,0,0,0,1,192,0.0494556139326,0.597465942876,1
sinusoidal,bridgeable,random,rinf,optimized__barycentric,0.3,3,200,,,0,0,0,1,288,0.047130304515,0.553546301644,1
sinusoidal,bridgeable,random,rinf,optimized__lipschitz,0.2,0,200,,,0,0,0,1,0,0.327147359394,1.07041412165,1
sinusoidal,bridgeable,random,rinf,optimized__lipschitz,0.2,1,200,,,0,0,0,1,96,0.284036117662,0.689994402735,1
sinusoidal,bridgeable,random,rinf,optimized__lipschitz,0.2,2,200,,,0,0,0,1,192,0.225716645679,0.597465942876,1
sinusoidal,bridgeable,random,rinf,optimized__lipschitz,0.2,3,200,,,0,0,0,1,288,0.185079950938,0.553546301644,1
sinusoidal,bridgeable,random,rinf,optimized__lipschitz,0.3,0,200,,,0,0,0,1,0,0.327147359394,1.07041412165,1
sinusoidal,bridgeable,random,rinf,optimized__lipschitz,0.3,1,200,,,0,0,0,1,96,0.284036117662,0.689994402735,1
sinusoidal,bridgeable,random,rinf,optimized__lipschitz,0.3,2,200,,,0,0,0,1,192,0.225716645679,0.597465942876,1
sinusoidal,bridgeable,random,rinf,optimized__lipschitz,0.3,3,200,,,0,0,0,1,288,0.185079950938,0.553546301644,1
sinusoidal,bridgeable,random,rinf,optimized__minimum,0.2,0,200,,,0,0,0,1,0,0.327155187236,1.07041412165,1
sinusoidal,bridgeable,random,rinf,optimized__minimum,0.2,1,200,,,0,0,0,1,96,0.0971738295539,0.689994402735,1
sinusoidal,bridgeable,random,rinf,optimized__minimum,0.2,2,200,,,0,0,0,1,192,0.0494556139326,0.597465942876,1
sinusoidal,bridgeable,random,rinf,optimized__minimum,0.2,3,200,,,0,0,0,1,288,0.047130304515,0.553546301644,1
sinusoidal,bridgeable,random,rinf,optimized__minimum,0.3,0,200,,,0,0,0,1,0,0.327155187236,1.07041412165,1
sinusoidal,bridgeable,random,rinf,optimized__minimum,0.3,1,200,,,0,0,0,1,96,0.0971738295539,0.689994402735,1
sinusoidal,bridgeable,random,rinf,optimized__minimum,0.3,2,200,,,0,0,0,1,192,0.0494556139326,0.597465942876,1
sinusoidal,bridgeable,random,rinf,optimized__minimum,0.3,3,200,,,0,0,0,1,288,0.047130304515,0.553546301644,1
sinusoidal,bridgeable,random,rinf,uniform__minimum,0.2,0,200,,,0,0,0,1,0,0.430832981402,1.07041412165,1
sinusoidal,bridgeable,random,rinf,uniform__minimum,0.2,1,200,,,0,0,0,1,96,0.29918698866,0.689994402735,1
sinusoidal,bridgeable,random,rinf,uniform__minimum,0.2,2,200,,,0,0,0,1,192,0.217184458157,0.597465942876,1
sinusoidal,bridgeable,random,rinf,uniform__minimum,0.2,3,200,,,0,0,0,1,288,0.154838553208,0.553546301644,1
sinusoidal,bridgeable,random,rinf,uniform__minimum,0.3,0,200,,,0,0,0,1,0,0.430832981402,1.07041412165,1
sinusoidal,bridgeable,random,rinf,uniform__minimum,0.3,1,200,,,0,0,0,1,96,0.29918698866,0.689994402735,1
sinusoidal,bridgeable,random,rinf,uniform__minimum,0.3,2,200,,,0,0,0,1,192,0.217184458157,0.597465942876,1
sinusoidal,bridgeable,random,rinf,uniform__minimum,0.3,3,200,,,0,0,0,1,288,0.154838553208,0.553546301644,1
sinusoidal,supported,nearest,r2,inverse_variance__minimum,0.2,0,200,0.0154590989331,0,200,1,0,1,0,0.0154590989331,0.268117331757,1
sinusoidal,supported,nearest,r2,inverse_variance__minimum,0.2,1,200,0.0154590989331,0,200,1,0,1,0,0.0154590989331,0.268117331757,1
sinusoidal,supported,nearest,r2,inverse_variance__minimum,0.2,2,200,0.0154590989331,0,200,1,0,1,0,0.0154590989331,0.268117331757,1
sinusoidal,supported,nearest,r2,inverse_variance__minimum,0.2,3,200,0.0154590989331,0,200,1,0,1,0,0.0154590989331,0.268117331757,1
sinusoidal,supported,nearest,r2,inverse_variance__minimum,0.3,0,200,0.0154590989331,0,200,1,0,1,0,0.0154590989331,0.268117331757,1
sinusoidal,supported,nearest,r2,inverse_variance__minimum,0.3,1,200,0.0154590989331,0,200,1,0,1,0,0.0154590989331,0.268117331757,1
sinusoidal,supported,nearest,r2,inverse_variance__minimum,0.3,2,200,0.0154590989331,0,200,1,0,1,0,0.0154590989331,0.268117331757,1
sinusoidal,supported,nearest,r2,inverse_variance__minimum,0.3,3,200,0.0154590989331,0,200,1,0,1,0,0.0154590989331,0.268117331757,1
sinusoidal,supported,nearest,r2,nearest_source__minimum,0.2,0,200,0.0309451207633,0,1,0.005,0,1,0,0.0790226025963,0.376151239174,1
sinusoidal,supported,nearest,r2,nearest_source__minimum,0.2,1,200,0.0309451207633,0,1,0.005,0,1,95.52,0.0826986402303,0.375506143658,1
sinusoidal,supported,nearest,r2,nearest_source__minimum,0.2,2,200,0.0309451207633,0,1,0.005,0,1,191.04,0.0826986402303,0.375132865898,1
sinusoidal,supported,nearest,r2,nearest_source__minimum,0.2,3,200,0.0309451207633,0,1,0.005,0,1,286.56,0.0826986402303,0.375132865898,1
sinusoidal,supported,nearest,r2,nearest_source__minimum,0.3,0,200,0.0790226025963,0,200,1,0,1,0,0.0790226025963,0.512831935235,1
sinusoidal,supported,nearest,r2,nearest_source__minimum,0.3,1,200,0.0790226025963,0,200,1,0,1,0,0.0790226025963,0.512831935235,1
sinusoidal,supported,nearest,r2,nearest_source__minimum,0.3,2,200,0.0790226025963,0,200,1,0,1,0,0.0790226025963,0.512831935235,1
sinusoidal,supported,nearest,r2,nearest_source__minimum,0.3,3,200,0.0790226025963,0,200,1,0,1,0,0.0790226025963,0.512831935235,1
sinusoidal,supported,nearest,r2,optimized__barycentric,0.2,0,200,0.0156632598229,0,200,1,0,1,0,0.0156632598229,0.240768507552,1
sinusoidal,supported,nearest,r2,optimized__barycentric,0.2,1,200,0.0156632598229,0,200,1,0,1,0,0.0156632598229,0.240768507552,1
sinusoidal,supported,nearest,r2,optimized__barycentric,0.2,2,200,0.0156632598229,0,200,1,0,1,0,0.0156632598229,0.240768507552,1
sinusoidal,supported,nearest,r2,optimized__barycentric,0.2,3,200,0.0156632598229,0,200,1,0,1,0,0.0156632598229,0.240768507552,1
sinusoidal,supported,nearest,r2,optimized__barycentric,0.3,0,200,0.0156632598229,0,200,1,0,1,0,0.0156632598229,0.240768507552,1
sinusoidal,supported,nearest,r2,optimized__barycentric,0.3,1,200,0.0156632598229,0,200,1,0,1,0,0.0156632598229,0.240768507552,1
sinusoidal,supported,nearest,r2,optimized__barycentric,0.3,2,200,0.0156632598229,0,200,1,0,1,0,0.0156632598229,0.240768507552,1
sinusoidal,supported,nearest,r2,optimized__barycentric,0.3,3,200,0.0156632598229,0,200,1,0,1,0,0.0156632598229,0.240768507552,1
sinusoidal,supported,nearest,r2,optimized__lipschitz,0.2,0,200,0.0158353546039,0,6,0.03,0,1,0,0.0160419929081,0.378420001674,1
sinusoidal,supported,nearest,r2,optimized__lipschitz,0.2,1,200,0.0201880031695,0,18,0.09,0,1,93.12,0.0165836093832,0.379256342966,1
sinusoidal,supported,nearest,r2,optimized__lipschitz,0.2,2,200,0.0201880031695,0,18,0.09,0,1,180.48,0.0165844993751,0.378883065206,1
sinusoidal,supported,nearest,r2,optimized__lipschitz,0.2,3,200,0.0201880031695,0,18,0.09,0,1,267.84,0.0165847112812,0.378883065206,1
sinusoidal,supported,nearest,r2,optimized__lipschitz,0.3,0,200,0.0160419929081,0,200,1,0,1,0,0.0160419929081,0.433803021203,1
sinusoidal,supported,nearest,r2,optimized__lipschitz,0.3,1,200,0.0160419929081,0,200,1,0,1,0,0.0160419929081,0.433803021203,1
sinusoidal,supported,nearest,r2,optimized__lipschitz,0.3,2,200,0.0160419929081,0,200,1,0,1,0,0.0160419929081,0.433803021203,1
sinusoidal,supported,nearest,r2,optimized__lipschitz,0.3,3,200,0.0160419929081,0,200,1,0,1,0,0.0160419929081,0.433803021203,1
sinusoidal,supported,nearest,r2,optimized__minimum,0.2,0,200,0.0156632598229,0,200,1,0,1,0,0.0156632598229,0.240768507552,1
sinusoidal,supported,nearest,r2,optimized__minimum,0.2,1,200,0.0156632598229,0,200,1,0,1,0,0.0156632598229,0.240768507552,1
sinusoidal,supported,nearest,r2,optimized__minimum,0.2,2,200,0.0156632598229,0,200,1,0,1,0,0.0156632598229,0.240768507552,1
sinusoidal,supported,nearest,r2,optimized__minimum,0.2,3,200,0.0156632598229,0,200,1,0,1,0,0.0156632598229,0.240768507552,1
sinusoidal,supported,nearest,r2,optimized__minimum,0.3,0,200,0.0156632598229,0,200,1,0,1,0,0.0156632598229,0.240768507552,1
sinusoidal,supported,nearest,r2,optimized__minimum,0.3,1,200,0.0156632598229,0,200,1,0,1,0,0.0156632598229,0.240768507552,1
sinusoidal,supported,nearest,r2,optimized__minimum,0.3,2,200,0.0156632598229,0,200,1,0,1,0,0.0156632598229,0.240768507552,1
sinusoidal,supported,nearest,r2,optimized__minimum,0.3,3,200,0.0156632598229,0,200,1,0,1,0,0.0156632598229,0.240768507552,1
sinusoidal,supported,nearest,r2,uniform__minimum,0.2,0,200,0.0154590989331,0,200,1,0,1,0,0.0154590989331,0.268117331757,1
sinusoidal,supported,nearest,r2,uniform__minimum,0.2,1,200,0.0154590989331,0,200,1,0,1,0,0.0154590989331,0.268117331757,1
sinusoidal,supported,nearest,r2,uniform__minimum,0.2,2,200,0.0154590989331,0,200,1,0,1,0,0.0154590989331,0.268117331757,1
sinusoidal,supported,nearest,r2,uniform__minimum,0.2,3,200,0.0154590989331,0,200,1,0,1,0,0.0154590989331,0.268117331757,1
sinusoidal,supported,nearest,r2,uniform__minimum,0.3,0,200,0.0154590989331,0,200,1,0,1,0,0.0154590989331,0.268117331757,1
sinusoidal,supported,nearest,r2,uniform__minimum,0.3,1,200,0.0154590989331,0,200,1,0,1,0,0.0154590989331,0.268117331757,1
sinusoidal,supported,nearest,r2,uniform__minimum,0.3,2,200,0.0154590989331,0,200,1,0,1,0,0.0154590989331,0.268117331757,1
sinusoidal,supported,nearest,r2,uniform__minimum,0.3,3,200,0.0154590989331,0,200,1,0,1,0,0.0154590989331,0.268117331757,1
sinusoidal,supported,nearest,rinf,inverse_variance__minimum,0.2,0,200,0.0150533496617,0,134,0.67,0,1,0,0.0154590989331,0.380057116018,1
sinusoidal,supported,nearest,rinf,inverse_variance__minimum,0.2,1,200,0.0150533496617,0,134,0.67,0,1,31.68,0.0152117875982,0.380010420787,1
sinusoidal,supported,nearest,rinf,inverse_variance__minimum,0.2,2,200,0.0150533496617,0,134,0.67,0,1,63.36,0.0154818791239,0.379969669898,1
sinusoidal,supported,nearest,rinf,inverse_variance__minimum,0.2,3,200,0.0150533496617,0,134,0.67,0,1,95.04,0.0153105160899,0.379969669898,1
sinusoidal,supported,nearest,rinf,inverse_variance__minimum,0.3,0,200,0.0154590989331,0,200,1,0,1,0,0.0154590989331,0.392805369067,1
sinusoidal,supported,nearest,rinf,inverse_variance__minimum,0.3,1,200,0.0154590989331,0,200,1,0,1,0,0.0154590989331,0.392805369067,1
sinusoidal,supported,nearest,rinf,inverse_variance__minimum,0.3,2,200,0.0154590989331,0,200,1,0,1,0,0.0154590989331,0.392805369067,1
sinusoidal,supported,nearest,rinf,inverse_variance__minimum,0.3,3,200,0.0154590989331,0,200,1,0,1,0,0.0154590989331,0.392805369067,1
sinusoidal,supported,nearest,rinf,nearest_source__minimum,0.2,0,200,0.0309451207633,0,1,0.005,0,1,0,0.0790226025963,0.362471625765,1
sinusoidal,supported,nearest,rinf,nearest_source__minimum,0.2,1,200,0.0309451207633,0,1,0.005,0,1,95.52,0.0826986402303,0.361482309537,1
sinusoidal,supported,nearest,rinf,nearest_source__minimum,0.2,2,200,0.0309451207633,0,1,0.005,0,1,191.04,0.0826986402303,0.360938364117,1
sinusoidal,supported,nearest,rinf,nearest_source__minimum,0.2,3,200,0.0309451207633,0,1,0.005,0,1,286.56,0.0826986402303,0.360938364117,1
sinusoidal,supported,nearest,rinf,nearest_source__minimum,0.3,0,200,0.0790226025963,0,200,1,0,1,0,0.0790226025963,0.517433326786,1
sinusoidal,supported,nearest,rinf,nearest_source__minimum,0.3,1,200,0.0790226025963,0,200,1,0,1,0,0.0790226025963,0.517433326786,1
sinusoidal,supported,nearest,rinf,nearest_source__minimum,0.3,2,200,0.0790226025963,0,200,1,0,1,0,0.0790226025963,0.517433326786,1
sinusoidal,supported,nearest,rinf,nearest_source__minimum,0.3,3,200,0.0790226025963,0,200,1,0,1,0,0.0790226025963,0.517433326786,1
sinusoidal,supported,nearest,rinf,optimized__barycentric,0.2,0,200,0.0209641918423,0,200,1,0,1,0,0.0209641918423,0.358668438363,1
sinusoidal,supported,nearest,rinf,optimized__barycentric,0.2,1,200,0.0209641918423,0,200,1,0,1,0,0.0209641918423,0.358668438363,1
sinusoidal,supported,nearest,rinf,optimized__barycentric,0.2,2,200,0.0209641918423,0,200,1,0,1,0,0.0209641918423,0.358668438363,1
sinusoidal,supported,nearest,rinf,optimized__barycentric,0.2,3,200,0.0209641918423,0,200,1,0,1,0,0.0209641918423,0.358668438363,1
sinusoidal,supported,nearest,rinf,optimized__barycentric,0.3,0,200,0.0209641918423,0,200,1,0,1,0,0.0209641918423,0.358668438363,1
sinusoidal,supported,nearest,rinf,optimized__barycentric,0.3,1,200,0.0209641918423,0,200,1,0,1,0,0.0209641918423,0.358668438363,1
sinusoidal,supported,nearest,rinf,optimized__barycentric,0.3,2,200,0.0209641918423,0,200,1,0,1,0,0.0209641918423,0.358668438363,1
sinusoidal,supported,nearest,rinf,optimized__barycentric,0.3,3,200,0.0209641918423,0,200,1,0,1,0,0.0209641918423,0.358668438363,1
sinusoidal,supported,nearest,rinf,optimized__lipschitz,0.2,0,200,0.0309451207633,0,1,0.005,0,1,0,0.0790226025963,0.362471625765,1
sinusoidal,supported,nearest,rinf,optimized__lipschitz,0.2,1,200,0.0309451207633,0,1,0.005,0,1,95.52,0.0790226025963,0.361482309537,1
sinusoidal,supported,nearest,rinf,optimized__lipschitz,0.2,2,200,0.0309451207633,0,1,0.005,0,1,191.04,0.0790226025963,0.360938364117,1
sinusoidal,supported,nearest,rinf,optimized__lipschitz,0.2,3,200,0.0309451207633,0,1,0.005,0,1,286.56,0.0790226025963,0.360938364117,1
sinusoidal,supported,nearest,rinf,optimized__lipschitz,0.3,0,200,0.0790226025963,0,200,1,0,1,0,0.0790226025963,0.517433326786,1
sinusoidal,supported,nearest,rinf,optimized__lipschitz,0.3,1,200,0.0790226025963,0,200,1,0,1,0,0.0790226025963,0.517433326786,1
sinusoidal,supported,nearest,rinf,optimized__lipschitz,0.3,2,200,0.0790226025963,0,200,1,0,1,0,0.0790226025963,0.517433326786,1
sinusoidal,supported,nearest,rinf,optimized__lipschitz,0.3,3,200,0.0790226025963,0,200,1,0,1,0,0.0790226025963,0.517433326786,1
sinusoidal,supported,nearest,rinf,optimized__minimum,0.2,0,200,0.0209641918423,0,200,1,0,1,0,0.0209641918423,0.358668438363,1
sinusoidal,supported,nearest,rinf,optimized__minimum,0.2,1,200,0.0209641918423,0,200,1,0,1,0,0.0209641918423,0.358668438363,1
sinusoidal,supported,nearest,rinf,optimized__minimum,0.2,2,200,0.0209641918423,0,200,1,0,1,0,0.0209641918423,0.358668438363,1
sinusoidal,supported,nearest,rinf,optimized__minimum,0.2,3,200,0.0209641918423,0,200,1,0,1,0,0.0209641918423,0.358668438363,1
sinusoidal,supported,nearest,rinf,optimized__minimum,0.3,0,200,0.0209641918423,0,200,1,0,1,0,0.0209641918423,0.358668438363,1
sinusoidal,supported,nearest,rinf,optimized__minimum,0.3,1,200,0.0209641918423,0,200,1,0,1,0,0.0209641918423,0.358668438363,1
sinusoidal,supported,nearest,rinf,optimized__minimum,0.3,2,200,0.0209641918423,0,200,1,0,1,0,0.0209641918423,0.358668438363,1
sinusoidal,supported,nearest,rinf,optimized__minimum,0.3,3,200,0.0209641918423,0,200,1,0,1,0,0.0209641918423,0.358668438363,1
sinusoidal,supported,nearest,rinf,uniform__minimum,0.2,0,200,0.0150533496617,0,134,0.67,0,1,0,0.0154590989331,0.380057116018,1
sinusoidal,supported,nearest,rinf,uniform__minimum,0.2,1,200,0.0150533496617,0,134,0.67,0,1,31.68,0.0161548535288,0.380010420787,1
sinusoidal,supported,nearest,rinf,uniform__minimum,0.2,2,200,0.0150533496617,0,134,0.67,0,1,63.36,0.0199576779947,0.379969669898,1
sinusoidal,supported,nearest,rinf,uniform__minimum,0.2,3,200,0.0150533496617,0,134,0.67,0,1,95.04,0.0182543189745,0.379969669898,1
sinusoidal,supported,nearest,rinf,uniform__minimum,0.3,0,200,0.0154590989331,0,200,1,0,1,0,0.0154590989331,0.392805369067,1
sinusoidal,supported,nearest,rinf,uniform__minimum,0.3,1,200,0.0154590989331,0,200,1,0,1,0,0.0154590989331,0.392805369067,1
sinusoidal,supported,nearest,rinf,uniform__minimum,0.3,2,200,0.0154590989331,0,200,1,0,1,0,0.0154590989331,0.392805369067,1
sinusoidal,supported,nearest,rinf,uniform__minimum,0.3,3,200,0.0154590989331,0,200,1,0,1,0,0.0154590989331,0.392805369067,1
sinusoidal,supported,random,r2,inverse_variance__minimum,0.2,0,200,0.0154590989331,0,200,1,0,1,0,0.0154590989331,0.268117331757,1
sinusoidal,supported,random,r2,inverse_variance__minimum,0.2,1,200,0.0154590989331,0,200,1,0,1,0,0.0154590989331,0.268117331757,1
sinusoidal,supported,random,r2,inverse_variance__minimum,0.2,2,200,0.0154590989331,0,200,1,0,1,0,0.0154590989331,0.268117331757,1
sinusoidal,supported,random,r2,inverse_variance__minimum,0.2,3,200,0.0154590989331,0,200,1,0,1,0,0.0154590989331,0.268117331757,1
sinusoidal,supported,random,r2,inverse_variance__minimum,0.3,0,200,0.0154590989331,0,200,1,0,1,0,0.0154590989331,0.268117331757,1
sinusoidal,supported,random,r2,inverse_variance__minimum,0.3,1,200,0.0154590989331,0,200,1,0,1,0,0.0154590989331,0.268117331757,1
sinusoidal,supported,random,r2,inverse_variance__minimum,0.3,2,200,0.0154590989331,0,200,1,0,1,0,0.0154590989331,0.268117331757,1
sinusoidal,supported,random,r2,inverse_variance__minimum,0.3,3,200,0.0154590989331,0,200,1,0,1,0,0.0154590989331,0.268117331757,1
sinusoidal,supported,random,r2,nearest_source__minimum,0.2,0,200,0.0309451207633,0,1,0.005,0,1,0,0.0790226025963,0.376151239174,1
sinusoidal,supported,random,r2,nearest_source__minimum,0.2,1,200,0.0309451207633,0,1,0.005,0,1,95.52,0.0807868019312,0.37582557787,1
sinusoidal,supported,random,r2,nearest_source__minimum,0.2,2,200,0.0309451207633,0,1,0.005,0,1,191.04,0.0826041523683,0.375489158331,1
sinusoidal,supported,random,r2,nearest_source__minimum,0.2,3,200,0.0309451207633,0,1,0.005,0,1,286.56,0.078659686708,0.374713489475,1
sinusoidal,supported,random,r2,nearest_source__minimum,0.3,0,200,0.0790226025963,0,200,1,0,1,0,0.0790226025963,0.512831935235,1
sinusoidal,supported,random,r2,nearest_source__minimum,0.3,1,200,0.0790226025963,0,200,1,0,1,0,0.0790226025963,0.512831935235,1
sinusoidal,supported,random,r2,nearest_source__minimum,0.3,2,200,0.0790226025963,0,200,1,0,1,0,0.0790226025963,0.512831935235,1
sinusoidal,supported,random,r2,nearest_source__minimum,0.3,3,200,0.0790226025963,0,200,1,0,1,0,0.0790226025963,0.512831935235,1
sinusoidal,supported,random,r2,optimized__barycentric,0.2,0,200,0.0156632598229,0,200,1,0,1,0,0.0156632598229,0.240768507552,1
sinusoidal,supported,random,r2,optimized__barycentric,0.2,1,200,0.0156632598229,0,200,1,0,1,0,0.0156632598229,0.240768507552,1
sinusoidal,supported,random,r2,optimized__barycentric,0.2,2,200,0.0156632598229,0,200,1,0,1,0,0.0156632598229,0.240768507552,1
sinusoidal,supported,random,r2,optimized__barycentric,0.2,3,200,0.0156632598229,0,200,1,0,1,0,0.0156632598229,0.240768507552,1
sinusoidal,supported,random,r2,optimized__barycentric,0.3,0,200,0.0156632598229,0,200,1,0,1,0,0.0156632598229,0.240768507552,1
sinusoidal,supported,random,r2,optimized__barycentric,0.3,1,200,0.0156632598229,0,200,1,0,1,0,0.0156632598229,0.240768507552,1
sinusoidal,supported,random,r2,optimized__barycentric,0.3,2,200,0.0156632598229,0,200,1,0,1,0,0.0156632598229,0.240768507552,1
sinusoidal,supported,random,r2,optimized__barycentric,0.3,3,200,0.0156632598229,0,200,1,0,1,0,0.0156632598229,0.240768507552,1
sinusoidal,supported,random,r2,optimized__lipschitz,0.2,0,200,0.0158353546039,0,6,0.03,0,1,0,0.0160419929081,0.378420001674,1
sinusoidal,supported,random,r2,optimized__lipschitz,0.2,1,200,0.0210460494494,0,9,0.045,0,1,93.12,0.0163935915423,0.378728618518,1
sinusoidal,supported,random,r2,optimized__lipschitz,0.2,2,200,0.0193385257422,0,10,0.05,0,1,184.8,0.016519169958,0.378718347881,1
sinusoidal,supported,random,r2,optimized__lipschitz,0.2,3,200,0.020530990412,0,12,0.06,0,1,276,0.0164671401343,0.37780829273,1
sinusoidal,supported,random,r2,optimized__lipschitz,0.3,0,200,0.0160419929081,0,200,1,0,1,0,0.0160419929081,0.433803021203,1
sinusoidal,supported,random,r2,optimized__lipschitz,0.3,1,200,0.0160419929081,0,200,1,0,1,0,0.0160419929081,0.433803021203,1
sinusoidal,supported,random,r2,optimized__lipschitz,0.3,2,200,0.0160419929081,0,200,1,0,1,0,0.0160419929081,0.433803021203,1
sinusoidal,supported,random,r2,optimized__lipschitz,0.3,3,200,0.0160419929081,0,200,1,0,1,0,0.0160419929081,0.433803021203,1
sinusoidal,supported,random,r2,optimized__minimum,0.2,0,200,0.0156632598229,0,200,1,0,1,0,0.0156632598229,0.240768507552,1
sinusoidal,supported,random,r2,optimized__minimum,0.2,1,200,0.0156632598229,0,200,1,0,1,0,0.0156632598229,0.240768507552,1
sinusoidal,supported,random,r2,optimized__minimum,0.2,2,200,0.0156632598229,0,200,1,0,1,0,0.0156632598229,0.240768507552,1
sinusoidal,supported,random,r2,optimized__minimum,0.2,3,200,0.0156632598229,0,200,1,0,1,0,0.0156632598229,0.240768507552,1
sinusoidal,supported,random,r2,optimized__minimum,0.3,0,200,0.0156632598229,0,200,1,0,1,0,0.0156632598229,0.240768507552,1
sinusoidal,supported,random,r2,optimized__minimum,0.3,1,200,0.0156632598229,0,200,1,0,1,0,0.0156632598229,0.240768507552,1
sinusoidal,supported,random,r2,optimized__minimum,0.3,2,200,0.0156632598229,0,200,1,0,1,0,0.0156632598229,0.240768507552,1
sinusoidal,supported,random,r2,optimized__minimum,0.3,3,200,0.0156632598229,0,200,1,0,1,0,0.0156632598229,0.240768507552,1
sinusoidal,supported,random,r2,uniform__minimum,0.2,0,200,0.0154590989331,0,200,1,0,1,0,0.0154590989331,0.268117331757,1
sinusoidal,supported,random,r2,uniform__minimum,0.2,1,200,0.0154590989331,0,200,1,0,1,0,0.0154590989331,0.268117331757,1
sinusoidal,supported,random,r2,uniform__minimum,0.2,2,200,0.0154590989331,0,200,1,0,1,0,0.0154590989331,0.268117331757,1
sinusoidal,supported,random,r2,uniform__minimum,0.2,3,200,0.0154590989331,0,200,1,0,1,0,0.0154590989331,0.268117331757,1
sinusoidal,supported,random,r2,uniform__minimum,0.3,0,200,0.0154590989331,0,200,1,0,1,0,0.0154590989331,0.268117331757,1
sinusoidal,supported,random,r2,uniform__minimum,0.3,1,200,0.0154590989331,0,200,1,0,1,0,0.0154590989331,0.268117331757,1
sinusoidal,supported,random,r2,uniform__minimum,0.3,2,200,0.0154590989331,0,200,1,0,1,0,0.0154590989331,0.268117331757,1
sinusoidal,supported,random,r2,uniform__minimum,0.3,3,200,0.0154590989331,0,200,1,0,1,0,0.0154590989331,0.268117331757,1
sinusoidal,supported,random,rinf,inverse_variance__minimum,0.2,0,200,0.0150533496617,0,134,0.67,0,1,0,0.0154590989331,0.380057116018,1
sinusoidal,supported,random,rinf,inverse_variance__minimum,0.2,1,200,0.0150354304058,0,136,0.68,0,1,31.68,0.0156348291295,0.381338113067,1
sinusoidal,supported,random,rinf,inverse_variance__minimum,0.2,2,200,0.0150354304058,0,136,0.68,0,1,62.4,0.0162481702357,0.381338113067,1
sinusoidal,supported,random,rinf,inverse_variance__minimum,0.2,3,200,0.0150354304058,0,136,0.68,0,1,93.12,0.0170837165695,0.380853778258,1
sinusoidal,supported,random,rinf,inverse_variance__minimum,0.3,0,200,0.0154590989331,0,200,1,0,1,0,0.0154590989331,0.392805369067,1
sinusoidal,supported,random,rinf,inverse_variance__minimum,0.3,1,200,0.0154590989331,0,200,1,0,1,0,0.0154590989331,0.392805369067,1
sinusoidal,supported,random,rinf,inverse_variance__minimum,0.3,2,200,0.0154590989331,0,200,1,0,1,0,0.0154590989331,0.392805369067,1
sinusoidal,supported,random,rinf,inverse_variance__minimum,0.3,3,200,0.0154590989331,0,200,1,0,1,0,0.0154590989331,0.392805369067,1
sinusoidal,supported,random,rinf,nearest_source__minimum,0.2,0,200,0.0309451207633,0,1,0.005,0,1,0,0.0790226025963,0.362471625765,1
sinusoidal,supported,random,rinf,nearest_source__minimum,0.2,1,200,0.0309451207633,0,1,0.005,0,1,95.52,0.0807868019312,0.36197504943,1
sinusoidal,supported,random,rinf,nearest_source__minimum,0.2,2,200,0.0309451207633,0,1,0.005,0,1,191.04,0.0826041523683,0.361573671504,1
sinusoidal,supported,random,rinf,nearest_source__minimum,0.2,3,200,0.0309451207633,0,1,0.005,0,1,286.56,0.078659686708,0.360538169107,1
sinusoidal,supported,random,rinf,nearest_source__minimum,0.3,0,200,0.0790226025963,0,200,1,0,1,0,0.0790226025963,0.517433326786,1
sinusoidal,supported,random,rinf,nearest_source__minimum,0.3,1,200,0.0790226025963,0,200,1,0,1,0,0.0790226025963,0.517433326786,1
sinusoidal,supported,random,rinf,nearest_source__minimum,0.3,2,200,0.0790226025963,0,200,1,0,1,0,0.0790226025963,0.517433326786,1
sinusoidal,supported,random,rinf,nearest_source__minimum,0.3,3,200,0.0790226025963,0,200,1,0,1,0,0.0790226025963,0.517433326786,1
sinusoidal,supported,random,rinf,optimized__barycentric,0.2,0,200,0.0209641918423,0,200,1,0,1,0,0.0209641918423,0.358668438363,1
sinusoidal,supported,random,rinf,optimized__barycentric,0.2,1,200,0.0209641918423,0,200,1,0,1,0,0.0209641918423,0.358668438363,1
sinusoidal,supported,random,rinf,optimized__barycentric,0.2,2,200,0.0209641918423,0,200,1,0,1,0,0.0209641918423,0.358668438363,1
sinusoidal,supported,random,rinf,optimized__barycentric,0.2,3,200,0.0209641918423,0,200,1,0,1,0,0.0209641918423,0.358668438363,1
sinusoidal,supported,random,rinf,optimized__barycentric,0.3,0,200,0.0209641918423,0,200,1,0,1,0,0.0209641918423,0.358668438363,1
sinusoidal,supported,random,rinf,optimized__barycentric,0.3,1,200,0.0209641918423,0,200,1,0,1,0,0.0209641918423,0.358668438363,1
sinusoidal,supported,random,rinf,optimized__barycentric,0.3,2,200,0.0209641918423,0,200,1,0,1,0,0.0209641918423,0.358668438363,1
sinusoidal,supported,random,rinf,optimized__barycentric,0.3,3,200,0.0209641918423,0,200,1,0,1,0,0.0209641918423,0.358668438363,1
sinusoidal,supported,random,rinf,optimized__lipschitz,0.2,0,200,0.0309451207633,0,1,0.005,0,1,0,0.0790226025963,0.362471625765,1
sinusoidal,supported,random,rinf,optimized__lipschitz,0.2,1,200,0.0309451207633,0,1,0.005,0,1,95.52,0.0790226025963,0.36197504943,1
sinusoidal,supported,random,rinf,optimized__lipschitz,0.2,2,200,0.0309451207633,0,1,0.005,0,1,191.04,0.0790226025963,0.361573671504,1
sinusoidal,supported,random,rinf,optimized__lipschitz,0.2,3,200,0.0309451207633,0,1,0.005,0,1,286.56,0.0790226025963,0.360538169107,1
sinusoidal,supported,random,rinf,optimized__lipschitz,0.3,0,200,0.0790226025963,0,200,1,0,1,0,0.0790226025963,0.517433326786,1
sinusoidal,supported,random,rinf,optimized__lipschitz,0.3,1,200,0.0790226025963,0,200,1,0,1,0,0.0790226025963,0.517433326786,1
sinusoidal,supported,random,rinf,optimized__lipschitz,0.3,2,200,0.0790226025963,0,200,1,0,1,0,0.0790226025963,0.517433326786,1
sinusoidal,supported,random,rinf,optimized__lipschitz,0.3,3,200,0.0790226025963,0,200,1,0,1,0,0.0790226025963,0.517433326786,1
sinusoidal,supported,random,rinf,optimized__minimum,0.2,0,200,0.0209641918423,0,200,1,0,1,0,0.0209641918423,0.358668438363,1
sinusoidal,supported,random,rinf,optimized__minimum,0.2,1,200,0.0209641918423,0,200,1,0,1,0,0.0209641918423,0.358668438363,1
sinusoidal,supported,random,rinf,optimized__minimum,0.2,2,200,0.0209641918423,0,200,1,0,1,0,0.0209641918423,0.358668438363,1
sinusoidal,supported,random,rinf,optimized__minimum,0.2,3,200,0.0209641918423,0,200,1,0,1,0,0.0209641918423,0.358668438363,1
sinusoidal,supported,random,rinf,optimized__minimum,0.3,0,200,0.0209641918423,0,200,1,0,1,0,0.0209641918423,0.358668438363,1
sinusoidal,supported,random,rinf,optimized__minimum,0.3,1,200,0.0209641918423,0,200,1,0,1,0,0.0209641918423,0.358668438363,1
sinusoidal,supported,random,rinf,optimized__minimum,0.3,2,200,0.0209641918423,0,200,1,0,1,0,0.0209641918423,0.358668438363,1
sinusoidal,supported,random,rinf,optimized__minimum,0.3,3,200,0.0209641918423,0,200,1,0,1,0,0.0209641918423,0.358668438363,1
sinusoidal,supported,random,rinf,uniform__minimum,0.2,0,200,0.0150533496617,0,134,0.67,0,1,0,0.0154590989331,0.380057116018,1
sinusoidal,supported,random,rinf,uniform__minimum,0.2,1,200,0.0150533496617,0,134,0.67,0,1,31.68,0.0217573242839,0.380016117757,1
sinusoidal,supported,random,rinf,uniform__minimum,0.2,2,200,0.0150533496617,0,134,0.67,0,1,63.36,0.0283430604891,0.380016117757,1
sinusoidal,supported,random,rinf,uniform__minimum,0.2,3,200,0.0150533496617,0,134,0.67,0,1,95.04,0.0330063165711,0.379531782949,1
sinusoidal,supported,random,rinf,uniform__minimum,0.3,0,200,0.0154590989331,0,200,1,0,1,0,0.0154590989331,0.392805369067,1
sinusoidal,supported,random,rinf,uniform__minimum,0.3,1,200,0.0154590989331,0,200,1,0,1,0,0.0154590989331,0.392805369067,1
sinusoidal,supported,random,rinf,uniform__minimum,0.3,2,200,0.0154590989331,0,200,1,0,1,0,0.0154590989331,0.392805369067,1
sinusoidal,supported,random,rinf,uniform__minimum,0.3,3,200,0.0154590989331,0,200,1,0,1,0,0.0154590989331,0.392805369067,1
sinusoidal,unreachable,nearest,r2,inverse_variance__minimum,0.2,0,200,,,0,0,0,1,0,1.14027215646,2.83108724288,1
sinusoidal,unreachable,nearest,r2,inverse_variance__minimum,0.2,1,200,,,0,0,0,1,96,1.12951918301,2.44307074777,1
sinusoidal,unreachable,nearest,r2,inverse_variance__minimum,0.2,2,200,,,0,0,0,1,192,1.12185434003,2.4368125347,1
sinusoidal,unreachable,nearest,r2,inverse_variance__minimum,0.2,3,200,,,0,0,0,1,288,1.11590098887,2.43594423762,1
sinusoidal,unreachable,nearest,r2,inverse_variance__minimum,0.3,0,200,,,0,0,0,1,0,1.14027215646,2.83108724288,1
sinusoidal,unreachable,nearest,r2,inverse_variance__minimum,0.3,1,200,,,0,0,0,1,96,1.12951918301,2.44307074777,1
sinusoidal,unreachable,nearest,r2,inverse_variance__minimum,0.3,2,200,,,0,0,0,1,192,1.12185434003,2.4368125347,1
sinusoidal,unreachable,nearest,r2,inverse_variance__minimum,0.3,3,200,,,0,0,0,1,288,1.11590098887,2.43594423762,1
sinusoidal,unreachable,nearest,r2,nearest_source__minimum,0.2,0,200,,,0,0,0,1,0,1.03829334721,2.83108724288,1
sinusoidal,unreachable,nearest,r2,nearest_source__minimum,0.2,1,200,,,0,0,0,1,96,0.771086734963,2.44307074777,1
sinusoidal,unreachable,nearest,r2,nearest_source__minimum,0.2,2,200,,,0,0,0,1,192,0.771086734963,2.4368125347,1
sinusoidal,unreachable,nearest,r2,nearest_source__minimum,0.2,3,200,,,0,0,0,1,288,0.771086734963,2.43594423762,1
sinusoidal,unreachable,nearest,r2,nearest_source__minimum,0.3,0,200,,,0,0,0,1,0,1.03829334721,2.83108724288,1
sinusoidal,unreachable,nearest,r2,nearest_source__minimum,0.3,1,200,,,0,0,0,1,96,0.771086734963,2.44307074777,1
sinusoidal,unreachable,nearest,r2,nearest_source__minimum,0.3,2,200,,,0,0,0,1,192,0.771086734963,2.4368125347,1
sinusoidal,unreachable,nearest,r2,nearest_source__minimum,0.3,3,200,,,0,0,0,1,288,0.771086734963,2.43594423762,1
sinusoidal,unreachable,nearest,r2,optimized__barycentric,0.2,0,200,,,0,0,0,1,0,1.04995664709,2.83108724288,1
sinusoidal,unreachable,nearest,r2,optimized__barycentric,0.2,1,200,,,0,0,0,1,96,0.77133407697,2.44307074777,1
sinusoidal,unreachable,nearest,r2,optimized__barycentric,0.2,2,200,,,0,0,0,1,192,0.804876278565,2.4368125347,1
sinusoidal,unreachable,nearest,r2,optimized__barycentric,0.2,3,200,,,0,0,0,1,288,0.826831385596,2.43594423762,1
sinusoidal,unreachable,nearest,r2,optimized__barycentric,0.3,0,200,,,0,0,0,1,0,1.04995664709,2.83108724288,1
sinusoidal,unreachable,nearest,r2,optimized__barycentric,0.3,1,200,,,0,0,0,1,96,0.77133407697,2.44307074777,1
sinusoidal,unreachable,nearest,r2,optimized__barycentric,0.3,2,200,,,0,0,0,1,192,0.804876278565,2.4368125347,1
sinusoidal,unreachable,nearest,r2,optimized__barycentric,0.3,3,200,,,0,0,0,1,288,0.826831385596,2.43594423762,1
sinusoidal,unreachable,nearest,r2,optimized__lipschitz,0.2,0,200,,,0,0,0,1,0,1.05327171478,2.83108724288,1
sinusoidal,unreachable,nearest,r2,optimized__lipschitz,0.2,1,200,,,0,0,0,1,96,0.784139778998,2.44307074777,1
sinusoidal,unreachable,nearest,r2,optimized__lipschitz,0.2,2,200,,,0,0,0,1,192,0.805120300076,2.4368125347,1
sinusoidal,unreachable,nearest,r2,optimized__lipschitz,0.2,3,200,,,0,0,0,1,288,0.827159954051,2.43594423762,1
sinusoidal,unreachable,nearest,r2,optimized__lipschitz,0.3,0,200,,,0,0,0,1,0,1.05327171478,2.83108724288,1
sinusoidal,unreachable,nearest,r2,optimized__lipschitz,0.3,1,200,,,0,0,0,1,96,0.784139778998,2.44307074777,1
sinusoidal,unreachable,nearest,r2,optimized__lipschitz,0.3,2,200,,,0,0,0,1,192,0.805120300076,2.4368125347,1
sinusoidal,unreachable,nearest,r2,optimized__lipschitz,0.3,3,200,,,0,0,0,1,288,0.827159954051,2.43594423762,1
sinusoidal,unreachable,nearest,r2,optimized__minimum,0.2,0,200,,,0,0,0,1,0,1.05327171478,2.83108724288,1
sinusoidal,unreachable,nearest,r2,optimized__minimum,0.2,1,200,,,0,0,0,1,96,0.784139778998,2.44307074777,1
sinusoidal,unreachable,nearest,r2,optimized__minimum,0.2,2,200,,,0,0,0,1,192,0.805120300076,2.4368125347,1
sinusoidal,unreachable,nearest,r2,optimized__minimum,0.2,3,200,,,0,0,0,1,288,0.827159954051,2.43594423762,1
sinusoidal,unreachable,nearest,r2,optimized__minimum,0.3,0,200,,,0,0,0,1,0,1.05327171478,2.83108724288,1
sinusoidal,unreachable,nearest,r2,optimized__minimum,0.3,1,200,,,0,0,0,1,96,0.784139778998,2.44307074777,1
sinusoidal,unreachable,nearest,r2,optimized__minimum,0.3,2,200,,,0,0,0,1,192,0.805120300076,2.4368125347,1
sinusoidal,unreachable,nearest,r2,optimized__minimum,0.3,3,200,,,0,0,0,1,288,0.827159954051,2.43594423762,1
sinusoidal,unreachable,nearest,r2,uniform__minimum,0.2,0,200,,,0,0,0,1,0,1.14027215646,2.83108724288,1
sinusoidal,unreachable,nearest,r2,uniform__minimum,0.2,1,200,,,0,0,0,1,96,1.06643507216,2.44307074777,1
sinusoidal,unreachable,nearest,r2,uniform__minimum,0.2,2,200,,,0,0,0,1,192,1.03181168194,2.4368125347,1
sinusoidal,unreachable,nearest,r2,uniform__minimum,0.2,3,200,,,0,0,0,1,288,1.01377419134,2.43594423762,1
sinusoidal,unreachable,nearest,r2,uniform__minimum,0.3,0,200,,,0,0,0,1,0,1.14027215646,2.83108724288,1
sinusoidal,unreachable,nearest,r2,uniform__minimum,0.3,1,200,,,0,0,0,1,96,1.06643507216,2.44307074777,1
sinusoidal,unreachable,nearest,r2,uniform__minimum,0.3,2,200,,,0,0,0,1,192,1.03181168194,2.4368125347,1
sinusoidal,unreachable,nearest,r2,uniform__minimum,0.3,3,200,,,0,0,0,1,288,1.01377419134,2.43594423762,1
sinusoidal,unreachable,nearest,rinf,inverse_variance__minimum,0.2,0,200,,,0,0,0,1,0,1.14027215646,2.81731576512,1
sinusoidal,unreachable,nearest,rinf,inverse_variance__minimum,0.2,1,200,,,0,0,0,1,96,1.12951918301,2.41546335247,1
sinusoidal,unreachable,nearest,rinf,inverse_variance__minimum,0.2,2,200,,,0,0,0,1,192,1.12185434003,2.40883255978,1
sinusoidal,unreachable,nearest,rinf,inverse_variance__minimum,0.2,3,200,,,0,0,0,1,288,1.11590098887,2.40773376367,1
sinusoidal,unreachable,nearest,rinf,inverse_variance__minimum,0.3,0,200,,,0,0,0,1,0,1.14027215646,2.81731576512,1
sinusoidal,unreachable,nearest,rinf,inverse_variance__minimum,0.3,1,200,,,0,0,0,1,96,1.12951918301,2.41546335247,1
sinusoidal,unreachable,nearest,rinf,inverse_variance__minimum,0.3,2,200,,,0,0,0,1,192,1.12185434003,2.40883255978,1
sinusoidal,unreachable,nearest,rinf,inverse_variance__minimum,0.3,3,200,,,0,0,0,1,288,1.11590098887,2.40773376367,1
sinusoidal,unreachable,nearest,rinf,nearest_source__minimum,0.2,0,200,,,0,0,0,1,0,1.03829334721,2.81731576512,1
sinusoidal,unreachable,nearest,rinf,nearest_source__minimum,0.2,1,200,,,0,0,0,1,96,0.771086734963,2.41546335247,1
sinusoidal,unreachable,nearest,rinf,nearest_source__minimum,0.2,2,200,,,0,0,0,1,192,0.771086734963,2.40883255978,1
sinusoidal,unreachable,nearest,rinf,nearest_source__minimum,0.2,3,200,,,0,0,0,1,288,0.771086734963,2.40773376367,1
sinusoidal,unreachable,nearest,rinf,nearest_source__minimum,0.3,0,200,,,0,0,0,1,0,1.03829334721,2.81731576512,1
sinusoidal,unreachable,nearest,rinf,nearest_source__minimum,0.3,1,200,,,0,0,0,1,96,0.771086734963,2.41546335247,1
sinusoidal,unreachable,nearest,rinf,nearest_source__minimum,0.3,2,200,,,0,0,0,1,192,0.771086734963,2.40883255978,1
sinusoidal,unreachable,nearest,rinf,nearest_source__minimum,0.3,3,200,,,0,0,0,1,288,0.771086734963,2.40773376367,1
sinusoidal,unreachable,nearest,rinf,optimized__barycentric,0.2,0,200,,,0,0,0,1,0,1.03829334721,2.81731576512,1
sinusoidal,unreachable,nearest,rinf,optimized__barycentric,0.2,1,200,,,0,0,0,1,96,0.771086734963,2.41546335247,1
sinusoidal,unreachable,nearest,rinf,optimized__barycentric,0.2,2,200,,,0,0,0,1,192,0.771086734963,2.40883255978,1
sinusoidal,unreachable,nearest,rinf,optimized__barycentric,0.2,3,200,,,0,0,0,1,288,0.771086734963,2.40773376367,1
sinusoidal,unreachable,nearest,rinf,optimized__barycentric,0.3,0,200,,,0,0,0,1,0,1.03829334721,2.81731576512,1
sinusoidal,unreachable,nearest,rinf,optimized__barycentric,0.3,1,200,,,0,0,0,1,96,0.771086734963,2.41546335247,1
sinusoidal,unreachable,nearest,rinf,optimized__barycentric,0.3,2,200,,,0,0,0,1,192,0.771086734963,2.40883255978,1
sinusoidal,unreachable,nearest,rinf,optimized__barycentric,0.3,3,200,,,0,0,0,1,288,0.771086734963,2.40773376367,1
sinusoidal,unreachable,nearest,rinf,optimized__lipschitz,0.2,0,200,,,0,0,0,1,0,1.03829334721,2.81731576512,1
sinusoidal,unreachable,nearest,rinf,optimized__lipschitz,0.2,1,200,,,0,0,0,1,96,0.771086734963,2.41546335247,1
sinusoidal,unreachable,nearest,rinf,optimized__lipschitz,0.2,2,200,,,0,0,0,1,192,0.771086734963,2.40883255978,1
sinusoidal,unreachable,nearest,rinf,optimized__lipschitz,0.2,3,200,,,0,0,0,1,288,0.771086734963,2.40773376367,1
sinusoidal,unreachable,nearest,rinf,optimized__lipschitz,0.3,0,200,,,0,0,0,1,0,1.03829334721,2.81731576512,1
sinusoidal,unreachable,nearest,rinf,optimized__lipschitz,0.3,1,200,,,0,0,0,1,96,0.771086734963,2.41546335247,1
sinusoidal,unreachable,nearest,rinf,optimized__lipschitz,0.3,2,200,,,0,0,0,1,192,0.771086734963,2.40883255978,1
sinusoidal,unreachable,nearest,rinf,optimized__lipschitz,0.3,3,200,,,0,0,0,1,288,0.771086734963,2.40773376367,1
sinusoidal,unreachable,nearest,rinf,optimized__minimum,0.2,0,200,,,0,0,0,1,0,1.03829334721,2.81731576512,1
sinusoidal,unreachable,nearest,rinf,optimized__minimum,0.2,1,200,,,0,0,0,1,96,0.771086734963,2.41546335247,1
sinusoidal,unreachable,nearest,rinf,optimized__minimum,0.2,2,200,,,0,0,0,1,192,0.771086734963,2.40883255978,1
sinusoidal,unreachable,nearest,rinf,optimized__minimum,0.2,3,200,,,0,0,0,1,288,0.771086734963,2.40773376367,1
sinusoidal,unreachable,nearest,rinf,optimized__minimum,0.3,0,200,,,0,0,0,1,0,1.03829334721,2.81731576512,1
sinusoidal,unreachable,nearest,rinf,optimized__minimum,0.3,1,200,,,0,0,0,1,96,0.771086734963,2.41546335247,1
sinusoidal,unreachable,nearest,rinf,optimized__minimum,0.3,2,200,,,0,0,0,1,192,0.771086734963,2.40883255978,1
sinusoidal,unreachable,nearest,rinf,optimized__minimum,0.3,3,200,,,0,0,0,1,288,0.771086734963,2.40773376367,1
sinusoidal,unreachable,nearest,rinf,uniform__minimum,0.2,0,200,,,0,0,0,1,0,1.14027215646,2.81731576512,1
sinusoidal,unreachable,nearest,rinf,uniform__minimum,0.2,1,200,,,0,0,0,1,96,1.06643507216,2.41546335247,1
sinusoidal,unreachable,nearest,rinf,uniform__minimum,0.2,2,200,,,0,0,0,1,192,1.03181168194,2.40883255978,1
sinusoidal,unreachable,nearest,rinf,uniform__minimum,0.2,3,200,,,0,0,0,1,288,1.01377419134,2.40773376367,1
sinusoidal,unreachable,nearest,rinf,uniform__minimum,0.3,0,200,,,0,0,0,1,0,1.14027215646,2.81731576512,1
sinusoidal,unreachable,nearest,rinf,uniform__minimum,0.3,1,200,,,0,0,0,1,96,1.06643507216,2.41546335247,1
sinusoidal,unreachable,nearest,rinf,uniform__minimum,0.3,2,200,,,0,0,0,1,192,1.03181168194,2.40883255978,1
sinusoidal,unreachable,nearest,rinf,uniform__minimum,0.3,3,200,,,0,0,0,1,288,1.01377419134,2.40773376367,1
sinusoidal,unreachable,random,r2,inverse_variance__minimum,0.2,0,200,,,0,0,0,1,0,1.14027215646,2.83108724288,1
sinusoidal,unreachable,random,r2,inverse_variance__minimum,0.2,1,200,,,0,0,0,1,96,1.13529114983,2.73142525894,1
sinusoidal,unreachable,random,r2,inverse_variance__minimum,0.2,2,200,,,0,0,0,1,192,1.13047755825,2.64589753174,1
sinusoidal,unreachable,random,r2,inverse_variance__minimum,0.2,3,200,,,0,0,0,1,288,1.12581645271,2.57541623284,1
sinusoidal,unreachable,random,r2,inverse_variance__minimum,0.3,0,200,,,0,0,0,1,0,1.14027215646,2.83108724288,1
sinusoidal,unreachable,random,r2,inverse_variance__minimum,0.3,1,200,,,0,0,0,1,96,1.13529114983,2.73142525894,1
sinusoidal,unreachable,random,r2,inverse_variance__minimum,0.3,2,200,,,0,0,0,1,192,1.13047755825,2.64589753174,1
sinusoidal,unreachable,random,r2,inverse_variance__minimum,0.3,3,200,,,0,0,0,1,288,1.12581645271,2.57541623284,1
sinusoidal,unreachable,random,r2,nearest_source__minimum,0.2,0,200,,,0,0,0,1,0,1.03829334721,2.83108724288,1
sinusoidal,unreachable,random,r2,nearest_source__minimum,0.2,1,200,,,0,0,0,1,96,0.947032730532,2.73142525894,1
sinusoidal,unreachable,random,r2,nearest_source__minimum,0.2,2,200,,,0,0,0,1,192,0.88203949167,2.64589753174,1
sinusoidal,unreachable,random,r2,nearest_source__minimum,0.2,3,200,,,0,0,0,1,288,0.84335524543,2.57541623284,1
sinusoidal,unreachable,random,r2,nearest_source__minimum,0.3,0,200,,,0,0,0,1,0,1.03829334721,2.83108724288,1
sinusoidal,unreachable,random,r2,nearest_source__minimum,0.3,1,200,,,0,0,0,1,96,0.947032730532,2.73142525894,1
sinusoidal,unreachable,random,r2,nearest_source__minimum,0.3,2,200,,,0,0,0,1,192,0.88203949167,2.64589753174,1
sinusoidal,unreachable,random,r2,nearest_source__minimum,0.3,3,200,,,0,0,0,1,288,0.84335524543,2.57541623284,1
sinusoidal,unreachable,random,r2,optimized__barycentric,0.2,0,200,,,0,0,0,1,0,1.04995664709,2.83108724288,1
sinusoidal,unreachable,random,r2,optimized__barycentric,0.2,1,200,,,0,0,0,1,96,0.988031510608,2.73142525894,1
sinusoidal,unreachable,random,r2,optimized__barycentric,0.2,2,200,,,0,0,0,1,192,0.941679490154,2.64589753174,1
sinusoidal,unreachable,random,r2,optimized__barycentric,0.2,3,200,,,0,0,0,1,288,0.896759571352,2.57541623284,1
sinusoidal,unreachable,random,r2,optimized__barycentric,0.3,0,200,,,0,0,0,1,0,1.04995664709,2.83108724288,1
sinusoidal,unreachable,random,r2,optimized__barycentric,0.3,1,200,,,0,0,0,1,96,0.988031510608,2.73142525894,1
sinusoidal,unreachable,random,r2,optimized__barycentric,0.3,2,200,,,0,0,0,1,192,0.941679490154,2.64589753174,1
sinusoidal,unreachable,random,r2,optimized__barycentric,0.3,3,200,,,0,0,0,1,288,0.896759571352,2.57541623284,1
sinusoidal,unreachable,random,r2,optimized__lipschitz,0.2,0,200,,,0,0,0,1,0,1.05327171478,2.83108724288,1
sinusoidal,unreachable,random,r2,optimized__lipschitz,0.2,1,200,,,0,0,0,1,96,0.991897511414,2.73142525894,1
sinusoidal,unreachable,random,r2,optimized__lipschitz,0.2,2,200,,,0,0,0,1,192,0.945087685238,2.64589753174,1
sinusoidal,unreachable,random,r2,optimized__lipschitz,0.2,3,200,,,0,0,0,1,288,0.901913226078,2.57541623284,1
sinusoidal,unreachable,random,r2,optimized__lipschitz,0.3,0,200,,,0,0,0,1,0,1.05327171478,2.83108724288,1
sinusoidal,unreachable,random,r2,optimized__lipschitz,0.3,1,200,,,0,0,0,1,96,0.991897511414,2.73142525894,1
sinusoidal,unreachable,random,r2,optimized__lipschitz,0.3,2,200,,,0,0,0,1,192,0.945087685238,2.64589753174,1
sinusoidal,unreachable,random,r2,optimized__lipschitz,0.3,3,200,,,0,0,0,1,288,0.901913226078,2.57541623284,1
sinusoidal,unreachable,random,r2,optimized__minimum,0.2,0,200,,,0,0,0,1,0,1.05327171478,2.83108724288,1
sinusoidal,unreachable,random,r2,optimized__minimum,0.2,1,200,,,0,0,0,1,96,0.991897511414,2.73142525894,1
sinusoidal,unreachable,random,r2,optimized__minimum,0.2,2,200,,,0,0,0,1,192,0.945087685238,2.64589753174,1
sinusoidal,unreachable,random,r2,optimized__minimum,0.2,3,200,,,0,0,0,1,288,0.901913226078,2.57541623284,1
sinusoidal,unreachable,random,r2,optimized__minimum,0.3,0,200,,,0,0,0,1,0,1.05327171478,2.83108724288,1
sinusoidal,unreachable,random,r2,optimized__minimum,0.3,1,200,,,0,0,0,1,96,0.991897511414,2.73142525894,1
sinusoidal,unreachable,random,r2,optimized__minimum,0.3,2,200,,,0,0,0,1,192,0.945087685238,2.64589753174,1
sinusoidal,unreachable,random,r2,optimized__minimum,0.3,3,200,,,0,0,0,1,288,0.901913226078,2.57541623284,1
sinusoidal,unreachable,random,r2,uniform__minimum,0.2,0,200,,,0,0,0,1,0,1.14027215646,2.83108724288,1
sinusoidal,unreachable,random,r2,uniform__minimum,0.2,1,200,,,0,0,0,1,96,1.10606924431,2.73142525894,1
sinusoidal,unreachable,random,r2,uniform__minimum,0.2,2,200,,,0,0,0,1,192,1.08259285592,2.64589753174,1
sinusoidal,unreachable,random,r2,uniform__minimum,0.2,3,200,,,0,0,0,1,288,1.06524017036,2.57541623284,1
sinusoidal,unreachable,random,r2,uniform__minimum,0.3,0,200,,,0,0,0,1,0,1.14027215646,2.83108724288,1
sinusoidal,unreachable,random,r2,uniform__minimum,0.3,1,200,,,0,0,0,1,96,1.10606924431,2.73142525894,1
sinusoidal,unreachable,random,r2,uniform__minimum,0.3,2,200,,,0,0,0,1,192,1.08259285592,2.64589753174,1
sinusoidal,unreachable,random,r2,uniform__minimum,0.3,3,200,,,0,0,0,1,288,1.06524017036,2.57541623284,1
sinusoidal,unreachable,random,rinf,inverse_variance__minimum,0.2,0,200,,,0,0,0,1,0,1.14027215646,2.81731576512,1
sinusoidal,unreachable,random,rinf,inverse_variance__minimum,0.2,1,200,,,0,0,0,1,96,1.13529114983,2.71059591371,1
sinusoidal,unreachable,random,rinf,inverse_variance__minimum,0.2,2,200,,,0,0,0,1,192,1.13047755825,2.62090346828,1
sinusoidal,unreachable,random,rinf,inverse_variance__minimum,0.2,3,200,,,0,0,0,1,288,1.12581645271,2.54860588674,1
sinusoidal,unreachable,random,rinf,inverse_variance__minimum,0.3,0,200,,,0,0,0,1,0,1.14027215646,2.81731576512,1
sinusoidal,unreachable,random,rinf,inverse_variance__minimum,0.3,1,200,,,0,0,0,1,96,1.13529114983,2.71059591371,1
sinusoidal,unreachable,random,rinf,inverse_variance__minimum,0.3,2,200,,,0,0,0,1,192,1.13047755825,2.62090346828,1
sinusoidal,unreachable,random,rinf,inverse_variance__minimum,0.3,3,200,,,0,0,0,1,288,1.12581645271,2.54860588674,1
sinusoidal,unreachable,random,rinf,nearest_source__minimum,0.2,0,200,,,0,0,0,1,0,1.03829334721,2.81731576512,1
sinusoidal,unreachable,random,rinf,nearest_source__minimum,0.2,1,200,,,0,0,0,1,96,0.947032730532,2.71059591371,1
sinusoidal,unreachable,random,rinf,nearest_source__minimum,0.2,2,200,,,0,0,0,1,192,0.88203949167,2.62090346828,1
sinusoidal,unreachable,random,rinf,nearest_source__minimum,0.2,3,200,,,0,0,0,1,288,0.84335524543,2.54860588674,1
sinusoidal,unreachable,random,rinf,nearest_source__minimum,0.3,0,200,,,0,0,0,1,0,1.03829334721,2.81731576512,1
sinusoidal,unreachable,random,rinf,nearest_source__minimum,0.3,1,200,,,0,0,0,1,96,0.947032730532,2.71059591371,1
sinusoidal,unreachable,random,rinf,nearest_source__minimum,0.3,2,200,,,0,0,0,1,192,0.88203949167,2.62090346828,1
sinusoidal,unreachable,random,rinf,nearest_source__minimum,0.3,3,200,,,0,0,0,1,288,0.84335524543,2.54860588674,1
sinusoidal,unreachable,random,rinf,optimized__barycentric,0.2,0,200,,,0,0,0,1,0,1.03829334721,2.81731576512,1
sinusoidal,unreachable,random,rinf,optimized__barycentric,0.2,1,200,,,0,0,0,1,96,0.967373685674,2.71059591371,1
sinusoidal,unreachable,random,rinf,optimized__barycentric,0.2,2,200,,,0,0,0,1,192,0.906398924992,2.62090346828,1
sinusoidal,unreachable,random,rinf,optimized__barycentric,0.2,3,200,,,0,0,0,1,288,0.859460421759,2.54860588674,1
sinusoidal,unreachable,random,rinf,optimized__barycentric,0.3,0,200,,,0,0,0,1,0,1.03829334721,2.81731576512,1
sinusoidal,unreachable,random,rinf,optimized__barycentric,0.3,1,200,,,0,0,0,1,96,0.967373685674,2.71059591371,1
sinusoidal,unreachable,random,rinf,optimized__barycentric,0.3,2,200,,,0,0,0,1,192,0.906398924992,2.62090346828,1
sinusoidal,unreachable,random,rinf,optimized__barycentric,0.3,3,200,,,0,0,0,1,288,0.859460421759,2.54860588674,1
sinusoidal,unreachable,random,rinf,optimized__lipschitz,0.2,0,200,,,0,0,0,1,0,1.03829334721,2.81731576512,1
sinusoidal,unreachable,random,rinf,optimized__lipschitz,0.2,1,200,,,0,0,0,1,96,0.967373685674,2.71059591371,1
sinusoidal,unreachable,random,rinf,optimized__lipschitz,0.2,2,200,,,0,0,0,1,192,0.906398924992,2.62090346828,1
sinusoidal,unreachable,random,rinf,optimized__lipschitz,0.2,3,200,,,0,0,0,1,288,0.859460421759,2.54860588674,1
sinusoidal,unreachable,random,rinf,optimized__lipschitz,0.3,0,200,,,0,0,0,1,0,1.03829334721,2.81731576512,1
sinusoidal,unreachable,random,rinf,optimized__lipschitz,0.3,1,200,,,0,0,0,1,96,0.967373685674,2.71059591371,1
sinusoidal,unreachable,random,rinf,optimized__lipschitz,0.3,2,200,,,0,0,0,1,192,0.906398924992,2.62090346828,1
sinusoidal,unreachable,random,rinf,optimized__lipschitz,0.3,3,200,,,0,0,0,1,288,0.859460421759,2.54860588674,1
sinusoidal,unreachable,random,rinf,optimized__minimum,0.2,0,200,,,0,0,0,1,0,1.03829334721,2.81731576512,1
sinusoidal,unreachable,random,rinf,optimized__minimum,0.2,1,200,,,0,0,0,1,96,0.967373685674,2.71059591371,1
sinusoidal,unreachable,random,rinf,optimized__minimum,0.2,2,200,,,0,0,0,1,192,0.906398924992,2.62090346828,1
sinusoidal,unreachable,random,rinf,optimized__minimum,0.2,3,200,,,0,0,0,1,288,0.859460421759,2.54860588674,1
sinusoidal,unreachable,random,rinf,optimized__minimum,0.3,0,200,,,0,0,0,1,0,1.03829334721,2.81731576512,1
sinusoidal,unreachable,random,rinf,optimized__minimum,0.3,1,200,,,0,0,0,1,96,0.967373685674,2.71059591371,1
sinusoidal,unreachable,random,rinf,optimized__minimum,0.3,2,200,,,0,0,0,1,192,0.906398924992,2.62090346828,1
sinusoidal,unreachable,random,rinf,optimized__minimum,0.3,3,200,,,0,0,0,1,288,0.859460421759,2.54860588674,1
sinusoidal,unreachable,random,rinf,uniform__minimum,0.2,0,200,,,0,0,0,1,0,1.14027215646,2.81731576512,1
sinusoidal,unreachable,random,rinf,uniform__minimum,0.2,1,200,,,0,0,0,1,96,1.10606924431,2.71059591371,1
sinusoidal,unreachable,random,rinf,uniform__minimum,0.2,2,200,,,0,0,0,1,192,1.08259285592,2.62090346828,1
sinusoidal,unreachable,random,rinf,uniform__minimum,0.2,3,200,,,0,0,0,1,288,1.06524017036,2.54860588674,1
sinusoidal,unreachable,random,rinf,uniform__minimum,0.3,0,200,,,0,0,0,1,0,1.14027215646,2.81731576512,1
sinusoidal,unreachable,random,rinf,uniform__minimum,0.3,1,200,,,0,0,0,1,96,1.10606924431,2.71059591371,1
sinusoidal,unreachable,random,rinf,uniform__minimum,0.3,2,200,,,0,0,0,1,192,1.08259285592,2.62090346828,1
sinusoidal,unreachable,random,rinf,uniform__minimum,0.3,3,200,,,0,0,0,1,288,1.06524017036,2.54860588674,1
