scenario,parameter,level,seed,true,ex_composable,ex_residual,ex_abs_error,atlas_accepted,atlas_abs_error
in_support,none,0.0,2528322995,0.39960298919702597,True,0.004464803560369424,0.09808538803615097,True,0.061313793421523655
in_support,none,0.0,3148077065,-0.38457097606103857,True,0.01941231513001319,0.023539906276234646,False,nan
in_support,none,0.0,2398344350,0.5748421061601093,False,0.10961472537515793,0.16186136739137247,False,nan
in_support,none,0.0,2702706019,0.9220527409058684,True,0.002736212710661235,0.25021048315797223,False,nan
in_support,none,0.0,2801774023,0.4696185094164028,True,0.02959807017119992,0.13262037360951173,False,nan
in_support,none,0.0,57650232,0.3141048869676698,True,0.022047137920582282,0.1345727156475779,True,0.14972776745372274
in_support,none,0.0,2026731378,0.6544195649286629,True,0.0908801148911895,0.12645535633504623,False,nan
in_support,none,0.0,1906215908,-0.002213369508423907,True,0.0948393268278224,0.07370406283608323,False,nan
in_support,none,0.0,3300098069,-0.34916885058733305,True,0.02012332051179801,0.20396866757530097,True,0.25199154360914866
in_support,none,0.0,1221256803,-0.11128153909584873,True,0.0014881903224919686,0.19009310463344584,True,0.2568112399570266
in_support,none,0.0,1939034257,1.0526010749493901,True,0.07878126180930833,0.07628115798050294,False,nan
in_support,none,0.0,3645287908,0.24611966874098992,True,0.023941935157948104,0.06418765290556375,True,0.04663873785902209
in_support,none,0.0,4094013976,-0.4116569427266251,True,0.05515054853608889,0.013884353893599655,True,0.0649771680174358
in_support,none,0.0,2379146117,0.606787090930041,True,0.004050860944207959,0.20771091458366492,False,nan
in_support,none,0.0,1411244774,0.14639974149914325,True,0.0020702130054995,0.23787144038659125,False,nan
in_support,none,0.0,4074677446,-0.27261479034415115,True,8.0456404059619e-07,0.06791815494728604,True,0.04454474051715995
in_support,none,0.0,3549802476,0.7033599727364376,True,0.02221446041568419,0.12712179165510762,False,nan
in_support,none,0.0,675330763,0.1677692863552127,True,0.07166497520518746,0.12464529224572692,True,0.10578403546766608
in_support,none,0.0,2851526706,-0.14982786462159017,True,3.1705157629383567e-07,0.1912094233183463,False,nan
in_support,none,0.0,3942587653,-0.15065207865876046,True,0.0534011164941436,0.10210569567371619,False,nan
in_support,none,0.0,4103451098,-0.6492693233503624,False,0.1638095439734065,0.12951380004405066,False,nan
in_support,none,0.0,1456933696,0.7068240086663954,False,0.151275594357449,0.15573800923653347,False,nan
in_support,none,0.0,2592323081,0.4320488055829451,True,0.02659154683208116,0.2875839353749561,False,nan
in_support,none,0.0,275098874,0.5210008699515408,False,0.14082086098794358,0.3411831111493594,False,nan
in_support,none,0.0,3225735080,1.0846285274731278,True,0.020702701681783297,0.034711551882630864,True,0.028970350445507442
in_support,none,0.0,4240295701,0.1766265539236775,True,0.062126959936088515,0.11293429436747421,False,nan
in_support,none,0.0,384459197,0.33021114596136586,True,0.009166925833665875,0.13450944553823138,False,nan
in_support,none,0.0,2127183786,-0.18442781151767634,False,0.11673740879617235,0.1813598651979889,True,0.19531103884593193
in_support,none,0.0,3684494623,0.6342088264133705,True,0.02282560558900801,0.06933869032176809,True,0.07718389462231767
in_support,none,0.0,1855658181,1.023375057380385,True,0.03330205456263006,0.3083212059742242,False,nan
in_support,none,0.0,2976449571,0.8953729596191788,True,0.057118588509931165,0.07040383036449527,True,0.08316719077902324
in_support,none,0.0,3352018927,0.46855049816667604,False,0.10432103678393033,0.02927797493107287,True,0.06334911942482646
in_support,none,0.0,1985926176,0.5912715776418204,True,8.002804310942029e-09,0.07574617877743572,False,nan
in_support,none,0.0,3576395711,-0.15546004038021932,True,0.07318248559172778,0.11699836831982852,False,nan
in_support,none,0.0,688023752,-0.5704447686177039,True,0.030584294803405902,0.30401407254547475,False,nan
in_support,none,0.0,72884819,0.10337912664961313,True,0.03737329982835804,0.2622320100016342,True,0.21405689319194043
in_support,none,0.0,2895694183,-0.17898616254522667,True,0.029363854371898247,0.17122473537392105,False,nan
in_support,none,0.0,3332070177,0.26326098976403206,True,0.07451173750080793,0.1911537576794241,False,nan
in_support,none,0.0,1084639652,0.39025078081416664,True,0.07377597889394977,0.1436433049022726,False,nan
in_support,none,0.0,2588976466,0.26931308784135943,True,0.0027493790824985173,0.15535578028099967,False,nan
in_support,none,0.0,3256175551,0.04084044724406663,True,3.2366891188987973e-09,0.07397545617668959,True,0.08263725903322874
in_support,none,0.0,2015711821,0.06002992488920031,True,0.021769047758318196,0.10128654006429269,True,0.09605968420826404
in_support,none,0.0,2008649440,0.26755241714741146,True,0.04638843350383253,0.0036264063252610113,False,nan
in_support,none,0.0,2633396833,1.3191142690749855,True,0.008133657576745905,0.20221649204265546,False,nan
in_support,none,0.0,3663931421,1.0222273220064166,True,0.02932375133900311,0.21614778212357533,False,nan
in_support,none,0.0,1464245580,-0.11313851423017349,False,0.14056600351198767,0.17441110748695274,False,nan
in_support,none,0.0,1228501516,0.8841601251562876,False,0.1301821336506195,0.008769900747362613,True,0.04520693290215372
in_support,none,0.0,3688061397,0.12379132916063385,True,0.049510942118655886,0.17498311094917413,False,nan
in_support,none,0.0,2706491661,0.6474817934463784,True,8.657692191256251e-09,0.09269069741723046,True,0.12265789673494443
in_support,none,0.0,473297755,0.6683358706507493,False,0.12032805003520332,0.15515302627658245,True,0.12661857687596012
in_support,none,0.0,2025955284,-0.4750608067689044,True,0.028963673246236665,0.21068928447600122,True,0.19340176825031474
in_support,none,0.0,3444320619,0.7086350640054326,True,0.051081982113842114,0.11364771142942309,False,nan
in_support,none,0.0,4110561171,-0.05790039270334876,True,0.09550670193387549,0.11180460796103767,True,0.19937057158196173
in_support,none,0.0,1106377635,0.20928237150468693,True,0.08107921368389649,0.10757784473335752,True,0.05020259039042374
in_support,none,0.0,3074475909,1.0733518656603742,True,0.06503526191375457,0.16728068265398677,False,nan
in_support,none,0.0,3509046422,0.35974896162424436,True,0.025823076914199716,0.3079300281495798,False,nan
in_support,none,0.0,83889104,0.04638996586102598,True,0.05904916629622529,0.24421060790678742,False,nan
in_support,none,0.0,1840494689,0.3027194226663289,True,0.03684989207306242,0.12275698839918842,False,nan
in_support,none,0.0,4288349585,0.14706809799387804,True,6.067829806432158e-09,0.15581545513684109,False,nan
in_support,none,0.0,3119874795,0.1501969549053912,True,0.09867097208414544,0.1084062506834613,False,nan
in_support,none,0.0,225039833,0.1460882471423531,True,0.08133950573017669,0.23956546169964618,True,0.0891696780687812
in_support,none,0.0,2939890015,0.5068982114795682,True,0.06311777565173915,0.1868441911755237,True,0.23907362527872783
in_support,none,0.0,3800906138,1.1921918465944232,True,0.012897259554720417,0.24968412128313733,False,nan
in_support,none,0.0,2606092923,0.2264739772300541,True,0.02316062665762814,0.08275068339187844,False,nan
in_support,none,0.0,4139995270,0.7711000664907843,True,0.07856629970101228,0.17486754327601517,False,nan
in_support,none,0.0,4115628886,0.21566754301127214,True,0.011300243542760024,0.18071071176074868,False,nan
in_support,none,0.0,3911380519,0.381954854907601,True,0.024348070631115867,0.17626416104514,False,nan
in_support,none,0.0,3489597356,0.039802250061231254,False,0.16011610622435574,0.06999619594104528,False,nan
in_support,none,0.0,2368148678,1.3348002866127264,True,0.020414900588414185,0.20739915407644194,False,nan
in_support,none,0.0,1673468278,-0.30572039391907746,False,0.1281371617252681,0.2721147556236879,True,0.21178645871220492
in_support,none,0.0,2744852276,0.5694667282317647,True,0.04793340761473501,0.08082385558254329,True,0.163511362736172
in_support,none,0.0,3422717244,0.13555496600147643,False,0.1323094382593299,0.052276265667935584,False,nan
in_support,none,0.0,2027386441,0.3107329106324664,True,0.04174372609362007,0.1991899198118514,True,0.26318466195451634
in_support,none,0.0,3555328075,0.3476877343508706,True,2.58189180634102e-09,0.07849820888322956,False,nan
in_support,none,0.0,1640013721,-0.11178855802237936,True,9.047514225091281e-09,0.010041365744304268,True,0.08696052710090829
in_support,none,0.0,2124040037,0.1416990183350293,True,0.05097672483315712,0.1717631908099142,False,nan
in_support,none,0.0,4142695285,0.5704886261861621,True,0.04615684356070839,0.13340778877350856,False,nan
in_support,none,0.0,2610981337,0.7403098862512928,False,0.11176720142612145,0.12175181262855028,True,0.07528552989918713
in_support,none,0.0,207125272,-0.12090062005672988,True,6.989949394918593e-05,0.00733846311278763,True,0.0024414980819284504
in_support,none,0.0,213275598,0.9212616841716142,True,0.08490615518354978,0.24909725820535045,False,nan
in_support,none,0.0,3464491926,-0.45853738179236436,True,0.054900327553619774,0.27738330547935475,False,nan
in_support,none,0.0,174197827,0.6575720907895273,True,0.014888929971607255,0.13495867325904232,True,0.06920122488232772
in_support,none,0.0,660392554,-0.12787553136123928,True,0.02167292579594582,0.06286756019940651,True,0.009640133607558582
in_support,none,0.0,2503172942,-0.09817792599831726,True,0.017471664562920444,0.08521046069240648,False,nan
in_support,none,0.0,1539873752,0.7327940890242285,True,0.09298661166599996,0.0974201198238347,False,nan
in_support,none,0.0,2859398609,-0.06445550263061145,True,5.086067957092112e-06,0.01028292075862413,False,nan
in_support,none,0.0,1115833627,-0.5631063419919966,True,0.057526059428967505,0.01015735948447849,False,nan
in_support,none,0.0,1613987427,-0.1218650771877115,True,0.009708541269968443,0.13875019507952735,False,nan
in_support,none,0.0,2982244161,0.3685537950282539,False,0.10197370932618763,0.06127127616434891,True,0.19243056655933158
in_support,none,0.0,1655139049,0.3104750747323386,True,0.059530423589216966,0.06804414048074725,False,nan
in_support,none,0.0,3101925943,-0.2122467052853417,True,0.09102460918036909,0.11674753495121849,True,0.1190599087675495
in_support,none,0.0,2879418150,0.5178073171521833,True,0.06239615860601713,0.0017175677816630985,False,nan
in_support,none,0.0,3953618503,0.6213309109297127,False,0.12906671329316863,0.10904421751021731,False,nan
in_support,none,0.0,848222014,-0.7828528941557036,True,2.8829278300848283e-09,0.020699611156406728,True,0.03886699879679656
in_support,none,0.0,599080684,0.28229093896372903,True,0.0772273507202987,0.11528914830671746,False,nan
in_support,none,0.0,702412317,0.31432659372638444,True,0.013870460281164333,0.09518476707914189,False,nan
in_support,none,0.0,2957861947,-0.20777024565746868,True,0.04800530035720235,0.20310536890491873,True,0.06088461710375945
in_support,none,0.0,3215623857,-0.11059388271459161,False,0.15801404178132913,0.2859631901063413,False,nan
in_support,none,0.0,1200860862,0.25086553635089487,False,0.10812431373865324,0.1543143563316497,False,nan
in_support,none,0.0,2884585254,-0.7367153598992536,False,0.1200006882813813,0.05124063625510289,False,nan
in_support,none,0.0,2709902827,-0.25789157011398095,True,0.07492876508275045,0.019091069733553373,True,0.008152783232553529
in_support,none,0.0,2900618762,0.3520230452486992,True,0.026395971053888072,0.30666293719835613,False,nan
in_support,none,0.0,938607759,-0.04709519660366082,True,0.04128279681860207,0.23422134094505162,False,nan
in_support,none,0.0,1570083956,0.992139162731149,True,3.40524859687754e-09,0.23451710520775826,False,nan
in_support,none,0.0,3430992153,0.09792339110963152,True,0.08348149934522034,0.26408346655204284,True,0.2208237415371449
in_support,none,0.0,1632813404,0.6017839604128385,True,0.04986103231823382,0.14585390028226863,False,nan
in_support,none,0.0,1792027,0.8634313402415564,True,0.04037064906765286,0.07752171992838741,True,0.09699862150310123
in_support,none,0.0,1593133468,0.1876737922172245,True,0.026711202033747133,0.08833047156760243,True,0.1678864942339157
in_support,none,0.0,735889340,0.5421248630697065,True,0.09756753508512761,0.04616741435834981,False,nan
in_support,none,0.0,3277993933,0.44049089110606754,True,0.005141304658975127,0.22604676645713248,True,0.1296487090380592
in_support,none,0.0,1305185195,0.21336240882024032,True,0.014620515215498103,0.16514955875928286,True,0.1474381323035041
in_support,none,0.0,405321212,1.0748163552044554,True,0.03498287687551735,0.23556681975315474,False,nan
in_support,none,0.0,513405586,-0.4146014879655525,True,0.09300586963567349,0.1643328151752499,False,nan
in_support,none,0.0,2143837255,-0.2826298926510695,True,0.0008983679678840504,0.01152358462664077,True,0.004430527211343682
in_support,none,0.0,2754119057,0.35554448657119386,True,0.026931017396226258,0.07305340931650733,False,nan
in_support,none,0.0,2236430662,-0.23495168945053735,True,1.0531650570802335e-08,0.09769504229794335,True,0.16003721237461255
in_support,none,0.0,2340379310,0.5050986155013125,True,0.06989186494131597,0.05150320558051391,True,0.027997793144481753
in_support,none,0.0,461801542,-0.49171288353894504,True,0.04536152257954792,0.014303263221120854,True,0.16005262210297266
in_support,none,0.0,4277204880,0.36567943694902644,False,0.13535795377012583,0.14586857330473946,False,nan
in_support,none,0.0,985799160,-0.2701295697994508,False,0.10008539753622266,0.10734537966111635,False,nan
in_support,none,0.0,1886406940,0.7247036604915822,False,0.17515378745566643,0.014670042290075513,False,nan
in_support,none,0.0,3548097643,0.6555120634082489,False,0.10728051688884388,0.14136217328115663,False,nan
in_support,none,0.0,1469397380,0.16676964932640076,True,0.03432245318947116,0.055188154587424626,True,0.2099349473741861
in_support,none,0.0,3279841792,0.7210295321402986,True,0.006861105578221953,0.024684374119831265,True,0.04876743164770492
in_support,none,0.0,3924496903,-0.7809437415460864,True,0.09125645384927225,0.11652654766475157,False,nan
in_support,none,0.0,319315886,0.7553146236782062,True,0.012282410728415358,0.2610147324253263,True,0.364835792648421
in_support,none,0.0,4113539683,0.34064335443378685,True,0.04978061047168516,0.053719128969414165,False,nan
in_support,none,0.0,3965266318,0.5184144085329672,True,0.04670619618789407,0.41050432008066745,False,nan
in_support,none,0.0,2492836691,-0.025934636805834854,False,0.10583199600406684,0.3283729219102581,True,0.2389581756904426
in_support,none,0.0,406429335,0.988498503712341,True,0.01004280721946883,0.00184549430175307,True,0.011533655299655665
in_support,none,0.0,3414678991,0.2983020119410694,False,0.124552843649943,0.2258414843909614,False,nan
in_support,none,0.0,3010554774,0.35471699937957657,True,3.373952527319143e-09,0.3083951181838903,False,nan
in_support,none,0.0,1844338954,-0.15172560985515426,False,0.10728902630070392,0.09401585474644811,False,nan
in_support,none,0.0,485839056,0.32910478848241836,True,0.016751662764420534,0.00542415955735176,False,nan
in_support,none,0.0,2567243138,0.903838166903745,True,0.06548434495331547,0.1537933277179806,False,nan
in_support,none,0.0,214187295,1.4223534289148707,True,0.039540849095801044,0.22666781035747596,False,nan
in_support,none,0.0,1073762544,1.370796472949538,True,0.05369097148627775,0.20307426551604912,True,0.16573684288779256
in_support,none,0.0,3431023982,0.854559072471881,False,0.11794952730426891,0.4631809080293438,False,nan
in_support,none,0.0,2397467756,-0.5694265256975868,True,0.0585698714592263,0.05699859449630151,False,nan
in_support,none,0.0,3389092152,-0.07960031067474183,True,0.01141993262622482,0.0633620291744183,True,0.06321047246033876
in_support,none,0.0,2365682487,-0.10036807521628974,False,0.18095110832078376,0.10366522388204744,True,0.1755573601496194
in_support,none,0.0,54232908,0.40439941357865006,True,0.04605967249417908,0.15073955757783958,False,nan
in_support,none,0.0,2911134965,0.5282256765943945,True,2.288769463792188e-09,0.09885553799015412,True,0.11527100939285861
in_support,none,0.0,858127464,0.5327927190703301,True,0.026923343640278083,0.05650083710891135,False,nan
in_support,none,0.0,2337130213,0.40039200475101533,True,0.01914108296514248,0.1311690641673557,True,0.0908575360592907
in_support,none,0.0,2694526833,1.0259032452614574,True,0.007262047363915068,0.18614083417900018,True,0.20364478584646917
in_support,none,0.0,1610762002,1.0894003653820723,True,0.03814652643370028,0.1583133352671715,True,0.2633410442426546
in_support,none,0.0,142501645,1.3298125682375344,True,0.03675703937272104,0.04114670534563558,True,0.053721857300933706
in_support,none,0.0,3495557916,0.19704235168977216,True,0.0378866606269106,0.11028993608266471,False,nan
in_support,none,0.0,2049653931,1.3103781298758532,False,0.10818329328214407,0.19262648612847055,False,nan
in_support,none,0.0,3084336779,0.461368798167314,True,0.08475113423307527,0.1973598876936013,False,nan
in_support,none,0.0,3321157363,-0.4078343327483647,True,0.0417899059039046,0.10953404336694189,False,nan
in_support,none,0.0,4293160946,0.3527885551396481,True,0.037532744455037605,0.19688555095400395,False,nan
in_support,none,0.0,1507971064,-0.5951367118063818,True,0.04021826239456853,0.0547360400085084,False,nan
in_support,none,0.0,2119249755,0.18104575401556433,True,0.04046455708603611,0.19667118768966296,True,0.19987944595652296
in_support,none,0.0,2269290465,-0.0604695297955572,True,0.04288483209027162,0.16538555284247303,False,nan
in_support,none,0.0,2426722015,0.10890531883645654,True,0.0047018134225371025,0.015151647203908047,False,nan
in_support,none,0.0,3256194488,0.37614401912562034,True,0.050996409993267953,0.01702515114629677,True,0.03143987191779973
in_support,none,0.0,2000798488,0.817501911472963,True,0.034242015063737044,0.007217056034680702,True,0.07664030309479541
in_support,none,0.0,4005330680,1.0736491059299287,True,0.06670421870350324,0.08752141536561475,True,0.011241332398789439
in_support,none,0.0,3092205749,-0.7911085283343264,True,0.06963797616689966,0.029007766871485097,True,0.042567047005674485
in_support,none,0.0,110303868,0.3349477856493379,True,0.03437088692663808,0.3015526097649176,False,nan
in_support,none,0.0,630393294,0.5367340660202864,True,4.499681742960519e-09,0.21253353191645386,True,0.21716717539712183
in_support,none,0.0,665284790,-0.6828950294296433,True,0.05682482751777448,0.011696359788166966,True,0.03823649710931043
in_support,none,0.0,305033245,0.30803980980431933,False,0.10858699914944474,0.026268769270907932,False,nan
in_support,none,0.0,2779639598,0.3446497427985318,True,0.01652257466749924,0.22542643365789883,True,0.20073463254533896
in_support,none,0.0,649026974,0.576549884115571,True,0.008399600216573993,0.12617124191888973,True,0.09257130208516368
in_support,none,0.0,3468107222,0.7211142474363297,False,0.10748154997234619,0.03590299477965753,False,nan
in_support,none,0.0,285525981,0.9808352290353113,True,0.08563622028455378,0.08257804670185787,False,nan
in_support,none,0.0,1821048083,0.9283205684211797,True,0.04574784051532197,0.18654193322993062,False,nan
in_support,none,0.0,483935278,0.2932940658887821,True,0.08302923361485481,0.09144050401772691,False,nan
in_support,none,0.0,3544019257,1.2041112603128352,True,2.799570696924166e-09,0.32694139813866774,False,nan
in_support,none,0.0,1945118277,1.0543482611911577,False,0.1567825174088252,0.26859468497098693,False,nan
in_support,none,0.0,1463768586,0.19432795241856363,False,0.11050171982703418,0.25444771369107927,False,nan
in_support,none,0.0,1369653046,-0.31182893155668945,False,0.11468356846182885,0.10183569303748646,True,0.1610042303209257
in_support,none,0.0,3345875480,1.0501534592844937,True,0.07929392196467645,0.004667674655769005,True,0.07698002731881193
in_support,none,0.0,1656224898,-0.8010728800685143,True,0.08545127171348983,0.0377941857195625,True,0.06609532826369391
in_support,none,0.0,3122318448,-0.11839704652329669,True,0.025928237067157987,0.14678510916212506,False,nan
in_support,none,0.0,1557551885,1.1258182125589686,True,0.056297909019975896,0.1349072129392408,True,0.19783231863883055
in_support,none,0.0,3528251692,-0.3030620757227003,True,1.1422823416008202e-06,0.00159444089306221,False,nan
in_support,none,0.0,1130712367,-0.2677169428124996,True,0.03840692996891254,0.009521471786965607,True,0.07168878270360174
in_support,none,0.0,1466808332,0.8658390824059083,True,0.0013777293391853624,0.31229026288485284,False,nan
in_support,none,0.0,2399444111,0.8343783327596069,True,0.035475703576261675,0.21642617828681376,False,nan
in_support,none,0.0,2004624852,-0.2880841106909139,True,1.9659656021295813e-09,0.07535545361871832,True,0.06815314551134855
in_support,none,0.0,2311775499,-0.21602954296137145,True,1.7157524355790173e-09,0.09131503162658233,False,nan
in_support,none,0.0,1327483303,0.9609714561984317,True,0.04386415106845819,0.19984815772360953,True,0.1704605832026027
in_support,none,0.0,49541770,-0.31686963810341173,True,0.028273848887864602,0.02730049122874123,True,0.05757561057752303
in_support,none,0.0,3233817237,0.06566541933025677,True,0.09231691782910294,0.1553364150632936,False,nan
in_support,none,0.0,1163809928,-0.6062887535052541,True,0.044808938626122105,0.01943341276624677,False,nan
in_support,none,0.0,1563983401,-0.4204039333824263,False,0.11095090443858935,0.05692877762761395,False,nan
in_support,none,0.0,3038300453,0.2340362785735044,True,0.059916088702154514,0.0613321317179199,True,0.07726918300527524
in_support,none,0.0,1096428400,1.039311066014633,True,0.019896456588358733,0.06367557619722808,True,0.009151003807555957
in_support,none,0.0,2504458027,1.0182293179627926,True,0.0258548059041071,0.17722422485843647,True,0.13964163446957878
in_support,none,0.0,2728579109,0.2905105550165281,False,0.13466569064263487,0.01284790532197555,True,0.0029458378757762915
in_support,none,0.0,4276641887,0.5695536372745935,True,2.5259475805831527e-09,0.028623485397673565,False,nan
in_support,none,0.0,1817339527,0.44575745517709897,True,0.04775528114674881,0.0430636691277243,True,0.0672283394464892
in_support,none,0.0,2175056456,0.5199041153362693,True,0.06870433052437731,0.1034879563154526,True,0.11126231487619709
in_support,none,0.0,3884148962,-0.15874747614206644,True,0.005985206869188332,0.06700416384659869,False,nan
in_support,none,0.0,2928605796,0.235997954561805,True,0.017767940104459517,0.04059148192988915,False,nan
in_support,none,0.0,2071183473,0.6893978112544347,True,0.002256404787088105,0.4216291550495596,False,nan
observable_shift,target_shift_fraction,0.25,2677833178,0.5725788909885323,True,0.09447630657009996,0.1925565513334963,False,nan
observable_shift,target_shift_fraction,0.25,1281712813,0.39572259283816125,True,0.07572465676225698,0.055826496842793505,False,nan
observable_shift,target_shift_fraction,0.25,3487909968,1.2450599301752687,True,0.020953895347527663,0.08441046002782726,True,0.07214272897700447
observable_shift,target_shift_fraction,0.25,2386501663,0.40156836215165675,True,2.993020929460302e-09,0.12874176411038996,False,nan
observable_shift,target_shift_fraction,0.25,3004564117,0.020930639922843886,True,0.0037664989817852786,0.305864393756806,False,nan
observable_shift,target_shift_fraction,0.25,1155426126,1.4106605600104005,True,0.009645412768652304,0.2835163107593841,True,0.29668689084923017
observable_shift,target_shift_fraction,0.25,1047766180,0.3508925769194869,True,0.09019158711323241,0.2021367035841949,True,0.13266289212780386
observable_shift,target_shift_fraction,0.25,2305837828,0.4200005931774101,True,0.08945147624445937,0.07098071825386837,False,nan
observable_shift,target_shift_fraction,0.25,1695844812,0.4768261279804217,True,0.05332937816839316,0.04354591171611161,True,0.00039164958344750644
observable_shift,target_shift_fraction,0.25,2786027286,0.013717190437212756,False,0.1799472213772989,0.1620781486618641,False,nan
observable_shift,target_shift_fraction,0.25,3097681542,1.297153326781344,False,0.1518656184055302,0.3445526719424029,False,nan
observable_shift,target_shift_fraction,0.25,4115328174,0.9993046658936547,False,0.23182816507136647,0.260874917357638,False,nan
observable_shift,target_shift_fraction,0.25,1454055543,1.0484928482569442,True,0.004437436845824395,0.09370705657118217,True,0.09070164370057843
observable_shift,target_shift_fraction,0.25,2411002767,0.013227768327283257,True,0.07396967257464582,0.23654296223871898,True,0.2602470830059477
observable_shift,target_shift_fraction,0.25,1573892640,0.48098547743906894,True,0.030411903400188824,0.2075820148452216,False,nan
observable_shift,target_shift_fraction,0.25,2060761875,0.3993498509029513,False,0.12581458517962954,0.17718204316715774,True,0.15832835297737635
observable_shift,target_shift_fraction,0.25,1774738890,0.5744912864045637,False,0.1683647190213876,0.34918828784153433,False,nan
observable_shift,target_shift_fraction,0.25,1706799136,0.3482606229195733,True,0.09979109001495741,0.0871084129807404,False,nan
observable_shift,target_shift_fraction,0.25,2160834037,-0.21358301107924696,True,0.03854775906576862,0.37193264265418735,False,nan
observable_shift,target_shift_fraction,0.25,2310085140,0.7640262204658081,True,0.02246612619031017,0.27974832720676174,False,nan
observable_shift,target_shift_fraction,0.25,1074751164,1.1045817747487838,False,0.15751059769410375,0.0023405047653262123,False,nan
observable_shift,target_shift_fraction,0.25,3240279489,0.5754707446501749,True,0.060094477372132665,0.09654158667352408,False,nan
observable_shift,target_shift_fraction,0.25,3604455055,0.8205685678281041,True,0.09692867341544359,0.17053961206285073,False,nan
observable_shift,target_shift_fraction,0.25,2896652288,0.07205264415601725,True,0.07108848964574567,0.21315537813977709,True,0.22904371097072224
observable_shift,target_shift_fraction,0.25,326610693,1.2859313492230608,False,0.13475121884024663,0.25180187080022476,False,nan
observable_shift,target_shift_fraction,0.25,3117484034,0.5943532121042991,True,0.09750510916649069,0.06521025592867269,True,0.12677470374603228
observable_shift,target_shift_fraction,0.25,3623615935,0.6011545534134914,True,0.05956170585532878,0.2544078657954435,False,nan
observable_shift,target_shift_fraction,0.25,3488490448,0.27102779291182977,True,0.008428746259481642,0.13508051090895393,False,nan
observable_shift,target_shift_fraction,0.25,1510700040,0.48561571255592284,False,0.1346234195110703,0.07272643589845096,False,nan
observable_shift,target_shift_fraction,0.25,1142696772,0.2139148425938589,True,0.07287007324771999,0.12113458122566179,True,0.10996793959197315
observable_shift,target_shift_fraction,0.25,178387293,1.1851075621802267,False,0.32549271049269,0.5556459652537018,False,nan
observable_shift,target_shift_fraction,0.25,492842919,1.2179168650323835,False,0.22422287061308452,0.3760721014645656,False,nan
observable_shift,target_shift_fraction,0.25,3849981874,1.1611261909533206,False,0.37141019717221113,0.173146804587738,False,nan
observable_shift,target_shift_fraction,0.25,3721218067,0.8347960500567744,True,0.04403062044449459,0.11588690825779002,False,nan
observable_shift,target_shift_fraction,0.25,508998501,1.1525415522011913,True,0.005163058581309257,0.1592649581700385,False,nan
observable_shift,target_shift_fraction,0.25,2382633215,0.8166849140515886,False,0.19370499833257862,0.14877292872855508,False,nan
observable_shift,target_shift_fraction,0.25,1725931368,0.14440589396986103,True,0.04000208055355983,0.06159936217862588,True,0.06401697598766215
observable_shift,target_shift_fraction,0.25,2860809577,1.0363061802072866,False,0.16446134097837883,0.15736642430810766,True,0.0716505834389124
observable_shift,target_shift_fraction,0.25,3233623648,0.34488700689368507,False,0.24333895743884137,0.300935281747852,False,nan
observable_shift,target_shift_fraction,0.25,819121142,0.7099112751812563,False,0.13627130785017244,0.2603248779457713,True,0.24523079409533255
observable_shift,target_shift_fraction,0.25,1462370149,1.3164899357646875,True,0.045495672819284266,0.3065723995024576,False,nan
observable_shift,target_shift_fraction,0.25,279033147,1.2942719846809823,False,0.13300535433569602,0.2724792059850478,False,nan
observable_shift,target_shift_fraction,0.25,1083578791,0.6244433621252078,False,0.2596340829878072,0.28079884844480246,False,nan
observable_shift,target_shift_fraction,0.25,1990271029,0.27910292222479377,True,0.05458303613221759,0.13293966562992537,False,nan
observable_shift,target_shift_fraction,0.25,82992502,0.8721308506300329,False,0.24973081896794802,0.2548732398929543,False,nan
observable_shift,target_shift_fraction,0.25,1106247676,1.0659358462456632,False,0.14121488802969423,0.06583679248056806,False,nan
observable_shift,target_shift_fraction,0.25,3942240020,0.9832825811700107,True,0.07737318455700226,0.18488926499526936,True,0.17717467137297305
observable_shift,target_shift_fraction,0.25,616377821,1.2648791131052741,False,0.2837652335844859,0.02454432431315201,False,nan
observable_shift,target_shift_fraction,0.25,3593560823,1.1133633322222871,True,0.04470864846268829,0.0006009152703485565,True,0.021895008083595346
observable_shift,target_shift_fraction,0.25,1201477757,0.3664325808706935,False,0.13602932047073577,0.20383695651242623,False,nan
observable_shift,target_shift_fraction,0.25,3906355938,0.5629729741763366,False,0.13869740069796788,0.33994105557264187,False,nan
observable_shift,target_shift_fraction,0.25,3440022357,0.6791382360436962,False,0.14382130342301863,0.03288029314035956,True,0.12295421262808237
observable_shift,target_shift_fraction,0.25,4045302479,0.6640480170621578,False,0.15816625642048918,0.23939287664650716,False,nan
observable_shift,target_shift_fraction,0.25,1908772117,0.5983135250615716,False,0.28987297743862606,0.343861215452629,False,nan
observable_shift,target_shift_fraction,0.25,2655439963,0.28665113427952776,True,0.08992910743992304,0.06594760967751165,True,0.08355895606396949
observable_shift,target_shift_fraction,0.25,135748390,1.3924080332717161,True,0.09412376717854608,0.13013012168275795,False,nan
observable_shift,target_shift_fraction,0.25,2827496414,1.080159503976968,False,0.25812636550062007,0.5071556920645738,False,nan
observable_shift,target_shift_fraction,0.25,2909800768,0.4297757832251847,False,0.11140343438764663,0.2865261603935195,False,nan
observable_shift,target_shift_fraction,0.25,877543206,0.6042037650243711,False,0.20639438933641643,0.41627850430291496,False,nan
observable_shift,target_shift_fraction,0.25,1908152789,0.31916997251489754,True,0.024427882575213437,0.05783185728527751,False,nan
observable_shift,target_shift_fraction,0.25,1060939626,0.7062807175888329,True,0.03365201408228841,0.37666024880592175,False,nan
observable_shift,target_shift_fraction,0.25,1900996512,0.8434071062914777,False,0.21363031956596246,0.09035579986539333,False,nan
observable_shift,target_shift_fraction,0.25,928762088,0.4069833376719333,False,0.20650445337431197,0.5732289839379276,False,nan
observable_shift,target_shift_fraction,0.25,796952781,0.7093840602781712,False,0.353159989591999,0.23561728563202117,False,nan
observable_shift,target_shift_fraction,0.25,3164967480,0.9346128600311956,True,0.0808600172923405,0.15209783097499285,True,0.2232099118451536
observable_shift,target_shift_fraction,0.25,523827857,0.5224519267951571,True,0.024987870005685052,0.03224103938788059,True,0.004479671775660998
observable_shift,target_shift_fraction,0.25,3325644052,0.8427965837624899,False,0.25619068781286486,0.17367814887497446,False,nan
observable_shift,target_shift_fraction,0.25,2015479778,0.909966013126204,False,0.15567807452291338,0.025001305089900727,True,0.11270529913938776
observable_shift,target_shift_fraction,0.25,2968837644,1.314651055483496,False,0.2120833226812685,0.10545669704125893,False,nan
observable_shift,target_shift_fraction,0.25,1399772247,1.1094675353338184,True,0.04940014423517077,0.2051122321671156,False,nan
observable_shift,target_shift_fraction,0.25,1454237373,0.05208024965659536,False,0.10967756545292022,0.03433110474165982,False,nan
observable_shift,target_shift_fraction,0.25,3048081098,1.0776061947087534,False,0.23334971388974654,0.4240820481248725,False,nan
observable_shift,target_shift_fraction,0.25,1580515957,0.7930524412285599,False,0.28375465921213716,0.3736031120138956,False,nan
observable_shift,target_shift_fraction,0.25,711684794,0.8898202470880595,True,7.421337113704876e-09,0.1805302006888102,True,0.16410981318664952
observable_shift,target_shift_fraction,0.25,3220388410,0.5089563297542871,True,5.421598288610423e-09,0.24563026230630308,True,0.24362699320987902
observable_shift,target_shift_fraction,0.25,3556829411,1.3299977955373978,True,4.367203105332339e-09,0.2798018571460503,False,nan
observable_shift,target_shift_fraction,0.25,1348888452,0.3418419368063236,False,0.2799172881782186,0.39647694546223505,False,nan
observable_shift,target_shift_fraction,0.25,3979028506,0.17138785409345048,True,0.01304195359947751,0.18207708941081274,True,0.23465921671279333
observable_shift,target_shift_fraction,0.25,1914270619,0.7976982041662602,False,0.24784278206172933,0.1650555764111259,False,nan
observable_shift,target_shift_fraction,0.25,3481935216,0.5679534595844844,True,0.03879372537631338,0.09776260834288675,True,0.09229462334408811
observable_shift,target_shift_fraction,0.25,1430572957,0.6649297760424915,True,0.03296762192392797,0.03355309924007466,False,nan
observable_shift,target_shift_fraction,0.25,1947701710,0.7335536796082078,False,0.1710710538775626,0.04632523346734907,False,nan
observable_shift,target_shift_fraction,0.25,2456049852,0.2055261828255301,False,0.1362892153811264,0.010595914313204835,True,0.03740606418060183
observable_shift,target_shift_fraction,0.25,759288724,0.8740218274014062,True,1.298711951984939e-09,0.10661023381905765,False,nan
observable_shift,target_shift_fraction,0.25,1644785168,0.8480876271889916,False,0.2601248758398045,0.29866993854511303,False,nan
observable_shift,target_shift_fraction,0.25,4039870780,0.3390868108823161,False,0.2550506219736065,0.3635656148400307,False,nan
observable_shift,target_shift_fraction,0.25,851189045,0.9308450861306264,True,0.08299645652573749,0.059263597356462916,True,0.02040336369362461
observable_shift,target_shift_fraction,0.25,791746247,0.7558914580111211,False,0.28348270037129725,0.5166038754327719,False,nan
observable_shift,target_shift_fraction,0.25,1286954231,0.9954116975115663,True,0.08623070740765074,0.24365584460562306,True,0.1551848494203918
observable_shift,target_shift_fraction,0.25,325290167,1.3672921336301629,True,0.06869801415820352,0.10665160615568636,True,0.03485920685900612
observable_shift,target_shift_fraction,0.25,4025410928,0.354292597657225,False,0.10947829845347588,0.09492148808479561,False,nan
observable_shift,target_shift_fraction,0.25,3511323955,1.0738447343494189,False,0.1383261451964141,0.15210182621889423,False,nan
observable_shift,target_shift_fraction,0.25,2698600551,0.5396742383499059,False,0.11120590146329946,0.3511363566283594,True,0.2599145380331122
observable_shift,target_shift_fraction,0.25,1827747354,0.25078696344356843,False,0.16583391761073132,0.24260477136559336,False,nan
observable_shift,target_shift_fraction,0.25,486191731,1.1934117542656466,False,0.13163508662182655,0.35205153915035625,False,nan
observable_shift,target_shift_fraction,0.25,4086069751,1.3624487960106781,False,0.12542961702959038,0.3598721400913447,True,0.3448096228114883
observable_shift,target_shift_fraction,0.25,1437800111,1.058095970243783,True,0.08336689556847689,0.10039978130725835,True,0.07103560202865555
observable_shift,target_shift_fraction,0.25,89173083,-0.04547046603298044,False,0.47025156232221976,0.67765536027042,False,nan
observable_shift,target_shift_fraction,0.25,828825347,0.7200243242348258,False,0.37341728757062104,0.20534764427142338,False,nan
observable_shift,target_shift_fraction,0.25,3968990376,0.1635102565658626,False,0.3399687897822555,0.4795934346195143,False,nan
observable_shift,target_shift_fraction,0.25,158942113,0.6986457815567255,False,0.11794691341356546,0.13872468147813688,True,0.15964338286191704
observable_shift,target_shift_fraction,0.25,4177355812,0.05473050335922994,False,0.13735506296180494,0.22742788944383693,False,nan
observable_shift,target_shift_fraction,0.25,2485871614,0.673025540403902,True,0.051902734240900375,0.10374830762725573,True,0.14082132194445673
observable_shift,target_shift_fraction,0.25,4006297642,0.7734192080610214,False,0.3032889008391168,0.5659814097926104,False,nan
observable_shift,target_shift_fraction,0.25,667414486,0.13582626941161982,True,0.08384259726691558,0.21529176582662496,True,0.15371598089444796
observable_shift,target_shift_fraction,0.25,841647671,1.1494431826310434,False,0.1891373383031142,0.47998673609802067,False,nan
observable_shift,target_shift_fraction,0.25,4117971869,0.45720665744902567,False,0.10519745932323923,0.22796809082750663,False,nan
observable_shift,target_shift_fraction,0.25,1272413943,0.21397408156912207,False,0.14467685658800927,0.03660074516537082,False,nan
observable_shift,target_shift_fraction,0.25,2609230375,0.6045429371408859,True,0.02199061007959634,0.027796579163871793,False,nan
observable_shift,target_shift_fraction,0.25,619460095,1.2065531535832426,False,0.23023849896870427,0.44941854008695037,False,nan
observable_shift,target_shift_fraction,0.25,1125621397,0.3153819644795334,True,0.020308228963453075,0.04085205251301438,True,0.054774130177959235
observable_shift,target_shift_fraction,0.25,550645404,0.6929618428698395,False,0.3398666583150159,0.009655251545778065,False,nan
observable_shift,target_shift_fraction,0.25,1835111514,0.21296710621587384,False,0.29713189580680605,0.1287614460272609,False,nan
observable_shift,target_shift_fraction,0.25,3074278122,0.6770193660463488,False,0.1983764791952752,0.4629787885782744,False,nan
observable_shift,target_shift_fraction,0.25,194439303,0.7844103777319947,True,0.0688730876471907,0.23465690381741056,False,nan
observable_shift,target_shift_fraction,0.25,1366284372,0.5769671043154174,False,0.3174334387685828,0.33409586593429086,False,nan
observable_shift,target_shift_fraction,0.25,3339400371,0.6855977100715754,False,0.2275785209694451,0.005794634436592339,False,nan
observable_shift,target_shift_fraction,0.25,1330713911,0.31221809561595887,True,0.06528315251460523,0.14958516311159498,True,0.24433030923584573
observable_shift,target_shift_fraction,0.25,1517844698,0.7557263105443737,True,0.09245956300673627,0.17754244311444967,False,nan
observable_shift,target_shift_fraction,0.25,3610002584,0.15793794091485977,True,0.03230925944514265,0.12478067066389505,True,0.13113039257420245
observable_shift,target_shift_fraction,0.25,1539214344,0.9440937042515879,True,0.09637888060921074,0.2720480584782302,False,nan
observable_shift,target_shift_fraction,0.25,1049842580,0.5094560498615319,True,0.09585096986474655,0.08760528929132716,False,nan
observable_shift,target_shift_fraction,0.25,2205281440,0.267608360810571,True,0.03823669489997613,0.14126844094975258,True,0.09380233589794093
observable_shift,target_shift_fraction,0.25,3401576095,0.3893829055068857,False,0.18647859085887572,0.16623444397239012,False,nan
observable_shift,target_shift_fraction,0.25,2374038946,0.6105252603962827,False,0.10852505784819574,0.11108081510130013,False,nan
observable_shift,target_shift_fraction,0.25,1414689278,-0.1560972106369752,False,0.21315893385379828,0.08041979259109905,False,nan
observable_shift,target_shift_fraction,0.25,556514102,0.7670685931545804,False,0.283108446735719,0.28712819392151,False,nan
observable_shift,target_shift_fraction,0.25,4145638518,0.8303566786922736,True,0.056514008275149276,0.444665532249194,False,nan
observable_shift,target_shift_fraction,0.25,2464607395,0.8387073548382911,False,0.18276685950204688,0.29302864939783224,False,nan
observable_shift,target_shift_fraction,0.25,3408440641,1.0469357610612333,False,0.12357197907631323,0.09813420086242974,False,nan
observable_shift,target_shift_fraction,0.25,1995465978,0.8637947201497582,False,0.18779161692350868,0.4257172779076315,False,nan
observable_shift,target_shift_fraction,0.25,4246817070,0.48611240646985876,False,0.14841266625194496,0.1582551025788137,False,nan
observable_shift,target_shift_fraction,0.25,3179101447,1.631821507918382,True,0.04063492015303088,0.019558311053811783,True,0.1457019835318074
observable_shift,target_shift_fraction,0.25,1285530946,-0.06513174109141512,False,0.18345018593365733,0.33357021730182973,False,nan
observable_shift,target_shift_fraction,0.25,2491692207,0.3435943415183468,False,0.11095394679596013,0.13983174556240002,False,nan
observable_shift,target_shift_fraction,0.25,515707094,0.4787518769997754,False,0.40724086207571536,0.6330312114319352,False,nan
observable_shift,target_shift_fraction,0.25,4094182526,0.35634507300567647,False,0.15612804666651495,0.5896326098272398,False,nan
observable_shift,target_shift_fraction,0.25,1380933057,1.2088049360288076,False,0.14231786849904263,0.31579605998404514,False,nan
observable_shift,target_shift_fraction,0.25,330331928,0.04953774047840852,False,0.2438976956884524,0.017871548312193244,False,nan
observable_shift,target_shift_fraction,0.25,815726495,1.4728656133189375,True,0.09948346619848394,0.3327358239858209,False,nan
observable_shift,target_shift_fraction,0.25,2691583894,0.5865718529697499,False,0.17389992787628356,0.42662977245431527,False,nan
observable_shift,target_shift_fraction,0.25,3078808385,1.2857602974779307,True,0.07009896365272147,0.11490126449477556,True,0.0767563109915066
observable_shift,target_shift_fraction,0.25,2947486686,0.25131335407498345,True,0.09606623991580772,0.36600014269278913,False,nan
observable_shift,target_shift_fraction,0.25,2962106907,0.8529619271643912,True,0.041319165772735825,0.20393285541716522,True,0.1405592052788739
observable_shift,target_shift_fraction,0.25,1854020892,1.0373177516611911,False,0.153743376357258,0.13119645188098494,False,nan
observable_shift,target_shift_fraction,0.25,3420367126,0.7375521889219276,False,0.1541282449013118,0.1837259383058143,True,0.21298596079623766
observable_shift,target_shift_fraction,0.25,1311852015,0.05896944753560693,False,0.36286901393024656,0.4249721475685324,False,nan
observable_shift,target_shift_fraction,0.25,2577014553,1.1821970546023424,True,0.07753734380547338,0.029443576651860592,True,0.031011297475044497
observable_shift,target_shift_fraction,0.25,3311143617,1.180941221432812,True,0.022048590866672175,0.17897070870407883,True,0.2711702442451118
observable_shift,target_shift_fraction,0.25,2784230348,0.3673602987288117,False,0.1313416537869578,0.02040794848794103,True,0.05381299000602735
observable_shift,target_shift_fraction,0.25,3448502038,1.1373462361212532,False,0.17809815411903393,0.11421828006165424,False,nan
observable_shift,target_shift_fraction,0.25,692501881,0.3235934693560162,False,0.13339448361132777,0.3910078962246263,False,nan
observable_shift,target_shift_fraction,0.25,707929578,0.9721818947289401,False,0.23851814177206218,0.06068895714022149,False,nan
observable_shift,target_shift_fraction,0.25,3850068178,0.569745517973535,False,0.19622724792536275,0.5339636785555055,False,nan
observable_shift,target_shift_fraction,0.25,1098717633,0.5022357625515996,False,0.23661517491864767,0.43408409146449556,False,nan
observable_shift,target_shift_fraction,0.25,1301877926,0.19009694656875142,True,0.07209530557723516,0.1758533643656491,True,0.15160619948234097
observable_shift,target_shift_fraction,0.25,3440263489,1.0798421516623171,False,0.13263495306979792,0.0034887417412998722,True,0.02980287030604778
observable_shift,target_shift_fraction,0.25,562683644,0.5059730567731956,False,0.1302000742987968,0.13492643648062624,False,nan
observable_shift,target_shift_fraction,0.25,1581802689,0.8103414255155788,False,0.18305400806929148,0.2152490534562399,False,nan
observable_shift,target_shift_fraction,0.25,3206872446,0.5951280231524027,False,0.1779345965973921,0.10709171707025444,False,nan
observable_shift,target_shift_fraction,0.25,318619982,0.5698796263621898,True,0.008674598477765682,0.20378392146830404,False,nan
observable_shift,target_shift_fraction,0.25,122044157,0.5345602614735037,True,0.06564041691105607,0.15738654840247024,True,0.1585106339156832
observable_shift,target_shift_fraction,0.25,2952514862,1.8129051406306378,False,0.45591054088116045,0.3855024087662582,False,nan
observable_shift,target_shift_fraction,0.25,2237354163,0.4303062218255509,False,0.1903837186504435,0.10340602263464072,False,nan
observable_shift,target_shift_fraction,0.25,4276846344,0.5591734555816956,False,0.15418118918714027,0.22355156477292526,True,0.20276156422387165
observable_shift,target_shift_fraction,0.25,3672173539,0.44936235414524295,False,0.25114735173668407,0.3207726446317504,False,nan
observable_shift,target_shift_fraction,0.25,1220864645,1.0495031144384779,False,0.2120475082422664,0.4527749564048238,False,nan
observable_shift,target_shift_fraction,0.25,4006029662,0.7543093042485465,False,0.261116231306626,0.11817772931656478,False,nan
observable_shift,target_shift_fraction,0.25,3779742371,0.1356076870887322,False,0.25702354954190826,0.4301794704678462,False,nan
observable_shift,target_shift_fraction,0.25,4046510400,0.6949126950883887,False,0.19879486621881742,0.25791294694812483,False,nan
observable_shift,target_shift_fraction,0.25,822615928,0.6174196514336193,False,0.4240281962040899,0.1681342180377906,False,nan
observable_shift,target_shift_fraction,0.25,1452266100,0.5686578204866972,False,0.17160362283517608,0.18841217553964118,True,0.1933014216692075
observable_shift,target_shift_fraction,0.25,697524302,1.4209443044349483,False,0.2009349005901482,0.20704264511484372,True,0.20855928045541727
observable_shift,target_shift_fraction,0.25,168868093,1.3891888396742482,False,0.11142284746419806,0.04465423131484747,False,nan
observable_shift,target_shift_fraction,0.25,628296878,0.09764382518590459,False,0.10185530931395641,0.06385889148317028,False,nan
observable_shift,target_shift_fraction,0.25,2721160125,-0.27047630075525125,False,0.18630015107892786,0.17860889011213682,False,nan
observable_shift,target_shift_fraction,0.25,1069434714,0.787909118532205,True,0.07243278189887098,0.014688091915402546,True,0.02132901559701994
observable_shift,target_shift_fraction,0.25,3418815102,0.937963810958661,False,0.2984291511270005,0.4262282341679128,False,nan
observable_shift,target_shift_fraction,0.25,205508980,0.45878210341488246,False,0.15236405167079173,0.3796607145004696,False,nan
observable_shift,target_shift_fraction,0.25,941119217,1.5890863097720531,False,0.15450044991429485,0.056175682691010476,True,0.1025946970425562
observable_shift,target_shift_fraction,0.25,326477590,0.7557394728880145,True,0.052442671293211805,0.11064191794628164,True,0.12724542504451852
observable_shift,target_shift_fraction,0.25,1372681472,1.1677433105952844,True,0.08399269606046637,0.10576401584286743,False,nan
observable_shift,target_shift_fraction,0.25,1976394898,0.297444610646574,True,0.08494800521910753,0.15939786479633034,True,0.14611945994665526
observable_shift,target_shift_fraction,0.25,4003048136,1.3108136710281546,False,0.17276832052679375,0.16528021299609508,False,nan
observable_shift,target_shift_fraction,0.25,1856293818,0.9204940436961084,True,0.08538392657033969,0.2745080152652618,False,nan
observable_shift,target_shift_fraction,0.25,4119272429,0.4530017526486163,False,0.18427534401375947,0.3154973344181068,False,nan
observable_shift,target_shift_fraction,0.25,1700777630,1.047338627855852,True,0.05164783915412699,0.021932386737533616,True,0.10406481932763911
observable_shift,target_shift_fraction,0.25,783132704,0.45930372800767993,False,0.34582863040690515,0.03130330032308848,False,nan
observable_shift,target_shift_fraction,0.25,842522146,0.2530101889259315,True,0.09119820288453137,0.36599772042669987,False,nan
observable_shift,target_shift_fraction,0.25,978017538,0.3217648427281883,False,0.30496328606806633,0.31415377078860907,False,nan
observable_shift,target_shift_fraction,0.25,4120842042,0.7160772427459827,True,0.060778062046417336,0.13715580882466982,True,0.14711075254077977
observable_shift,target_shift_fraction,0.25,3049546064,1.3776621845995383,False,0.2165393306042928,0.29125481177375034,False,nan
observable_shift,target_shift_fraction,0.25,978576614,0.08972752210617545,False,0.10151625064817262,0.07002040147096841,True,0.008014748615701714
observable_shift,target_shift_fraction,0.25,214692445,0.6011562255748643,False,0.21843081480282436,0.45861845635097875,False,nan
observable_shift,target_shift_fraction,0.25,3029876811,0.13737291344010943,False,0.19429999947910287,0.20367186122826625,False,nan
observable_shift,target_shift_fraction,0.25,1703442949,0.36614293059188946,False,0.15213062343458067,0.20495368951570453,False,nan
observable_shift,target_shift_fraction,0.25,2835293344,0.2062470895445036,True,0.06478154319288784,0.13886473435925645,True,0.15953932246238844
observable_shift,target_shift_fraction,0.25,2699295675,1.1796343661946902,False,0.1689073063790542,0.15661001984730039,False,nan
observable_shift,target_shift_fraction,0.25,2356703552,0.7123760404357069,False,0.2441069976933489,0.3104463734247681,False,nan
observable_shift,target_shift_fraction,0.25,663583729,1.197866985156558,False,0.23817232124284687,0.5609132100485422,False,nan
observable_shift,target_shift_fraction,0.5,812061869,0.8415190506571377,True,0.06086663264170154,0.07315320655112434,True,0.10569768989868833
observable_shift,target_shift_fraction,0.5,1564892457,0.8389356508573222,False,0.47970133206198196,0.9265393740212087,False,nan
observable_shift,target_shift_fraction,0.5,1317065460,1.3965063607182413,False,0.4222568932324477,0.5936990255981287,False,nan
observable_shift,target_shift_fraction,0.5,686264731,0.9648572194224553,False,0.5179408626074989,0.08933038593786047,False,nan
observable_shift,target_shift_fraction,0.5,4227735887,1.015437470480758,False,0.429638930792825,1.2064372698862849,False,nan
observable_shift,target_shift_fraction,0.5,1999478945,1.1904706758954453,False,0.4134167126764473,0.6837861381591689,False,nan
observable_shift,target_shift_fraction,0.5,1813704035,0.17851748816420931,False,0.5004066211126446,1.094500200223059,False,nan
observable_shift,target_shift_fraction,0.5,658578957,1.3690103251778687,False,0.24684883787084413,0.3335192621341756,False,nan
observable_shift,target_shift_fraction,0.5,3356392927,0.4763129679211157,False,0.41854319203609336,0.7170841444955354,False,nan
observable_shift,target_shift_fraction,0.5,421429086,1.0069000926406009,False,0.47004057533038435,0.22413489168220324,False,nan
observable_shift,target_shift_fraction,0.5,1819443973,0.5328812851676596,False,0.47911471915774057,0.3447273724034675,False,nan
observable_shift,target_shift_fraction,0.5,3015182653,1.2567971234032842,False,0.5419176896870735,0.7446748521937099,False,nan
observable_shift,target_shift_fraction,0.5,3837162370,0.7887860159487345,True,0.024385572845428326,0.03006524912828601,True,0.031384589757951664
observable_shift,target_shift_fraction,0.5,3829655581,1.0490984261745713,False,0.3568788141187116,0.7503085093579083,False,nan
observable_shift,target_shift_fraction,0.5,1699324149,0.8435342914415244,False,0.1936357682987709,0.013677892232133004,False,nan
observable_shift,target_shift_fraction,0.5,2566988696,0.5861779589091041,False,0.5369343022322008,0.512264502192959,False,nan
observable_shift,target_shift_fraction,0.5,148733155,1.232805948991014,False,0.4758984306085079,0.009877575690319551,False,nan
observable_shift,target_shift_fraction,0.5,1705638951,1.2068035072247405,False,0.551841088811696,0.2156983186426762,False,nan
observable_shift,target_shift_fraction,0.5,799353430,1.1129517392023514,False,0.15143123173616269,0.3264456951994342,False,nan
observable_shift,target_shift_fraction,0.5,4056019774,0.7161268309201639,False,0.28922850546760676,0.2589544506235305,False,nan
observable_shift,target_shift_fraction,0.5,3415299989,0.9198940230266628,False,0.30279954705103773,0.12277877272584692,False,nan
observable_shift,target_shift_fraction,0.5,909739985,1.0452504465437182,False,0.3148941430492742,0.6378222536671352,False,nan
observable_shift,target_shift_fraction,0.5,2834440875,1.1284898338291995,False,0.30572992655004183,0.7286769498195258,False,nan
observable_shift,target_shift_fraction,0.5,1120924786,1.1091028131970648,False,0.14545118386157663,0.08863761787035451,False,nan
observable_shift,target_shift_fraction,0.5,1079805419,1.1049912436651268,False,0.4868051368981929,0.337767366627329,False,nan
observable_shift,target_shift_fraction,0.5,527491153,0.655793082966978,False,0.43746129950900736,1.2103195935327182,False,nan
observable_shift,target_shift_fraction,0.5,366810557,0.9849792212333712,False,0.22547511299017414,0.23283973680696535,False,nan
observable_shift,target_shift_fraction,0.5,914165118,1.5506099834432157,False,0.4121709164960635,0.2944852236521376,False,nan
observable_shift,target_shift_fraction,0.5,510435074,0.9030656395912451,False,0.4243179510054875,0.03500942565747467,False,nan
observable_shift,target_shift_fraction,0.5,3620345579,0.9969117394070094,False,0.19405352897197295,0.4683055349017665,False,nan
observable_shift,target_shift_fraction,0.5,2640185793,1.3267760604983727,False,0.18132307687507945,0.15891964408439807,True,0.21124047985532535
observable_shift,target_shift_fraction,0.5,1487867266,1.3174706942873315,True,0.05083893069353171,0.470605501366275,True,0.44575158278689997
observable_shift,target_shift_fraction,0.5,3603702688,0.7762527998611791,False,0.5776436744499959,0.051397274197290344,False,nan
observable_shift,target_shift_fraction,0.5,4204572577,0.8036961510152504,True,0.04534455343027215,0.10289363008692587,True,0.11103594209872081
observable_shift,target_shift_fraction,0.5,3876902829,1.081948982154965,False,0.20802172668594757,0.09576588434237054,False,nan
observable_shift,target_shift_fraction,0.5,2564149819,1.061483902761775,False,0.3852340296807709,0.15758302253347645,False,nan
observable_shift,target_shift_fraction,0.5,1420333714,0.7587979317090947,False,0.3798890856600998,0.5457869465141454,False,nan
observable_shift,target_shift_fraction,0.5,771365933,0.9410007619848975,False,0.38815905664154365,0.8832375163103657,False,nan
observable_shift,target_shift_fraction,0.5,926843241,1.0636747873651364,False,0.3224904941709347,0.19245526172850558,False,nan
observable_shift,target_shift_fraction,0.5,272831558,1.281121633806965,False,0.43167736732221973,0.6895037587389562,False,nan
observable_shift,target_shift_fraction,0.5,1490131669,0.6598309361961492,False,0.43705560520985254,0.3857678288186929,False,nan
observable_shift,target_shift_fraction,0.5,2116504880,1.1904232002271438,False,0.6500097649078351,0.5800817520978643,False,nan
observable_shift,target_shift_fraction,0.5,1206636161,1.149855877574203,False,0.46220658314550017,0.6679224664993633,False,nan
observable_shift,target_shift_fraction,0.5,3772597557,1.2595368889558658,False,0.453327318294747,0.22452963609896304,False,nan
observable_shift,target_shift_fraction,0.5,2187828236,1.1310780112268444,False,0.5558149923342878,0.8738690152036467,False,nan
observable_shift,target_shift_fraction,0.5,4479709,1.0332211954536343,False,0.5147025856226579,0.5073208821249713,False,nan
observable_shift,target_shift_fraction,0.5,4102625333,1.2257901839815777,False,0.4851092555905283,1.129526732980904,False,nan
observable_shift,target_shift_fraction,0.5,1536280378,1.7213842594764714,False,0.4793675516438885,0.19553926260341759,False,nan
observable_shift,target_shift_fraction,0.5,4053003782,0.7122365213898352,False,0.34195173435611564,0.43480355916212804,False,nan
observable_shift,target_shift_fraction,0.5,727594485,1.0343570033455864,False,0.10997797074488813,0.2684354792999022,False,nan
observable_shift,target_shift_fraction,0.5,2936439386,0.749534512292483,False,0.3245207818122482,0.7803962806675595,False,nan
observable_shift,target_shift_fraction,0.5,232863688,1.04828422436548,False,0.4420632602613579,0.46802217920604305,False,nan
observable_shift,target_shift_fraction,0.5,4197786165,0.36956849589417406,False,0.28329730196852193,0.376612891218301,False,nan
observable_shift,target_shift_fraction,0.5,2828936129,0.8435273557966221,False,0.15960865452653158,0.12702631657783114,False,nan
observable_shift,target_shift_fraction,0.5,664450390,0.8902625863358467,False,0.5121021410971662,0.669406519503275,False,nan
observable_shift,target_shift_fraction,0.5,746495902,0.7462524576250222,False,0.30821723713685084,0.023545177139781215,False,nan
observable_shift,target_shift_fraction,0.5,3540104914,0.9886314186118592,False,0.4359122713164911,0.44306878946980277,False,nan
observable_shift,target_shift_fraction,0.5,1605900873,0.9689709039956593,False,0.3028520121292875,0.48529630990608386,False,nan
observable_shift,target_shift_fraction,0.5,1282174243,1.184379711022919,False,0.441005540126271,0.766438924533167,False,nan
observable_shift,target_shift_fraction,0.5,96252007,0.7028074668952935,True,0.07890533521861876,0.04808223193271177,False,nan
observable_shift,target_shift_fraction,0.5,3985786163,0.8116162359440217,False,0.47097397436810395,0.12141974143143208,False,nan
observable_shift,target_shift_fraction,0.5,328167244,1.2864734672304468,False,0.12250780561226879,0.1755941810102848,True,0.25796741006317414
observable_shift,target_shift_fraction,0.5,703439393,1.5277845766871243,False,0.5091262569055894,0.5767683082020614,False,nan
observable_shift,target_shift_fraction,0.5,588596118,1.3432507419096475,False,0.1858304154400391,0.583674027893392,True,0.46492285553914114
observable_shift,target_shift_fraction,0.5,236030301,0.628728600372554,False,0.47063023711927165,0.35872649574765364,False,nan
observable_shift,target_shift_fraction,0.5,1037300452,0.60724520144288,False,0.41031398853951623,0.6480775581097742,False,nan
observable_shift,target_shift_fraction,0.5,1638614172,1.027559723466394,True,0.08054950725274546,0.2383534123259079,True,0.12265676555405536
observable_shift,target_shift_fraction,0.5,2098024819,0.9319578821379931,False,0.13687341658927424,0.5827059770133047,False,nan
observable_shift,target_shift_fraction,0.5,3563665025,1.0783384815036918,False,0.3968193909186824,0.4748289945477284,False,nan
observable_shift,target_shift_fraction,0.5,1492106191,1.3749702940740107,False,0.39110742369126383,0.5797656459866224,False,nan
observable_shift,target_shift_fraction,0.5,2233190479,0.47219483960629705,False,0.27448223327169363,0.41131296930625244,False,nan
observable_shift,target_shift_fraction,0.5,451084395,0.6595467487490305,False,0.4935929362994085,0.08360109553280282,False,nan
observable_shift,target_shift_fraction,0.5,1202133076,1.3979452652879418,False,0.41123857420746684,0.7633092684002599,False,nan
observable_shift,target_shift_fraction,0.5,2141486476,1.194964464498856,False,0.28860947590035524,0.43744190597303867,False,nan
observable_shift,target_shift_fraction,0.5,2274998657,0.9077783964004085,False,0.4119138140532164,1.165284293550525,False,nan
observable_shift,target_shift_fraction,0.5,1338696603,1.4309791299695176,False,0.511087556200653,0.7456437677988564,False,nan
observable_shift,target_shift_fraction,0.5,1096977084,0.9150706771288896,False,0.272382667620566,0.31976061804274136,False,nan
observable_shift,target_shift_fraction,0.5,1816406318,0.9536925163253447,False,0.3206875480248831,0.5036020465203804,False,nan
observable_shift,target_shift_fraction,0.5,2890561365,1.1695300656905998,False,0.4997989609883239,0.31403117685974347,False,nan
observable_shift,target_shift_fraction,0.5,4104218574,0.6553347463507232,False,0.3034697718960512,0.487546125149697,False,nan
observable_shift,target_shift_fraction,0.5,2820759585,0.9373368183888185,False,0.24415072790111816,0.18885739964422366,False,nan
observable_shift,target_shift_fraction,0.5,3936916067,0.9574316092354429,False,0.561804781115705,0.9304392855692546,False,nan
observable_shift,target_shift_fraction,0.5,3573836309,1.4172082049107422,False,0.2908546431574742,0.5173463119576193,False,nan
observable_shift,target_shift_fraction,0.5,3141780503,0.8119064492704966,False,0.47641366266313645,0.7441168657075143,False,nan
observable_shift,target_shift_fraction,0.5,2223722520,1.4519132401463044,False,0.4737193864865374,0.6531571147778179,False,nan
observable_shift,target_shift_fraction,0.5,2863801240,1.4755637320225692,False,0.2883457805812793,0.14159853894005692,False,nan
observable_shift,target_shift_fraction,0.5,3093686715,0.7113955602626222,False,0.46025488122573677,0.20233047161603768,False,nan
observable_shift,target_shift_fraction,0.5,3741796724,0.6234367204347168,False,0.45798884562287107,1.048442681419309,False,nan
observable_shift,target_shift_fraction,0.5,3281618384,0.8266285084472609,False,0.2242545663213366,0.21735865333742432,False,nan
observable_shift,target_shift_fraction,0.5,3575448008,1.1279367787532144,False,0.3797433701246726,0.5605376846915179,False,nan
observable_shift,target_shift_fraction,0.5,4285554957,1.1385233446783427,False,0.43353943750321317,0.4196707127424064,False,nan
observable_shift,target_shift_fraction,0.5,2199890740,1.2556497358361363,False,0.3453504411606598,0.76440905131222,False,nan
observable_shift,target_shift_fraction,0.5,2604036215,0.9519320842572132,False,0.26422086651417453,0.21144199857045276,False,nan
observable_shift,target_shift_fraction,0.5,3815978058,1.0077097289261236,False,0.3598412747152143,0.12421854362708817,False,nan
observable_shift,target_shift_fraction,0.5,1780263172,1.2307126960207686,False,0.27824091261585104,0.2618092977925055,False,nan
observable_shift,target_shift_fraction,0.5,1131602651,0.6980452217710706,False,0.2387489715930167,0.43787341602344604,False,nan
observable_shift,target_shift_fraction,0.5,520374873,0.829430302303004,False,0.30333620169736325,0.27190124009984573,False,nan
observable_shift,target_shift_fraction,0.5,2625226543,1.4509174985499727,False,0.1805323070427346,0.16551124597623157,False,nan
observable_shift,target_shift_fraction,0.5,1793259256,1.4001291852089208,False,0.22424124522264216,0.4703843744134186,False,nan
observable_shift,target_shift_fraction,0.5,1284249263,0.506419238119833,False,0.3242802761993207,0.7550013072672646,False,nan
observable_shift,target_shift_fraction,0.5,1913615436,0.6133956635684489,False,0.44399454292364277,0.24536547959802152,False,nan
observable_shift,target_shift_fraction,0.5,1159650782,1.4415912248860536,False,0.42497414499717356,0.7454298667662527,False,nan
observable_shift,target_shift_fraction,0.5,2268158951,0.9108064670928897,False,0.20538635535519037,0.14715490028820022,False,nan
observable_shift,target_shift_fraction,0.5,2354632518,0.7363899390793923,False,0.1957661839078547,0.14623786636462488,False,nan
observable_shift,target_shift_fraction,0.5,837909899,0.7445918437730761,False,0.3779780974268163,0.37607475136255053,False,nan
observable_shift,target_shift_fraction,0.5,2856351011,1.614725448721904,False,0.22551170949417937,0.33820761454833703,False,nan
observable_shift,target_shift_fraction,0.5,367510708,0.9640351488934346,False,0.19968943070556708,0.12151061550920506,False,nan
observable_shift,target_shift_fraction,0.5,1483230464,0.9867553326287035,False,0.5456163365448754,0.7072176823830902,False,nan
observable_shift,target_shift_fraction,0.5,1542118276,1.0488957968877903,False,0.24522328037684346,0.5200212547913577,False,nan
observable_shift,target_shift_fraction,0.5,1852295427,0.5810285966242335,False,0.3412366742667261,0.22879154685987774,False,nan
observable_shift,target_shift_fraction,0.5,603228835,1.1510260717177863,False,0.30840042456863825,0.5788639770698563,False,nan
observable_shift,target_shift_fraction,0.5,1724528256,0.7251558999862704,False,0.48678701000065727,1.037752141316762,False,nan
observable_shift,target_shift_fraction,0.5,3299497092,1.1875101764644862,False,0.5460750103739974,0.723842238788116,False,nan
observable_shift,target_shift_fraction,0.5,3523766473,0.6245776877798895,False,0.46496657273008357,1.4470567077260872,False,nan
observable_shift,target_shift_fraction,0.5,1116610029,1.8123743570794568,False,0.4017215487189534,0.6792345452819939,False,nan
observable_shift,target_shift_fraction,0.5,2067932196,1.151002368678062,False,0.39777718199444057,0.230684492773772,False,nan
observable_shift,target_shift_fraction,0.5,393600037,0.46219763905192346,False,0.25882697687369777,0.5428667836725002,False,nan
observable_shift,target_shift_fraction,0.5,256074985,0.782112198151841,False,0.109414786115555,0.09555130409433032,True,0.05663775103360269
observable_shift,target_shift_fraction,0.5,1011535980,1.3453914384110772,False,0.26024267149128033,0.47450495245292124,False,nan
observable_shift,target_shift_fraction,0.5,314917586,0.8705757346381814,False,0.31736676824520993,0.5032140841149384,False,nan
observable_shift,target_shift_fraction,0.5,3121684852,1.329652770689493,False,0.3304734059361046,1.1220464030637993,False,nan
observable_shift,target_shift_fraction,0.5,4230379511,0.5261715395763159,False,0.42390771102200275,0.506904578217747,False,nan
observable_shift,target_shift_fraction,0.5,1957034338,1.473890849913603,False,0.3486232369071029,0.24656957122769207,False,nan
observable_shift,target_shift_fraction,0.5,3424778826,1.2073185057159377,True,0.02675776249410129,0.1851974139097632,True,0.2356776400000763
observable_shift,target_shift_fraction,0.5,23006170,1.0436650272213819,False,0.5035637682696943,0.5816343795828754,False,nan
observable_shift,target_shift_fraction,0.5,3723141665,1.2633965093375479,False,0.2765679257337092,0.5694829904047776,False,nan
observable_shift,target_shift_fraction,0.5,3925251681,1.009043685743111,False,0.1385546851450541,0.3422970161837292,False,nan
observable_shift,target_shift_fraction,0.5,760573487,1.1084251914719518,False,0.2948812371095667,0.07493068221482857,False,nan
observable_shift,target_shift_fraction,0.5,3494146583,1.3189963585170297,False,0.42273311463789703,0.33494153468902443,False,nan
observable_shift,target_shift_fraction,0.5,3753628992,0.961384851985603,False,0.40473703567919006,0.25135266935103995,False,nan
observable_shift,target_shift_fraction,0.5,3265507148,0.6904940513045226,False,0.1972621383008148,0.2830310577670168,False,nan
observable_shift,target_shift_fraction,0.5,3828023762,1.2743799058429508,False,0.3774773081953222,0.17586597900016177,False,nan
observable_shift,target_shift_fraction,0.5,537515487,1.0223590225759969,False,0.33941936546416424,0.03589932356384962,False,nan
observable_shift,target_shift_fraction,0.5,2583120485,0.9118106059027784,False,0.49708651629678313,0.9900364997381068,False,nan
observable_shift,target_shift_fraction,0.5,2301453645,0.8938268107031326,False,0.43469008641830553,0.6463645899828522,False,nan
observable_shift,target_shift_fraction,0.5,2970135177,0.8627101421301956,False,0.39522495466354596,0.03315055115609078,False,nan
observable_shift,target_shift_fraction,0.5,2060998779,1.5602964056177502,False,0.32650368463971313,0.3084936821678439,False,nan
observable_shift,target_shift_fraction,0.5,1111441285,0.5417570818961721,False,0.5279965150842861,0.7428069933393098,False,nan
observable_shift,target_shift_fraction,0.5,1509069165,0.911235031040969,False,0.3485094454505754,0.796652508059078,False,nan
observable_shift,target_shift_fraction,0.5,66595803,0.4733091589616163,False,0.48963918581600496,0.748555464910422,False,nan
observable_shift,target_shift_fraction,0.5,1598044403,0.8655870236769054,False,0.45048146148860935,0.9519554718852331,False,nan
observable_shift,target_shift_fraction,0.5,2094545497,1.2986681808934413,False,0.13757102362586593,0.5863171353804838,True,0.6000977424015828
observable_shift,target_shift_fraction,0.5,3384966329,1.4487891573468044,False,0.3634908200285462,0.7905182715326895,False,nan
observable_shift,target_shift_fraction,0.5,384514745,0.8741729870983965,False,0.42833996060165297,0.7911205713340907,False,nan
observable_shift,target_shift_fraction,0.5,531837626,0.7519796668129319,False,0.4344343349246671,0.7094564124181837,False,nan
observable_shift,target_shift_fraction,0.5,4134476432,1.705619525688131,False,0.5247462847744266,0.961064994951049,False,nan
observable_shift,target_shift_fraction,0.5,3297811155,1.2892430109923372,False,0.3025780305550594,0.28486088995678704,False,nan
observable_shift,target_shift_fraction,0.5,247139301,0.6583390537640698,False,0.3720619362002808,0.22758696236487863,False,nan
observable_shift,target_shift_fraction,0.5,3995776665,0.7534417266797147,False,0.23069482080147025,0.5342469500071481,False,nan
observable_shift,target_shift_fraction,0.5,67360786,1.2493643299755488,False,0.24599653261529814,0.1503557629865946,False,nan
observable_shift,target_shift_fraction,0.5,871630359,1.310590446120483,False,0.5028994754348903,0.9184773652325177,False,nan
observable_shift,target_shift_fraction,0.5,3720389858,1.3225595609093739,False,0.33397727920318043,0.34411753585694627,False,nan
observable_shift,target_shift_fraction,0.5,3291222845,1.4870188711362784,False,0.37244509640966855,0.617335328907815,False,nan
observable_shift,target_shift_fraction,0.5,3447832934,0.8515964878718223,False,0.5501026094150117,0.052774919552323274,False,nan
observable_shift,target_shift_fraction,0.5,3428796752,1.1231225905865763,False,0.446847478122539,0.28970390385683786,False,nan
observable_shift,target_shift_fraction,0.5,1173097008,1.0748728741226394,False,0.33696842350744305,0.06760307611080818,False,nan
observable_shift,target_shift_fraction,0.5,509659829,1.1635922406730645,False,0.4924478103275155,0.5041755856748338,False,nan
observable_shift,target_shift_fraction,0.5,4106184651,1.0403185278198077,False,0.40477706769303873,0.2596768551878482,False,nan
observable_shift,target_shift_fraction,0.5,470679453,1.1500456826430832,False,0.4470613376452013,0.5350601254502296,False,nan
observable_shift,target_shift_fraction,0.5,1942345496,1.0690953406625372,True,0.08035052166995219,0.3326102512947663,True,0.35890802537338473
observable_shift,target_shift_fraction,0.5,118303592,0.8584406309833867,False,0.44932005416589876,0.6249050176487566,False,nan
observable_shift,target_shift_fraction,0.5,4165452554,0.5669270804111797,False,0.4536631881552533,0.6462232070493152,False,nan
observable_shift,target_shift_fraction,0.5,4264340442,1.096257380834243,False,0.5605731759937675,0.3758302998878972,False,nan
observable_shift,target_shift_fraction,0.5,2615043590,1.5761388338868645,False,0.31031214087976394,0.25594486387136506,False,nan
observable_shift,target_shift_fraction,0.5,1268697568,0.8276024524192497,False,0.44649800093078507,0.9666643986588045,False,nan
observable_shift,target_shift_fraction,0.5,146016402,0.8694664944127818,False,0.3984917637772365,0.9111365145429268,False,nan
observable_shift,target_shift_fraction,0.5,1296037833,0.6903325373432223,False,0.6178550366733868,0.2448268418466376,False,nan
observable_shift,target_shift_fraction,0.5,2968048922,1.0106975994363185,False,0.38957317724518015,0.24270832474759985,False,nan
observable_shift,target_shift_fraction,0.5,2288351011,0.9316406625566945,False,0.2504140340349706,0.6328679039614631,False,nan
observable_shift,target_shift_fraction,0.5,4162899304,1.2581810077095485,False,0.2274282142031907,0.24318366615618792,False,nan
observable_shift,target_shift_fraction,0.5,802711633,1.0599631063611723,False,0.39003483124880867,0.872087686703432,False,nan
observable_shift,target_shift_fraction,0.5,991637974,1.0198234504391877,False,0.1587605702268153,0.10003045263201726,False,nan
observable_shift,target_shift_fraction,0.5,3560049948,1.3974801548703846,False,0.14462398079017594,0.3810840012890442,False,nan
observable_shift,target_shift_fraction,0.5,83166071,0.5911824830698225,False,0.366583687331529,1.14893452524621,False,nan
observable_shift,target_shift_fraction,0.5,3735653557,0.9522180652922851,False,0.3104908119107552,0.4507082824463702,False,nan
observable_shift,target_shift_fraction,0.5,743963155,0.7996052634959238,False,0.53758061222099,0.45465641612889585,False,nan
observable_shift,target_shift_fraction,0.5,3433042140,0.8285421914206719,False,0.39970252797389083,0.8709757697706788,False,nan
observable_shift,target_shift_fraction,0.5,1733312471,0.40611520492251496,False,0.4312472081309914,0.8460409076049751,False,nan
observable_shift,target_shift_fraction,0.5,3683106257,0.46171348415138963,True,0.09266111116855084,0.03289961112467443,True,0.05036904743285092
observable_shift,target_shift_fraction,0.5,2460501595,1.6726048698742726,False,0.4382842220027347,0.3837836619276669,False,nan
observable_shift,target_shift_fraction,0.5,3083630521,0.980649898818605,False,0.16069304409078444,0.004190819432665416,False,nan
observable_shift,target_shift_fraction,0.5,1108909488,1.1783877853367992,False,0.37028217514731915,0.8276891951264455,False,nan
observable_shift,target_shift_fraction,0.5,2449143154,0.9383400600590186,False,0.6228369915147919,0.6050692083964115,False,nan
observable_shift,target_shift_fraction,0.5,2447385455,0.38738133112917505,False,0.14211428208078658,0.13816908761259605,False,nan
observable_shift,target_shift_fraction,0.5,3283020428,1.365719228640607,False,0.514342229339023,0.30948721277783586,False,nan
observable_shift,target_shift_fraction,0.5,2378434371,0.983805853260525,False,0.47178451478662753,0.5174512489129691,False,nan
observable_shift,target_shift_fraction,0.5,1260609488,0.8024927049435278,False,0.40486536515577987,0.9308501639752456,False,nan
observable_shift,target_shift_fraction,0.5,1231830086,0.7524315994118184,False,0.13131212537896225,0.1396365038946933,True,0.04941436790950193
observable_shift,target_shift_fraction,0.5,3542505829,0.6148353711569157,False,0.40066256403701295,0.6300372439311057,False,nan
observable_shift,target_shift_fraction,0.5,1829673036,0.9267959641457411,False,0.33953176428526016,0.4213593958428875,False,nan
observable_shift,target_shift_fraction,0.5,1609236254,1.0545543193458904,False,0.25755347972532183,0.4368351724007855,False,nan
observable_shift,target_shift_fraction,0.5,3182232568,0.8011631582459623,False,0.3342871307965548,0.7524665757724723,False,nan
observable_shift,target_shift_fraction,0.5,239273479,1.3426317099705696,False,0.5442010235357594,0.702836174475831,False,nan
observable_shift,target_shift_fraction,0.5,1841929083,1.1351940040582003,False,0.25921895489229535,0.5636214782079068,False,nan
observable_shift,target_shift_fraction,0.5,2435480518,1.1803597801094785,False,0.3279888868793884,0.23244251777780756,False,nan
observable_shift,target_shift_fraction,0.5,480691404,1.0452370253152612,False,0.5801133117871755,0.6453520937424484,False,nan
observable_shift,target_shift_fraction,0.5,4189768031,0.9391899132740982,False,0.33172700418651047,0.3097388561604525,False,nan
observable_shift,target_shift_fraction,0.5,4069493583,1.3737513006242956,False,0.5385921987783006,0.4637328372332088,False,nan
observable_shift,target_shift_fraction,0.5,452783616,0.8204802024347044,False,0.44015078182040496,0.7024708514600956,False,nan
observable_shift,target_shift_fraction,0.5,2948896316,0.9719586865743983,False,0.20135864645438092,0.037199118740501635,False,nan
observable_shift,target_shift_fraction,0.75,277888129,0.9211338852352823,False,0.6837745912467871,1.5654510611060117,False,nan
observable_shift,target_shift_fraction,0.75,233522368,1.2097211837935344,False,0.5905392497141577,0.6934523270967522,False,nan
observable_shift,target_shift_fraction,0.75,1663747572,1.1427675162959923,False,0.363515059123338,0.16899985981144905,False,nan
observable_shift,target_shift_fraction,0.75,3030806517,1.1269693246248915,False,0.6800267279150051,0.4967652583031459,False,nan
observable_shift,target_shift_fraction,0.75,3130261610,1.2873198405936768,False,0.5786233096312569,0.329322546752434,False,nan
observable_shift,target_shift_fraction,0.75,125143859,1.2296847181687593,False,0.6014658500765311,0.8586116838742143,False,nan
observable_shift,target_shift_fraction,0.75,2748366416,1.3109451515493615,False,0.6646045618945048,1.3029173313433176,False,nan
observable_shift,target_shift_fraction,0.75,661975385,0.9937703515522236,False,0.8509623575775472,1.9010428396408345,False,nan
observable_shift,target_shift_fraction,0.75,33437343,1.3583287791201817,False,0.5342365667605443,1.231835056268679,False,nan
observable_shift,target_shift_fraction,0.75,1321238838,1.1290068707625844,False,0.6520619079160939,0.0645391368221302,False,nan
observable_shift,target_shift_fraction,0.75,3204546994,1.1314684025593573,False,0.536436916154383,1.3593599172272717,False,nan
observable_shift,target_shift_fraction,0.75,4175069255,1.3253246003367183,False,0.6039439921888561,0.9991431865884774,False,nan
observable_shift,target_shift_fraction,0.75,30799056,1.3804471337745163,False,0.389833195262999,0.002379788537870464,False,nan
observable_shift,target_shift_fraction,0.75,980437848,1.4902847297654005,False,0.5358592350731503,0.5733875656548051,False,nan
observable_shift,target_shift_fraction,0.75,908396415,1.1542570504668062,False,0.6964830800741271,1.7169511564334692,False,nan
observable_shift,target_shift_fraction,0.75,886787490,1.2943307144388077,False,0.7508935560569944,1.5450651560085156,False,nan
observable_shift,target_shift_fraction,0.75,1423601954,1.101925648043543,False,0.4586417952633534,1.135992084176141,False,nan
observable_shift,target_shift_fraction,0.75,4258099413,1.293339110359005,False,0.6792069198411238,1.0556469249465348,False,nan
observable_shift,target_shift_fraction,0.75,3729476392,1.3010043147600496,False,0.6593576540207883,0.19794461790773932,False,nan
observable_shift,target_shift_fraction,0.75,1927313755,1.3538814855037105,False,0.3037982789079324,0.04128640010712781,False,nan
observable_shift,target_shift_fraction,0.75,694531531,1.2328001842372933,False,0.44321550898210477,0.03853013037086561,False,nan
observable_shift,target_shift_fraction,0.75,1540599557,1.3558646627244046,False,0.5040149676877886,0.31531665642963347,False,nan
observable_shift,target_shift_fraction,0.75,2777575671,1.240417213141786,False,0.6484929196975501,1.168567544479257,False,nan
observable_shift,target_shift_fraction,0.75,1087608223,1.1949749281028603,False,0.511136904041334,0.4855735729480577,False,nan
observable_shift,target_shift_fraction,0.75,1267858526,1.5455724507570574,False,0.6259732922483392,0.034609952619044204,False,nan
observable_shift,target_shift_fraction,0.75,1834275066,1.3049600183835504,False,0.43098728301826805,0.3368973225583728,False,nan
observable_shift,target_shift_fraction,0.75,38398879,1.1274722764320242,False,0.39064093498721214,0.0718815141129383,False,nan
observable_shift,target_shift_fraction,0.75,693591284,1.0359273286005657,False,0.7199099944036271,0.3622076100860264,False,nan
observable_shift,target_shift_fraction,0.75,1524781190,1.6162136434837384,False,0.6070912811119114,0.23438848017955083,False,nan
observable_shift,target_shift_fraction,0.75,3166904642,1.2936930554686528,False,0.6941258952680928,0.30639944377128847,False,nan
observable_shift,target_shift_fraction,0.75,919317968,1.3321553064816132,False,0.480750679317024,0.7539060967090592,False,nan
observable_shift,target_shift_fraction,0.75,3603571152,1.1812825122029222,False,0.47454618207072247,0.6641041821728743,False,nan
observable_shift,target_shift_fraction,0.75,3579189321,1.3733720831509315,False,0.4381265677013079,0.3352153828891924,False,nan
observable_shift,target_shift_fraction,0.75,1264050402,0.8900974339249529,False,0.7975061616505986,1.6310317566352608,False,nan
observable_shift,target_shift_fraction,0.75,2780696574,1.2315893997054528,False,0.72644690309214,1.1009187407425784,False,nan
observable_shift,target_shift_fraction,0.75,1353865802,1.443417263127618,False,0.5631948547116824,0.12758813724050877,False,nan
observable_shift,target_shift_fraction,0.75,2258364675,1.4996393565783726,False,0.4134610101350152,0.8036848759713126,False,nan
observable_shift,target_shift_fraction,0.75,3426772315,1.6664497848655069,False,0.573917123709166,0.2111229560487291,False,nan
observable_shift,target_shift_fraction,0.75,2954840507,1.181111103549561,False,0.5117283842971586,1.3322715890194265,False,nan
observable_shift,target_shift_fraction,0.75,1314632966,1.246693168107678,False,0.5584536368383064,1.2268812466823156,False,nan
observable_shift,target_shift_fraction,0.75,1837120693,1.4304038751605161,False,0.41220208545412357,0.48541913953420623,False,nan
observable_shift,target_shift_fraction,0.75,1614912750,1.187087491877327,False,0.5672577045159923,1.6790245385917877,False,nan
observable_shift,target_shift_fraction,0.75,1377892488,1.337090830446252,False,0.43909447951803265,0.014567716782185824,False,nan
observable_shift,target_shift_fraction,0.75,3721359769,1.4695212710322432,False,0.7253815983648755,1.5289758776076579,False,nan
observable_shift,target_shift_fraction,0.75,2086089656,1.3226272282206921,False,0.5921472987317877,0.18289937980406412,False,nan
observable_shift,target_shift_fraction,0.75,180683004,0.9698043150050624,False,0.6343482627080604,1.6476302940651308,False,nan
observable_shift,target_shift_fraction,0.75,747568036,1.2196052191961608,False,0.3056887089457988,0.7864841105191551,False,nan
observable_shift,target_shift_fraction,0.75,3028743649,1.2008881832650489,False,0.46571872584815144,1.056491723338735,False,nan
observable_shift,target_shift_fraction,0.75,4071704668,1.2448677286667837,False,0.6012468673991384,0.4947006190752672,False,nan
observable_shift,target_shift_fraction,0.75,3534477444,1.0276567063760729,False,0.10742929118682,0.0030133917008612343,True,0.025160393799478653
observable_shift,target_shift_fraction,0.75,2416436045,1.4672634739597303,False,0.3578559681471925,0.9672494235262128,False,nan
observable_shift,target_shift_fraction,0.75,2425930600,1.2259975472699922,False,0.6316162289928698,1.1617906002109877,False,nan
observable_shift,target_shift_fraction,0.75,4071842593,1.2236754654440338,False,0.6960780735128954,1.9263753087529207,False,nan
observable_shift,target_shift_fraction,0.75,3129134033,1.3113837508366655,False,0.6529626282093617,1.1752310652165123,False,nan
observable_shift,target_shift_fraction,0.75,3593806611,1.2228791065609006,False,0.32818875744970305,0.10700108317631174,False,nan
observable_shift,target_shift_fraction,0.75,1710822411,1.2211777181599675,False,0.6863360745890094,0.7958279753238329,False,nan
observable_shift,target_shift_fraction,0.75,3268491442,1.2840713512473347,False,0.6535532171051595,0.7061227105340749,False,nan
observable_shift,target_shift_fraction,0.75,4186720861,1.346749839348076,False,0.5874618824163501,0.5416750195989635,False,nan
observable_shift,target_shift_fraction,0.75,680802527,1.1275379120564675,False,0.5780085299868315,1.2461168342882496,False,nan
observable_shift,target_shift_fraction,0.75,686511195,1.3707727720330936,False,0.6822074876086844,0.056255636924792185,False,nan
observable_shift,target_shift_fraction,0.75,4205479275,1.1481760269735934,False,0.6688348221130689,1.2045570417522582,False,nan
observable_shift,target_shift_fraction,0.75,807680663,1.3083109359879541,False,0.5571473547522078,0.3391458507200946,False,nan
observable_shift,target_shift_fraction,0.75,1894279102,1.3790765668992098,False,0.7010911199320906,0.7565055277647946,False,nan
observable_shift,target_shift_fraction,0.75,2649882238,1.128985473654796,False,0.35295043938330006,0.05408109474570755,False,nan
observable_shift,target_shift_fraction,0.75,3444646295,1.5271412660647397,False,0.5952204661536146,0.005759180636017991,False,nan
observable_shift,target_shift_fraction,0.75,4200560295,1.4767701816053356,False,0.714130592261913,0.045782294271141444,False,nan
observable_shift,target_shift_fraction,0.75,796190994,1.3686490318818119,False,0.6168016176909875,0.07182558082729495,False,nan
observable_shift,target_shift_fraction,0.75,893115499,1.187083285775778,False,0.2995476545107184,0.1392205195135492,False,nan
observable_shift,target_shift_fraction,0.75,2932336422,1.2110083767184647,False,0.6573684954474218,1.473646732436399,False,nan
observable_shift,target_shift_fraction,0.75,1693311075,1.3797137218896571,False,0.7319142599718469,0.7025437115358268,False,nan
observable_shift,target_shift_fraction,0.75,391537080,1.0909441881548938,False,0.6524520099222966,0.7768524409978494,False,nan
observable_shift,target_shift_fraction,0.75,294630480,0.902574820914603,False,0.27045010381466267,0.08922237769482744,False,nan
observable_shift,target_shift_fraction,0.75,791920076,1.1951229495294031,False,0.2934469190800648,0.33841028019141883,False,nan
observable_shift,target_shift_fraction,0.75,2671403172,1.4237444910415689,False,0.20055197223698687,0.5226720989290299,False,nan
observable_shift,target_shift_fraction,0.75,3355224422,1.435994049085167,False,0.5010139536318318,1.0199445157666576,False,nan
observable_shift,target_shift_fraction,0.75,3227362851,1.2367730853888224,False,0.33916912936298177,0.3819426961526907,False,nan
observable_shift,target_shift_fraction,0.75,2793036834,1.3765395200187716,False,0.6346066514450783,1.5704084028841216,False,nan
observable_shift,target_shift_fraction,0.75,3281063961,1.236315346774705,False,0.7233369883500655,1.7670913254039875,False,nan
observable_shift,target_shift_fraction,0.75,3991221538,1.2249541416915095,False,0.4433550896278474,0.060704290000763494,False,nan
observable_shift,target_shift_fraction,0.75,1877870345,1.3978257724482142,False,0.6458819064800845,1.1199217331599867,False,nan
observable_shift,target_shift_fraction,0.75,3362488981,1.2656201393127002,False,0.15524331751521173,0.1901435109284877,True,0.21753646771507706
observable_shift,target_shift_fraction,0.75,1871368234,1.292480187219351,False,0.7540294999514531,0.15109404949039784,False,nan
observable_shift,target_shift_fraction,0.75,1840370768,1.0727558161719575,False,0.7202071067405371,1.8787289961903777,False,nan
observable_shift,target_shift_fraction,0.75,1312213492,1.1860589295857564,False,0.40602565968574883,1.0809835963160241,False,nan
observable_shift,target_shift_fraction,0.75,3891629398,1.1442945415588,False,0.5365893542300476,0.41986735354972704,False,nan
observable_shift,target_shift_fraction,0.75,2066604177,1.3100887775955514,False,0.4531449935408631,0.020392294909070685,False,nan
observable_shift,target_shift_fraction,0.75,1660533025,1.288356159926877,True,0.09998145104104508,0.24422668442256557,True,0.2737974351131587
observable_shift,target_shift_fraction,0.75,1472009566,1.157404229602914,False,0.6998759705338974,1.155056063036627,False,nan
observable_shift,target_shift_fraction,0.75,2770279022,1.485771839517766,False,0.63600214421442,0.08855494370522288,False,nan
observable_shift,target_shift_fraction,0.75,3078504323,1.4443291783336034,False,0.521338818135156,0.9508553862133168,False,nan
observable_shift,target_shift_fraction,0.75,1552147702,1.3073930035864583,False,0.504834251034565,0.3286010899422076,False,nan
observable_shift,target_shift_fraction,0.75,3051208170,1.3830903881121048,False,0.5367054892974151,1.1665333138718812,False,nan
observable_shift,target_shift_fraction,0.75,2688205995,1.0671130058238718,False,0.4914080481744327,1.4887654191798085,False,nan
observable_shift,target_shift_fraction,0.75,401753124,1.569587666715093,False,0.4934425741622883,0.4493948172268398,False,nan
observable_shift,target_shift_fraction,0.75,450479875,1.326293057711539,False,0.5880944895271818,0.43711183117799524,False,nan
observable_shift,target_shift_fraction,0.75,3354248188,1.1926921456452941,False,0.3919726584825666,0.36323901402464065,False,nan
observable_shift,target_shift_fraction,0.75,2642422981,0.9880469757921865,False,0.38057909275263274,0.8432854523250449,False,nan
observable_shift,target_shift_fraction,0.75,4244670232,1.3141021621376225,False,0.399439745492443,0.7336456476897603,False,nan
observable_shift,target_shift_fraction,0.75,1688457215,1.188063612859309,False,0.5460348090049156,1.4801990630036668,False,nan
observable_shift,target_shift_fraction,0.75,420131104,1.3604430737375022,False,0.7438194028788252,1.1331803110941165,False,nan
observable_shift,target_shift_fraction,0.75,797148604,1.2512665202945932,False,0.5176709125034759,0.4853977211874574,False,nan
observable_shift,target_shift_fraction,0.75,2118914362,1.2456250773917696,False,0.6917616999814147,1.50623333200297,False,nan
observable_shift,target_shift_fraction,0.75,641009401,1.0669940531453947,False,0.6570864799347004,1.0071206092421827,False,nan
observable_shift,target_shift_fraction,0.75,75059161,1.0087959843390908,False,0.775379892527818,0.8474089652506874,False,nan
observable_shift,target_shift_fraction,0.75,2172506261,1.1326628477435439,False,0.5965699828484711,1.515729032684852,False,nan
observable_shift,target_shift_fraction,0.75,1532401545,1.3177896782115068,False,0.4404134636628202,0.3828526619831182,False,nan
observable_shift,target_shift_fraction,0.75,2556112424,1.4152590988640756,False,0.35326113285481997,0.17036037401788007,False,nan
observable_shift,target_shift_fraction,0.75,4063040487,1.0261578268764415,False,0.691350860355829,1.3932021134301529,False,nan
observable_shift,target_shift_fraction,0.75,661446579,1.3442138822613174,False,0.32415600049092597,0.29404087923757727,False,nan
observable_shift,target_shift_fraction,0.75,301738514,1.214407081322203,False,0.6996710623592952,1.0702671526894645,False,nan
observable_shift,target_shift_fraction,0.75,648174205,1.4877932977362949,False,0.45913942333488655,0.09936419559686205,False,nan
observable_shift,target_shift_fraction,0.75,3572509091,1.5024904518305349,False,0.303202145487483,0.3243482393809374,False,nan
observable_shift,target_shift_fraction,0.75,1265180989,1.1414449282934733,False,0.4486805785089903,0.48455447053458267,False,nan
observable_shift,target_shift_fraction,0.75,2782721444,1.093369798891467,False,0.5731292387242317,0.03162809079410356,False,nan
observable_shift,target_shift_fraction,0.75,1946020341,1.2320753118711554,False,0.6279209068680115,0.6479169990631664,False,nan
observable_shift,target_shift_fraction,0.75,333579374,1.1862843295740824,False,0.2977694950591413,0.3009249862888568,False,nan
observable_shift,target_shift_fraction,0.75,3232684519,1.2111027601369444,False,0.45322571855788735,0.7512496539032303,False,nan
observable_shift,target_shift_fraction,0.75,4089070217,1.2797512924937229,False,0.7085843024422919,0.025914863520230202,False,nan
observable_shift,target_shift_fraction,0.75,3432117872,1.2599857693940812,False,0.3555468200605414,0.1210880933275229,False,nan
observable_shift,target_shift_fraction,0.75,73985683,1.4570081923176208,False,0.1609853718889943,0.05387781923263568,False,nan
observable_shift,target_shift_fraction,0.75,3554148373,1.6764922078967983,False,0.4951487067754297,0.7281319253195778,False,nan
observable_shift,target_shift_fraction,0.75,1047875348,1.4126607822168278,False,0.2990875777486991,0.1433881369873704,False,nan
observable_shift,target_shift_fraction,0.75,2707370665,1.289499745281309,False,0.5877083656012723,0.11664397734852572,False,nan
observable_shift,target_shift_fraction,0.75,1798299136,1.248115213877569,False,0.15024182312172973,0.47084847614487,True,0.4708236275619754
observable_shift,target_shift_fraction,0.75,799732967,1.1162651695033587,False,0.676721208408309,1.0267857761320305,False,nan
observable_shift,target_shift_fraction,0.75,4266672727,1.3156760904385387,False,0.4489945419964726,1.248235785148697,False,nan
observable_shift,target_shift_fraction,0.75,2325459700,1.2430805611332099,False,0.4876541017214886,1.1719229776192104,False,nan
observable_shift,target_shift_fraction,0.75,908073524,1.306245735231608,False,0.5576755631679763,0.8559164658461798,False,nan
observable_shift,target_shift_fraction,0.75,372081482,1.3309164577211807,False,0.42443115532429426,0.6486890398087471,False,nan
observable_shift,target_shift_fraction,0.75,3517865425,1.2994139011437107,False,0.38161090193190317,0.6865063266155806,False,nan
observable_shift,target_shift_fraction,0.75,3114159177,1.0062978498590258,False,0.6361067095327677,0.6829171765512991,False,nan
observable_shift,target_shift_fraction,0.75,684149575,1.2080722857985524,False,0.620127175447658,0.08474588044354325,False,nan
observable_shift,target_shift_fraction,0.75,472366272,1.2242361600893616,False,0.46800915262292797,0.9811327098852122,False,nan
observable_shift,target_shift_fraction,0.75,1707938729,1.121605076447152,False,0.6276491046763178,0.42477490548553065,False,nan
observable_shift,target_shift_fraction,0.75,4288867252,1.441376364976806,False,0.623490444955397,0.325124706046642,False,nan
observable_shift,target_shift_fraction,0.75,1335389904,1.343136436424051,False,0.5958741268212828,0.4784128084352367,False,nan
observable_shift,target_shift_fraction,0.75,147679198,1.0924994314352208,False,0.7046008826457748,1.2244697740448895,False,nan
observable_shift,target_shift_fraction,0.75,3975230269,1.1574653283965137,False,0.7215073721406338,1.4855597992702192,False,nan
observable_shift,target_shift_fraction,0.75,582692448,1.2575284085859848,False,0.6862680850530516,0.956389075181362,False,nan
observable_shift,target_shift_fraction,0.75,757074328,1.2411312039367652,False,0.8363959566350309,1.3622782102583262,False,nan
observable_shift,target_shift_fraction,0.75,1040153928,1.3614048660518574,False,0.7575330542684485,1.27493975827499,False,nan
observable_shift,target_shift_fraction,0.75,580132914,1.4832151533225677,False,0.46366302384289837,0.4914644680807172,False,nan
observable_shift,target_shift_fraction,0.75,933829867,0.8603104412217009,False,0.5224483028625023,0.8071171471366019,False,nan
observable_shift,target_shift_fraction,0.75,3430351259,1.105840558938037,False,0.5316868298558461,0.26837790753738244,False,nan
observable_shift,target_shift_fraction,0.75,1391707930,1.2620872340391,False,0.12302303480927415,0.2709459620139363,False,nan
observable_shift,target_shift_fraction,0.75,3608692579,1.452622031292,False,0.45330158332355486,0.8844757466849933,False,nan
observable_shift,target_shift_fraction,0.75,2976648911,1.1856778927478493,False,0.6557717757689869,0.1040389788845808,False,nan
observable_shift,target_shift_fraction,0.75,1587976630,1.4129300772293156,False,0.6952710414047855,0.21651993014511417,False,nan
observable_shift,target_shift_fraction,0.75,1909364404,1.3011337794905085,False,0.5424184181552906,0.4914210647780404,False,nan
observable_shift,target_shift_fraction,0.75,1591910120,1.364945082848203,False,0.3483562026917343,0.006851261177277301,False,nan
observable_shift,target_shift_fraction,0.75,2088173237,1.138157836804821,False,0.659899250640189,0.9233671818426297,False,nan
observable_shift,target_shift_fraction,0.75,1660253925,1.3080294022622752,False,0.48432195369481346,0.27424272690702556,False,nan
observable_shift,target_shift_fraction,0.75,1401003136,1.6263605954282538,False,0.6021833846978174,0.2465969158011938,False,nan
observable_shift,target_shift_fraction,0.75,2981703327,1.2354650804459013,False,0.5675770439902529,1.4586803968010367,False,nan
observable_shift,target_shift_fraction,0.75,2729266022,1.1588982615969232,False,0.30489718989278225,0.6806981924608991,False,nan
observable_shift,target_shift_fraction,0.75,2319355260,1.352230412967269,False,0.5235787250870677,0.42725877002301116,False,nan
observable_shift,target_shift_fraction,0.75,561250185,1.1952634525269064,False,0.18515169997432454,0.13376609395251715,False,nan
observable_shift,target_shift_fraction,0.75,1487756275,1.423023202328721,False,0.6005367411356979,0.24917295857642174,False,nan
observable_shift,target_shift_fraction,0.75,3177949093,1.2221812844865074,False,0.6594167504368694,0.5705885306591945,False,nan
observable_shift,target_shift_fraction,0.75,67733884,1.2816111827078973,False,0.5267066684559837,1.0754755323353602,False,nan
observable_shift,target_shift_fraction,0.75,3778913936,1.3077741759874526,False,0.38505131049640867,0.5949561159988566,False,nan
observable_shift,target_shift_fraction,0.75,2564610274,1.1266721054317184,False,0.7615236235251125,1.2790672358728834,False,nan
observable_shift,target_shift_fraction,0.75,4041760836,1.0870739804142424,False,0.33932680191076314,0.26474102208618877,False,nan
observable_shift,target_shift_fraction,0.75,2962376092,1.547134257647886,False,0.5181788127785977,0.27503916540872564,False,nan
observable_shift,target_shift_fraction,0.75,3801482966,1.3960049459871946,False,0.2854721447443262,0.4796838952548831,False,nan
observable_shift,target_shift_fraction,0.75,752961553,1.1894656145492355,False,0.50017285393409,0.35050578234034346,False,nan
observable_shift,target_shift_fraction,0.75,1097628716,1.3775577840383584,False,0.3959386862073821,0.3566723573370747,False,nan
observable_shift,target_shift_fraction,0.75,1078935151,1.0485458831521592,False,0.5290206570447968,0.8017244886121013,False,nan
observable_shift,target_shift_fraction,0.75,1715293269,1.4203194198221798,False,0.630253022595788,1.1159381753830677,False,nan
observable_shift,target_shift_fraction,0.75,4109707519,1.1256588812120636,False,0.6450485777769227,0.22601926218502044,False,nan
observable_shift,target_shift_fraction,0.75,1539736751,1.2686940162025184,False,0.6584444054058802,0.1972340722342374,False,nan
observable_shift,target_shift_fraction,0.75,2517812108,1.302857759692003,False,0.5895333937936726,0.38597022776517975,False,nan
observable_shift,target_shift_fraction,0.75,2141087034,1.4997206639732747,False,0.5488710218843807,0.42465232698440203,False,nan
observable_shift,target_shift_fraction,0.75,3931153988,1.514436612884694,False,0.5383522122686807,0.17915435247942035,False,nan
observable_shift,target_shift_fraction,0.75,3154236263,1.1669354798405531,False,0.6877711825747936,0.8540936821277885,False,nan
observable_shift,target_shift_fraction,0.75,4094857063,1.5360656532112302,False,0.6326126903770505,0.5508744275191957,False,nan
observable_shift,target_shift_fraction,0.75,2369965428,1.2550072210294907,False,0.5925891508552721,0.11356186150990677,False,nan
observable_shift,target_shift_fraction,0.75,2815792686,1.4402518299548501,False,0.6965798489781502,0.43622956707333094,False,nan
observable_shift,target_shift_fraction,0.75,1120572578,1.52423636797726,False,0.33158616737203167,0.1436266674657456,False,nan
observable_shift,target_shift_fraction,0.75,1191572182,1.251916660814119,False,0.46836083090896385,1.5625891480549,False,nan
observable_shift,target_shift_fraction,0.75,1599541274,1.3678179372843777,False,0.6820961917437642,0.5292109429414784,False,nan
observable_shift,target_shift_fraction,0.75,2025667939,1.192887668046451,False,0.755893467410835,0.2909169721950562,False,nan
observable_shift,target_shift_fraction,0.75,1068103987,1.4396167011415408,False,0.6059792719773859,0.6055436763915126,False,nan
observable_shift,target_shift_fraction,0.75,1604871519,1.3400864237301362,False,0.4862866108623383,1.5119555382826242,False,nan
observable_shift,target_shift_fraction,0.75,1139319608,1.1729243638666107,False,0.5986924328041215,0.2038949364211078,False,nan
observable_shift,target_shift_fraction,0.75,3719905558,1.303010303295058,False,0.6075102967788834,1.0856128768622184,False,nan
observable_shift,target_shift_fraction,0.75,3714311099,1.3429587042049946,False,0.6211973485527483,0.004979375809651465,False,nan
observable_shift,target_shift_fraction,0.75,558162624,1.3166193568536688,False,0.6088189198421589,1.4511618771451045,False,nan
observable_shift,target_shift_fraction,0.75,347034424,1.074540880743916,False,0.2538884233970797,0.1224525691535272,False,nan
observable_shift,target_shift_fraction,0.75,2258922516,1.3531454796834816,False,0.2084151546320046,0.5084822394715065,False,nan
observable_shift,target_shift_fraction,0.75,3884183969,1.2491115518539921,False,0.7204676163768403,0.8290271079048044,False,nan
observable_shift,target_shift_fraction,0.75,2025403348,1.3325353424852826,False,0.4619591353364391,0.2854861290220694,False,nan
observable_shift,target_shift_fraction,0.75,577985921,1.2374016032646353,False,0.652132462691343,0.3328628311237618,False,nan
observable_shift,target_shift_fraction,0.75,2778070846,1.0585084105352531,False,0.592207658684197,1.1290887913921177,False,nan
observable_shift,target_shift_fraction,0.75,2839182220,1.3475907839958394,False,0.740399019300265,0.5897071901556732,False,nan
observable_shift,target_shift_fraction,0.75,1690321316,1.1990933099871905,False,0.5173281808740322,1.8520134810885847,False,nan
observable_shift,target_shift_fraction,0.75,1756409341,0.9331733322463637,False,0.40166031254902584,0.10570959070881991,False,nan
observable_shift,target_shift_fraction,0.75,3571862260,1.2311324738531482,False,0.6149107229093113,1.41269534911004,False,nan
observable_shift,target_shift_fraction,0.75,4257452728,1.160630959740696,False,0.48036183828869916,1.1195895623037142,False,nan
observable_shift,target_shift_fraction,0.75,2638787003,1.1932406501279569,False,0.2506583651670564,0.03419240792118883,False,nan
hidden_shift,target_hidden_shift_fraction,0.25,6206030,0.938890845151524,True,0.055706599543729765,0.3578719517161366,False,nan
hidden_shift,target_hidden_shift_fraction,0.25,223806669,1.1555201813076175,True,0.05127886908217921,0.41623588355145014,True,0.41200064716851403
hidden_shift,target_hidden_shift_fraction,0.25,337778487,0.30198143281854617,True,0.0026452571425121633,0.30751721811541555,False,nan
hidden_shift,target_hidden_shift_fraction,0.25,946906818,0.8247516264808387,False,0.1033728940448991,0.1180376413909866,False,nan
hidden_shift,target_hidden_shift_fraction,0.25,227773588,0.26856083438434397,True,0.0715678619017065,0.06774971129640048,False,nan
hidden_shift,target_hidden_shift_fraction,0.25,2136053591,1.1200071180307123,True,0.00890115409106159,0.2663528487921386,False,nan
hidden_shift,target_hidden_shift_fraction,0.25,1369845137,-0.04741476441119602,True,0.05181993681083181,0.306764640470618,True,0.21888696760674592
hidden_shift,target_hidden_shift_fraction,0.25,2926707848,1.0581703928499642,True,0.07119920867805728,0.16145939566811762,True,0.1911625659919004
hidden_shift,target_hidden_shift_fraction,0.25,1691924182,0.47625286298515757,True,0.07435803365270813,0.20690312079026207,False,nan
hidden_shift,target_hidden_shift_fraction,0.25,1504220177,0.7491383086855301,True,0.019033610353340835,0.1900687489282057,False,nan
hidden_shift,target_hidden_shift_fraction,0.25,4233853641,0.2279072237081724,True,0.06639107529418217,0.018666900958687033,True,0.005344844614033978
hidden_shift,target_hidden_shift_fraction,0.25,1279584879,0.9328293819848715,True,2.8908308460761428e-05,0.237363048144987,False,nan
hidden_shift,target_hidden_shift_fraction,0.25,4052555747,-0.15967173853559782,True,4.292629495879288e-09,0.15365427424391034,False,nan
hidden_shift,target_hidden_shift_fraction,0.25,1961319123,0.38156071574180717,False,0.15853599631695206,0.3846711570773662,False,nan
hidden_shift,target_hidden_shift_fraction,0.25,1547571564,0.5534879330743868,True,0.0018899576143925239,0.21796645607689857,True,0.15399447403966282
hidden_shift,target_hidden_shift_fraction,0.25,832250072,0.06447339000783842,True,0.009522005300476038,0.05333983257687841,False,nan
hidden_shift,target_hidden_shift_fraction,0.25,3065296580,0.30645354852678497,False,0.1271501915220424,0.05441327966565429,False,nan
hidden_shift,target_hidden_shift_fraction,0.25,1547357422,0.5366034167634297,True,0.013431589406581528,0.01188731961333811,False,nan
hidden_shift,target_hidden_shift_fraction,0.25,2684030526,1.3628646162198106,True,0.09012116520178991,0.17432168635599887,True,0.2265219931191802
hidden_shift,target_hidden_shift_fraction,0.25,515511295,0.04855200429388948,True,0.0016555837320365093,0.1624731315021901,True,0.17072033410675597
hidden_shift,target_hidden_shift_fraction,0.25,959868136,0.5428002241216517,True,0.007169604281646252,0.24561250474701796,True,0.2768328177253156
hidden_shift,target_hidden_shift_fraction,0.25,3346353066,0.021041035739573832,False,0.10736677809908865,0.07971944329993974,True,0.11625358796804253
hidden_shift,target_hidden_shift_fraction,0.25,352120127,0.4819786913144789,True,0.07105794682265862,0.1724659086374672,False,nan
hidden_shift,target_hidden_shift_fraction,0.25,3664914293,1.220503780124559,False,0.10092902129022713,0.10292209085770154,False,nan
hidden_shift,target_hidden_shift_fraction,0.25,3703798663,0.20892356886772728,False,0.10197516978695247,0.2846860584825208,True,0.2331400014365824
hidden_shift,target_hidden_shift_fraction,0.25,3093267080,0.28669897225976515,True,0.004785917033873658,0.06250695283395066,True,0.09201664574010293
hidden_shift,target_hidden_shift_fraction,0.25,3554115841,0.018816183102304318,False,0.12078120158054821,0.09123178268903123,False,nan
hidden_shift,target_hidden_shift_fraction,0.25,155825088,1.1666137814062216,False,0.16732037654827264,0.2958738171921119,False,nan
hidden_shift,target_hidden_shift_fraction,0.25,3334441767,1.2064591250487258,True,0.06270710086552822,0.42648279696787095,False,nan
hidden_shift,target_hidden_shift_fraction,0.25,899844285,-0.3908104361204718,True,0.049902304349338254,0.040177535412727006,False,nan
hidden_shift,target_hidden_shift_fraction,0.25,3441730126,0.4760670695875434,True,0.06182765927750901,0.2984113699393954,False,nan
hidden_shift,target_hidden_shift_fraction,0.25,54688377,0.9585176621375328,True,0.09524103974720066,0.14465358454057875,False,nan
hidden_shift,target_hidden_shift_fraction,0.25,1980710457,0.8368178794722602,False,0.12770834772695847,0.34514570621583346,False,nan
hidden_shift,target_hidden_shift_fraction,0.25,1468030827,0.14898601137930123,True,0.007374378939457719,0.037436190036608086,True,0.029673078116686125
hidden_shift,target_hidden_shift_fraction,0.25,996559093,0.4981106106566493,True,0.07643273759001515,0.2658199343844456,False,nan
hidden_shift,target_hidden_shift_fraction,0.25,3158311643,0.9358920618028785,True,0.004469099702655818,0.20474691337252615,False,nan
hidden_shift,target_hidden_shift_fraction,0.25,3645910343,0.120429852741651,True,5.9422980323125684e-09,0.08227130124247195,False,nan
hidden_shift,target_hidden_shift_fraction,0.25,2959624085,-0.08458405058371046,True,0.026453532863540973,0.020982298495617238,True,0.01911547257654765
hidden_shift,target_hidden_shift_fraction,0.25,2525584308,0.4160401374519988,False,0.12927372726565592,0.3536258180263238,True,0.29222245940450137
hidden_shift,target_hidden_shift_fraction,0.25,1004768520,0.7534877837565706,True,0.06439961649061984,0.1542510195778416,False,nan
hidden_shift,target_hidden_shift_fraction,0.25,3126028265,0.3376574281528029,True,0.09912425619651453,0.055280079634239754,False,nan
hidden_shift,target_hidden_shift_fraction,0.25,2043418861,0.41926231643483536,False,0.23041205757285643,0.5273568410793277,False,nan
hidden_shift,target_hidden_shift_fraction,0.25,3898309138,-0.004604830110950725,False,0.1602361864597476,0.0012891067224562389,False,nan
hidden_shift,target_hidden_shift_fraction,0.25,2690042736,0.6886431811032246,True,0.0946202764039118,0.030214661171543367,True,0.014788158225955472
hidden_shift,target_hidden_shift_fraction,0.25,1568640194,-0.4320089432584535,True,0.00329033361758361,0.4011855309386826,False,nan
hidden_shift,target_hidden_shift_fraction,0.25,937365036,0.7250986575482825,True,0.0631505030544028,0.15862104127296262,False,nan
hidden_shift,target_hidden_shift_fraction,0.25,1715050100,0.7784887115497321,True,0.05139974109433411,0.048412098379447266,True,0.03192296248006776
hidden_shift,target_hidden_shift_fraction,0.25,1852928592,0.5811361337832832,True,0.013087458261711054,0.12906535638348848,True,0.15259200265523837
hidden_shift,target_hidden_shift_fraction,0.25,1165622618,0.9227016151531857,True,1.4400157567082524e-09,0.0037854858470365293,False,nan
hidden_shift,target_hidden_shift_fraction,0.25,4141689740,0.18907114313386295,True,0.024828971516800143,0.05883222281150105,True,0.03710103651650978
hidden_shift,target_hidden_shift_fraction,0.25,30345645,-0.18050835054687198,True,6.893922300876047e-06,0.02345469832406208,False,nan
hidden_shift,target_hidden_shift_fraction,0.25,2916113967,0.8305053097980625,True,0.02022192665094053,0.26456688746400825,False,nan
hidden_shift,target_hidden_shift_fraction,0.25,1818331563,1.3187099874671717,True,0.009262228594094795,0.26523132002356364,True,0.2805461460639216
hidden_shift,target_hidden_shift_fraction,0.25,1467765173,0.6118091208435409,True,0.0465722182174844,0.3211334359016328,True,0.2947654185355387
hidden_shift,target_hidden_shift_fraction,0.25,3197922890,0.7645299051571803,True,1.0195191246794368e-08,0.38814981435320933,False,nan
hidden_shift,target_hidden_shift_fraction,0.25,2837227725,0.2265928335707465,True,0.04158490120729072,0.01270376966741582,False,nan
hidden_shift,target_hidden_shift_fraction,0.25,4006384245,-0.1386847658283297,True,0.07383431784193299,0.010279928014953171,False,nan
hidden_shift,target_hidden_shift_fraction,0.25,3415362953,0.44449631865714945,True,0.04845995891552701,0.3325280254023055,True,0.2896819722645767
hidden_shift,target_hidden_shift_fraction,0.25,227772841,0.7629310488281028,True,0.04845102827286138,0.20272049141600057,False,nan
hidden_shift,target_hidden_shift_fraction,0.25,221419027,1.5968080905328823,True,0.09767900085129018,0.23931900715418575,True,0.23173880598418073
hidden_shift,target_hidden_shift_fraction,0.25,3807928979,1.3547913040384498,True,0.025206278908539194,0.05389144434958881,True,0.016679462363071496
hidden_shift,target_hidden_shift_fraction,0.25,1535991096,0.24999812275537564,True,0.010249030673370275,0.08930859428590729,False,nan
hidden_shift,target_hidden_shift_fraction,0.25,3223372678,0.2351594953235868,True,0.02999737503934384,0.16614955214047525,False,nan
hidden_shift,target_hidden_shift_fraction,0.25,2610209593,0.047213583348776594,True,0.00214944063317301,0.03676063772339805,True,0.021509192663125815
hidden_shift,target_hidden_shift_fraction,0.25,1295090380,0.258556204444281,True,0.0013797640168208513,0.05251472330659679,True,0.002135103299814922
hidden_shift,target_hidden_shift_fraction,0.25,508812890,0.22727148926347748,True,0.030205884245382765,0.1398387826811049,False,nan
hidden_shift,target_hidden_shift_fraction,0.25,4273431610,0.8316140208711919,False,0.12410503576732967,0.33180214040273937,False,nan
hidden_shift,target_hidden_shift_fraction,0.25,3344664184,0.0953708144159334,True,0.043251254785117536,0.14302670544740576,True,0.13006063351578787
hidden_shift,target_hidden_shift_fraction,0.25,2412167952,0.417227439082084,True,0.052924288160936826,0.3895955920990518,False,nan
hidden_shift,target_hidden_shift_fraction,0.25,3078908370,0.19178491878080345,True,0.08388592662918237,0.08987375953104104,True,0.05726533523282051
hidden_shift,target_hidden_shift_fraction,0.25,2331692260,0.012637746519234994,False,0.20585759956536714,0.30450209269856704,False,nan
hidden_shift,target_hidden_shift_fraction,0.25,2107084129,-0.1479737417323454,True,2.597489294624884e-05,0.1517020537714649,False,nan
hidden_shift,target_hidden_shift_fraction,0.25,2494514230,0.27186501397746043,False,0.2097400031725534,0.5270338743638836,False,nan
hidden_shift,target_hidden_shift_fraction,0.25,3989853766,0.7075390892278409,True,0.07625024084080387,0.09483281879842842,False,nan
hidden_shift,target_hidden_shift_fraction,0.25,4223814891,-0.04707332607194675,True,0.06848973093590487,0.207943322387321,True,0.20170304057224525
hidden_shift,target_hidden_shift_fraction,0.25,971984392,1.0800894056766142,False,0.110903137913129,0.5783143616018305,False,nan
hidden_shift,target_hidden_shift_fraction,0.25,873859142,1.1611073563123817,True,0.060755842562814646,0.21874922472115654,False,nan
hidden_shift,target_hidden_shift_fraction,0.25,3523532404,0.8829150895467546,True,0.030460686460871026,0.11007369155153346,False,nan
hidden_shift,target_hidden_shift_fraction,0.25,722695971,0.23908779751984144,True,0.03531757491297022,0.06512218173534651,False,nan
hidden_shift,target_hidden_shift_fraction,0.25,2685626130,0.1688147087876914,False,0.1025750029570639,0.08329598491509621,False,nan
hidden_shift,target_hidden_shift_fraction,0.25,593973022,0.1994986538224701,True,0.05847384653391727,0.18934594156833234,False,nan
hidden_shift,target_hidden_shift_fraction,0.25,1530574571,0.5931342307238365,False,0.2074529593373598,0.26529684236729806,False,nan
hidden_shift,target_hidden_shift_fraction,0.25,2241124250,0.9661827549024355,False,0.1291697214455049,0.1569807233501357,True,0.08146654596808045
hidden_shift,target_hidden_shift_fraction,0.25,3572641927,1.0058890497074526,True,0.0011061097168965199,0.28381122063581055,True,0.2425300875060693
hidden_shift,target_hidden_shift_fraction,0.25,1890527062,0.8392109828395314,True,0.08105980509170851,0.0096779135077798,True,0.049250835315568176
hidden_shift,target_hidden_shift_fraction,0.25,208823269,0.5862938388277372,True,0.027585928953209916,0.1972151925802813,True,0.1677484712504812
hidden_shift,target_hidden_shift_fraction,0.25,1078865575,1.0658774322702202,True,0.04446394203622429,0.25308304885911315,True,0.306283689226196
hidden_shift,target_hidden_shift_fraction,0.25,428010395,0.6352571161540488,True,0.019556776736711495,0.2842719004785108,False,nan
hidden_shift,target_hidden_shift_fraction,0.25,2777613712,1.0533525169505493,False,0.11744401145366071,0.10908073131482166,True,0.13918652649301
hidden_shift,target_hidden_shift_fraction,0.25,4126095632,0.6436376875010765,False,0.16635761408971927,0.19378270578076107,False,nan
hidden_shift,target_hidden_shift_fraction,0.25,701605597,-0.39847648636830557,True,0.01276232190043292,0.11520892131873028,False,nan
hidden_shift,target_hidden_shift_fraction,0.25,2860607728,0.7992183017506217,True,0.05417557418662623,0.134278823050767,True,0.13398997754767805
hidden_shift,target_hidden_shift_fraction,0.25,1179374192,0.28221640996526026,True,5.143520858492505e-09,0.18141814107449922,False,nan
hidden_shift,target_hidden_shift_fraction,0.25,899350836,0.44006217786904384,False,0.13034077010900624,0.09040234719881429,True,0.001345006783292635
hidden_shift,target_hidden_shift_fraction,0.25,3313236409,-0.16274006822913864,False,0.10516779052230513,0.16915105824558233,True,0.20030760435440123
hidden_shift,target_hidden_shift_fraction,0.25,1589649599,-0.30919944136531585,False,0.11067268594018316,0.1722405328402004,False,nan
hidden_shift,target_hidden_shift_fraction,0.25,1095549922,0.5618385264818324,True,0.07622485705896404,0.2718391941768239,False,nan
hidden_shift,target_hidden_shift_fraction,0.25,1610554099,0.5479922265603543,False,0.22450882495656535,0.38957259352815965,False,nan
hidden_shift,target_hidden_shift_fraction,0.25,4210182366,0.5869483186260175,True,0.059267938472133526,0.24930908521619344,False,nan
hidden_shift,target_hidden_shift_fraction,0.25,1778628314,1.2665702292460117,True,0.06336850958944036,0.058251012035338334,True,0.32818569542395803
hidden_shift,target_hidden_shift_fraction,0.25,397707021,0.7644066198202286,True,0.04761800814460549,0.07197242744507615,True,0.11794826424579741
hidden_shift,target_hidden_shift_fraction,0.25,535558421,0.6023826064015032,False,0.2140509767977299,0.5487560867635729,False,nan
hidden_shift,target_hidden_shift_fraction,0.25,278954645,0.09052625321175017,True,0.026005894197283556,0.04027810240449909,True,0.010161724825663965
hidden_shift,target_hidden_shift_fraction,0.25,1681887486,1.109595147531235,True,0.042300954791422034,0.26036351215793585,False,nan
hidden_shift,target_hidden_shift_fraction,0.25,1545326578,1.0350151251028012,True,0.07205545289188317,0.21623571567989397,False,nan
hidden_shift,target_hidden_shift_fraction,0.25,913932548,-0.0060703533961126155,False,0.26359734494856696,0.10342948641933603,False,nan
hidden_shift,target_hidden_shift_fraction,0.25,1893218833,0.07532851733001278,True,0.09512910736722312,0.13608960039677542,False,nan
hidden_shift,target_hidden_shift_fraction,0.25,604373172,0.9821991842210839,False,0.14162682154677428,0.31939192692644414,False,nan
hidden_shift,target_hidden_shift_fraction,0.25,2176936721,1.0180251642806795,True,0.035968134778293616,0.27414729098681356,True,0.21160810164175414
hidden_shift,target_hidden_shift_fraction,0.25,3374821424,0.9638287252597435,False,0.1310204253320424,0.32518398864180176,False,nan
hidden_shift,target_hidden_shift_fraction,0.25,2634264970,0.3340720674833383,True,0.07570611146134323,0.0809181750346708,False,nan
hidden_shift,target_hidden_shift_fraction,0.25,1114598611,0.6052683878247671,True,0.05445448749019944,0.2577057378075376,False,nan
hidden_shift,target_hidden_shift_fraction,0.25,2240575516,0.5695671243475411,True,0.08491791328317336,0.21413810567602654,False,nan
hidden_shift,target_hidden_shift_fraction,0.25,849856912,0.6722269193130295,True,0.05520479139821761,0.18674023254861222,False,nan
hidden_shift,target_hidden_shift_fraction,0.25,3029830974,0.6228584270021249,True,0.035675063798711396,0.20685936587523407,True,0.18959666422143007
hidden_shift,target_hidden_shift_fraction,0.25,1753842130,1.0518950191054441,True,0.057410687602419595,0.289914722959396,False,nan
hidden_shift,target_hidden_shift_fraction,0.25,2011387753,-0.205079747402997,True,8.442272654218427e-06,0.033925322833165655,True,0.07064229182967618
hidden_shift,target_hidden_shift_fraction,0.25,3467939268,0.86264291155516,True,0.025316457326921053,0.1790826157691141,True,0.15486657447897778
hidden_shift,target_hidden_shift_fraction,0.25,2299057624,0.6120074173053217,False,0.11346968578661976,0.04230743363660916,False,nan
hidden_shift,target_hidden_shift_fraction,0.25,2287928674,0.35745245289644684,True,1.6333552285916724e-09,0.09650874464344344,True,0.09810485726006796
hidden_shift,target_hidden_shift_fraction,0.25,2848019749,-0.11382348262089675,True,0.08518762555092331,0.252897428858461,True,0.16816485245411994
hidden_shift,target_hidden_shift_fraction,0.25,1464284748,0.7484390110737043,False,0.1287373054843138,0.0989205640832671,False,nan
hidden_shift,target_hidden_shift_fraction,0.25,2817036953,0.07903329163241349,True,0.0004032273573276131,0.03352252338232345,False,nan
hidden_shift,target_hidden_shift_fraction,0.25,917083391,1.2272675271857414,True,0.0074656557455970145,0.10074150760659983,True,0.13464749962913247
hidden_shift,target_hidden_shift_fraction,0.25,3948396451,-0.40939430650249203,False,0.26122236783103137,0.2083521449793812,False,nan
hidden_shift,target_hidden_shift_fraction,0.25,3987512969,0.4669882551051615,True,0.04828182825045091,0.1267855834297994,False,nan
hidden_shift,target_hidden_shift_fraction,0.25,2624387089,0.540583438819211,True,0.09666036799429964,0.3254212615434027,True,0.3457551426236639
hidden_shift,target_hidden_shift_fraction,0.25,1106550804,0.05776547163152998,True,0.09245586818696107,0.0983729730125413,True,0.04531441369368938
hidden_shift,target_hidden_shift_fraction,0.25,1068501589,0.7567182917105097,True,0.04786421039010142,0.1043314103458205,False,nan
hidden_shift,target_hidden_shift_fraction,0.25,4098752412,0.9212613944815388,True,0.009902335955283049,0.20015354243296535,True,0.09941329388715803
hidden_shift,target_hidden_shift_fraction,0.25,1667295089,0.878431277670106,True,0.028080780420792036,0.15760758312954803,True,0.150148563525474
hidden_shift,target_hidden_shift_fraction,0.25,84892512,0.7919531461124396,True,0.010788563521951582,0.15724029948052642,True,0.18074063951461616
hidden_shift,target_hidden_shift_fraction,0.25,79615730,0.30339908320038333,True,0.0918817379430542,0.21427391790831402,False,nan
hidden_shift,target_hidden_shift_fraction,0.25,370221036,0.3079378517574676,True,6.434222272786126e-09,0.037889570500279024,True,0.09874574657426738
hidden_shift,target_hidden_shift_fraction,0.25,1472590995,-0.0786573423795141,True,0.03654012546723263,0.0011788647571257804,True,0.09649999695238487
hidden_shift,target_hidden_shift_fraction,0.25,2717526321,0.21456057356446734,True,0.04366700829820824,0.10719404175345532,False,nan
hidden_shift,target_hidden_shift_fraction,0.25,3077842605,-0.4607422067633801,True,0.006059335263526162,0.06587932326056195,True,0.03371088265118588
hidden_shift,target_hidden_shift_fraction,0.25,1573859679,-0.21726848221242082,False,0.18172691508775102,0.24704024283214995,False,nan
hidden_shift,target_hidden_shift_fraction,0.25,3243909472,0.3998394233017065,True,0.0004102427659126718,0.07992803314814678,False,nan
hidden_shift,target_hidden_shift_fraction,0.25,4020576204,0.9741878116739302,True,0.03157699886123231,0.23836541722715066,True,0.189028885179377
hidden_shift,target_hidden_shift_fraction,0.25,1181912667,-0.17784103807241447,True,0.05164187970355052,0.022321735844108404,True,0.0039420003740661125
hidden_shift,target_hidden_shift_fraction,0.25,1047633566,0.756256633395614,True,0.09939055927166221,0.3017182712831136,True,0.14893028745714787
hidden_shift,target_hidden_shift_fraction,0.25,3793873264,0.1775535958490997,True,0.004925357521544201,0.0019720669964705673,True,0.036809732832347564
hidden_shift,target_hidden_shift_fraction,0.25,2690632579,-0.31098522923632044,True,0.062485266095313505,0.24886306705825822,False,nan
hidden_shift,target_hidden_shift_fraction,0.25,3776061882,0.8052035295165373,True,0.0918679289036326,0.10657478694853728,False,nan
hidden_shift,target_hidden_shift_fraction,0.25,726518028,0.15585271141738227,True,0.08671881947754104,0.20568369557246807,True,0.20404969559389863
hidden_shift,target_hidden_shift_fraction,0.25,2745367426,0.6625904393455883,True,0.05286669432705871,0.1930877225758097,False,nan
hidden_shift,target_hidden_shift_fraction,0.25,3416335845,-0.08362573093090386,True,0.004859263919680513,0.10228023544069087,True,0.031930755755734744
hidden_shift,target_hidden_shift_fraction,0.25,3777385691,0.5800475520502477,True,0.04956608257296606,0.32796194785287175,True,0.35698884781652773
hidden_shift,target_hidden_shift_fraction,0.25,4272304285,-0.008417274926498602,True,0.04562131621406663,0.10103902438898707,True,0.11131300474029895
hidden_shift,target_hidden_shift_fraction,0.25,2674549911,0.2886204256574729,True,0.05923513773159605,0.30342273943116993,False,nan
hidden_shift,target_hidden_shift_fraction,0.25,3652442471,0.862929252027729,True,1.2520286994924633e-09,0.2984483061202099,False,nan
hidden_shift,target_hidden_shift_fraction,0.25,4223204854,0.3005404543620772,True,0.06167795775801872,0.012501152388541659,False,nan
hidden_shift,target_hidden_shift_fraction,0.25,3745683723,0.7732639526133431,False,0.39766165514458784,0.3461385581527183,False,nan
hidden_shift,target_hidden_shift_fraction,0.25,1696316078,0.5092164345120357,False,0.14025232074955318,0.02846731578762146,False,nan
hidden_shift,target_hidden_shift_fraction,0.25,3012233057,1.108814451634329,True,0.021561131517736167,0.06978720048350273,False,nan
hidden_shift,target_hidden_shift_fraction,0.25,4066438379,0.40906649789247085,True,0.061539062078996905,0.1887691586334309,True,0.20063714788842257
hidden_shift,target_hidden_shift_fraction,0.25,3508260149,0.1117890277895642,True,0.033333856815858126,0.18785644174596244,False,nan
hidden_shift,target_hidden_shift_fraction,0.25,2081846768,0.2721415412151324,True,0.0857617389968128,0.27042560444390873,False,nan
hidden_shift,target_hidden_shift_fraction,0.25,3067732021,0.01678721850195214,True,2.5310101848977694e-08,0.18256830322354833,True,0.2118243029769983
hidden_shift,target_hidden_shift_fraction,0.25,94347916,0.3935123971710832,False,0.1708113084523948,0.38245953455735415,False,nan
hidden_shift,target_hidden_shift_fraction,0.25,608148152,-0.20062745385654068,True,0.08704936095231317,0.0755825981776441,True,0.017432321824303182
hidden_shift,target_hidden_shift_fraction,0.25,1083288077,0.9227452517133701,True,0.07426471299056275,0.03128502936596533,True,0.05610169669700171
hidden_shift,target_hidden_shift_fraction,0.25,726964610,0.7629074255294166,True,0.07156232424309229,0.17145706260189297,True,0.13779054988463602
hidden_shift,target_hidden_shift_fraction,0.25,3800423110,0.7348735700660701,False,0.26576955422002435,0.4371521500889102,False,nan
hidden_shift,target_hidden_shift_fraction,0.25,3348883704,0.2361972081938902,True,0.01506353317814492,0.16702395683064247,True,0.2834678654191204
hidden_shift,target_hidden_shift_fraction,0.25,1760904596,0.6437970139189327,True,0.05639865369290405,0.06290076523488386,True,0.08169960497583373
hidden_shift,target_hidden_shift_fraction,0.25,4167721643,0.46726071627642063,True,0.06173003858875213,0.0247297090239485,True,0.023484381405191657
hidden_shift,target_hidden_shift_fraction,0.25,3029521762,0.6158437220554656,True,0.010567769781166372,0.10916380947930349,True,0.07925323076972424
hidden_shift,target_hidden_shift_fraction,0.25,2673062481,0.4423299777740569,True,0.005644515062578044,0.14176723008400038,False,nan
hidden_shift,target_hidden_shift_fraction,0.25,599218185,0.6298353958878127,True,0.07709595241571687,0.14790475838068645,True,0.11573851479405894
hidden_shift,target_hidden_shift_fraction,0.25,1445702828,0.6351231336631598,False,0.10419483347262501,0.37887255116664,False,nan
hidden_shift,target_hidden_shift_fraction,0.25,2593470744,0.6359702214610048,False,0.21107650312640358,0.2683394221248987,False,nan
hidden_shift,target_hidden_shift_fraction,0.25,3926259697,0.6880357821768184,True,0.08229131584867251,0.1414527591832606,False,nan
hidden_shift,target_hidden_shift_fraction,0.25,3512524833,0.5464698596305788,True,0.03332124314402063,0.07298808629453013,False,nan
hidden_shift,target_hidden_shift_fraction,0.25,2871081279,0.3471278661943169,True,0.06728198132394948,0.0669904245060648,True,0.10604085165514301
hidden_shift,target_hidden_shift_fraction,0.25,974889453,0.9893756318274216,True,0.0573672154752069,0.3006732814556199,False,nan
hidden_shift,target_hidden_shift_fraction,0.25,3729753598,0.6983043901609264,False,0.16643271901284007,0.15089788174673957,False,nan
hidden_shift,target_hidden_shift_fraction,0.25,2746648477,0.688240283148855,True,0.0768314105215348,0.08489562267780759,True,0.03670089716768754
hidden_shift,target_hidden_shift_fraction,0.25,3306677150,-0.31645229014578574,True,0.08986383874451394,0.020061261300211186,False,nan
hidden_shift,target_hidden_shift_fraction,0.25,1176636705,-0.6194794163749135,True,0.035878135541507906,0.06514041249646807,True,0.006607561884800939
hidden_shift,target_hidden_shift_fraction,0.25,2597934607,-0.13923097779711163,True,0.05351254440648906,0.026705460367738937,True,0.0404716217043507
hidden_shift,target_hidden_shift_fraction,0.25,3151989021,0.7313159394422397,True,0.04976639214566172,0.1656051126891458,False,nan
hidden_shift,target_hidden_shift_fraction,0.25,1128875000,1.0168848104379178,True,0.070360960590473,0.4864224707533724,False,nan
hidden_shift,target_hidden_shift_fraction,0.25,1855816629,0.7915116856105726,True,0.016904364012038417,0.09089380088442711,False,nan
hidden_shift,target_hidden_shift_fraction,0.25,3801200649,0.5836732401355283,True,0.08451812323219192,0.2346234206647398,True,0.23391806411787808
hidden_shift,target_hidden_shift_fraction,0.25,3691814885,0.4692570177045925,True,0.052079790781187636,0.12645817612004584,False,nan
hidden_shift,target_hidden_shift_fraction,0.25,821756463,0.1129084199488345,True,0.029243799707219992,0.05839389618661878,False,nan
hidden_shift,target_hidden_shift_fraction,0.25,3148965892,-0.5139762948442853,True,0.06715251687153433,0.028101241252435405,False,nan
hidden_shift,target_hidden_shift_fraction,0.25,1352256552,0.28026002626146856,False,0.10855392973489342,0.18363387925969377,False,nan
hidden_shift,target_hidden_shift_fraction,0.25,1211346230,0.4970359639599907,False,0.13918137259540875,0.45039989315301077,False,nan
hidden_shift,target_hidden_shift_fraction,0.25,867087181,-0.03427642518472787,True,0.04602321522661902,0.028062435701315676,False,nan
hidden_shift,target_hidden_shift_fraction,0.25,466962655,-0.03204004463668994,False,0.18685696316034767,0.4615142293527298,False,nan
hidden_shift,target_hidden_shift_fraction,0.25,1412301354,0.29938024212625686,False,0.13281109074070419,0.21149710683873982,False,nan
hidden_shift,target_hidden_shift_fraction,0.25,1478630788,1.045926087885893,True,0.06852145616787284,0.013684511707501734,False,nan
hidden_shift,target_hidden_shift_fraction,0.25,2103030964,0.25226706137357885,False,0.10985661092915577,0.0842217308731103,False,nan
hidden_shift,target_hidden_shift_fraction,0.25,826428881,0.5242008116702781,True,0.0456531122544784,0.02422794902362485,True,0.0263658525175009
hidden_shift,target_hidden_shift_fraction,0.25,3882994267,1.3750267992731502,True,0.015759510664250607,0.19548956014340413,False,nan
hidden_shift,target_hidden_shift_fraction,0.25,1256224618,0.7931836117540205,True,3.3787668552944143e-09,0.2849975121958378,False,nan
hidden_shift,target_hidden_shift_fraction,0.25,945507465,0.48701296478211864,True,0.05326515679922061,0.10291883516652878,False,nan
hidden_shift,target_hidden_shift_fraction,0.5,2036252683,0.4620200597234998,False,0.2890425198358331,0.43016424755098825,False,nan
hidden_shift,target_hidden_shift_fraction,0.5,3137300600,0.4266789820733503,False,0.12978335665796467,0.36885524215765303,True,0.36275985552445716
hidden_shift,target_hidden_shift_fraction,0.5,1376633565,0.187201054977176,False,0.21620303595310103,0.23450714662421915,False,nan
hidden_shift,target_hidden_shift_fraction,0.5,2385431185,0.9863626847375039,True,0.07057667998598494,0.2908418855148981,True,0.2943568458244228
hidden_shift,target_hidden_shift_fraction,0.5,534777236,1.8568900512763276,True,0.03860708638198366,0.38407581355445153,True,0.3711978782779526
hidden_shift,target_hidden_shift_fraction,0.5,4188309079,0.32604866975616736,False,0.4025633321307547,0.25241683826857847,False,nan
hidden_shift,target_hidden_shift_fraction,0.5,3100710843,0.9095050771596136,False,0.241153901315653,0.3946380242470875,False,nan
hidden_shift,target_hidden_shift_fraction,0.5,1339492918,0.549142739132381,False,0.35719613028591524,0.01904673122300382,False,nan
hidden_shift,target_hidden_shift_fraction,0.5,3024325166,0.10717547314882962,False,0.27239077056037797,0.44524245424083597,False,nan
hidden_shift,target_hidden_shift_fraction,0.5,225966307,1.1288883371620426,True,0.08949712774786132,0.12677840467798318,True,0.22992676996634998
hidden_shift,target_hidden_shift_fraction,0.5,392848349,0.5846250195685876,False,0.3510478900251918,0.1515310541062153,False,nan
hidden_shift,target_hidden_shift_fraction,0.5,188519061,1.275880984153575,False,0.3264499769648584,0.2395760031167451,False,nan
hidden_shift,target_hidden_shift_fraction,0.5,1263478990,0.6954479700443101,False,0.21394338166822854,0.28603627359768075,False,nan
hidden_shift,target_hidden_shift_fraction,0.5,884542119,0.7198642536632534,False,0.31084504832163873,0.03853639454028457,False,nan
hidden_shift,target_hidden_shift_fraction,0.5,2010772105,0.8678703896155717,False,0.43713546217664556,0.9223936060482287,False,nan
hidden_shift,target_hidden_shift_fraction,0.5,2240593329,0.18768962999935362,False,0.16527320454747307,0.3904105673145058,True,0.3564828831737178
hidden_shift,target_hidden_shift_fraction,0.5,1432445079,0.6687293959342366,False,0.2665265375802123,0.31817450649693674,False,nan
hidden_shift,target_hidden_shift_fraction,0.5,1793023441,0.5414917290842209,False,0.1335736994130597,0.2819225021050683,True,0.18954099786637452
hidden_shift,target_hidden_shift_fraction,0.5,2788431007,1.4195083052131898,False,0.1373251460340974,0.0882918139492459,True,0.01847376488304109
hidden_shift,target_hidden_shift_fraction,0.5,1026358163,1.1518522465976637,False,0.1368406189874597,0.2595946265499447,False,nan
hidden_shift,target_hidden_shift_fraction,0.5,4008094406,1.0279125368636113,False,0.12187224494810026,0.12053897212360276,False,nan
hidden_shift,target_hidden_shift_fraction,0.5,747115076,0.7177001402734058,False,0.23208846746196352,0.2560086302939572,True,0.2602043819977479
hidden_shift,target_hidden_shift_fraction,0.5,3393399998,0.9321234264259737,False,0.23247263560151937,0.21639897106984307,False,nan
hidden_shift,target_hidden_shift_fraction,0.5,819646496,0.13058947088316541,False,0.22439303696133678,0.007338700781728158,False,nan
hidden_shift,target_hidden_shift_fraction,0.5,3038823255,0.7620083518490793,False,0.18186480601741595,0.4774974501888521,False,nan
hidden_shift,target_hidden_shift_fraction,0.5,51223897,0.9813871433941836,True,0.08231135563503034,0.009469144729681744,True,0.04007707733670118
hidden_shift,target_hidden_shift_fraction,0.5,1674491074,-0.15526013623941295,True,0.07200507429454692,0.5537061689736156,False,nan
hidden_shift,target_hidden_shift_fraction,0.5,3618134019,0.44751039309781576,False,0.3972890251907606,0.14509256188189734,False,nan
hidden_shift,target_hidden_shift_fraction,0.5,2005082357,0.7820482309052139,False,0.28525290250412216,0.4879939333824224,False,nan
hidden_shift,target_hidden_shift_fraction,0.5,1606467333,-0.3946679347830845,False,0.3258901692395915,0.7043520624755354,False,nan
hidden_shift,target_hidden_shift_fraction,0.5,1389536973,0.5681446462035014,False,0.12102561124992847,0.4366714541984074,False,nan
hidden_shift,target_hidden_shift_fraction,0.5,3079147976,1.3429778943288517,True,0.09096238994266365,0.2636244828343117,True,0.30275872490690237
hidden_shift,target_hidden_shift_fraction,0.5,3487051907,0.498701716524777,False,0.2739322003649586,0.5325476541883059,False,nan
hidden_shift,target_hidden_shift_fraction,0.5,525834494,-0.17176507889846568,False,0.26338590610727186,0.1030361411557961,False,nan
hidden_shift,target_hidden_shift_fraction,0.5,1704763666,2.4709151706748105,True,0.009950552120581846,0.2881312744879927,True,0.2912695571378672
hidden_shift,target_hidden_shift_fraction,0.5,2269587945,0.41556160247759966,False,0.255763413239193,0.159444493267259,False,nan
hidden_shift,target_hidden_shift_fraction,0.5,3279599896,0.6900130563206751,False,0.3356293658928363,0.4025449971039568,False,nan
hidden_shift,target_hidden_shift_fraction,0.5,3938265546,0.8228400050873748,False,0.10362689724130654,0.23327102228237162,True,0.2479182715093834
hidden_shift,target_hidden_shift_fraction,0.5,4120992671,1.3752910869016894,False,0.12214618895028692,0.38845081226274525,False,nan
hidden_shift,target_hidden_shift_fraction,0.5,3268715293,1.134459663008659,False,0.24967643853451527,0.6790396859931438,False,nan
hidden_shift,target_hidden_shift_fraction,0.5,3360714081,0.8676994771272051,False,0.2624425003822032,0.17806914390775375,False,nan
hidden_shift,target_hidden_shift_fraction,0.5,408567189,0.6355979985801704,True,0.07120158772183963,0.12250812263962552,True,0.2303774610845179
hidden_shift,target_hidden_shift_fraction,0.5,4235561223,0.8577250373424838,False,0.16374467993250919,0.01248535087572722,False,nan
hidden_shift,target_hidden_shift_fraction,0.5,2919422414,1.2989649253299718,False,0.17306458472873246,0.1445707673078569,False,nan
hidden_shift,target_hidden_shift_fraction,0.5,1665131660,0.30644541498706923,False,0.11515768868524588,0.23396895503498366,False,nan
hidden_shift,target_hidden_shift_fraction,0.5,2393032343,0.4988204817439496,False,0.17064250224193786,0.13774021704507905,True,0.13122825520541004
hidden_shift,target_hidden_shift_fraction,0.5,148070323,0.7641955654639485,True,0.06587886620052713,0.10876736867429426,True,0.15764017534657104
hidden_shift,target_hidden_shift_fraction,0.5,1819440145,0.905079799875074,True,0.08552805710351032,0.26910393154044454,False,nan
hidden_shift,target_hidden_shift_fraction,0.5,3475372628,0.8340855187319949,False,0.1404601348294108,0.2294994058574401,False,nan
hidden_shift,target_hidden_shift_fraction,0.5,1083739803,1.7194140208656141,True,0.08493051062383199,0.5196236530314831,True,0.4804706052905179
hidden_shift,target_hidden_shift_fraction,0.5,4209660362,1.048994733111271,False,0.2199541883015457,0.2538462981635845,False,nan
hidden_shift,target_hidden_shift_fraction,0.5,4207120777,0.9593874157936902,False,0.14912183073712007,0.38082040950796714,True,0.38908307540305676
hidden_shift,target_hidden_shift_fraction,0.5,3627811864,1.4357768738809347,True,0.049841726562716245,0.09763804789897423,True,0.0801151407345182
hidden_shift,target_hidden_shift_fraction,0.5,767966417,0.03783889169888316,False,0.3540073374854369,0.6723727668946928,False,nan
hidden_shift,target_hidden_shift_fraction,0.5,263405827,1.3424123970676245,False,0.25659124753836565,0.619385733017,False,nan
hidden_shift,target_hidden_shift_fraction,0.5,1413673862,0.5715042540961437,True,0.07642062418056317,0.22387215823813922,False,nan
hidden_shift,target_hidden_shift_fraction,0.5,1179260337,1.6750017783739635,True,0.05649143797339666,0.2526399846294394,True,0.21035615309743005
hidden_shift,target_hidden_shift_fraction,0.5,3695321047,0.8812641290098258,False,0.21167692260573326,0.3586536313870037,False,nan
hidden_shift,target_hidden_shift_fraction,0.5,445981618,1.2222400414924663,True,0.07814940607563071,0.010131708683587037,False,nan
hidden_shift,target_hidden_shift_fraction,0.5,888117973,-0.25907701313817894,False,0.30900571109823466,0.2441863887527052,False,nan
hidden_shift,target_hidden_shift_fraction,0.5,2004885829,1.2887638978361726,False,0.10119913026613268,0.0642886044100095,False,nan
hidden_shift,target_hidden_shift_fraction,0.5,1540147463,0.5749461363493287,False,0.11422298623137202,0.152620175158528,False,nan
hidden_shift,target_hidden_shift_fraction,0.5,1472996588,1.0207797006967547,False,0.32754613910857,0.7196311024704906,False,nan
hidden_shift,target_hidden_shift_fraction,0.5,684204099,0.5560390275771309,False,0.20760718386908228,0.21133576730368075,False,nan
hidden_shift,target_hidden_shift_fraction,0.5,4013590314,1.4987663099560333,False,0.228220616387378,0.29861363970424204,False,nan
hidden_shift,target_hidden_shift_fraction,0.5,279516095,1.5472467826263485,False,0.28765681087571787,0.47635396835407073,False,nan
hidden_shift,target_hidden_shift_fraction,0.5,600557443,0.23900146148208545,False,0.18059465279120418,0.16752459596873054,True,0.08132353464393491
hidden_shift,target_hidden_shift_fraction,0.5,611298993,0.03241271530554746,False,0.3519204234741281,0.7294225276011717,False,nan
hidden_shift,target_hidden_shift_fraction,0.5,2477315117,1.0976313384757161,True,0.043396332117849136,0.19725128976885453,True,0.21604477347958717
hidden_shift,target_hidden_shift_fraction,0.5,3045457273,0.8202363936979796,True,0.06051118641022053,0.20887267963547995,False,nan
hidden_shift,target_hidden_shift_fraction,0.5,847824944,0.7019114676895026,True,0.04118012280969123,0.24919123540009458,True,0.3254123375171513
hidden_shift,target_hidden_shift_fraction,0.5,363608567,0.051625276490875144,False,0.1976171262401921,0.09424418585784888,False,nan
hidden_shift,target_hidden_shift_fraction,0.5,2493058363,0.4032635152464874,False,0.11671539083913929,0.10185213010606942,False,nan
hidden_shift,target_hidden_shift_fraction,0.5,235942844,1.713977357598855,False,0.13504726666267353,0.48817339526877457,False,nan
hidden_shift,target_hidden_shift_fraction,0.5,3280618350,0.13501235166765202,True,0.05211189102282436,0.16815698322724376,False,nan
hidden_shift,target_hidden_shift_fraction,0.5,1123797807,0.9416923719533241,False,0.11027304320672417,0.3445098740936715,True,0.29335110712421386
hidden_shift,target_hidden_shift_fraction,0.5,2427384211,0.34991342642439643,False,0.14528086264719253,0.001591819315435672,False,nan
hidden_shift,target_hidden_shift_fraction,0.5,169660046,0.11103303885679172,False,0.4355239969240748,0.04062263605409634,False,nan
hidden_shift,target_hidden_shift_fraction,0.5,2561756886,0.6681032167772084,False,0.31396922021143514,0.011125947894617405,False,nan
hidden_shift,target_hidden_shift_fraction,0.5,658578630,0.9848909497821595,True,0.051824611016095694,0.030422281470928736,True,0.09889965767134345
hidden_shift,target_hidden_shift_fraction,0.5,2326429126,0.8081067484115532,False,0.27770590818352076,0.3702707250117273,False,nan
hidden_shift,target_hidden_shift_fraction,0.5,1723548033,0.38228525526376894,True,0.04003498709254903,0.15025064163206486,True,0.12416494479533186
hidden_shift,target_hidden_shift_fraction,0.5,2471365587,0.3272571998711422,False,0.134978573347095,0.00785117436687982,False,nan
hidden_shift,target_hidden_shift_fraction,0.5,3036527285,0.5280668066386021,False,0.2245966169397397,0.1320875454713928,False,nan
hidden_shift,target_hidden_shift_fraction,0.5,4129271844,0.5897286275268678,False,0.10480147049873001,0.29601571880860755,False,nan
hidden_shift,target_hidden_shift_fraction,0.5,1839983433,0.6203511663134934,True,0.08772228510047227,0.11024904380250844,False,nan
hidden_shift,target_hidden_shift_fraction,0.5,2091506559,1.4783609390978223,False,0.22232927037082859,0.5824509222541989,False,nan
hidden_shift,target_hidden_shift_fraction,0.5,3480616654,0.3162651368585606,True,0.013001504925003607,0.016802431262340378,False,nan
hidden_shift,target_hidden_shift_fraction,0.5,209118595,0.020239660157840705,True,0.052069659373903794,0.3263215868415562,False,nan
hidden_shift,target_hidden_shift_fraction,0.5,3905684149,0.6466939167370626,False,0.4451301187473279,0.4916756601016159,False,nan
hidden_shift,target_hidden_shift_fraction,0.5,2198114669,0.17961570510259944,False,0.169322887155827,0.3645733537268716,False,nan
hidden_shift,target_hidden_shift_fraction,0.5,539961948,0.4746555577116818,False,0.1349087416888854,0.18868131202241312,False,nan
hidden_shift,target_hidden_shift_fraction,0.5,2105080357,0.8526937325187807,False,0.1723163564801582,0.3929983746711996,False,nan
hidden_shift,target_hidden_shift_fraction,0.5,1782121093,1.120623966781503,True,0.03467981007434387,0.019837315329021443,True,0.0629416791409434
hidden_shift,target_hidden_shift_fraction,0.5,2318868435,1.1808123556528773,False,0.1546451657791658,0.356959885381016,False,nan
hidden_shift,target_hidden_shift_fraction,0.5,119660724,0.5844001821193819,False,0.1751563070865974,0.4618095855275151,False,nan
hidden_shift,target_hidden_shift_fraction,0.5,540090056,1.3819025804417517,True,0.022169988770093157,0.16148654526361805,True,0.13516947914644573
hidden_shift,target_hidden_shift_fraction,0.5,4280735904,-0.07246327164961214,True,0.09238511360314472,0.19022285559049484,False,nan
hidden_shift,target_hidden_shift_fraction,0.5,490929920,1.0385753221923493,False,0.14339427583407557,0.1326406575156236,False,nan
hidden_shift,target_hidden_shift_fraction,0.5,2311833783,-0.026941669718320183,False,0.15650867950772615,0.05267702157612472,True,0.04675253650301869
hidden_shift,target_hidden_shift_fraction,0.5,42783351,0.8431399764115816,False,0.10506631394843527,0.29167132848903876,True,0.19798712006411479
hidden_shift,target_hidden_shift_fraction,0.5,1701516927,1.5308771288103484,False,0.26080317971245054,0.37260487733048775,False,nan
hidden_shift,target_hidden_shift_fraction,0.5,1172588018,0.5687514713815942,False,0.261847429417793,0.4431893066855732,False,nan
hidden_shift,target_hidden_shift_fraction,0.5,4095086848,0.14322677138075182,False,0.24011082109436097,0.0274892371553708,False,nan
hidden_shift,target_hidden_shift_fraction,0.5,2416073584,0.5625976298875437,False,0.19770938881537317,0.2780720184851974,False,nan
hidden_shift,target_hidden_shift_fraction,0.5,1772800241,1.3305338856357163,False,0.3131323981354449,0.4834273338458125,False,nan
hidden_shift,target_hidden_shift_fraction,0.5,2905531365,1.3695892430632077,False,0.15894957351888142,0.11066365576787573,False,nan
hidden_shift,target_hidden_shift_fraction,0.5,3083699296,1.241979301303678,False,0.1884766634540034,0.03811750840640182,False,nan
hidden_shift,target_hidden_shift_fraction,0.5,1996440048,0.6414176457193107,True,0.0852526923997539,0.30200688269945086,True,0.2596667710593254
hidden_shift,target_hidden_shift_fraction,0.5,2805102962,-0.27501337826095873,True,0.09332663789636786,0.40677425906030795,False,nan
hidden_shift,target_hidden_shift_fraction,0.5,3368047823,0.5293120227588458,True,0.06635894837629552,0.13295483133861075,True,0.22906978944835693
hidden_shift,target_hidden_shift_fraction,0.5,3142328727,0.4696749206902826,False,0.30699585731415885,0.33880225992239704,False,nan
hidden_shift,target_hidden_shift_fraction,0.5,3238403856,1.0400639998740493,False,0.21747541958609098,0.31226240985187714,False,nan
hidden_shift,target_hidden_shift_fraction,0.5,1186657448,1.4413864305408215,False,0.15740478010653716,0.5411338268475309,False,nan
hidden_shift,target_hidden_shift_fraction,0.5,4217386546,0.4426208736841693,False,0.24065038612911213,0.09389070208303718,False,nan
hidden_shift,target_hidden_shift_fraction,0.5,2517710031,0.6617235552333839,False,0.16229370488956396,0.42553305256917984,False,nan
hidden_shift,target_hidden_shift_fraction,0.5,2719999122,0.05716891767308674,True,0.07587770873211004,0.17166480587709843,True,0.1509080668022837
hidden_shift,target_hidden_shift_fraction,0.5,2515624698,1.1854239531947177,False,0.22896323989835735,0.33937630621839543,False,nan
hidden_shift,target_hidden_shift_fraction,0.5,1480758759,0.09101529762022348,False,0.4361618097644806,0.4391600749345332,False,nan
hidden_shift,target_hidden_shift_fraction,0.5,2525217332,0.2868102168125491,False,0.21399074384978656,0.3756374875383174,False,nan
hidden_shift,target_hidden_shift_fraction,0.5,1100320732,0.29618496781183307,False,0.31472960497000635,0.10186996521345021,False,nan
hidden_shift,target_hidden_shift_fraction,0.5,1884136480,0.43477593972337036,False,0.13779321897385113,0.271842944895979,False,nan
hidden_shift,target_hidden_shift_fraction,0.5,2918972575,1.044700879054628,True,0.09293274948611552,0.0761490590676358,True,0.0680318061237577
hidden_shift,target_hidden_shift_fraction,0.5,1506561919,0.17468291980451897,False,0.12282702624846815,0.08733250159856151,True,0.13854505493149288
hidden_shift,target_hidden_shift_fraction,0.5,931119006,0.9526646602187252,False,0.1620567402989951,0.09824468770923711,False,nan
hidden_shift,target_hidden_shift_fraction,0.5,574506045,0.40603774287608185,False,0.35141795411560534,0.6409212667124937,False,nan
hidden_shift,target_hidden_shift_fraction,0.5,4093307410,0.8937895264287469,False,0.4147311256619785,1.0174233633272638,False,nan
hidden_shift,target_hidden_shift_fraction,0.5,2747758021,0.2006211856798781,False,0.17774297348430912,0.07164226760546838,False,nan
hidden_shift,target_hidden_shift_fraction,0.5,2018394517,0.12244838035701926,False,0.19811059573244366,0.09344467684826592,False,nan
hidden_shift,target_hidden_shift_fraction,0.5,130903694,0.7206650905440228,True,0.08751138587490878,0.08432226081914429,True,0.021113203610366504
hidden_shift,target_hidden_shift_fraction,0.5,2533288841,0.4370243135806001,True,0.00014997777440086153,0.10257029068006318,True,0.09560668730192068
hidden_shift,target_hidden_shift_fraction,0.5,366357404,1.1790434888851504,False,0.11138340466129511,0.2568186448388038,True,0.16090678287143523
hidden_shift,target_hidden_shift_fraction,0.5,170766978,1.1549476189558765,False,0.20897966449714162,0.3521451186274729,False,nan
hidden_shift,target_hidden_shift_fraction,0.5,1797599871,0.5117590524204585,False,0.3396067681934611,0.03375120163485412,False,nan
hidden_shift,target_hidden_shift_fraction,0.5,3269121478,0.7364093115243121,False,0.222764010735221,0.24149915878211992,False,nan
hidden_shift,target_hidden_shift_fraction,0.5,3469033019,0.7342778227936575,False,0.3012610561683665,0.564258009737642,False,nan
hidden_shift,target_hidden_shift_fraction,0.5,440542041,0.9549006906835882,False,0.14460973378548136,0.4288115493056517,False,nan
hidden_shift,target_hidden_shift_fraction,0.5,2206694860,0.7730352239599929,True,0.03962053198658699,0.2857648529506335,False,nan
hidden_shift,target_hidden_shift_fraction,0.5,1988855532,0.669721680499981,False,0.17118969281086227,0.5135137785070025,False,nan
hidden_shift,target_hidden_shift_fraction,0.5,3060648639,1.0677143774767692,False,0.15025353155178092,0.19165678227773053,True,0.13599695855854166
hidden_shift,target_hidden_shift_fraction,0.5,2995436513,0.2978776439512659,False,0.29998241710173185,0.4095478340333256,False,nan
hidden_shift,target_hidden_shift_fraction,0.5,2536563804,0.4614990470548571,False,0.2967793286199914,0.38119814137290914,False,nan
hidden_shift,target_hidden_shift_fraction,0.5,1890166845,0.5604800972034074,False,0.2914936114177973,0.5582823994614131,False,nan
hidden_shift,target_hidden_shift_fraction,0.5,2791326458,1.0230203383135705,True,0.028435316013059785,0.2737915075218107,True,0.25067157123233996
hidden_shift,target_hidden_shift_fraction,0.5,1274967315,0.9306341850362219,False,0.24149816941701813,0.7669413464519117,False,nan
hidden_shift,target_hidden_shift_fraction,0.5,4234709743,0.9618645844352423,False,0.2278670969223855,0.39711973813482504,False,nan
hidden_shift,target_hidden_shift_fraction,0.5,2049012698,0.8071257142208224,True,0.03262597205283374,0.3366289147182546,True,0.2657746517459244
hidden_shift,target_hidden_shift_fraction,0.5,1627376193,0.4023267775072027,False,0.317465297990711,0.14036895666697424,False,nan
hidden_shift,target_hidden_shift_fraction,0.5,2662999466,1.0807585647573816,False,0.3770784869607946,0.6260000423247943,False,nan
hidden_shift,target_hidden_shift_fraction,0.5,1463845148,0.8337810695781749,False,0.22272561739721797,0.34609809946734504,False,nan
hidden_shift,target_hidden_shift_fraction,0.5,2378248657,0.4445145305478884,False,0.2152825534034225,0.49149129317758816,False,nan
hidden_shift,target_hidden_shift_fraction,0.5,3400510789,1.1202628387316833,True,0.07182869138231578,0.31631547933906856,True,0.3183874222389659
hidden_shift,target_hidden_shift_fraction,0.5,4194013574,1.1250099714896191,True,0.07979990485499845,0.41532922694209007,False,nan
hidden_shift,target_hidden_shift_fraction,0.5,137392596,1.4761082310364257,True,0.0896915462909595,0.29887401620395226,True,0.3479316124232881
hidden_shift,target_hidden_shift_fraction,0.5,3607654151,-0.003862848670643987,False,0.13750716719113057,0.003276080557346954,False,nan
hidden_shift,target_hidden_shift_fraction,0.5,2888170717,0.5247353797683406,False,0.2593729082319633,0.07830078826860054,False,nan
hidden_shift,target_hidden_shift_fraction,0.5,690141682,0.7734424343549515,True,0.09387199889933188,0.08334190421571197,True,0.07757858970059273
hidden_shift,target_hidden_shift_fraction,0.5,3449940977,0.14007510610654902,False,0.27113539374570705,0.16084222825968858,False,nan
hidden_shift,target_hidden_shift_fraction,0.5,2056492911,0.987627972102581,False,0.23034279884457987,0.20962469992840893,False,nan
hidden_shift,target_hidden_shift_fraction,0.5,2995633780,0.7330205848378479,False,0.21150603464199055,0.5516490227099834,False,nan
hidden_shift,target_hidden_shift_fraction,0.5,4143704474,1.853782413209663,True,0.08381758659414329,0.07626121715649847,True,0.09332751741042578
hidden_shift,target_hidden_shift_fraction,0.5,4014212364,1.167773695558703,False,0.20444053216927063,0.2357324407786172,False,nan
hidden_shift,target_hidden_shift_fraction,0.5,2664226618,0.3811920254691634,True,0.05584095820801172,0.09925544253120988,True,0.09631674650197625
hidden_shift,target_hidden_shift_fraction,0.5,3911680091,0.9242549234109985,False,0.12474888157660814,0.39609859621526866,False,nan
hidden_shift,target_hidden_shift_fraction,0.5,3352680747,0.8957855429453063,True,0.08983167772667247,0.003783384285002689,True,0.0360187502892545
hidden_shift,target_hidden_shift_fraction,0.5,2145682690,0.3076424299952997,False,0.17429974077835164,0.22832510466389755,True,0.21827669236605768
hidden_shift,target_hidden_shift_fraction,0.5,146971148,1.264708676124897,False,0.15101094666746112,0.12940684844554529,True,0.05772055372450846
hidden_shift,target_hidden_shift_fraction,0.5,562564466,1.2304254338601313,False,0.12515056805978797,0.280406101802281,True,0.28492975212649385
hidden_shift,target_hidden_shift_fraction,0.5,3521471483,0.6404107447210429,True,0.08670481113488734,0.0009464911208049154,False,nan
hidden_shift,target_hidden_shift_fraction,0.5,220839181,0.312358054788828,False,0.1802426511499311,0.0464185814319405,False,nan
hidden_shift,target_hidden_shift_fraction,0.5,2585991678,0.08824297751144905,True,0.042718491974192155,0.2091178782531496,False,nan
hidden_shift,target_hidden_shift_fraction,0.5,4168139800,0.4169092602640276,False,0.25218460076417165,0.46689649744660194,False,nan
hidden_shift,target_hidden_shift_fraction,0.5,2096848789,0.2753715886578171,False,0.19468118520518515,0.2943512572203847,False,nan
hidden_shift,target_hidden_shift_fraction,0.5,882184223,1.222191416768698,False,0.3772164252117269,0.4632251143182997,False,nan
hidden_shift,target_hidden_shift_fraction,0.5,4178916709,1.4052809682698395,False,0.18353614291513035,0.1855851713030534,False,nan
hidden_shift,target_hidden_shift_fraction,0.5,2545981753,1.7483396490920449,False,0.11765357865474628,0.24611081110739286,True,0.20754263677629736
hidden_shift,target_hidden_shift_fraction,0.5,777689387,0.556322137889004,False,0.1808938066755668,0.3676512045114378,False,nan
hidden_shift,target_hidden_shift_fraction,0.5,2742337675,1.5672859108066528,False,0.1057679625741121,0.16910234691759674,False,nan
hidden_shift,target_hidden_shift_fraction,0.5,1161962308,1.1747143299644107,False,0.3033746813911282,0.9266105139392445,False,nan
hidden_shift,target_hidden_shift_fraction,0.5,1760596315,0.4380658929789307,False,0.19712443418600226,0.1145309995356078,False,nan
hidden_shift,target_hidden_shift_fraction,0.5,3059814896,1.2210406933756826,False,0.1177022412220352,0.18282739958152017,False,nan
hidden_shift,target_hidden_shift_fraction,0.5,1439330854,0.6960711690766577,False,0.1658016617546541,0.3364988956323106,False,nan
hidden_shift,target_hidden_shift_fraction,0.5,2420705765,-0.19394122006827574,True,0.07725224075104957,0.13299193123749575,True,0.003740364848056399
hidden_shift,target_hidden_shift_fraction,0.5,170637436,1.2328075826733118,True,0.01833149357789524,0.17628999022139236,True,0.2012326818178296
hidden_shift,target_hidden_shift_fraction,0.5,2343921263,0.01646758621484279,False,0.18527658929006283,0.08324837929183349,False,nan
hidden_shift,target_hidden_shift_fraction,0.5,2662414782,1.132069344838552,True,0.09343767860587616,0.3608195652459203,False,nan
hidden_shift,target_hidden_shift_fraction,0.5,2239533806,-0.2474442368035159,False,0.19882140112066055,0.6770472669989788,False,nan
hidden_shift,target_hidden_shift_fraction,0.5,177822635,1.370919763910362,False,0.10074112508901654,0.28035873197212147,False,nan
hidden_shift,target_hidden_shift_fraction,0.5,1899776439,0.874749413145342,True,0.051125029652201885,0.04670252472436054,True,0.017323635290389827
hidden_shift,target_hidden_shift_fraction,0.5,936274436,0.576398994638334,False,0.13101921595566454,0.2063482665543075,False,nan
hidden_shift,target_hidden_shift_fraction,0.5,3044251499,0.9012316865654615,False,0.178104775617773,0.5976385418883932,False,nan
hidden_shift,target_hidden_shift_fraction,0.5,241855835,0.44685480231215485,False,0.10842848202577962,0.29022706810914695,False,nan
hidden_shift,target_hidden_shift_fraction,0.5,2608692053,1.09876979962254,True,0.055077940171460234,0.15183495022839,True,0.20657957567772067
hidden_shift,target_hidden_shift_fraction,0.5,1238727574,1.4359286993897507,False,0.1634680418690415,0.218744787784523,False,nan
hidden_shift,target_hidden_shift_fraction,0.5,4215001403,0.27117489920715565,False,0.12925834718402338,0.36541644412644014,False,nan
hidden_shift,target_hidden_shift_fraction,0.5,1914217738,0.9110268552321112,False,0.13962579845665174,0.032697207598140876,False,nan
hidden_shift,target_hidden_shift_fraction,0.5,2648407866,1.1153583478730287,False,0.14934322361441546,0.2145113221238233,False,nan
hidden_shift,target_hidden_shift_fraction,0.5,2005050183,0.42570781408146996,False,0.28227044513961197,0.17424179621042485,False,nan
hidden_shift,target_hidden_shift_fraction,0.5,486706109,0.31034288108872166,False,0.18578531889892977,0.029036829656144625,False,nan
hidden_shift,target_hidden_shift_fraction,0.5,1377539012,0.7700798441629709,False,0.5253160062535701,1.043323868554554,False,nan
hidden_shift,target_hidden_shift_fraction,0.75,3542494021,0.8911514187376155,False,0.2181161074232652,0.1405437109949128,False,nan
hidden_shift,target_hidden_shift_fraction,0.75,2270082231,1.9729178290443166,True,0.09129130230252028,0.3481348130664643,False,nan
hidden_shift,target_hidden_shift_fraction,0.75,2062726484,0.9499554281078848,True,0.08635466012399566,0.15463243047459274,False,nan
hidden_shift,target_hidden_shift_fraction,0.75,3400181019,0.7104885231722948,True,0.09034360629092358,0.3214798435399016,False,nan
hidden_shift,target_hidden_shift_fraction,0.75,3036288028,1.0101149859732643,False,0.13030939956757648,0.36794885542809386,True,0.3640450681248313
hidden_shift,target_hidden_shift_fraction,0.75,2862854205,1.4584449618838025,False,0.27051566031251656,0.2500962286181956,False,nan
hidden_shift,target_hidden_shift_fraction,0.75,4148264613,0.5417349184954395,False,0.44877902337387876,0.17921060907883735,False,nan
hidden_shift,target_hidden_shift_fraction,0.75,3942235490,1.0518881878206496,False,0.24090348924383076,0.5612863047019192,False,nan
hidden_shift,target_hidden_shift_fraction,0.75,2971372420,0.9496361159001792,False,0.4012130393679508,0.5564298107929732,False,nan
hidden_shift,target_hidden_shift_fraction,0.75,3987598427,1.7298825594378688,False,0.10333396251305609,0.35803827912206354,False,nan
hidden_shift,target_hidden_shift_fraction,0.75,4275000106,1.2067594924565426,False,0.3527182673919427,0.5469124865076883,False,nan
hidden_shift,target_hidden_shift_fraction,0.75,1594484538,1.5975407999103444,False,0.17202439440005557,0.50851884540386,False,nan
hidden_shift,target_hidden_shift_fraction,0.75,1997007864,0.29735397722535645,False,0.45397464951674776,0.1132247624825791,False,nan
hidden_shift,target_hidden_shift_fraction,0.75,1721079705,1.3424648314021848,False,0.17290942910599974,0.3361379920295815,False,nan
hidden_shift,target_hidden_shift_fraction,0.75,4280024337,1.499205097769741,False,0.2694289296145215,0.3309989939827527,False,nan
hidden_shift,target_hidden_shift_fraction,0.75,3148557056,1.2081325358245052,False,0.20094728673943005,0.3445787975154464,False,nan
hidden_shift,target_hidden_shift_fraction,0.75,478660047,1.7329621552540553,False,0.2386182936263315,0.6117888150996813,False,nan
hidden_shift,target_hidden_shift_fraction,0.75,2600890586,0.05287194504609111,False,0.33432539476353307,0.23788662248173606,False,nan
hidden_shift,target_hidden_shift_fraction,0.75,2733501648,1.4318665114321878,False,0.24933746926618033,0.22399071050594954,False,nan
hidden_shift,target_hidden_shift_fraction,0.75,3512901295,1.094425835598881,False,0.5302908400279419,0.9038573574122462,False,nan
hidden_shift,target_hidden_shift_fraction,0.75,2410613241,1.254060170851664,False,0.2659601959228878,0.4645306996675136,False,nan
hidden_shift,target_hidden_shift_fraction,0.75,2610503239,1.4024100681015925,False,0.1732977686455912,0.15559462605232155,False,nan
hidden_shift,target_hidden_shift_fraction,0.75,237764224,2.038497254996947,False,0.13361573983730649,0.001520557868173622,True,0.034816960655018825
hidden_shift,target_hidden_shift_fraction,0.75,1558194368,0.8494220022237657,False,0.10004863232555146,0.16033139530266616,False,nan
hidden_shift,target_hidden_shift_fraction,0.75,1225921143,1.0286274482783468,False,0.34157865853106684,0.3642549087284418,False,nan
hidden_shift,target_hidden_shift_fraction,0.75,1211491315,1.706192670118204,False,0.18285277229207236,0.42573224284608857,False,nan
hidden_shift,target_hidden_shift_fraction,0.75,3695854612,1.3542981475334301,False,0.5676560102461577,0.9473048808343099,False,nan
hidden_shift,target_hidden_shift_fraction,0.75,2160878941,0.32369983565390603,False,0.42108532982821,0.3023972223141841,False,nan
hidden_shift,target_hidden_shift_fraction,0.75,4103083152,0.5746299680161888,True,0.09737546118277361,0.22105522859687332,False,nan
hidden_shift,target_hidden_shift_fraction,0.75,2396857802,1.8368948235699771,True,0.04113529037690108,0.21945930893438237,True,0.23294358573942286
hidden_shift,target_hidden_shift_fraction,0.75,921669698,0.8614200625714021,False,0.3418042156206074,0.20550369091801524,False,nan
hidden_shift,target_hidden_shift_fraction,0.75,1863580681,1.2259065598572938,False,0.20042074135598367,0.522084812889164,False,nan
hidden_shift,target_hidden_shift_fraction,0.75,3894530272,1.474299314597632,False,0.3603583325041175,0.6630619422404676,False,nan
hidden_shift,target_hidden_shift_fraction,0.75,3007646246,1.266249960209115,False,0.24889754369974296,0.4946188053520817,False,nan
hidden_shift,target_hidden_shift_fraction,0.75,1471196588,0.8329877786311559,False,0.24938757026527328,0.0806234430740006,False,nan
hidden_shift,target_hidden_shift_fraction,0.75,4188121501,0.8870039028766917,False,0.4043325887141878,0.5308292054189342,False,nan
hidden_shift,target_hidden_shift_fraction,0.75,744479243,0.8841188663997188,False,0.34316936190161557,0.8385539839161293,False,nan
hidden_shift,target_hidden_shift_fraction,0.75,3183861312,0.8842783574948522,False,0.2287427073048849,0.201895043183695,False,nan
hidden_shift,target_hidden_shift_fraction,0.75,643831884,1.0803615280276302,False,0.3474440907980947,0.3638297655504512,False,nan
hidden_shift,target_hidden_shift_fraction,0.75,120927174,0.5341943774157227,True,0.0026816401623945435,0.009782220369267791,True,0.05264143032318014
hidden_shift,target_hidden_shift_fraction,0.75,449338627,0.6230414291964047,False,0.34496301126057716,0.3737545176040094,False,nan
hidden_shift,target_hidden_shift_fraction,0.75,3206299141,0.3152150999884461,False,0.32254128205733806,0.26346234633983834,False,nan
hidden_shift,target_hidden_shift_fraction,0.75,1862901553,0.7090902355103973,False,0.28382634887265007,0.3675027079686728,False,nan
hidden_shift,target_hidden_shift_fraction,0.75,2825401718,0.147008400384904,False,0.1928425470868765,0.49547459422632556,False,nan
hidden_shift,target_hidden_shift_fraction,0.75,1046833568,1.3961615182688802,False,0.19936827463046164,0.34275392174333086,False,nan
hidden_shift,target_hidden_shift_fraction,0.75,3541454973,1.3345840894774827,False,0.24189685511467335,0.40095384214518526,False,nan
hidden_shift,target_hidden_shift_fraction,0.75,637142512,0.49167017779794775,False,0.40776146479298625,0.8175613191774975,False,nan
hidden_shift,target_hidden_shift_fraction,0.75,3888699217,0.5845903002526361,False,0.16373840457934655,0.3919840250974217,False,nan
hidden_shift,target_hidden_shift_fraction,0.75,3698510057,1.1166361097912592,False,0.24493850415374913,0.5623956279462773,False,nan
hidden_shift,target_hidden_shift_fraction,0.75,2362886287,1.0452013989473214,False,0.5840349485400129,1.1517012509312015,False,nan
hidden_shift,target_hidden_shift_fraction,0.75,2121565726,1.5920060682497421,True,0.08683880588403212,0.35373661764811803,True,0.3512415132591944
hidden_shift,target_hidden_shift_fraction,0.75,1080111965,1.5932915321231764,False,0.2014729955551801,0.38205946040640115,False,nan
hidden_shift,target_hidden_shift_fraction,0.75,1443232023,1.181718833298291,False,0.24221856331632757,0.3839335176263068,False,nan
hidden_shift,target_hidden_shift_fraction,0.75,694007612,0.697886985737201,False,0.3492255018795745,0.009507426618091785,False,nan
hidden_shift,target_hidden_shift_fraction,0.75,373121635,0.7059076648449032,False,0.14692891090162358,0.14468911184346211,False,nan
hidden_shift,target_hidden_shift_fraction,0.75,3811862534,1.7342541968831178,False,0.17747651812632678,0.3128839284464371,False,nan
hidden_shift,target_hidden_shift_fraction,0.75,3647468454,0.32268473964944877,False,0.3031523803538874,0.5219993161986236,False,nan
hidden_shift,target_hidden_shift_fraction,0.75,4265316248,1.1231465674768448,True,0.022856120422506468,0.231414776787774,True,0.2176909861246601
hidden_shift,target_hidden_shift_fraction,0.75,3002458604,0.7010366694518895,False,0.26049962945921834,0.38040989678786014,False,nan
hidden_shift,target_hidden_shift_fraction,0.75,3328045005,2.0862584313795103,False,0.13570105389743248,0.23666929023442673,True,0.23516138316754098
hidden_shift,target_hidden_shift_fraction,0.75,2048472298,1.3939706047286202,False,0.25167571673376143,0.5168461055160595,False,nan
hidden_shift,target_hidden_shift_fraction,0.75,4263311105,1.2151479495223367,False,0.2280960271326765,0.3806399647385622,False,nan
hidden_shift,target_hidden_shift_fraction,0.75,2134969695,1.485724998573608,False,0.15506649289580715,0.364877282768739,True,0.3315603273668395
hidden_shift,target_hidden_shift_fraction,0.75,1576381760,1.6683535235205442,False,0.10616867922837851,0.22826213687342167,False,nan
hidden_shift,target_hidden_shift_fraction,0.75,346697268,0.24738216232305707,False,0.13329083784629683,0.40746537134641436,False,nan
hidden_shift,target_hidden_shift_fraction,0.75,3180446969,1.8160740088273255,True,0.049116965608795055,0.2837790266675382,True,0.33678975735154326
hidden_shift,target_hidden_shift_fraction,0.75,2036946583,1.8284791323975467,False,0.11313361085218027,0.38772295237881504,True,0.40486775823386845
hidden_shift,target_hidden_shift_fraction,0.75,2600430099,1.2525887116832206,False,0.4156645534574411,0.9365709667409519,False,nan
hidden_shift,target_hidden_shift_fraction,0.75,2625093888,0.8344615628675821,False,0.3799597840909425,0.422606624493319,False,nan
hidden_shift,target_hidden_shift_fraction,0.75,1587827146,0.7945240001789473,False,0.34324319861588787,0.5953578056934578,False,nan
hidden_shift,target_hidden_shift_fraction,0.75,4294472318,1.0716638027840613,False,0.332976893193523,0.5049570165239565,False,nan
hidden_shift,target_hidden_shift_fraction,0.75,3516382322,1.024052870382087,False,0.31237049854139426,0.7822429874693553,False,nan
hidden_shift,target_hidden_shift_fraction,0.75,4128491186,0.8198158415713144,False,0.4015268417244905,0.955651082966849,False,nan
hidden_shift,target_hidden_shift_fraction,0.75,2779291702,1.2132541147858906,False,0.2608466028594726,0.3502856317396267,False,nan
hidden_shift,target_hidden_shift_fraction,0.75,1865695870,0.2152282046227516,False,0.4481369509775553,0.8486038204753201,False,nan
hidden_shift,target_hidden_shift_fraction,0.75,3140049519,0.7510617508023414,False,0.6964020541516939,1.0112610271007438,False,nan
hidden_shift,target_hidden_shift_fraction,0.75,2788151751,0.28399646347039476,False,0.16352243003110645,0.5351861798938901,False,nan
hidden_shift,target_hidden_shift_fraction,0.75,4040134967,0.6065664763804282,True,0.07554985608572748,0.10473769055409465,True,0.03707845370376783
hidden_shift,target_hidden_shift_fraction,0.75,3227559985,0.9124836942886962,False,0.26584766075256583,0.08205307161804454,False,nan
hidden_shift,target_hidden_shift_fraction,0.75,3924552978,0.43614703549434036,False,0.14804218977267136,0.44397646845662486,False,nan
hidden_shift,target_hidden_shift_fraction,0.75,3218478888,0.7695718432671221,False,0.47831785749708894,0.3494108562143574,False,nan
hidden_shift,target_hidden_shift_fraction,0.75,2826716124,1.180018795022967,False,0.12992615314041597,0.3800163264807702,True,0.42912993624765106
hidden_shift,target_hidden_shift_fraction,0.75,1492800149,1.0606124421055774,True,0.05877066025253015,0.2328381727437575,False,nan
hidden_shift,target_hidden_shift_fraction,0.75,2319014171,0.9627264413912173,False,0.30011019362414326,0.5520629625440174,False,nan
hidden_shift,target_hidden_shift_fraction,0.75,2671031349,1.708404481867409,False,0.5342398223665753,1.2532240300786324,False,nan
hidden_shift,target_hidden_shift_fraction,0.75,766428438,0.590082860482413,False,0.4370026038756932,0.13801481239975544,False,nan
hidden_shift,target_hidden_shift_fraction,0.75,4148765025,1.1479256566168539,False,0.18221521635973717,0.30538653915595615,False,nan
hidden_shift,target_hidden_shift_fraction,0.75,925228804,1.3096689789362528,False,0.11530197589192068,0.3567358286464223,False,nan
hidden_shift,target_hidden_shift_fraction,0.75,2792718418,1.339333950173835,False,0.17277252634304585,0.36154938881477605,False,nan
hidden_shift,target_hidden_shift_fraction,0.75,1123496560,0.8004730880380222,False,0.14996174992109293,0.599809627723814,False,nan
hidden_shift,target_hidden_shift_fraction,0.75,716056205,0.7365937424263544,False,0.21783260985366942,0.333569689364896,False,nan
hidden_shift,target_hidden_shift_fraction,0.75,2059374438,1.0447135596876311,False,0.46816277183551114,0.616550342258893,False,nan
hidden_shift,target_hidden_shift_fraction,0.75,3157872938,2.2368470437702803,False,0.16949236053043246,0.22629173524753154,True,0.24801665305956577
hidden_shift,target_hidden_shift_fraction,0.75,3377291107,0.5762692237432713,False,0.3861827356547574,0.3869323111135413,False,nan
hidden_shift,target_hidden_shift_fraction,0.75,3469854363,1.2813011235407696,False,0.5723419454538957,0.8957576424787803,False,nan
hidden_shift,target_hidden_shift_fraction,0.75,753044581,0.8791052171086431,False,0.17486267615710988,0.44667710074784356,False,nan
hidden_shift,target_hidden_shift_fraction,0.75,3961705357,0.92441384247969,False,0.14243513417778453,0.014299064069344225,True,0.015190122727065325
hidden_shift,target_hidden_shift_fraction,0.75,894390347,1.9505582737327083,False,0.15722696451776885,0.3156280748950824,False,nan
hidden_shift,target_hidden_shift_fraction,0.75,4136324799,0.954761202269458,False,0.3832215301127397,0.5368315222188758,False,nan
hidden_shift,target_hidden_shift_fraction,0.75,3969930154,0.08802258151921158,False,0.18865281259955413,0.39314814674567033,False,nan
hidden_shift,target_hidden_shift_fraction,0.75,1603872712,1.6265682194287387,False,0.13043093066636802,0.4041671850226458,False,nan
hidden_shift,target_hidden_shift_fraction,0.75,3068458386,0.7589824146044486,False,0.32508767416459483,0.7041212548260412,False,nan
hidden_shift,target_hidden_shift_fraction,0.75,1037397457,0.18268893798712774,False,0.538664668207609,1.2970702907034422,False,nan
hidden_shift,target_hidden_shift_fraction,0.75,2800246088,0.953887098996882,False,0.3231218779187874,0.5531361200672789,False,nan
hidden_shift,target_hidden_shift_fraction,0.75,1873889881,0.739446650664318,False,0.12384739948791033,0.3322793795092537,False,nan
hidden_shift,target_hidden_shift_fraction,0.75,2931840341,0.5232439216168168,False,0.34250834178173806,0.5401800932048535,False,nan
hidden_shift,target_hidden_shift_fraction,0.75,593923623,0.5071971051845219,False,0.2614293556725502,0.28482159695027115,False,nan
hidden_shift,target_hidden_shift_fraction,0.75,283342041,1.738807137384224,False,0.18140286304687475,0.31367212685339263,False,nan
hidden_shift,target_hidden_shift_fraction,0.75,3831206570,1.1577164057888323,False,0.2850757190503094,0.0515753952529332,False,nan
hidden_shift,target_hidden_shift_fraction,0.75,3291760322,0.5470373561270728,False,0.39907716711536845,0.09642233118407673,False,nan
hidden_shift,target_hidden_shift_fraction,0.75,2612568793,1.1368824687079016,False,0.2205184239238693,0.13261476134732453,False,nan
hidden_shift,target_hidden_shift_fraction,0.75,3482453215,1.413660729122495,False,0.1802436355262138,0.2904036448940279,False,nan
hidden_shift,target_hidden_shift_fraction,0.75,2555549642,1.3165238010252849,False,0.11615124398771583,0.03537327522283862,True,0.03687935275580001
hidden_shift,target_hidden_shift_fraction,0.75,1104999096,1.0136672337125359,False,0.3537532561241653,0.7961659182744553,False,nan
hidden_shift,target_hidden_shift_fraction,0.75,3145610982,0.02451512388156868,False,0.43042087900113607,0.1006616361788264,False,nan
hidden_shift,target_hidden_shift_fraction,0.75,3482425529,0.9418313369607331,False,0.29689418952124197,0.13864840113437626,False,nan
hidden_shift,target_hidden_shift_fraction,0.75,712002411,0.7025859652569586,False,0.13328249905494402,0.2791118037449549,False,nan
hidden_shift,target_hidden_shift_fraction,0.75,153313970,0.7339869479705298,False,0.40394164133795324,0.7481407548102976,False,nan
hidden_shift,target_hidden_shift_fraction,0.75,4005379786,1.165430895486294,False,0.13288904302347707,0.46319215215176346,False,nan
hidden_shift,target_hidden_shift_fraction,0.75,1319957225,0.5298321746732697,False,0.18292755073732506,0.5039357193735569,False,nan
hidden_shift,target_hidden_shift_fraction,0.75,1152699239,1.5229558840166666,False,0.27941327423752443,0.13237633359783207,False,nan
hidden_shift,target_hidden_shift_fraction,0.75,3763800916,0.7772998763757728,False,0.15199816768776037,0.005782757044604736,False,nan
hidden_shift,target_hidden_shift_fraction,0.75,2657222551,0.781930622543385,False,0.19650997046869018,0.24214977934551152,False,nan
hidden_shift,target_hidden_shift_fraction,0.75,473259948,0.9991680484235634,False,0.1869448743084602,0.42529797078661025,False,nan
hidden_shift,target_hidden_shift_fraction,0.75,2890725019,1.4211187189729082,True,0.07249200172580185,0.4487939632830532,False,nan
hidden_shift,target_hidden_shift_fraction,0.75,680506642,0.9837413097735117,False,0.2456220535820914,0.4389067190753446,False,nan
hidden_shift,target_hidden_shift_fraction,0.75,3114194331,1.017138606379967,False,0.13096221501948618,0.23847456936625866,False,nan
hidden_shift,target_hidden_shift_fraction,0.75,2696890967,1.1909240012125915,False,0.2999060918357532,0.21876319410306566,False,nan
hidden_shift,target_hidden_shift_fraction,0.75,3953132013,1.8268035435355263,False,0.28449810985222634,0.27560507354026376,False,nan
hidden_shift,target_hidden_shift_fraction,0.75,1353531876,0.9478475887836112,False,0.3842562847267835,0.5599376309581987,False,nan
hidden_shift,target_hidden_shift_fraction,0.75,2104589832,0.4237231265258336,False,0.3893964761736174,0.5879777852340085,False,nan
hidden_shift,target_hidden_shift_fraction,0.75,308297820,0.26987744174432515,False,0.4514082898835757,0.06050678434554313,False,nan
hidden_shift,target_hidden_shift_fraction,0.75,2885434529,0.5232076862556011,False,0.21381230668371695,0.3028887298073369,False,nan
hidden_shift,target_hidden_shift_fraction,0.75,150905234,1.724516433361675,False,0.29238298241865385,0.33958723855380657,False,nan
hidden_shift,target_hidden_shift_fraction,0.75,3952608214,0.5460885831585168,False,0.19705151288543601,0.15565944142570198,False,nan
hidden_shift,target_hidden_shift_fraction,0.75,1071238709,0.7689593091386426,False,0.12425687183646454,0.13897773701623484,False,nan
hidden_shift,target_hidden_shift_fraction,0.75,1268335848,1.1243038560140146,False,0.34474788599854855,0.5702553391409247,False,nan
hidden_shift,target_hidden_shift_fraction,0.75,2219509539,0.7882827874428152,False,0.2042292114673392,0.5488485931931164,False,nan
hidden_shift,target_hidden_shift_fraction,0.75,2430055390,0.4337829262320319,False,0.23858015278571315,0.3830748387060601,False,nan
hidden_shift,target_hidden_shift_fraction,0.75,779170729,1.119134616395426,False,0.2365271059319583,0.26205442821312874,False,nan
hidden_shift,target_hidden_shift_fraction,0.75,251969573,0.9759463127168608,False,0.23360420121938896,0.0749445222293108,False,nan
hidden_shift,target_hidden_shift_fraction,0.75,1282890665,2.120652286796203,False,0.4996750362332495,1.1190054875217743,False,nan
hidden_shift,target_hidden_shift_fraction,0.75,3955332515,0.525554750591122,False,0.37857036439927744,0.5569100345410568,False,nan
hidden_shift,target_hidden_shift_fraction,0.75,4124595004,0.7241743391399242,False,0.14094782478762283,0.04631439177311303,False,nan
hidden_shift,target_hidden_shift_fraction,0.75,2946283111,1.6732825748223645,False,0.3656626585307284,0.47907866131744514,False,nan
hidden_shift,target_hidden_shift_fraction,0.75,1704858615,1.4587506436365953,False,0.1655202546344336,0.2405432249073416,False,nan
hidden_shift,target_hidden_shift_fraction,0.75,2113962577,0.9109488043771424,False,0.40203909629788054,0.42968589838705207,False,nan
hidden_shift,target_hidden_shift_fraction,0.75,3007455886,1.4574460982617716,False,0.14070536837923908,0.22090897341462767,False,nan
hidden_shift,target_hidden_shift_fraction,0.75,1747939349,0.6112397210451805,False,0.3779725440977051,1.0227635234537968,False,nan
hidden_shift,target_hidden_shift_fraction,0.75,3765194566,1.1558744401318153,False,0.3991756713712457,0.37683416642347556,False,nan
hidden_shift,target_hidden_shift_fraction,0.75,420696070,0.9740334298784229,True,0.029634056091244625,0.13642234179037005,True,0.159969422581957
hidden_shift,target_hidden_shift_fraction,0.75,581259513,1.039421955751501,False,0.14106895776191578,0.3289618677088414,False,nan
hidden_shift,target_hidden_shift_fraction,0.75,4292811280,0.7209580613855151,False,0.19703282408280795,0.29694580681029986,False,nan
hidden_shift,target_hidden_shift_fraction,0.75,1075623066,0.2948459590357455,False,0.1311274777937577,0.08309903264987084,True,0.006761137920794691
hidden_shift,target_hidden_shift_fraction,0.75,856978857,1.1760438749472897,False,0.11710949605998366,0.2109194753471344,False,nan
hidden_shift,target_hidden_shift_fraction,0.75,701198249,1.1635395750714137,False,0.3698941471305672,0.702626482704622,False,nan
hidden_shift,target_hidden_shift_fraction,0.75,2495542836,1.2026162424522444,False,0.512876133386754,1.0974291315954212,False,nan
hidden_shift,target_hidden_shift_fraction,0.75,3697223289,1.6312169044162719,False,0.2557216357828281,0.45578570584791245,False,nan
hidden_shift,target_hidden_shift_fraction,0.75,2099591115,0.5595784100987677,True,0.07225536951846614,0.26924619733987964,True,0.24320271474531474
hidden_shift,target_hidden_shift_fraction,0.75,1375209175,1.2027494884935852,False,0.2679185091862058,0.5312890624756469,False,nan
hidden_shift,target_hidden_shift_fraction,0.75,3091681756,1.1855092486176984,False,0.30892726072753657,0.5056885857245466,False,nan
hidden_shift,target_hidden_shift_fraction,0.75,1081318805,1.1853873507550887,False,0.2437261622298651,0.04063427283724996,False,nan
hidden_shift,target_hidden_shift_fraction,0.75,1862812844,0.5817541582425332,False,0.21426510488274017,0.12254523010587298,False,nan
hidden_shift,target_hidden_shift_fraction,0.75,3244701832,2.014907764273973,True,0.08265065142134762,0.34816203945926216,False,nan
hidden_shift,target_hidden_shift_fraction,0.75,3643344005,1.2558536615799702,False,0.3127896642623755,0.21103156360718023,False,nan
hidden_shift,target_hidden_shift_fraction,0.75,1460055794,1.4822774539601864,False,0.1983220682334126,0.41240524167467374,False,nan
hidden_shift,target_hidden_shift_fraction,0.75,3365243861,0.2992985146544201,False,0.3663589239200741,0.09506382200794217,False,nan
hidden_shift,target_hidden_shift_fraction,0.75,842088977,0.7540675727679695,False,0.3735395718101686,0.37821324407742873,False,nan
hidden_shift,target_hidden_shift_fraction,0.75,607414876,0.03475924630682617,False,0.4508284248575244,0.34204443052410194,False,nan
hidden_shift,target_hidden_shift_fraction,0.75,2168239846,1.8652375857964651,False,0.16980295437740645,0.23338853104131818,False,nan
hidden_shift,target_hidden_shift_fraction,0.75,783568747,1.5162235351721876,False,0.20122882332146827,0.5396563335731961,False,nan
hidden_shift,target_hidden_shift_fraction,0.75,3969317104,0.8248977508256498,False,0.23075564797367676,0.2596748333811596,False,nan
hidden_shift,target_hidden_shift_fraction,0.75,774769362,0.718340859206983,True,0.04127681340307024,0.2563727540904575,False,nan
hidden_shift,target_hidden_shift_fraction,0.75,303373161,1.0055418220610775,False,0.3741533125668839,0.6080790216075794,False,nan
hidden_shift,target_hidden_shift_fraction,0.75,2724902180,1.522883652943988,False,0.2055342998208678,0.23064462857342827,False,nan
hidden_shift,target_hidden_shift_fraction,0.75,102745904,1.355864142062245,False,0.3496441058433296,0.8443522244559685,False,nan
hidden_shift,target_hidden_shift_fraction,0.75,2824085498,0.846280625555645,True,0.025572054670602487,0.0473243856514447,True,0.14146098015345054
hidden_shift,target_hidden_shift_fraction,0.75,2565563202,0.7798917311879614,False,0.20088616274586293,0.5300496162892071,False,nan
hidden_shift,target_hidden_shift_fraction,0.75,2745506721,2.007572178998738,False,0.2613851886693991,0.43225080775303226,False,nan
hidden_shift,target_hidden_shift_fraction,0.75,1813149939,0.6837536064092078,False,0.3506892942258574,0.9129265126547296,False,nan
hidden_shift,target_hidden_shift_fraction,0.75,1651798159,0.6250742912119989,False,0.5130221167251001,0.44288161076671995,False,nan
hidden_shift,target_hidden_shift_fraction,0.75,2133472500,0.9588042345074101,False,0.2995147481305239,0.3163581964262413,False,nan
hidden_shift,target_hidden_shift_fraction,0.75,3337655914,1.4864828109412147,False,0.19093251407624115,0.41869874644484906,False,nan
hidden_shift,target_hidden_shift_fraction,0.75,2808459772,1.3388623751991005,True,0.048521277764284394,0.014811720014212382,False,nan
hidden_shift,target_hidden_shift_fraction,0.75,1179335291,1.0949078065032425,False,0.3807858586688132,0.1102481413966756,False,nan
hidden_shift,target_hidden_shift_fraction,0.75,4098649429,-0.2892173805255427,True,0.028964930424385627,0.042004154351799966,True,0.033663240843194664
hidden_shift,target_hidden_shift_fraction,0.75,2354387229,1.0097965730763792,True,0.07226550465724457,0.26887229587401973,True,0.3608107966977293
hidden_shift,target_hidden_shift_fraction,0.75,1350438306,0.9091663730736652,False,0.21822255388610687,0.6808399645291277,False,nan
hidden_shift,target_hidden_shift_fraction,0.75,3568818986,1.730520602205822,False,0.15723410160226187,0.1321431132609856,False,nan
hidden_shift,target_hidden_shift_fraction,0.75,2067978450,1.1834975207878171,False,0.2279994312126143,0.07578871303808898,True,0.053506273015228256
hidden_shift,target_hidden_shift_fraction,0.75,2317935338,1.088650849945429,False,0.13979006915243503,0.40081286072321554,True,0.3351043337265648
hidden_shift,target_hidden_shift_fraction,0.75,1145019108,1.3314365707396985,False,0.35316190092173705,0.616700057245126,False,nan
hidden_shift,target_hidden_shift_fraction,0.75,1685516164,1.4104128622787506,False,0.43013544445501156,1.0733576464917647,False,nan
hidden_shift,target_hidden_shift_fraction,0.75,2026050911,1.6207482514110843,False,0.19402154093755952,0.4114088425737199,False,nan
hidden_shift,target_hidden_shift_fraction,0.75,1153328064,1.4121122374135606,False,0.10515926792833628,0.3814164968975715,False,nan
hidden_shift,target_hidden_shift_fraction,0.75,227776847,0.8598003356416155,False,0.4756644177778374,0.22481341148460232,False,nan
hidden_shift,target_hidden_shift_fraction,0.75,2771621320,1.780959886158365,False,0.18590362731881438,0.164613072455857,False,nan
hidden_shift,target_hidden_shift_fraction,0.75,3290913845,1.2778823200568972,False,0.14709417976332007,0.3749360015539066,False,nan
hidden_shift,target_hidden_shift_fraction,0.75,992940102,0.7351773461591383,False,0.4121755435647691,0.3203487537139915,False,nan
hidden_shift,target_hidden_shift_fraction,0.75,639857022,1.3269609485315574,False,0.24901673476915456,0.41507125293595337,False,nan
