scenario,replicate,status,q,joint_set_covered,mechanisms,proxies,boxes,effects,noise_sd,beta,L,H,optimization_seconds
nominal,0,evaluated,2.65404586233,True,"[-0.4714764724484317, 0.14551724093954932, -0.10900703370714404, -0.41152946578499194, 0.6561559101379795]","[-0.3925172204536574, 0.09465560296788748, -0.11854388273191477, -0.45242195353679865, 0.6219340670025795]","[[-0.5517599721935982, -0.23327446871371657], [-0.06458714877205333, 0.2538983547078283], [-0.2777866344718556, 0.04069886900802605], [-0.6116647052767394, -0.29317920179685786], [0.4626913152626386, 0.7811768187425203]]","[-0.23702528328083444, 0.03754212557231956, -0.038345566288784175, -0.20082485395646757]","[0.04, 0.06, 0.08, 0.1]","[0.0, 0.0, 0.0, 0.0]",1.2,0.6,0.0100365000001
extrapolation,0,evaluated,2.65404586233,True,"[-0.7, -0.5499999999999999, -0.39999999999999997, -0.25, 0.95]","[-0.6210407480052257, -0.6008616379716618, -0.4095368490247707, -0.2908924877518067, 0.9157781568646]","[[-0.7802834997451665, -0.46179799626528484], [-0.7601043897116027, -0.44161888623172096], [-0.5687796007647116, -0.2502940972848299], [-0.4501352394917475, -0.1316497360118659], [0.7565354051246591, 1.0]]","[-0.2938264190335005, -0.2953707992146076, -0.16850610608378686, -0.13596412484825668]","[0.04, 0.06, 0.08, 0.1]","[0.0, 0.0, 0.0, 0.0]",1.2,0.6,0.0136101000001
proxy_shift,0,evaluated,2.65404586233,False,"[-0.4714764724484317, 0.14551724093954932, -0.10900703370714404, -0.41152946578499194, 0.6561559101379795]","[-0.2345987164641088, -0.007067672975436201, -0.13761758078145622, -0.5342069290404121, 0.5534903807317796]","[[-0.39384146820404964, -0.07535596472416797], [-0.16631042471537702, 0.15217507876450462], [-0.29686033252139704, 0.021625170958484596], [-0.693449680780353, -0.37496417730047127], [0.39424762899183874, 0.7127331324717204]]","[-0.23702528328083444, 0.03754212557231956, -0.038345566288784175, -0.20082485395646757]","[0.04, 0.06, 0.08, 0.1]","[0.0, 0.0, 0.0, 0.0]",1.2,0.6,0.0097889000001
understated_LH,0,evaluated,2.65404586233,True,"[-0.4714764724484317, 0.14551724093954932, -0.10900703370714404, -0.41152946578499194, 0.6561559101379795]","[-0.3925172204536574, 0.09465560296788748, -0.11854388273191477, -0.45242195353679865, 0.6219340670025795]","[[-0.5517599721935982, -0.23327446871371657], [-0.06458714877205333, 0.2538983547078283], [-0.2777866344718556, 0.04069886900802605], [-0.6116647052767394, -0.29317920179685786], [0.4626913152626386, 0.7811768187425203]]","[-0.23702528328083444, 0.03754212557231956, -0.038345566288784175, -0.20082485395646757]","[0.04, 0.06, 0.08, 0.1]","[0.0, 0.0, 0.0, 0.0]",0.12,0.06,0.0134657000001
high_noise,0,evaluated,2.65404586233,True,"[-0.4714764724484317, 0.14551724093954932, -0.10900703370714404, -0.41152946578499194, 0.6561559101379795]","[-0.3925172204536574, 0.09465560296788748, -0.11854388273191477, -0.45242195353679865, 0.6219340670025795]","[[-0.5517599721935982, -0.23327446871371657], [-0.06458714877205333, 0.2538983547078283], [-0.2777866344718556, 0.04069886900802605], [-0.6116647052767394, -0.29317920179685786], [0.4626913152626386, 0.7811768187425203]]","[-0.2786781213478354, -0.07469947285689581, 0.008642221543642047, -0.21025310365298092]","[0.12, 0.18, 0.24, 0.30000000000000004]","[0.0, 0.0, 0.0, 0.0]",1.2,0.6,0.00741459999995
bounded_nuisance_bias,0,evaluated,2.65404586233,True,"[-0.4714764724484317, 0.14551724093954932, -0.10900703370714404, -0.41152946578499194, 0.6561559101379795]","[-0.3925172204536574, 0.09465560296788748, -0.11854388273191477, -0.45242195353679865, 0.6219340670025795]","[[-0.5517599721935982, -0.23327446871371657], [-0.06458714877205333, 0.2538983547078283], [-0.2777866344718556, 0.04069886900802605], [-0.6116647052767394, -0.29317920179685786], [0.4626913152626386, 0.7811768187425203]]","[-0.29702528328083444, 0.09754212557231956, -0.09834556628878417, -0.14082485395646757]","[0.04, 0.06, 0.08, 0.1]","[0.06, 0.06, 0.06, 0.06]",1.2,0.6,0.00772710000001
nominal,1,evaluated,2.63273425128,True,"[0.301148044427723, -0.6062057876090892, -0.03974339458120091, 0.055192969480662435, -0.6829987464618364]","[0.21980337974218672, -0.5993168412876866, -0.12905262875769213, 0.05810917269802494, -0.6401303511332953]","[[0.061839324665574874, 0.3777674348187986], [-0.7572808963642984, -0.44135278621107477], [-0.287016683834304, 0.028911426318919714], [-0.09985488237858692, 0.21607322777463678], [-0.7980944062099071, -0.4821662960566835]]","[0.18745273942125584, -0.38295868119902693, 0.057372315584267794, 0.20158071583508855]","[0.04, 0.06, 0.08, 0.1]","[0.0, 0.0, 0.0, 0.0]",1.2,0.6,0.00813480000011
extrapolation,1,evaluated,2.63273425128,True,"[-0.7, -0.5499999999999999, -0.39999999999999997, -0.25, 0.95]","[-0.7813446646855362, -0.5431110536785974, -0.4893092341764912, -0.2470837967826375, 0.9928683953285411]","[[-0.939308719762148, -0.6233806096089244], [-0.7010751087552092, -0.38514699860198554], [-0.647273289253103, -0.33134517909987937], [-0.40504785185924935, -0.08911974170602566], [0.8349043402519293, 1.0]]","[-0.29344313063417055, -0.36873084571280024, -0.11125550889086275, 0.03630105498266309]","[0.04, 0.06, 0.08, 0.1]","[0.0, 0.0, 0.0, 0.0]",1.2,0.6,0.00898740000002
proxy_shift,1,evaluated,2.63273425128,False,"[0.301148044427723, -0.6062057876090892, -0.03974339458120091, 0.055192969480662435, -0.6829987464618364]","[0.05711405037111417, -0.5855389486448815, -0.3076710971106746, 0.06394157913274993, -0.5543935604762129]","[[-0.10085000470549768, 0.21507810544772601], [-0.7435030037214934, -0.4275748935682697], [-0.46563515218728646, -0.14970704203406274], [-0.09402247594386191, 0.22190563420936177], [-0.7123576155528247, -0.3964295053996011]]","[0.18745273942125584, -0.38295868119902693, 0.057372315584267794, 0.20158071583508855]","[0.04, 0.06, 0.08, 0.1]","[0.0, 0.0, 0.0, 0.0]",1.2,0.6,0.0349715
understated_LH,1,evaluated,2.63273425128,True,"[0.301148044427723, -0.6062057876090892, -0.03974339458120091, 0.055192969480662435, -0.6829987464618364]","[0.21980337974218672, -0.5993168412876866, -0.12905262875769213, 0.05810917269802494, -0.6401303511332953]","[[0.061839324665574874, 0.3777674348187986], [-0.7572808963642984, -0.44135278621107477], [-0.287016683834304, 0.028911426318919714], [-0.09985488237858692, 0.21607322777463678], [-0.7980944062099071, -0.4821662960566835]]","[0.18745273942125584, -0.38295868119902693, 0.057372315584267794, 0.20158071583508855]","[0.04, 0.06, 0.08, 0.1]","[0.0, 0.0, 0.0, 0.0]",0.12,0.06,0.0119764999999
high_noise,1,evaluated,2.63273425128,True,"[0.301148044427723, -0.6062057876090892, -0.03974339458120091, 0.055192969480662435, -0.6829987464618364]","[0.21980337974218672, -0.5993168412876866, -0.12905262875769213, 0.05810917269802494, -0.6401303511332953]","[[0.061839324665574874, 0.3777674348187986], [-0.7572808963642984, -0.44135278621107477], [-0.287016683834304, 0.028911426318919714], [-0.09985488237858692, 0.21607322777463678], [-0.7980944062099071, -0.4821662960566835]]","[0.14656647815291482, -0.6419203726246275, 0.2188612978025422, 0.5366828258004148]","[0.12, 0.18, 0.24, 0.30000000000000004]","[0.0, 0.0, 0.0, 0.0]",1.2,0.6,0.00810200000001
bounded_nuisance_bias,1,evaluated,2.63273425128,True,"[0.301148044427723, -0.6062057876090892, -0.03974339458120091, 0.055192969480662435, -0.6829987464618364]","[0.21980337974218672, -0.5993168412876866, -0.12905262875769213, 0.05810917269802494, -0.6401303511332953]","[[0.061839324665574874, 0.3777674348187986], [-0.7572808963642984, -0.44135278621107477], [-0.287016683834304, 0.028911426318919714], [-0.09985488237858692, 0.21607322777463678], [-0.7980944062099071, -0.4821662960566835]]","[0.12745273942125585, -0.32295868119902693, -0.002627684415732204, 0.2615807158350886]","[0.04, 0.06, 0.08, 0.1]","[0.06, 0.06, 0.06, 0.06]",1.2,0.6,0.00782749999985
nominal,2,evaluated,2.53301372986,True,"[-0.692664260568072, -0.5825199101774227, 0.02532401813630436, -0.6901582150044329, -0.1945703603693868]","[-0.6363093321166752, -0.6234497244219156, -0.04005931422859857, -0.7340752371316775, -0.21273278428580886]","[[-0.7882901559084953, -0.4843285083248551], [-0.7754305482137357, -0.4714689006300955], [-0.19204013802041864, 0.1119215095632215], [-0.8860560609234976, -0.5820944133398575], [-0.3647136080776289, -0.06075196049398879]]","[-0.30079071908097604, -0.2804631004532278, 0.10788517574383163, -0.2614232364619778]","[0.04, 0.06, 0.08, 0.1]","[0.0, 0.0, 0.0, 0.0]",1.2,0.6,0.0394156
extrapolation,2,evaluated,2.53301372986,True,"[-0.7, -0.5499999999999999, -0.39999999999999997, -0.25, 0.95]","[-0.6436450715486032, -0.5909298142444929, -0.4653833323649029, -0.29391702212724474, 0.9318375760835779]","[[-0.7956258953404233, -0.4916642477567831], [-0.742910638036313, -0.43894899045267277], [-0.617364156156723, -0.3134025085730828], [-0.4458978459190648, -0.14193619833542467], [0.7798567522917578, 1.0]]","[-0.3021272961006271, -0.271999988072708, -0.09950162690632132, -0.12147381598074952]","[0.04, 0.06, 0.08, 0.1]","[0.0, 0.0, 0.0, 0.0]",1.2,0.6,0.0110502
proxy_shift,2,evaluated,2.53301372986,False,"[-0.692664260568072, -0.5825199101774227, 0.02532401813630436, -0.6901582150044329, -0.1945703603693868]","[-0.5235994752138816, -0.7053093529109016, -0.17082597895840443, -0.821909281386167, -0.24905763211865295]","[[-0.6755802990057017, -0.3716186514220615], [-0.8572901767027217, -0.5533285291190815], [-0.3228068027502245, -0.01884515516658436], [-0.9738901051779871, -0.6699284575943469], [-0.40103845591047305, -0.09707680832683288]]","[-0.30079071908097604, -0.2804631004532278, 0.10788517574383163, -0.2614232364619778]","[0.04, 0.06, 0.08, 0.1]","[0.0, 0.0, 0.0, 0.0]",1.2,0.6,0.0438113
understated_LH,2,evaluated,2.53301372986,True,"[-0.692664260568072, -0.5825199101774227, 0.02532401813630436, -0.6901582150044329, -0.1945703603693868]","[-0.6363093321166752, -0.6234497244219156, -0.04005931422859857, -0.7340752371316775, -0.21273278428580886]","[[-0.7882901559084953, -0.4843285083248551], [-0.7754305482137357, -0.4714689006300955], [-0.19204013802041864, 0.1119215095632215], [-0.8860560609234976, -0.5820944133398575], [-0.3647136080776289, -0.06075196049398879]]","[-0.30079071908097604, -0.2804631004532278, 0.10788517574383163, -0.2614232364619778]","[0.04, 0.06, 0.08, 0.1]","[0.0, 0.0, 0.0, 0.0]",0.12,0.06,0.0140830999999
high_noise,2,evaluated,2.53301372986,True,"[-0.692664260568072, -0.5825199101774227, 0.02532401813630436, -0.6901582150044329, -0.1945703603693868]","[-0.6363093321166752, -0.6234497244219156, -0.04005931422859857, -0.7340752371316775, -0.21273278428580886]","[[-0.7882901559084953, -0.4843285083248551], [-0.7754305482137357, -0.4714689006300955], [-0.19204013802041864, 0.1119215095632215], [-0.8860560609234976, -0.5820944133398575], [-0.3647136080776289, -0.06075196049398879]]","[-0.35904531128223016, -0.3459630765986439, 0.29288192193118895, -0.2418708684234768]","[0.12, 0.18, 0.24, 0.30000000000000004]","[0.0, 0.0, 0.0, 0.0]",1.2,0.6,0.0642937999999
bounded_nuisance_bias,2,evaluated,2.53301372986,True,"[-0.692664260568072, -0.5825199101774227, 0.02532401813630436, -0.6901582150044329, -0.1945703603693868]","[-0.6363093321166752, -0.6234497244219156, -0.04005931422859857, -0.7340752371316775, -0.21273278428580886]","[[-0.7882901559084953, -0.4843285083248551], [-0.7754305482137357, -0.4714689006300955], [-0.19204013802041864, 0.1119215095632215], [-0.8860560609234976, -0.5820944133398575], [-0.3647136080776289, -0.06075196049398879]]","[-0.36079071908097604, -0.2204631004532278, 0.04788517574383164, -0.2014232364619778]","[0.04, 0.06, 0.08, 0.1]","[0.06, 0.06, 0.06, 0.06]",1.2,0.6,0.0395022999999
nominal,3,evaluated,2.62463307649,True,"[0.559017265642372, 0.48321392239252847, -0.5034661503823787, 0.13210855591404758, 0.25637855724108727]","[0.5473497833177703, 0.43811901828192423, -0.503944865039348, 0.22481842792429144, 0.36883755586671063]","[[0.38987179872852373, 0.7048277679070168], [0.2806410336926777, 0.5955970028711708], [-0.6614228496285945, -0.34646688045010143], [0.06734044333504491, 0.38229641251353796], [0.2113595712774641, 0.5263155404559572]]","[0.49761109227328104, 0.3873903210894161, -0.35071418597666726, 0.08311645047667152]","[0.04, 0.06, 0.08, 0.1]","[0.0, 0.0, 0.0, 0.0]",1.2,0.6,0.0627538000001
extrapolation,3,evaluated,2.62463307649,True,"[-0.7, -0.5499999999999999, -0.39999999999999997, -0.25, 0.95]","[-0.7116674823246016, -0.5950949041106042, -0.4004787146569692, -0.15729012798975614, 1.0]","[[-0.8691454669138482, -0.5541894977353551], [-0.7525728886998507, -0.4376169195213576], [-0.5579566992462157, -0.2430007300677227], [-0.31476811257900267, 0.00018785659949038802], [0.8425220154107534, 1.0]]","[-0.2045493580980244, -0.2118367407842927, -0.31667794512149566, -0.13263448423546553]","[0.04, 0.06, 0.08, 0.1]","[0.0, 0.0, 0.0, 0.0]",1.2,0.6,0.00989170000003
proxy_shift,3,evaluated,2.62463307649,False,"[0.559017265642372, 0.48321392239252847, -0.5034661503823787, 0.13210855591404758, 0.25637855724108727]","[0.5240148186685668, 0.34792921006071564, -0.5049022943532865, 0.4102381719447792, 0.5937555531179575]","[[0.36653683407932025, 0.6814928032578134], [0.19045122547146912, 0.5054071946499622], [-0.662380278942533, -0.34742430976403993], [0.25276018735553263, 0.5677161565340257], [0.4362775685287109, 0.751233537707204]]","[0.49761109227328104, 0.3873903210894161, -0.35071418597666726, 0.08311645047667152]","[0.04, 0.06, 0.08, 0.1]","[0.0, 0.0, 0.0, 0.0]",1.2,0.6,0.00727340000003
understated_LH,3,evaluated,2.62463307649,True,"[0.559017265642372, 0.48321392239252847, -0.5034661503823787, 0.13210855591404758, 0.25637855724108727]","[0.5473497833177703, 0.43811901828192423, -0.503944865039348, 0.22481842792429144, 0.36883755586671063]","[[0.38987179872852373, 0.7048277679070168], [0.2806410336926777, 0.5955970028711708], [-0.6614228496285945, -0.34646688045010143], [0.06734044333504491, 0.38229641251353796], [0.2113595712774641, 0.5263155404559572]]","[0.49761109227328104, 0.3873903210894161, -0.35071418597666726, 0.08311645047667152]","[0.04, 0.06, 0.08, 0.1]","[0.0, 0.0, 0.0, 0.0]",0.12,0.06,0.015005
high_noise,3,evaluated,2.62463307649,True,"[0.559017265642372, 0.48321392239252847, -0.5034661503823787, 0.13210855591404758, 0.25637855724108727]","[0.5473497833177703, 0.43811901828192423, -0.503944865039348, 0.22481842792429144, 0.36883755586671063]","[[0.38987179872852373, 0.7048277679070168], [0.2806410336926777, 0.5955970028711708], [-0.6614228496285945, -0.34646688045010143], [0.06734044333504491, 0.38229641251353796], [0.2113595712774641, 0.5263155404559572]]","[0.6345123760772322, 0.44221683952083063, -0.6000700762196586, 0.08034748200574048]","[0.12, 0.18, 0.24, 0.30000000000000004]","[0.0, 0.0, 0.0, 0.0]",1.2,0.6,0.0519695
bounded_nuisance_bias,3,evaluated,2.62463307649,True,"[0.559017265642372, 0.48321392239252847, -0.5034661503823787, 0.13210855591404758, 0.25637855724108727]","[0.5473497833177703, 0.43811901828192423, -0.503944865039348, 0.22481842792429144, 0.36883755586671063]","[[0.38987179872852373, 0.7048277679070168], [0.2806410336926777, 0.5955970028711708], [-0.6614228496285945, -0.34646688045010143], [0.06734044333504491, 0.38229641251353796], [0.2113595712774641, 0.5263155404559572]]","[0.43761109227328104, 0.4473903210894161, -0.41071418597666726, 0.14311645047667151]","[0.04, 0.06, 0.08, 0.1]","[0.06, 0.06, 0.06, 0.06]",1.2,0.6,0.0653990999999
nominal,4,evaluated,2.60438915924,True,"[-0.30842803208318803, -0.40748834877759177, 0.4228021231773209, -0.6610168126508162, -0.6066746883325891]","[-0.2934485997038549, -0.39370275435309665, 0.3836084302485071, -0.5907324147041598, -0.5786379577245893]","[[-0.44971194925834823, -0.13718525014936156], [-0.54996610390759, -0.23743940479860332], [0.22734508069401377, 0.5398717798030004], [-0.7469957642586531, -0.4344690651496665], [-0.7349013072790826, -0.4223746081700959]]","[-0.174016234230517, -0.14137616342363019, 0.35061840445662157, -0.33172946568764944]","[0.04, 0.06, 0.08, 0.1]","[0.0, 0.0, 0.0, 0.0]",1.2,0.6,0.0643110999999
extrapolation,4,evaluated,2.60438915924,True,"[-0.7, -0.5499999999999999, -0.39999999999999997, -0.25, 0.95]","[-0.6850205676206669, -0.5362144055755048, -0.4391936929288138, -0.17971560205334358, 0.9780367306079998]","[[-0.8412839171751603, -0.5287572180661735], [-0.6924777551299981, -0.3799510560210115], [-0.5954570424833071, -0.28293034337432044], [-0.3359789516078369, -0.023452252498850246], [0.8217733810535064, 1.0]]","[-0.2904977702730166, -0.18594718047392159, -0.14869136005874609, -0.1974523460792731]","[0.04, 0.06, 0.08, 0.1]","[0.0, 0.0, 0.0, 0.0]",1.2,0.6,0.00837609999985
proxy_shift,4,evaluated,2.60438915924,False,"[-0.30842803208318803, -0.40748834877759177, 0.4228021231773209, -0.6610168126508162, -0.6066746883325891]","[-0.2634897349451887, -0.3661315655041064, 0.3052210443908795, -0.45016361881084704, -0.5225644965085896]","[[-0.419753084499682, -0.10722638539069534], [-0.5223949150585998, -0.20986821594961308], [0.14895769483638616, 0.46148439394537283], [-0.6064269683653404, -0.2939002692563537], [-0.678827846063083, -0.36630114695409627]]","[-0.174016234230517, -0.14137616342363019, 0.35061840445662157, -0.33172946568764944]","[0.04, 0.06, 0.08, 0.1]","[0.0, 0.0, 0.0, 0.0]",1.2,0.6,0.0171873999998
understated_LH,4,evaluated,2.60438915924,True,"[-0.30842803208318803, -0.40748834877759177, 0.4228021231773209, -0.6610168126508162, -0.6066746883325891]","[-0.2934485997038549, -0.39370275435309665, 0.3836084302485071, -0.5907324147041598, -0.5786379577245893]","[[-0.44971194925834823, -0.13718525014936156], [-0.54996610390759, -0.23743940479860332], [0.22734508069401377, 0.5398717798030004], [-0.7469957642586531, -0.4344690651496665], [-0.7349013072790826, -0.4223746081700959]]","[-0.174016234230517, -0.14137616342363019, 0.35061840445662157, -0.33172946568764944]","[0.04, 0.06, 0.08, 0.1]","[0.0, 0.0, 0.0, 0.0]",0.12,0.06,0.0133698
high_noise,4,evaluated,2.60438915924,True,"[-0.30842803208318803, -0.40748834877759177, 0.4228021231773209, -0.6610168126508162, -0.6066746883325891]","[-0.2934485997038549, -0.39370275435309665, 0.3836084302485071, -0.5907324147041598, -0.5786379577245893]","[[-0.44971194925834823, -0.13718525014936156], [-0.54996610390759, -0.23743940479860332], [0.22734508069401377, 0.5398717798030004], [-0.7469957642586531, -0.4344690651496665], [-0.7349013072790826, -0.4223746081700959]]","[-0.20901177477655014, -0.034770524371473405, 0.4372356843391293, -0.4641341578461956]","[0.12, 0.18, 0.24, 0.30000000000000004]","[0.0, 0.0, 0.0, 0.0]",1.2,0.6,0.0146240000001
bounded_nuisance_bias,4,evaluated,2.60438915924,True,"[-0.30842803208318803, -0.40748834877759177, 0.4228021231773209, -0.6610168126508162, -0.6066746883325891]","[-0.2934485997038549, -0.39370275435309665, 0.3836084302485071, -0.5907324147041598, -0.5786379577245893]","[[-0.44971194925834823, -0.13718525014936156], [-0.54996610390759, -0.23743940479860332], [0.22734508069401377, 0.5398717798030004], [-0.7469957642586531, -0.4344690651496665], [-0.7349013072790826, -0.4223746081700959]]","[-0.23401623423051698, -0.08137616342363019, 0.29061840445662157, -0.27172946568764944]","[0.04, 0.06, 0.08, 0.1]","[0.06, 0.06, 0.06, 0.06]",1.2,0.6,0.0650820999999
nominal,5,evaluated,2.63249102215,True,"[0.660181964086906, 0.6705238561616393, 0.20564971887041894, -0.7768957611377731, 0.7433067686178123]","[0.7685257549212838, 0.6108964965550224, 0.15415537751482017, -0.8944852448696701, 0.8309909801487887]","[[0.6105762935924277, 0.92647521625014], [0.45294703522616636, 0.7688459578838784], [-0.003794083814035898, 0.31210483884367624], [-1.0, -0.736535783540814], [0.6730415188199326, 0.9889404414776448]]","[0.5767966246705435, 0.5287827869328622, 0.08163572780785935, -0.4008117654952533]","[0.04, 0.06, 0.08, 0.1]","[0.0, 0.0, 0.0, 0.0]",1.2,0.6,0.00718260000008
extrapolation,5,evaluated,2.63249102215,True,"[-0.7, -0.5499999999999999, -0.39999999999999997, -0.25, 0.95]","[-0.5916562091656221, -0.6096273596066168, -0.45149434135559874, -0.367589483731897, 1.0]","[[-0.7496056704944782, -0.43370674783676605], [-0.767576820935473, -0.4516778982777608], [-0.6094438026844549, -0.29354488002674267], [-0.525538945060753, -0.20964002240304092], [0.8420505386711439, 1.0]]","[-0.22306462149329365, -0.24766219926868382, -0.24644164557583667, -0.24699441591474142]","[0.04, 0.06, 0.08, 0.1]","[0.0, 0.0, 0.0, 0.0]",1.2,0.6,0.0156935
proxy_shift,5,evaluated,2.63249102215,False,"[0.660181964086906, 0.6705238561616393, 0.20564971887041894, -0.7768957611377731, 0.7433067686178123]","[0.9852133365900395, 0.4916417773417886, 0.05116669480362268, -1.0, 1.0]","[[0.8272638752611834, 1.0], [0.33369231601293253, 0.6495912386706446], [-0.10678276652523339, 0.20911615613247875], [-1.0, -0.8420505386711439], [0.8420505386711439, 1.0]]","[0.5767966246705435, 0.5287827869328622, 0.08163572780785935, -0.4008117654952533]","[0.04, 0.06, 0.08, 0.1]","[0.0, 0.0, 0.0, 0.0]",1.2,0.6,0.00602389999995
understated_LH,5,evaluated,2.63249102215,True,"[0.660181964086906, 0.6705238561616393, 0.20564971887041894, -0.7768957611377731, 0.7433067686178123]","[0.7685257549212838, 0.6108964965550224, 0.15415537751482017, -0.8944852448696701, 0.8309909801487887]","[[0.6105762935924277, 0.92647521625014], [0.45294703522616636, 0.7688459578838784], [-0.003794083814035898, 0.31210483884367624], [-1.0, -0.736535783540814], [0.6730415188199326, 0.9889404414776448]]","[0.5767966246705435, 0.5287827869328622, 0.08163572780785935, -0.4008117654952533]","[0.04, 0.06, 0.08, 0.1]","[0.0, 0.0, 0.0, 0.0]",0.12,0.06,0.0092775999999
high_noise,5,evaluated,2.63249102215,True,"[0.660181964086906, 0.6705238561616393, 0.20564971887041894, -0.7768957611377731, 0.7433067686178123]","[0.7685257549212838, 0.6108964965550224, 0.15415537751482017, -0.8944852448696701, 0.8309909801487887]","[[0.6105762935924277, 0.92647521625014], [0.45294703522616636, 0.7688459578838784], [-0.003794083814035898, 0.31210483884367624], [-1.0, -0.736535783540814], [0.6730415188199326, 0.9889404414776448]]","[0.6766673816839562, 0.5119583883954945, -0.027247563343814007, -0.6323005973247362]","[0.12, 0.18, 0.24, 0.30000000000000004]","[0.0, 0.0, 0.0, 0.0]",1.2,0.6,0.00717169999984
bounded_nuisance_bias,5,evaluated,2.63249102215,True,"[0.660181964086906, 0.6705238561616393, 0.20564971887041894, -0.7768957611377731, 0.7433067686178123]","[0.7685257549212838, 0.6108964965550224, 0.15415537751482017, -0.8944852448696701, 0.8309909801487887]","[[0.6105762935924277, 0.92647521625014], [0.45294703522616636, 0.7688459578838784], [-0.003794083814035898, 0.31210483884367624], [-1.0, -0.736535783540814], [0.6730415188199326, 0.9889404414776448]]","[0.5167966246705435, 0.5887827869328621, 0.021635727807859356, -0.3408117654952533]","[0.04, 0.06, 0.08, 0.1]","[0.06, 0.06, 0.06, 0.06]",1.2,0.6,0.0069919
nominal,6,evaluated,2.68955143783,True,"[-0.5323202610565843, 0.02876264374460169, 0.3243722127940627, -0.6201774978680009, -0.6678449226917604]","[-0.6129627851897207, -0.1081358334210781, 0.36078946316499355, -0.5588089485964579, -0.7215929099970171]","[[-0.7743358714594778, -0.4515896989199636], [-0.26950891969083524, 0.053237252848679], [0.19941637689523645, 0.5221625494347506], [-0.720182034866215, -0.3974358623267008], [-0.8829659962667742, -0.56021982372726]]","[-0.21951758568769103, -0.06610323633928122, 0.22337713357316807, -0.16538725727391113]","[0.04, 0.06, 0.08, 0.1]","[0.0, 0.0, 0.0, 0.0]",1.2,0.6,0.0065376
extrapolation,6,evaluated,2.68955143783,True,"[-0.7, -0.5499999999999999, -0.39999999999999997, -0.25, 0.95]","[-0.7806425241331364, -0.6868984771656798, -0.3635827496290691, -0.18863145072845702, 0.8962520126947433]","[[-0.9420156104028935, -0.6192694378633793], [-0.8482715634354369, -0.5255253908959227], [-0.5249558358988262, -0.202209663359312], [-0.3500045369982141, -0.02725836445869992], [0.7348789264249862, 1.0]]","[-0.25813488715314553, -0.32285900948859586, -0.19481139383314452, -0.039916797211654906]","[0.04, 0.06, 0.08, 0.1]","[0.0, 0.0, 0.0, 0.0]",1.2,0.6,0.0113453000001
proxy_shift,6,evaluated,2.68955143783,False,"[-0.5323202610565843, 0.02876264374460169, 0.3243722127940627, -0.6201774978680009, -0.6678449226917604]","[-0.7742478334559935, -0.38193278775243766, 0.4336239639068553, -0.436071850053372, -0.8290888846075303]","[[-0.9356209197257506, -0.6128747471862364], [-0.5433058740221948, -0.22055970148268056], [0.2722508776370982, 0.5949970501766124], [-0.5974449363231291, -0.2746987637836149], [-0.9904619708772874, -0.6677157983377732]]","[-0.21951758568769103, -0.06610323633928122, 0.22337713357316807, -0.16538725727391113]","[0.04, 0.06, 0.08, 0.1]","[0.0, 0.0, 0.0, 0.0]",1.2,0.6,0.00649659999999
understated_LH,6,evaluated,2.68955143783,True,"[-0.5323202610565843, 0.02876264374460169, 0.3243722127940627, -0.6201774978680009, -0.6678449226917604]","[-0.6129627851897207, -0.1081358334210781, 0.36078946316499355, -0.5588089485964579, -0.7215929099970171]","[[-0.7743358714594778, -0.4515896989199636], [-0.26950891969083524, 0.053237252848679], [0.19941637689523645, 0.5221625494347506], [-0.720182034866215, -0.3974358623267008], [-0.8829659962667742, -0.56021982372726]]","[-0.21951758568769103, -0.06610323633928122, 0.22337713357316807, -0.16538725727391113]","[0.04, 0.06, 0.08, 0.1]","[0.0, 0.0, 0.0, 0.0]",0.12,0.06,0.00839629999996
high_noise,6,evaluated,2.68955143783,True,"[-0.5323202610565843, 0.02876264374460169, 0.3243722127940627, -0.6201774978680009, -0.6678449226917604]","[-0.6129627851897207, -0.1081358334210781, 0.36078946316499355, -0.5588089485964579, -0.7215929099970171]","[[-0.7743358714594778, -0.4515896989199636], [-0.26950891969083524, 0.053237252848679], [0.19941637689523645, 0.5221625494347506], [-0.720182034866215, -0.3974358623267008], [-0.8829659962667742, -0.56021982372726]]","[-0.18978735999398202, -0.23332125531647302, 0.217754345906879, 0.0172791483027791]","[0.12, 0.18, 0.24, 0.30000000000000004]","[0.0, 0.0, 0.0, 0.0]",1.2,0.6,0.00658740000017
bounded_nuisance_bias,6,evaluated,2.68955143783,True,"[-0.5323202610565843, 0.02876264374460169, 0.3243722127940627, -0.6201774978680009, -0.6678449226917604]","[-0.6129627851897207, -0.1081358334210781, 0.36078946316499355, -0.5588089485964579, -0.7215929099970171]","[[-0.7743358714594778, -0.4515896989199636], [-0.26950891969083524, 0.053237252848679], [0.19941637689523645, 0.5221625494347506], [-0.720182034866215, -0.3974358623267008], [-0.8829659962667742, -0.56021982372726]]","[-0.27951758568769103, -0.006103236339281226, 0.16337713357316808, -0.10538725727391113]","[0.04, 0.06, 0.08, 0.1]","[0.06, 0.06, 0.06, 0.06]",1.2,0.6,0.00693219999994
nominal,7,evaluated,2.59854813062,True,"[0.3080424580000318, 0.40424981927102066, 0.4953564889658584, -0.22594006288397606, -0.632614350179091]","[0.30785503879363096, 0.3058866187149231, 0.484574825899756, -0.2906177355729627, -0.5654782417526759]","[[0.15194215095632863, 0.4637679266309333], [0.14997373087762078, 0.46179950655222546], [0.32866193806245364, 0.6404877137370584], [-0.44653062341026506, -0.13470484773566038], [-0.7213911295899782, -0.4095653539153736]]","[0.22259978436346098, 0.37458871514690373, 0.33919451004036855, -0.30429379323580613]","[0.04, 0.06, 0.08, 0.1]","[0.0, 0.0, 0.0, 0.0]",1.2,0.6,0.00745189999998
extrapolation,7,evaluated,2.59854813062,True,"[-0.7, -0.5499999999999999, -0.39999999999999997, -0.25, 0.95]","[-0.7001874192064008, -0.6483632005560975, -0.41078166306610236, -0.31467767268898666, 1.0]","[[-0.8561003070437032, -0.5442745313690984], [-0.8042760883933999, -0.4924503127187952], [-0.5666945509034047, -0.2548687752288], [-0.470590560526289, -0.15876478485168433], [0.8440871121626976, 1.0]]","[-0.2636927372157685, -0.15623655132990447, -0.22363279868732125, -0.315294429110225]","[0.04, 0.06, 0.08, 0.1]","[0.0, 0.0, 0.0, 0.0]",1.2,0.6,0.0130765000001
proxy_shift,7,evaluated,2.59854813062,False,"[0.3080424580000318, 0.40424981927102066, 0.4953564889658584, -0.22594006288397606, -0.632614350179091]","[0.3074802003808292, 0.10916021760272798, 0.4630114997675512, -0.41997308095093605, -0.43120602489984583]","[[0.15156731254352684, 0.4633930882181315], [-0.046752670234574356, 0.2650731054400303], [0.30709861193024884, 0.6189243876048536], [-0.5758859687882384, -0.2640601931136337], [-0.5871189127371481, -0.2752931370625435]]","[0.22259978436346098, 0.37458871514690373, 0.33919451004036855, -0.30429379323580613]","[0.04, 0.06, 0.08, 0.1]","[0.0, 0.0, 0.0, 0.0]",1.2,0.6,0.007339
understated_LH,7,evaluated,2.59854813062,True,"[0.3080424580000318, 0.40424981927102066, 0.4953564889658584, -0.22594006288397606, -0.632614350179091]","[0.30785503879363096, 0.3058866187149231, 0.484574825899756, -0.2906177355729627, -0.5654782417526759]","[[0.15194215095632863, 0.4637679266309333], [0.14997373087762078, 0.46179950655222546], [0.32866193806245364, 0.6404877137370584], [-0.44653062341026506, -0.13470484773566038], [-0.7213911295899782, -0.4095653539153736]]","[0.22259978436346098, 0.37458871514690373, 0.33919451004036855, -0.30429379323580613]","[0.04, 0.06, 0.08, 0.1]","[0.0, 0.0, 0.0, 0.0]",0.12,0.06,0.0107346
high_noise,7,evaluated,2.59854813062,True,"[0.3080424580000318, 0.40424981927102066, 0.4953564889658584, -0.22594006288397606, -0.632614350179091]","[0.30785503879363096, 0.3058866187149231, 0.484574825899756, -0.2906177355729627, -0.5654782417526759]","[[0.15194215095632863, 0.4637679266309333], [0.14997373087762078, 0.46179950655222546], [0.32866193806245364, 0.6404877137370584], [-0.44653062341026506, -0.13470484773566038], [-0.7213911295899782, -0.4095653539153736]]","[0.24121430993192394, 0.5406156124870947, 0.27592891266572594, -0.6723826514562561]","[0.12, 0.18, 0.24, 0.30000000000000004]","[0.0, 0.0, 0.0, 0.0]",1.2,0.6,0.0102958
bounded_nuisance_bias,7,evaluated,2.59854813062,True,"[0.3080424580000318, 0.40424981927102066, 0.4953564889658584, -0.22594006288397606, -0.632614350179091]","[0.30785503879363096, 0.3058866187149231, 0.484574825899756, -0.2906177355729627, -0.5654782417526759]","[[0.15194215095632863, 0.4637679266309333], [0.14997373087762078, 0.46179950655222546], [0.32866193806245364, 0.6404877137370584], [-0.44653062341026506, -0.13470484773566038], [-0.7213911295899782, -0.4095653539153736]]","[0.16259978436346098, 0.4345887151469037, 0.27919451004036855, -0.24429379323580613]","[0.04, 0.06, 0.08, 0.1]","[0.06, 0.06, 0.06, 0.06]",1.2,0.6,0.00836140000001
nominal,8,evaluated,2.75696279943,True,"[0.5284736613333398, -0.7591071771806045, 0.04234091836848708, -0.12546091161570572, -0.6405922652836854]","[0.6192539776058978, -0.8462224347400038, 0.10399459287327296, -0.13575564074381657, -0.6063089565484396]","[[0.45383620964022114, 0.7846717455715746], [-1.0, -0.680804666774327], [-0.061423175092403734, 0.26941236083894965], [-0.3011734087094933, 0.029662127221860124], [-0.7717267245141164, -0.44089118858276294]]","[0.48634131261107416, -0.3213858367322942, -0.0119376403046276, 0.05284934692799258]","[0.04, 0.06, 0.08, 0.1]","[0.0, 0.0, 0.0, 0.0]",1.2,0.6,0.0501867
extrapolation,8,evaluated,2.75696279943,True,"[-0.7, -0.5499999999999999, -0.39999999999999997, -0.25, 0.95]","[-0.609219683727442, -0.6371152575593992, -0.3383463254952141, -0.26029472912811086, 0.9842833087352457]","[[-0.7746374516931187, -0.44380191576176525], [-0.802533025525076, -0.47169748959372254], [-0.5037640934608908, -0.1729285575295374], [-0.42571249709378756, -0.09487696116243416], [0.8188655407695691, 1.0]]","[-0.18752820740584944, -0.2780446423580632, -0.2298800173362059, -0.007846238205617181]","[0.04, 0.06, 0.08, 0.1]","[0.0, 0.0, 0.0, 0.0]",1.2,0.6,0.014304
proxy_shift,8,evaluated,2.75696279943,False,"[0.5284736613333398, -0.7591071771806045, 0.04234091836848708, -0.12546091161570572, -0.6405922652836854]","[0.8008146101510137, -1.0, 0.22730194188284475, -0.1563450990000383, -0.5377423390779481]","[[0.6353968421853371, 0.9662323781166904], [-1.0, -0.8345822320343232], [0.06188417391716805, 0.39271970984852145], [-0.321762866965715, 0.009072668965638409], [-0.7031601070436249, -0.3723245711122714]]","[0.48634131261107416, -0.3213858367322942, -0.0119376403046276, 0.05284934692799258]","[0.04, 0.06, 0.08, 0.1]","[0.0, 0.0, 0.0, 0.0]",1.2,0.6,0.0588566000001
understated_LH,8,evaluated,2.75696279943,True,"[0.5284736613333398, -0.7591071771806045, 0.04234091836848708, -0.12546091161570572, -0.6405922652836854]","[0.6192539776058978, -0.8462224347400038, 0.10399459287327296, -0.13575564074381657, -0.6063089565484396]","[[0.45383620964022114, 0.7846717455715746], [-1.0, -0.680804666774327], [-0.061423175092403734, 0.26941236083894965], [-0.3011734087094933, 0.029662127221860124], [-0.7717267245141164, -0.44089118858276294]]","[0.48634131261107416, -0.3213858367322942, -0.0119376403046276, 0.05284934692799258]","[0.04, 0.06, 0.08, 0.1]","[0.0, 0.0, 0.0, 0.0]",0.12,0.06,0.0380777
high_noise,8,evaluated,2.75696279943,True,"[0.5284736613333398, -0.7591071771806045, 0.04234091836848708, -0.12546091161570572, -0.6405922652836854]","[0.6192539776058978, -0.8462224347400038, 0.10399459287327296, -0.13575564074381657, -0.6063089565484396]","[[0.45383620964022114, 0.7846717455715746], [-1.0, -0.680804666774327], [-0.061423175092403734, 0.26941236083894965], [-0.3011734087094933, 0.029662127221860124], [-0.7717267245141164, -0.44089118858276294]]","[0.6572848977993753, -0.39897512144842073, -0.08769767497703941, 0.29965687051675827]","[0.12, 0.18, 0.24, 0.30000000000000004]","[0.0, 0.0, 0.0, 0.0]",1.2,0.6,0.0417758000001
bounded_nuisance_bias,8,evaluated,2.75696279943,True,"[0.5284736613333398, -0.7591071771806045, 0.04234091836848708, -0.12546091161570572, -0.6405922652836854]","[0.6192539776058978, -0.8462224347400038, 0.10399459287327296, -0.13575564074381657, -0.6063089565484396]","[[0.45383620964022114, 0.7846717455715746], [-1.0, -0.680804666774327], [-0.061423175092403734, 0.26941236083894965], [-0.3011734087094933, 0.029662127221860124], [-0.7717267245141164, -0.44089118858276294]]","[0.42634131261107416, -0.2613858367322942, -0.0719376403046276, 0.11284934692799257]","[0.04, 0.06, 0.08, 0.1]","[0.06, 0.06, 0.06, 0.06]",1.2,0.6,0.0480373
nominal,9,evaluated,2.51189584707,True,"[0.6359368394889546, 0.25761019117169304, 0.25898231183466547, 0.7453501488583274, 0.4341568271309131]","[0.7193121204036779, 0.21580948968224214, 0.24397005483282694, 0.7089129275467716, 0.4023507851266697]","[[0.5685983695792987, 0.8700258712280571], [0.0650957388578629, 0.3665232405066214], [0.0932563040084477, 0.3946838056572062], [0.5581991767223924, 0.8596266783711508], [0.25163703430229045, 0.553064535951049]]","[0.46768138372560314, 0.16642720771956487, 0.2272620431826714, 0.6668347915020473]","[0.04, 0.06, 0.08, 0.1]","[0.0, 0.0, 0.0, 0.0]",1.2,0.6,0.0475655
extrapolation,9,evaluated,2.51189584707,True,"[-0.7, -0.5499999999999999, -0.39999999999999997, -0.25, 0.95]","[-0.6166247190852767, -0.5918007014894509, -0.4150122570018385, -0.28643722131155575, 0.9181939579957565]","[[-0.7673384699096559, -0.4659109682608975], [-0.7425144523138301, -0.44108695066507164], [-0.5657260078262177, -0.2642985061774593], [-0.437150972135935, -0.1357234704871765], [0.7674802071713773, 1.0]]","[-0.3082054191135298, -0.24729781016210578, -0.14024889527109619, -0.07828935113388848]","[0.04, 0.06, 0.08, 0.1]","[0.0, 0.0, 0.0, 0.0]",1.2,0.6,0.0124549999998
proxy_shift,9,evaluated,2.51189584707,False,"[0.6359368394889546, 0.25761019117169304, 0.25898231183466547, 0.7453501488583274, 0.4341568271309131]","[0.8860626822331246, 0.13220808670334036, 0.21394554082914988, 0.6360384849236602, 0.33873870111818294]","[[0.7353489314087454, 1.0], [-0.01850566412103888, 0.2829218375277196], [0.06323179000477064, 0.3646592916535291], [0.485324734099281, 0.7867522357480394], [0.1880249502938037, 0.48945245194256215]]","[0.46768138372560314, 0.16642720771956487, 0.2272620431826714, 0.6668347915020473]","[0.04, 0.06, 0.08, 0.1]","[0.0, 0.0, 0.0, 0.0]",1.2,0.6,0.0439325999998
understated_LH,9,evaluated,2.51189584707,True,"[0.6359368394889546, 0.25761019117169304, 0.25898231183466547, 0.7453501488583274, 0.4341568271309131]","[0.7193121204036779, 0.21580948968224214, 0.24397005483282694, 0.7089129275467716, 0.4023507851266697]","[[0.5685983695792987, 0.8700258712280571], [0.0650957388578629, 0.3665232405066214], [0.0932563040084477, 0.3946838056572062], [0.5581991767223924, 0.8596266783711508], [0.25163703430229045, 0.553064535951049]]","[0.46768138372560314, 0.16642720771956487, 0.2272620431826714, 0.6668347915020473]","[0.04, 0.06, 0.08, 0.1]","[0.0, 0.0, 0.0, 0.0]",0.12,0.06,0.0194205
high_noise,9,evaluated,2.51189584707,True,"[0.6359368394889546, 0.25761019117169304, 0.25898231183466547, 0.7453501488583274, 0.4341568271309131]","[0.7193121204036779, 0.21580948968224214, 0.24397005483282694, 0.7089129275467716, 0.4023507851266697]","[[0.5685983695792987, 0.8700258712280571], [0.0650957388578629, 0.3665232405066214], [0.0932563040084477, 0.3946838056572062], [0.5581991767223924, 0.8596266783711508], [0.25163703430229045, 0.553064535951049]]","[0.3972705454985437, 0.15033158739535327, 0.33076425264047893, 0.7727560892342704]","[0.12, 0.18, 0.24, 0.30000000000000004]","[0.0, 0.0, 0.0, 0.0]",1.2,0.6,0.0457801
bounded_nuisance_bias,9,evaluated,2.51189584707,True,"[0.6359368394889546, 0.25761019117169304, 0.25898231183466547, 0.7453501488583274, 0.4341568271309131]","[0.7193121204036779, 0.21580948968224214, 0.24397005483282694, 0.7089129275467716, 0.4023507851266697]","[[0.5685983695792987, 0.8700258712280571], [0.0650957388578629, 0.3665232405066214], [0.0932563040084477, 0.3946838056572062], [0.5581991767223924, 0.8596266783711508], [0.25163703430229045, 0.553064535951049]]","[0.40768138372560314, 0.22642720771956487, 0.1672620431826714, 0.7268347915020472]","[0.04, 0.06, 0.08, 0.1]","[0.06, 0.06, 0.06, 0.06]",1.2,0.6,0.0480157
nominal,10,evaluated,2.60250811597,True,"[-0.4603158515287774, 0.5892565660712019, 0.38275124073950195, 0.5644534529852956, -0.4077385755443551]","[-0.3713713720712646, 0.5821760830128989, 0.3691098430766091, 0.6434240190389593, -0.38254547975808195]","[[-0.5275218590292661, -0.21522088511326315], [0.4260255960548975, 0.7383265699709003], [0.21295935611860767, 0.5252603300346106], [0.48727353208095786, 0.7995745059969608], [-0.5386959667160833, -0.22639499280008052]]","[-0.16742536426661928, 0.46010733089111217, 0.26123992951210007, 0.5365273071912794]","[0.04, 0.06, 0.08, 0.1]","[0.0, 0.0, 0.0, 0.0]",1.2,0.6,0.00806739999985
extrapolation,10,evaluated,2.60250811597,True,"[-0.7, -0.5499999999999999, -0.39999999999999997, -0.25, 0.95]","[-0.6110555205424871, -0.5570804830583029, -0.4136413976628928, -0.17102943394633635, 0.9751930957862731]","[[-0.7672060075004885, -0.4549050335844857], [-0.7132309700163044, -0.4009299961003015], [-0.5697918846208943, -0.2574909107048914], [-0.3271799209043378, -0.014878946988334918], [0.8190426088282716, 1.0]]","[-0.22780305829995187, -0.23686359894901637, -0.2043603686178895, -0.028977074776005002]","[0.04, 0.06, 0.08, 0.1]","[0.0, 0.0, 0.0, 0.0]",1.2,0.6,0.00865339999996
proxy_shift,10,evaluated,2.60250811597,False,"[-0.4603158515287774, 0.5892565660712019, 0.38275124073950195, 0.5644534529852956, -0.4077385755443551]","[-0.19348241315623893, 0.5680151168962928, 0.34182704775082334, 0.8013651511462866, -0.33215928818553564]","[[-0.34963290011424036, -0.0373319261982375], [0.41186462993829137, 0.7241656038542943], [0.1856765607928219, 0.4979775347088248], [0.6452146641882852, 0.957515638104288], [-0.4883097751435371, -0.1760088012275342]]","[-0.16742536426661928, 0.46010733089111217, 0.26123992951210007, 0.5365273071912794]","[0.04, 0.06, 0.08, 0.1]","[0.0, 0.0, 0.0, 0.0]",1.2,0.6,0.00690469999995
understated_LH,10,evaluated,2.60250811597,True,"[-0.4603158515287774, 0.5892565660712019, 0.38275124073950195, 0.5644534529852956, -0.4077385755443551]","[-0.3713713720712646, 0.5821760830128989, 0.3691098430766091, 0.6434240190389593, -0.38254547975808195]","[[-0.5275218590292661, -0.21522088511326315], [0.4260255960548975, 0.7383265699709003], [0.21295935611860767, 0.5252603300346106], [0.48727353208095786, 0.7995745059969608], [-0.5386959667160833, -0.22639499280008052]]","[-0.16742536426661928, 0.46010733089111217, 0.26123992951210007, 0.5365273071912794]","[0.04, 0.06, 0.08, 0.1]","[0.0, 0.0, 0.0, 0.0]",0.12,0.06,0.00646329999995
high_noise,10,evaluated,2.60250811597,True,"[-0.4603158515287774, 0.5892565660712019, 0.38275124073950195, 0.5644534529852956, -0.4077385755443551]","[-0.3713713720712646, 0.5821760830128989, 0.3691098430766091, 0.6434240190389593, -0.38254547975808195]","[[-0.5275218590292661, -0.21522088511326315], [0.4260255960548975, 0.7383265699709003], [0.21295935611860767, 0.5252603300346106], [0.48727353208095786, 0.7995745059969608], [-0.5386959667160833, -0.22639499280008052]]","[-0.077031480866523, 0.4648801329930793, 0.236519192276321, 0.7410731576392695]","[0.12, 0.18, 0.24, 0.30000000000000004]","[0.0, 0.0, 0.0, 0.0]",1.2,0.6,0.00525569999991
bounded_nuisance_bias,10,evaluated,2.60250811597,True,"[-0.4603158515287774, 0.5892565660712019, 0.38275124073950195, 0.5644534529852956, -0.4077385755443551]","[-0.3713713720712646, 0.5821760830128989, 0.3691098430766091, 0.6434240190389593, -0.38254547975808195]","[[-0.5275218590292661, -0.21522088511326315], [0.4260255960548975, 0.7383265699709003], [0.21295935611860767, 0.5252603300346106], [0.48727353208095786, 0.7995745059969608], [-0.5386959667160833, -0.22639499280008052]]","[-0.22742536426661927, 0.5201073308911122, 0.20123992951210007, 0.5965273071912793]","[0.04, 0.06, 0.08, 0.1]","[0.06, 0.06, 0.06, 0.06]",1.2,0.6,0.00593249999997
nominal,11,evaluated,2.42811379568,True,"[0.2681781331419155, 0.22958469428033013, 0.41546339754812744, -0.4750758156330497, -0.4973610449727973]","[0.29860533872701345, 0.3716347786043499, 0.41369883679122105, -0.5003830016508524, -0.5141820103231081]","[[0.15291851098606882, 0.4442921664679581], [0.22594795086340527, 0.5173216063452946], [0.26801200905027645, 0.5593856645321656], [-0.646069829391797, -0.3546961739099077], [-0.6598688380640527, -0.3684951825821634]]","[0.10561174352628255, 0.14217680518982626, 0.21014126809351225, -0.37680115709783685]","[0.04, 0.06, 0.08, 0.1]","[0.0, 0.0, 0.0, 0.0]",1.2,0.6,0.00732429999994
extrapolation,11,evaluated,2.42811379568,True,"[-0.7, -0.5499999999999999, -0.39999999999999997, -0.25, 0.95]","[-0.669572794414902, -0.40794991567598016, -0.40176456075690636, -0.27530718601780263, 0.9331790346496892]","[[-0.8152596221558467, -0.5238859666739574], [-0.5536367434169248, -0.2622630879350355], [-0.547451388497851, -0.2560777330159617], [-0.42099401375874723, -0.129620358276858], [0.7874922069087446, 1.0]]","[-0.3498709896875117, -0.25063675093270954, -0.2829197208460342, -0.2907147768978292]","[0.04, 0.06, 0.08, 0.1]","[0.0, 0.0, 0.0, 0.0]",1.2,0.6,0.0150577000002
proxy_shift,11,evaluated,2.42811379568,False,"[0.2681781331419155, 0.22958469428033013, 0.41546339754812744, -0.4750758156330497, -0.4973610449727973]","[0.35945974989720925, 0.6557349472523896, 0.4101697152774083, -0.5509973736864576, -0.5478239410237294]","[[0.21377292215626462, 0.5051465776381538], [0.5100481195114449, 0.8014217749933342], [0.26448288753646365, 0.555856543018353], [-0.6966842014274023, -0.40531054594551297], [-0.6935107687646741, -0.4021371132827848]]","[0.10561174352628255, 0.14217680518982626, 0.21014126809351225, -0.37680115709783685]","[0.04, 0.06, 0.08, 0.1]","[0.0, 0.0, 0.0, 0.0]",1.2,0.6,0.0349153
understated_LH,11,evaluated,2.42811379568,True,"[0.2681781331419155, 0.22958469428033013, 0.41546339754812744, -0.4750758156330497, -0.4973610449727973]","[0.29860533872701345, 0.3716347786043499, 0.41369883679122105, -0.5003830016508524, -0.5141820103231081]","[[0.15291851098606882, 0.4442921664679581], [0.22594795086340527, 0.5173216063452946], [0.26801200905027645, 0.5593856645321656], [-0.646069829391797, -0.3546961739099077], [-0.6598688380640527, -0.3684951825821634]]","[0.10561174352628255, 0.14217680518982626, 0.21014126809351225, -0.37680115709783685]","[0.04, 0.06, 0.08, 0.1]","[0.0, 0.0, 0.0, 0.0]",0.12,0.06,0.0104008000001
high_noise,11,evaluated,2.42811379568,True,"[0.2681781331419155, 0.22958469428033013, 0.41546339754812744, -0.4750758156330497, -0.4973610449727973]","[0.29860533872701345, 0.3716347786043499, 0.41369883679122105, -0.5003830016508524, -0.5141820103231081]","[[0.15291851098606882, 0.4442921664679581], [0.22594795086340527, 0.5173216063452946], [0.26801200905027645, 0.5593856645321656], [-0.646069829391797, -0.3546961739099077], [-0.6598688380640527, -0.3684951825821634]]","[-0.04813023584874074, 0.11940330332440705, 0.028301826401443853, -0.6957307108934954]","[0.12, 0.18, 0.24, 0.30000000000000004]","[0.0, 0.0, 0.0, 0.0]",1.2,0.6,0.0100643000001
bounded_nuisance_bias,11,evaluated,2.42811379568,True,"[0.2681781331419155, 0.22958469428033013, 0.41546339754812744, -0.4750758156330497, -0.4973610449727973]","[0.29860533872701345, 0.3716347786043499, 0.41369883679122105, -0.5003830016508524, -0.5141820103231081]","[[0.15291851098606882, 0.4442921664679581], [0.22594795086340527, 0.5173216063452946], [0.26801200905027645, 0.5593856645321656], [-0.646069829391797, -0.3546961739099077], [-0.6598688380640527, -0.3684951825821634]]","[0.045611743526282555, 0.20217680518982625, 0.15014126809351225, -0.31680115709783685]","[0.04, 0.06, 0.08, 0.1]","[0.06, 0.06, 0.06, 0.06]",1.2,0.6,0.00788699999998
nominal,12,evaluated,2.54026354418,True,"[0.7423861612623535, -0.7112569487204823, -0.4568773254038201, 0.5056185543349059, -0.432679499402707]","[0.6764777888570335, -0.8082094291384689, -0.42014792569211723, 0.4951077619214542, -0.4728723231170796]","[[0.5240619762061234, 0.8288936015079436], [-0.960625241789379, -0.6557936164875589], [-0.5725637383430273, -0.26773211304120714], [0.34269194927054414, 0.6475235745723643], [-0.6252881357679897, -0.3204565104661695]]","[0.7145623157468451, -0.25758828438146764, -0.22923656681376842, 0.4357353288773027]","[0.04, 0.06, 0.08, 0.1]","[0.0, 0.0, 0.0, 0.0]",1.2,0.6,0.0507014999998
extrapolation,12,evaluated,2.54026354418,True,"[-0.7, -0.5499999999999999, -0.39999999999999997, -0.25, 0.95]","[-0.76590837240532, -0.6469524804179867, -0.3632706002882971, -0.26051079241345165, 0.9098071762856274]","[[-0.91832418505623, -0.6134925597544099], [-0.7993682930688968, -0.4945366677670766], [-0.5156864129392071, -0.21085478763738702], [-0.41292660506436174, -0.10809497976254157], [0.7573913636347173, 1.0]]","[-0.1692105447407228, -0.22185004928012939, -0.2097312387119208, -0.07558084046995689]","[0.04, 0.06, 0.08, 0.1]","[0.0, 0.0, 0.0, 0.0]",1.2,0.6,0.014498
proxy_shift,12,evaluated,2.54026354418,False,"[0.7423861612623535, -0.7112569487204823, -0.4568773254038201, 0.5056185543349059, -0.432679499402707]","[0.5446610440463935, -1.0, -0.3466891262687115, 0.4740861770945509, -0.5532579705458248]","[[0.3922452313954834, 0.6970768566973036], [-1.0, -0.8475841873490899], [-0.4991049389196216, -0.19427331361780142], [0.32167036444364083, 0.626501989745461], [-0.7056737831967349, -0.40084215789491473]]","[0.7145623157468451, -0.25758828438146764, -0.22923656681376842, 0.4357353288773027]","[0.04, 0.06, 0.08, 0.1]","[0.0, 0.0, 0.0, 0.0]",1.2,0.6,0.0469456999999
understated_LH,12,evaluated,2.54026354418,True,"[0.7423861612623535, -0.7112569487204823, -0.4568773254038201, 0.5056185543349059, -0.432679499402707]","[0.6764777888570335, -0.8082094291384689, -0.42014792569211723, 0.4951077619214542, -0.4728723231170796]","[[0.5240619762061234, 0.8288936015079436], [-0.960625241789379, -0.6557936164875589], [-0.5725637383430273, -0.26773211304120714], [0.34269194927054414, 0.6475235745723643], [-0.6252881357679897, -0.3204565104661695]]","[0.7145623157468451, -0.25758828438146764, -0.22923656681376842, 0.4357353288773027]","[0.04, 0.06, 0.08, 0.1]","[0.0, 0.0, 0.0, 0.0]",0.12,0.06,0.0422357
high_noise,12,evaluated,2.54026354418,True,"[0.7423861612623535, -0.7112569487204823, -0.4568773254038201, 0.5056185543349059, -0.432679499402707]","[0.6764777888570335, -0.8082094291384689, -0.42014792569211723, 0.4951077619214542, -0.4728723231170796]","[[0.5240619762061234, 0.8288936015079436], [-0.960625241789379, -0.6557936164875589], [-0.5725637383430273, -0.26773211304120714], [0.34269194927054414, 0.6475235745723643], [-0.6252881357679897, -0.3204565104661695]]","[0.9221412262653996, -0.22278838294172645, -0.26469904423761004, 0.5470736479373889]","[0.12, 0.18, 0.24, 0.30000000000000004]","[0.0, 0.0, 0.0, 0.0]",1.2,0.6,0.0390253
bounded_nuisance_bias,12,evaluated,2.54026354418,True,"[0.7423861612623535, -0.7112569487204823, -0.4568773254038201, 0.5056185543349059, -0.432679499402707]","[0.6764777888570335, -0.8082094291384689, -0.42014792569211723, 0.4951077619214542, -0.4728723231170796]","[[0.5240619762061234, 0.8288936015079436], [-0.960625241789379, -0.6557936164875589], [-0.5725637383430273, -0.26773211304120714], [0.34269194927054414, 0.6475235745723643], [-0.6252881357679897, -0.3204565104661695]]","[0.6545623157468452, -0.19758828438146764, -0.2892365668137684, 0.4957353288773027]","[0.04, 0.06, 0.08, 0.1]","[0.06, 0.06, 0.06, 0.06]",1.2,0.6,0.0476906000001
nominal,13,evaluated,2.51328970693,True,"[-0.3498110942555457, 0.23576503359249634, 0.6947945981118149, -0.07069368269600562, -0.09316492358215522]","[-0.34907346213920587, 0.16357635044611085, 0.7399310747827691, -0.0749321942926206, -0.11756073111227357]","[[-0.49987084455475506, -0.1982760797236567], [0.012778968030561694, 0.31437373286166004], [0.5891336923672199, 0.8907284571983183], [-0.22572957670816976, 0.07586518812292856], [-0.26835811352782274, 0.03323665130327559]]","[-0.18306517617094237, 0.0415817016204823, 0.5356168520357839, -0.02536540238453095]","[0.04, 0.06, 0.08, 0.1]","[0.0, 0.0, 0.0, 0.0]",1.2,0.6,0.0501561000001
extrapolation,13,evaluated,2.51328970693,True,"[-0.7, -0.5499999999999999, -0.39999999999999997, -0.25, 0.95]","[-0.6992623678836601, -0.6221886831463854, -0.35486352332904575, -0.254238511596615, 0.9256041924698816]","[[-0.8500597502992093, -0.548464985468111], [-0.7729860655619346, -0.47139130073083624], [-0.5056609057445949, -0.2040661409134966], [-0.4050358940121641, -0.10344112918106582], [0.7748068100543324, 1.0]]","[-0.2828888601168937, -0.35580286385447674, -0.2180817669009124, -0.11569847179886464]","[0.04, 0.06, 0.08, 0.1]","[0.0, 0.0, 0.0, 0.0]",1.2,0.6,0.0126871
proxy_shift,13,evaluated,2.51328970693,False,"[-0.3498110942555457, 0.23576503359249634, 0.6947945981118149, -0.07069368269600562, -0.09316492358215522]","[-0.34759819790652624, 0.01919898415333987, 0.8302040281246774, -0.08340921748585056, -0.16635234617251027]","[[-0.4983955803220754, -0.19680081549097708], [-0.1315983982622093, 0.16999636656888903], [0.6794066457091282, 0.9810014105402266], [-0.23420659990139972, 0.0673881649296986], [-0.31714972858805945, -0.01555496375696111]]","[-0.18306517617094237, 0.0415817016204823, 0.5356168520357839, -0.02536540238453095]","[0.04, 0.06, 0.08, 0.1]","[0.0, 0.0, 0.0, 0.0]",1.2,0.6,0.0445850999999
understated_LH,13,evaluated,2.51328970693,True,"[-0.3498110942555457, 0.23576503359249634, 0.6947945981118149, -0.07069368269600562, -0.09316492358215522]","[-0.34907346213920587, 0.16357635044611085, 0.7399310747827691, -0.0749321942926206, -0.11756073111227357]","[[-0.49987084455475506, -0.1982760797236567], [0.012778968030561694, 0.31437373286166004], [0.5891336923672199, 0.8907284571983183], [-0.22572957670816976, 0.07586518812292856], [-0.26835811352782274, 0.03323665130327559]]","[-0.18306517617094237, 0.0415817016204823, 0.5356168520357839, -0.02536540238453095]","[0.04, 0.06, 0.08, 0.1]","[0.0, 0.0, 0.0, 0.0]",0.12,0.06,0.0337714
high_noise,13,evaluated,2.51328970693,True,"[-0.3498110942555457, 0.23576503359249634, 0.6947945981118149, -0.07069368269600562, -0.09316492358215522]","[-0.34907346213920587, 0.16357635044611085, 0.7399310747827691, -0.0749321942926206, -0.11756073111227357]","[[-0.49987084455475506, -0.1982760797236567], [0.012778968030561694, 0.31437373286166004], [0.5891336923672199, 0.8907284571983183], [-0.22572957670816976, 0.07586518812292856], [-0.26835811352782274, 0.03323665130327559]]","[-0.20284289640472963, -0.19152402608847124, 0.4834533182339591, 0.0057376540177397906]","[0.12, 0.18, 0.24, 0.30000000000000004]","[0.0, 0.0, 0.0, 0.0]",1.2,0.6,0.0582709999999
bounded_nuisance_bias,13,evaluated,2.51328970693,True,"[-0.3498110942555457, 0.23576503359249634, 0.6947945981118149, -0.07069368269600562, -0.09316492358215522]","[-0.34907346213920587, 0.16357635044611085, 0.7399310747827691, -0.0749321942926206, -0.11756073111227357]","[[-0.49987084455475506, -0.1982760797236567], [0.012778968030561694, 0.31437373286166004], [0.5891336923672199, 0.8907284571983183], [-0.22572957670816976, 0.07586518812292856], [-0.26835811352782274, 0.03323665130327559]]","[-0.24306517617094237, 0.1015817016204823, 0.4756168520357839, 0.03463459761546905]","[0.04, 0.06, 0.08, 0.1]","[0.06, 0.06, 0.06, 0.06]",1.2,0.6,0.0495742999999
nominal,14,evaluated,2.54865062098,True,"[-0.5467143879520056, -0.22964959137922936, -0.5171758067333864, -0.7584669564033999, -0.49744500584918416]","[-0.6891009589961414, -0.20823110273342121, -0.550807396120379, -0.8022012606742123, -0.5409006199336018]","[[-0.8420199962548213, -0.5361819217374616], [-0.3611501399921011, -0.05531206547474135], [-0.7037264333790588, -0.39788835886169915], [-0.9551202979328921, -0.6492822234155324], [-0.6938196571922817, -0.387981582674922]]","[-0.19545518672284212, -0.22011017969433444, -0.36437260009863837, -0.25103860664994887]","[0.04, 0.06, 0.08, 0.1]","[0.0, 0.0, 0.0, 0.0]",1.2,0.6,0.0441152000001
extrapolation,14,evaluated,2.54865062098,True,"[-0.7, -0.5499999999999999, -0.39999999999999997, -0.25, 0.95]","[-0.8423865710441358, -0.5285815113541918, -0.4336315893869926, -0.2937343042708124, 0.9065443859155823]","[[-0.9953056083028157, -0.689467533785456], [-0.6815005486128717, -0.375662474095512], [-0.5865506266456725, -0.2807125521283127], [-0.4466533415294922, -0.1408152670121325], [0.7536253486569024, 1.0]]","[-0.23009554054975961, -0.3373921053129909, -0.32630836057970525, -0.09979006999466006]","[0.04, 0.06, 0.08, 0.1]","[0.0, 0.0, 0.0, 0.0]",1.2,0.6,0.0145332
proxy_shift,14,evaluated,2.54865062098,False,"[-0.5467143879520056, -0.22964959137922936, -0.5171758067333864, -0.7584669564033999, -0.49744500584918416]","[-0.9738741010844132, -0.16539412544180498, -0.6180705748943642, -0.8896698692158371, -0.6278118481024372]","[[-1.0, -0.8209550638257334], [-0.3183131627004848, -0.012475088183125121], [-0.7709896121530441, -0.4651515376356844], [-1.0, -0.7367508319571573], [-0.780730885361117, -0.47489281084375734]]","[-0.19545518672284212, -0.22011017969433444, -0.36437260009863837, -0.25103860664994887]","[0.04, 0.06, 0.08, 0.1]","[0.0, 0.0, 0.0, 0.0]",1.2,0.6,0.0421804
understated_LH,14,evaluated,2.54865062098,True,"[-0.5467143879520056, -0.22964959137922936, -0.5171758067333864, -0.7584669564033999, -0.49744500584918416]","[-0.6891009589961414, -0.20823110273342121, -0.550807396120379, -0.8022012606742123, -0.5409006199336018]","[[-0.8420199962548213, -0.5361819217374616], [-0.3611501399921011, -0.05531206547474135], [-0.7037264333790588, -0.39788835886169915], [-0.9551202979328921, -0.6492822234155324], [-0.6938196571922817, -0.387981582674922]]","[-0.19545518672284212, -0.22011017969433444, -0.36437260009863837, -0.25103860664994887]","[0.04, 0.06, 0.08, 0.1]","[0.0, 0.0, 0.0, 0.0]",0.12,0.06,0.0203761
high_noise,14,evaluated,2.54865062098,True,"[-0.5467143879520056, -0.22964959137922936, -0.5171758067333864, -0.7584669564033999, -0.49744500584918416]","[-0.6891009589961414, -0.20823110273342121, -0.550807396120379, -0.8022012606742123, -0.5409006199336018]","[[-0.8420199962548213, -0.5361819217374616], [-0.3611501399921011, -0.05531206547474135], [-0.7037264333790588, -0.39788835886169915], [-0.9551202979328921, -0.6492822234155324], [-0.6938196571922817, -0.387981582674922]]","[-0.10964626782236134, -0.4163943903203163, -0.6329893212580489, -0.18811874663926897]","[0.12, 0.18, 0.24, 0.30000000000000004]","[0.0, 0.0, 0.0, 0.0]",1.2,0.6,0.0472728999998
bounded_nuisance_bias,14,evaluated,2.54865062098,True,"[-0.5467143879520056, -0.22964959137922936, -0.5171758067333864, -0.7584669564033999, -0.49744500584918416]","[-0.6891009589961414, -0.20823110273342121, -0.550807396120379, -0.8022012606742123, -0.5409006199336018]","[[-0.8420199962548213, -0.5361819217374616], [-0.3611501399921011, -0.05531206547474135], [-0.7037264333790588, -0.39788835886169915], [-0.9551202979328921, -0.6492822234155324], [-0.6938196571922817, -0.387981582674922]]","[-0.2554551867228421, -0.16011017969433444, -0.42437260009863836, -0.19103860664994887]","[0.04, 0.06, 0.08, 0.1]","[0.06, 0.06, 0.06, 0.06]",1.2,0.6,0.0413470000001
nominal,15,evaluated,2.56818159637,True,"[-0.15657239056373629, -0.5939572018172339, 0.5721159441037658, 0.5888219613049468, -0.5310023369107955]","[-0.12104917029746548, -0.5213184696191916, 0.5680590172323424, 0.4854192201187575, -0.6669935468039035]","[[-0.27514006607957314, 0.03304172548464218], [-0.6754093654012993, -0.36722757383708393], [0.41396812145023476, 0.7221499130144501], [0.3313283243366498, 0.6395101159008652], [-0.8210844425860112, -0.5129026510217959]]","[-0.024244784073621843, -0.23925820633177286, 0.25557015544490985, 0.6221104291175785]","[0.04, 0.06, 0.08, 0.1]","[0.0, 0.0, 0.0, 0.0]",1.2,0.6,0.00827230000004
extrapolation,15,evaluated,2.56818159637,True,"[-0.7, -0.5499999999999999, -0.39999999999999997, -0.25, 0.95]","[-0.6644767797337292, -0.47736126780195764, -0.4040569268714233, -0.3534027411861893, 0.8140087901068919]","[[-0.8185676755158369, -0.5103858839516215], [-0.6314521635840653, -0.32327037201985], [-0.558147822653531, -0.24996603108931564], [-0.507493636968297, -0.19931184540408164], [0.6599178943247842, 0.9680996858889995]]","[-0.21065582378143305, -0.22796943251859997, -0.37789440706667254, 0.03355386170010913]","[0.04, 0.06, 0.08, 0.1]","[0.0, 0.0, 0.0, 0.0]",1.2,0.6,0.026447
proxy_shift,15,evaluated,2.56818159637,False,"[-0.15657239056373629, -0.5939572018172339, 0.5721159441037658, 0.5888219613049468, -0.5310023369107955]","[-0.05000272976492387, -0.3760410052231071, 0.5599451634894959, 0.278613737746379, -0.9389759665901198]","[[-0.20409362554703153, 0.10408816601718379], [-0.5301319010052148, -0.22195010944099947], [0.4058542677073882, 0.7140360592716035], [0.12452284196427132, 0.43270463352848665], [-1.0, -0.7848850708080122]]","[-0.024244784073621843, -0.23925820633177286, 0.25557015544490985, 0.6221104291175785]","[0.04, 0.06, 0.08, 0.1]","[0.0, 0.0, 0.0, 0.0]",1.2,0.6,0.00976689999993
understated_LH,15,evaluated,2.56818159637,True,"[-0.15657239056373629, -0.5939572018172339, 0.5721159441037658, 0.5888219613049468, -0.5310023369107955]","[-0.12104917029746548, -0.5213184696191916, 0.5680590172323424, 0.4854192201187575, -0.6669935468039035]","[[-0.27514006607957314, 0.03304172548464218], [-0.6754093654012993, -0.36722757383708393], [0.41396812145023476, 0.7221499130144501], [0.3313283243366498, 0.6395101159008652], [-0.8210844425860112, -0.5129026510217959]]","[-0.024244784073621843, -0.23925820633177286, 0.25557015544490985, 0.6221104291175785]","[0.04, 0.06, 0.08, 0.1]","[0.0, 0.0, 0.0, 0.0]",0.12,0.06,0.0148552000001
high_noise,15,evaluated,2.56818159637,True,"[-0.15657239056373629, -0.5939572018172339, 0.5721159441037658, 0.5888219613049468, -0.5310023369107955]","[-0.12104917029746548, -0.5213184696191916, 0.5680590172323424, 0.4854192201187575, -0.6669935468039035]","[[-0.27514006607957314, 0.03304172548464218], [-0.6754093654012993, -0.36722757383708393], [0.41396812145023476, 0.7221499130144501], [0.3313283243366498, 0.6395101159008652], [-0.8210844425860112, -0.5129026510217959]]","[0.10044356836351209, -0.2166970713689729, -0.11621865868843517, 0.9517181525177968]","[0.12, 0.18, 0.24, 0.30000000000000004]","[0.0, 0.0, 0.0, 0.0]",1.2,0.6,0.0100307
bounded_nuisance_bias,15,evaluated,2.56818159637,True,"[-0.15657239056373629, -0.5939572018172339, 0.5721159441037658, 0.5888219613049468, -0.5310023369107955]","[-0.12104917029746548, -0.5213184696191916, 0.5680590172323424, 0.4854192201187575, -0.6669935468039035]","[[-0.27514006607957314, 0.03304172548464218], [-0.6754093654012993, -0.36722757383708393], [0.41396812145023476, 0.7221499130144501], [0.3313283243366498, 0.6395101159008652], [-0.8210844425860112, -0.5129026510217959]]","[-0.08424478407362185, -0.17925820633177286, 0.19557015544490985, 0.6821104291175786]","[0.04, 0.06, 0.08, 0.1]","[0.06, 0.06, 0.06, 0.06]",1.2,0.6,0.00889140000004
nominal,16,evaluated,2.60073977183,True,"[0.37838392647946084, 0.21934149068617703, 0.6542892246615899, 0.08448525988039712, 0.6314215016172353]","[0.33591409922760684, 0.1769531107108824, 0.5586045821464141, 0.14697822186383808, 0.54645567577094]","[[0.17986971291763115, 0.49195848553758253], [0.020908724400906714, 0.3329974970208581], [0.4025601958364384, 0.7146489684563897], [-0.009066164446137615, 0.30302260817381377], [0.3904112894609643, 0.7025000620809156]]","[0.28209139913162495, 0.10710111857969323, 0.3906150581680079, 0.059273990143222]","[0.04, 0.06, 0.08, 0.1]","[0.0, 0.0, 0.0, 0.0]",1.2,0.6,0.0517745
extrapolation,16,evaluated,2.60073977183,True,"[-0.7, -0.5499999999999999, -0.39999999999999997, -0.25, 0.95]","[-0.742469827251854, -0.5923883799752946, -0.4956846425151758, -0.18750703801655905, 0.8650341741537046]","[[-0.8985142135618296, -0.5864254409418783], [-0.7484327662852703, -0.4363439936653189], [-0.6517290288251515, -0.3396402562052001], [-0.34355142432653474, -0.031462651706583356], [0.708989787843729, 1.0]]","[-0.2608912755014558, -0.27818698269294323, -0.32238679348142535, -0.12480849352613374]","[0.04, 0.06, 0.08, 0.1]","[0.0, 0.0, 0.0, 0.0]",1.2,0.6,0.00970989999996
proxy_shift,16,evaluated,2.60073977183,False,"[0.37838392647946084, 0.21934149068617703, 0.6542892246615899, 0.08448525988039712, 0.6314215016172353]","[0.25097444472389885, 0.09217635076029318, 0.36723529711606245, 0.27196414583071993, 0.3765240240783494]","[[0.09493005841392316, 0.40701883103387454], [-0.06386803554968251, 0.24822073707026887], [0.21119091080608676, 0.5232796834260381], [0.11591975952074424, 0.4280085321406956], [0.2204796377683737, 0.532568410388325]]","[0.28209139913162495, 0.10710111857969323, 0.3906150581680079, 0.059273990143222]","[0.04, 0.06, 0.08, 0.1]","[0.0, 0.0, 0.0, 0.0]",1.2,0.6,0.0155539999998
understated_LH,16,evaluated,2.60073977183,True,"[0.37838392647946084, 0.21934149068617703, 0.6542892246615899, 0.08448525988039712, 0.6314215016172353]","[0.33591409922760684, 0.1769531107108824, 0.5586045821464141, 0.14697822186383808, 0.54645567577094]","[[0.17986971291763115, 0.49195848553758253], [0.020908724400906714, 0.3329974970208581], [0.4025601958364384, 0.7146489684563897], [-0.009066164446137615, 0.30302260817381377], [0.3904112894609643, 0.7025000620809156]]","[0.28209139913162495, 0.10710111857969323, 0.3906150581680079, 0.059273990143222]","[0.04, 0.06, 0.08, 0.1]","[0.0, 0.0, 0.0, 0.0]",0.12,0.06,0.0114660000002
high_noise,16,evaluated,2.60073977183,True,"[0.37838392647946084, 0.21934149068617703, 0.6542892246615899, 0.08448525988039712, 0.6314215016172353]","[0.33591409922760684, 0.1769531107108824, 0.5586045821464141, 0.14697822186383808, 0.54645567577094]","[[0.17986971291763115, 0.49195848553758253], [0.020908724400906714, 0.3329974970208581], [0.4025601958364384, 0.7146489684563897], [-0.009066164446137615, 0.30302260817381377], [0.3904112894609643, 0.7025000620809156]]","[0.30630884812871345, 0.0292271531938067, 0.12984147120515716, 0.07215700309095452]","[0.12, 0.18, 0.24, 0.30000000000000004]","[0.0, 0.0, 0.0, 0.0]",1.2,0.6,0.0112790000001
bounded_nuisance_bias,16,evaluated,2.60073977183,True,"[0.37838392647946084, 0.21934149068617703, 0.6542892246615899, 0.08448525988039712, 0.6314215016172353]","[0.33591409922760684, 0.1769531107108824, 0.5586045821464141, 0.14697822186383808, 0.54645567577094]","[[0.17986971291763115, 0.49195848553758253], [0.020908724400906714, 0.3329974970208581], [0.4025601958364384, 0.7146489684563897], [-0.009066164446137615, 0.30302260817381377], [0.3904112894609643, 0.7025000620809156]]","[0.22209139913162496, 0.16710111857969323, 0.3306150581680079, 0.119273990143222]","[0.04, 0.06, 0.08, 0.1]","[0.06, 0.06, 0.06, 0.06]",1.2,0.6,0.0492025999999
nominal,17,evaluated,2.69440383773,True,"[-0.4634990512317657, 0.4144488697117219, -0.21147326746197936, -0.6905912681831516, -0.3730207222308263]","[-0.3646067088588489, 0.2783787463105648, -0.27865926725749857, -0.7742561729839542, -0.4164489182723763]","[[-0.5262709391226547, -0.20294247859504314], [0.11671451604675906, 0.4400429765743705], [-0.4403234975213043, -0.11699503699369282], [-0.9359204032477599, -0.6125919427201485], [-0.578113148536182, -0.25478468800857057]]","[-0.2400518832086043, 0.30713092104608897, -0.0974734414383114, -0.23865885246974816]","[0.04, 0.06, 0.08, 0.1]","[0.0, 0.0, 0.0, 0.0]",1.2,0.6,0.0458105
extrapolation,17,evaluated,2.69440383773,True,"[-0.7, -0.5499999999999999, -0.39999999999999997, -0.25, 0.95]","[-0.6011076576270831, -0.686070123401157, -0.46718599979551917, -0.3336649048008026, 0.9065718039584499]","[[-0.7627718878908888, -0.43944342736327735], [-0.8477343536649627, -0.5244058931373513], [-0.6288502300593249, -0.3055217695317134], [-0.4953291350646083, -0.17200067453699683], [0.7449075736946442, 1.0]]","[-0.299401863617369, -0.2323187604625413, -0.1760057638164375, -0.09862898146710128]","[0.04, 0.06, 0.08, 0.1]","[0.0, 0.0, 0.0, 0.0]",1.2,0.6,0.0105976
proxy_shift,17,evaluated,2.69440383773,False,"[-0.4634990512317657, 0.4144488697117219, -0.21147326746197936, -0.6905912681831516, -0.3730207222308263]","[-0.16682202411301522, 0.006238499508250728, -0.41303126684853697, -0.9415859825855593, -0.5033053103554763]","[[-0.328486254376821, -0.005157793849209474], [-0.15542573075555502, 0.16790272977205647], [-0.5746954971123427, -0.25136703658473125], [-1.0, -0.7799217523217535], [-0.664969540619282, -0.3416410800916706]]","[-0.2400518832086043, 0.30713092104608897, -0.0974734414383114, -0.23865885246974816]","[0.04, 0.06, 0.08, 0.1]","[0.0, 0.0, 0.0, 0.0]",1.2,0.6,0.0465360999999
understated_LH,17,evaluated,2.69440383773,True,"[-0.4634990512317657, 0.4144488697117219, -0.21147326746197936, -0.6905912681831516, -0.3730207222308263]","[-0.3646067088588489, 0.2783787463105648, -0.27865926725749857, -0.7742561729839542, -0.4164489182723763]","[[-0.5262709391226547, -0.20294247859504314], [0.11671451604675906, 0.4400429765743705], [-0.4403234975213043, -0.11699503699369282], [-0.9359204032477599, -0.6125919427201485], [-0.578113148536182, -0.25478468800857057]]","[-0.2400518832086043, 0.30713092104608897, -0.0974734414383114, -0.23865885246974816]","[0.04, 0.06, 0.08, 0.1]","[0.0, 0.0, 0.0, 0.0]",0.12,0.06,0.00743499999999
high_noise,17,evaluated,2.69440383773,True,"[-0.4634990512317657, 0.4144488697117219, -0.21147326746197936, -0.6905912681831516, -0.3730207222308263]","[-0.3646067088588489, 0.2783787463105648, -0.27865926725749857, -0.7742561729839542, -0.4164489182723763]","[[-0.5262709391226547, -0.20294247859504314], [0.11671451604675906, 0.4400429765743705], [-0.4403234975213043, -0.11699503699369282], [-0.9359204032477599, -0.6125919427201485], [-0.578113148536182, -0.25478468800857057]]","[-0.2928556104433423, 0.3209934001210063, -0.06548496907118646, -0.1734168154039507]","[0.12, 0.18, 0.24, 0.30000000000000004]","[0.0, 0.0, 0.0, 0.0]",1.2,0.6,0.00730320000002
bounded_nuisance_bias,17,evaluated,2.69440383773,True,"[-0.4634990512317657, 0.4144488697117219, -0.21147326746197936, -0.6905912681831516, -0.3730207222308263]","[-0.3646067088588489, 0.2783787463105648, -0.27865926725749857, -0.7742561729839542, -0.4164489182723763]","[[-0.5262709391226547, -0.20294247859504314], [0.11671451604675906, 0.4400429765743705], [-0.4403234975213043, -0.11699503699369282], [-0.9359204032477599, -0.6125919427201485], [-0.578113148536182, -0.25478468800857057]]","[-0.3000518832086043, 0.36713092104608896, -0.15747344143831138, -0.17865885246974816]","[0.04, 0.06, 0.08, 0.1]","[0.06, 0.06, 0.06, 0.06]",1.2,0.6,0.0439686
nominal,18,evaluated,2.75435023034,True,"[0.43852755184409165, 0.05422873039817533, 0.4923084774168833, -0.2756687680337654, 0.4429827672427966]","[0.3743986703437955, 0.08141003889218923, 0.5741911804814834, -0.28170554239862833, 0.43635843244216954]","[[0.20913765652312993, 0.539659684164461], [-0.08385097492847632, 0.24667105271285478], [0.4089301666608179, 0.739452194302149], [-0.4469665562192939, -0.11644452857796278], [0.271097418621504, 0.601619446262835]]","[0.2905717323762708, 0.03846592308861092, 0.35011587231094465, -0.00999473711127949]","[0.04, 0.06, 0.08, 0.1]","[0.0, 0.0, 0.0, 0.0]",1.2,0.6,0.0581325000001
extrapolation,18,evaluated,2.75435023034,True,"[-0.7, -0.5499999999999999, -0.39999999999999997, -0.25, 0.95]","[-0.7641288815002961, -0.522818691505986, -0.31811729693539986, -0.25603677436486294, 0.9433756651993729]","[[-0.9293898953209616, -0.5988678676796306], [-0.6880797053266516, -0.3575576776853205], [-0.4833783107560654, -0.15285628311473431], [-0.4212977881855285, -0.09077576054419739], [0.7781146513787074, 1.0]]","[-0.30323672284809594, -0.23420354171047364, -0.20997950522014433, 0.00135854280820355]","[0.04, 0.06, 0.08, 0.1]","[0.0, 0.0, 0.0, 0.0]",1.2,0.6,0.0152697000001
proxy_shift,18,evaluated,2.75435023034,False,"[0.43852755184409165, 0.05422873039817533, 0.4923084774168833, -0.2756687680337654, 0.4429827672427966]","[0.2461409073432031, 0.13577265588021706, 0.7379565866106836, -0.29377909112835426, 0.42310976284091534]","[[0.08087989352253755, 0.41140192116386864], [-0.02948835794044849, 0.30103366970088263], [0.572695572790018, 0.9032176004313492], [-0.4590401049490198, -0.12851807730768872], [0.2578487490202498, 0.5883707766615809]]","[0.2905717323762708, 0.03846592308861092, 0.35011587231094465, -0.00999473711127949]","[0.04, 0.06, 0.08, 0.1]","[0.0, 0.0, 0.0, 0.0]",1.2,0.6,0.0460845
understated_LH,18,evaluated,2.75435023034,True,"[0.43852755184409165, 0.05422873039817533, 0.4923084774168833, -0.2756687680337654, 0.4429827672427966]","[0.3743986703437955, 0.08141003889218923, 0.5741911804814834, -0.28170554239862833, 0.43635843244216954]","[[0.20913765652312993, 0.539659684164461], [-0.08385097492847632, 0.24667105271285478], [0.4089301666608179, 0.739452194302149], [-0.4469665562192939, -0.11644452857796278], [0.271097418621504, 0.601619446262835]]","[0.2905717323762708, 0.03846592308861092, 0.35011587231094465, -0.00999473711127949]","[0.04, 0.06, 0.08, 0.1]","[0.0, 0.0, 0.0, 0.0]",0.12,0.06,0.00731369999994
high_noise,18,evaluated,2.75435023034,True,"[0.43852755184409165, 0.05422873039817533, 0.4923084774168833, -0.2756687680337654, 0.4429827672427966]","[0.3743986703437955, 0.08141003889218923, 0.5741911804814834, -0.28170554239862833, 0.43635843244216954]","[[0.20913765652312993, 0.539659684164461], [-0.08385097492847632, 0.24667105271285478], [0.4089301666608179, 0.739452194302149], [-0.4469665562192939, -0.11644452857796278], [0.271097418621504, 0.601619446262835]]","[0.23009828668007903, 0.048558839667663584, 0.314156861870656, 0.2552223485051277]","[0.12, 0.18, 0.24, 0.30000000000000004]","[0.0, 0.0, 0.0, 0.0]",1.2,0.6,0.00863430000004
bounded_nuisance_bias,18,evaluated,2.75435023034,True,"[0.43852755184409165, 0.05422873039817533, 0.4923084774168833, -0.2756687680337654, 0.4429827672427966]","[0.3743986703437955, 0.08141003889218923, 0.5741911804814834, -0.28170554239862833, 0.43635843244216954]","[[0.20913765652312993, 0.539659684164461], [-0.08385097492847632, 0.24667105271285478], [0.4089301666608179, 0.739452194302149], [-0.4469665562192939, -0.11644452857796278], [0.271097418621504, 0.601619446262835]]","[0.23057173237627082, 0.09846592308861092, 0.29011587231094466, 0.05000526288872051]","[0.04, 0.06, 0.08, 0.1]","[0.06, 0.06, 0.06, 0.06]",1.2,0.6,0.0545256999999
nominal,19,evaluated,2.47736683681,True,"[-0.26633859978431806, 0.5137922921945681, -0.5599711342830249, -0.1726159414990729, -0.2977606056246488]","[-0.2693021479597897, 0.5725020478767243, -0.6585157830752663, -0.17417423691227518, -0.32356780315293365]","[[-0.4179441581680955, -0.12066013775148388], [0.4238600376684185, 0.7211440580850301], [-0.8071577932835721, -0.5098737728669605], [-0.322816247120581, -0.025532226703969374], [-0.47220981336123946, -0.17492579294462784]]","[-0.06412690831968364, 0.37087023014658693, -0.2694985372069685, -0.08400616536327093]","[0.04, 0.06, 0.08, 0.1]","[0.0, 0.0, 0.0, 0.0]",1.2,0.6,0.0361549000002
extrapolation,19,evaluated,2.47736683681,True,"[-0.7, -0.5499999999999999, -0.39999999999999997, -0.25, 0.95]","[-0.7029635481754716, -0.49129024431784374, -0.49854464879224136, -0.2515582954132023, 0.9241928024717151]","[[-0.8516055583837774, -0.5543215379671658], [-0.6399322545261495, -0.34264823410953793], [-0.6471866590005472, -0.34990263858393555], [-0.4002003056215081, -0.10291628520489648], [0.7755507922634093, 1.0]]","[-0.1986046233696142, -0.2558499010257184, -0.21958615800621872, -0.12062547944171062]","[0.04, 0.06, 0.08, 0.1]","[0.0, 0.0, 0.0, 0.0]",1.2,0.6,0.0111316
proxy_shift,19,evaluated,2.47736683681,False,"[-0.26633859978431806, 0.5137922921945681, -0.5599711342830249, -0.1726159414990729, -0.2977606056246488]","[-0.275229244310733, 0.6899215592410367, -0.855605080659749, -0.17729082773867974, -0.3751821982095035]","[[-0.4238712545190388, -0.12658723410242717], [0.5412795490327309, 0.8385635694493425], [-1.0, -0.7069630704514432], [-0.3259328379469856, -0.028648817530373932], [-0.5238242084178093, -0.22654018800119768]]","[-0.06412690831968364, 0.37087023014658693, -0.2694985372069685, -0.08400616536327093]","[0.04, 0.06, 0.08, 0.1]","[0.0, 0.0, 0.0, 0.0]",1.2,0.6,0.0447479000002
understated_LH,19,evaluated,2.47736683681,True,"[-0.26633859978431806, 0.5137922921945681, -0.5599711342830249, -0.1726159414990729, -0.2977606056246488]","[-0.2693021479597897, 0.5725020478767243, -0.6585157830752663, -0.17417423691227518, -0.32356780315293365]","[[-0.4179441581680955, -0.12066013775148388], [0.4238600376684185, 0.7211440580850301], [-0.8071577932835721, -0.5098737728669605], [-0.322816247120581, -0.025532226703969374], [-0.47220981336123946, -0.17492579294462784]]","[-0.06412690831968364, 0.37087023014658693, -0.2694985372069685, -0.08400616536327093]","[0.04, 0.06, 0.08, 0.1]","[0.0, 0.0, 0.0, 0.0]",0.12,0.06,0.00950990000001
high_noise,19,evaluated,2.47736683681,True,"[-0.26633859978431806, 0.5137922921945681, -0.5599711342830249, -0.1726159414990729, -0.2977606056246488]","[-0.2693021479597897, 0.5725020478767243, -0.6585157830752663, -0.17417423691227518, -0.32356780315293365]","[[-0.4179441581680955, -0.12066013775148388], [0.4238600376684185, 0.7211440580850301], [-0.8071577932835721, -0.5098737728669605], [-0.322816247120581, -0.025532226703969374], [-0.47220981336123946, -0.17492579294462784]]","[0.084663844941088, 0.33767042809515, -0.324670853219406, -0.06275712424669215]","[0.12, 0.18, 0.24, 0.30000000000000004]","[0.0, 0.0, 0.0, 0.0]",1.2,0.6,0.0705813000002
bounded_nuisance_bias,19,evaluated,2.47736683681,True,"[-0.26633859978431806, 0.5137922921945681, -0.5599711342830249, -0.1726159414990729, -0.2977606056246488]","[-0.2693021479597897, 0.5725020478767243, -0.6585157830752663, -0.17417423691227518, -0.32356780315293365]","[[-0.4179441581680955, -0.12066013775148388], [0.4238600376684185, 0.7211440580850301], [-0.8071577932835721, -0.5098737728669605], [-0.322816247120581, -0.025532226703969374], [-0.47220981336123946, -0.17492579294462784]]","[-0.12412690831968363, 0.43087023014658693, -0.3294985372069685, -0.024006165363270937]","[0.04, 0.06, 0.08, 0.1]","[0.06, 0.06, 0.06, 0.06]",1.2,0.6,0.0411067999999
nominal,20,evaluated,2.55884686348,True,"[-0.7390096835715593, -0.2572789377947381, -0.5227054478428338, 0.3796710772960077, 0.35318951411793753]","[-0.6900695263627478, -0.19964496382557598, -0.5497741317265914, 0.44379330715988985, 0.36406903357997505]","[[-0.8436003381716701, -0.5365387145538254], [-0.3531757756344983, -0.046114152016653615], [-0.7033049435355138, -0.39624331991766903], [0.2902624953509675, 0.5973241189688122], [0.2105382217710527, 0.5175998453888975]]","[-0.3611701586029422, -0.12089282279144242, -0.13124122371135666, 0.32131335551954987]","[0.04, 0.06, 0.08, 0.1]","[0.0, 0.0, 0.0, 0.0]",1.2,0.6,0.0399123
extrapolation,20,evaluated,2.55884686348,True,"[-0.7, -0.5499999999999999, -0.39999999999999997, -0.25, 0.95]","[-0.6510598427911884, -0.4923660260308378, -0.4270686838837576, -0.18587777013611784, 0.9608795194620375]","[[-0.8045906546001108, -0.4975290309822661], [-0.6458968378397602, -0.3388352142219154], [-0.58059949569268, -0.27353787207483526], [-0.3394085819450402, -0.032346958327195474], [0.8073487076531152, 1.0]]","[-0.35460494218376754, -0.22563319566443615, -0.0915842505670296, -0.08098432893858806]","[0.04, 0.06, 0.08, 0.1]","[0.0, 0.0, 0.0, 0.0]",1.2,0.6,0.00962520000007
proxy_shift,20,evaluated,2.55884686348,False,"[-0.7390096835715593, -0.2572789377947381, -0.5227054478428338, 0.3796710772960077, 0.35318951411793753]","[-0.5921892119451247, -0.08437701588725174, -0.6039114994941067, 0.5720377668876542, 0.38582807250405016]","[[-0.7457200237540471, -0.4386584001362024], [-0.2379078276961741, 0.06915379592167062], [-0.7574423113030291, -0.45038068768518436], [0.4185069550787318, 0.7255685786965765], [0.2322972606951278, 0.5393588843129725]]","[-0.3611701586029422, -0.12089282279144242, -0.13124122371135666, 0.32131335551954987]","[0.04, 0.06, 0.08, 0.1]","[0.0, 0.0, 0.0, 0.0]",1.2,0.6,0.0413638
understated_LH,20,evaluated,2.55884686348,True,"[-0.7390096835715593, -0.2572789377947381, -0.5227054478428338, 0.3796710772960077, 0.35318951411793753]","[-0.6900695263627478, -0.19964496382557598, -0.5497741317265914, 0.44379330715988985, 0.36406903357997505]","[[-0.8436003381716701, -0.5365387145538254], [-0.3531757756344983, -0.046114152016653615], [-0.7033049435355138, -0.39624331991766903], [0.2902624953509675, 0.5973241189688122], [0.2105382217710527, 0.5175998453888975]]","[-0.3611701586029422, -0.12089282279144242, -0.13124122371135666, 0.32131335551954987]","[0.04, 0.06, 0.08, 0.1]","[0.0, 0.0, 0.0, 0.0]",0.12,0.06,0.0195127000002
high_noise,20,evaluated,2.55884686348,True,"[-0.7390096835715593, -0.2572789377947381, -0.5227054478428338, 0.3796710772960077, 0.35318951411793753]","[-0.6900695263627478, -0.19964496382557598, -0.5497741317265914, 0.44379330715988985, 0.36406903357997505]","[[-0.8436003381716701, -0.5365387145538254], [-0.3531757756344983, -0.046114152016653615], [-0.7033049435355138, -0.39624331991766903], [0.2902624953509675, 0.5973241189688122], [0.2105382217710527, 0.5175998453888975]]","[-0.5243800429704772, -0.0936592141203148, 0.0695902751545841, 0.42184469764237376]","[0.12, 0.18, 0.24, 0.30000000000000004]","[0.0, 0.0, 0.0, 0.0]",1.2,0.6,0.0499598000001
bounded_nuisance_bias,20,evaluated,2.55884686348,True,"[-0.7390096835715593, -0.2572789377947381, -0.5227054478428338, 0.3796710772960077, 0.35318951411793753]","[-0.6900695263627478, -0.19964496382557598, -0.5497741317265914, 0.44379330715988985, 0.36406903357997505]","[[-0.8436003381716701, -0.5365387145538254], [-0.3531757756344983, -0.046114152016653615], [-0.7033049435355138, -0.39624331991766903], [0.2902624953509675, 0.5973241189688122], [0.2105382217710527, 0.5175998453888975]]","[-0.4211701586029422, -0.060892822791442425, -0.19124122371135666, 0.38131335551954987]","[0.04, 0.06, 0.08, 0.1]","[0.06, 0.06, 0.06, 0.06]",1.2,0.6,0.0456202
nominal,21,evaluated,2.69767017992,True,"[-0.5606851136739236, 0.13824830429195123, -0.05540446711875102, -0.14199428651000545, 0.7808779728292095]","[-0.6238583273018439, 0.14515152055640923, 0.026918641436450036, -0.09870520170082112, 0.7672236762796952]","[[-0.7857185380971943, -0.4619981165064935], [-0.01670869023894117, 0.30701173135175963], [-0.13494156935890037, 0.18877885223180044], [-0.2605654124961715, 0.06315500909452929], [0.6053634654843448, 0.9290838870750456]]","[-0.261099079999297, 0.11728000276139228, -0.17201559176189382, -0.021963336724842568]","[0.04, 0.06, 0.08, 0.1]","[0.0, 0.0, 0.0, 0.0]",1.2,0.6,0.0116804999998
extrapolation,21,evaluated,2.69767017992,True,"[-0.7, -0.5499999999999999, -0.39999999999999997, -0.25, 0.95]","[-0.7631732136279202, -0.5430967837355419, -0.31767689144479894, -0.20671091519081566, 0.9363457034504857]","[[-0.9250334244232706, -0.6013130028325698], [-0.7049569945308923, -0.38123657294019153], [-0.47953710224014934, -0.15581668064944854], [-0.36857112598616604, -0.04485070439546526], [0.7744854926551353, 1.0]]","[-0.29199835080360503, -0.2106527579056584, -0.331693807983657, -0.07406547803928495]","[0.04, 0.06, 0.08, 0.1]","[0.0, 0.0, 0.0, 0.0]",1.2,0.6,0.0156228999999
proxy_shift,21,evaluated,2.69767017992,False,"[-0.5606851136739236, 0.13824830429195123, -0.05540446711875102, -0.14199428651000545, 0.7808779728292095]","[-0.7502047545576843, 0.15895795308532523, 0.19156485854685215, -0.012127032082452416, 0.7399150831806669]","[[-0.9120649653530347, -0.5883445437623339], [-0.002902257710025169, 0.32081816388067563], [0.02970464775150175, 0.3534250693422025], [-0.17398724287780282, 0.14973317871289799], [0.5780548723853165, 0.9017752939760173]]","[-0.261099079999297, 0.11728000276139228, -0.17201559176189382, -0.021963336724842568]","[0.04, 0.06, 0.08, 0.1]","[0.0, 0.0, 0.0, 0.0]",1.2,0.6,0.0275664999999
understated_LH,21,evaluated,2.69767017992,True,"[-0.5606851136739236, 0.13824830429195123, -0.05540446711875102, -0.14199428651000545, 0.7808779728292095]","[-0.6238583273018439, 0.14515152055640923, 0.026918641436450036, -0.09870520170082112, 0.7672236762796952]","[[-0.7857185380971943, -0.4619981165064935], [-0.01670869023894117, 0.30701173135175963], [-0.13494156935890037, 0.18877885223180044], [-0.2605654124961715, 0.06315500909452929], [0.6053634654843448, 0.9290838870750456]]","[-0.261099079999297, 0.11728000276139228, -0.17201559176189382, -0.021963336724842568]","[0.04, 0.06, 0.08, 0.1]","[0.0, 0.0, 0.0, 0.0]",0.12,0.06,0.0439481999999
high_noise,21,evaluated,2.69767017992,True,"[-0.5606851136739236, 0.13824830429195123, -0.05540446711875102, -0.14199428651000545, 0.7808779728292095]","[-0.6238583273018439, 0.14515152055640923, 0.026918641436450036, -0.09870520170082112, 0.7672236762796952]","[[-0.7857185380971943, -0.4619981165064935], [-0.01670869023894117, 0.30701173135175963], [-0.13494156935890037, 0.18877885223180044], [-0.2605654124961715, 0.06315500909452929], [0.6053634654843448, 0.9290838870750456]]","[-0.29909578160650707, 0.1744744869500754, -0.45140320772920794, 0.09240570719658754]","[0.12, 0.18, 0.24, 0.30000000000000004]","[0.0, 0.0, 0.0, 0.0]",1.2,0.6,0.0165103000002
bounded_nuisance_bias,21,evaluated,2.69767017992,True,"[-0.5606851136739236, 0.13824830429195123, -0.05540446711875102, -0.14199428651000545, 0.7808779728292095]","[-0.6238583273018439, 0.14515152055640923, 0.026918641436450036, -0.09870520170082112, 0.7672236762796952]","[[-0.7857185380971943, -0.4619981165064935], [-0.01670869023894117, 0.30701173135175963], [-0.13494156935890037, 0.18877885223180044], [-0.2605654124961715, 0.06315500909452929], [0.6053634654843448, 0.9290838870750456]]","[-0.321099079999297, 0.17728000276139227, -0.23201559176189382, 0.03803666327515743]","[0.04, 0.06, 0.08, 0.1]","[0.06, 0.06, 0.06, 0.06]",1.2,0.6,0.0177879
nominal,22,evaluated,2.65730704706,True,"[0.03197769667193762, -0.5505480870074217, -0.7739406775175115, -0.7983981867421138, 0.19807242192361874]","[0.028203623763027513, -0.5661677805426711, -0.8160558047442321, -0.8204661793719408, 0.24514876959869125]","[[-0.13123479906075866, 0.1876420465868137], [-0.7256062033664573, -0.40672935771888497], [-0.9754942275680183, -0.6566173819204459], [-0.979904602195727, -0.6610277565481546], [0.08571034677490508, 0.4045871924224774]]","[0.049317772675389684, -0.3363912348085968, -0.3708453512571752, -0.15736462653614217]","[0.04, 0.06, 0.08, 0.1]","[0.0, 0.0, 0.0, 0.0]",1.2,0.6,0.00748650000014
extrapolation,22,evaluated,2.65730704706,True,"[-0.7, -0.5499999999999999, -0.39999999999999997, -0.25, 0.95]","[-0.70377407290891, -0.5656196935352493, -0.4421151272267206, -0.2720679926298269, 0.9970763476750725]","[[-0.8632124957326962, -0.5443356500851239], [-0.7250581163590355, -0.40618127071146315], [-0.6015535500505067, -0.2826767044029344], [-0.43150641545361307, -0.11262956980604072], [0.8376379248512863, 1.0]]","[-0.24317561725310566, -0.3362433414364032, -0.2781761964415478, -0.0008076138688025147]","[0.04, 0.06, 0.08, 0.1]","[0.0, 0.0, 0.0, 0.0]",1.2,0.6,0.0126870000001
proxy_shift,22,evaluated,2.65730704706,True,"[0.03197769667193762, -0.5505480870074217, -0.7739406775175115, -0.7983981867421138, 0.19807242192361874]","[0.0206554779452073, -0.59740716761317, -0.9002860591976733, -0.8646021646315944, 0.33930146494883634]","[[-0.13878294487857887, 0.18009390076899348], [-0.7568455904369562, -0.43796874478938386], [-1.0, -0.7408476363738872], [-1.0, -0.7051637418078083], [0.17986304212505017, 0.4987398877726225]]","[0.049317772675389684, -0.3363912348085968, -0.3708453512571752, -0.15736462653614217]","[0.04, 0.06, 0.08, 0.1]","[0.0, 0.0, 0.0, 0.0]",1.2,0.6,0.00643300000002
understated_LH,22,evaluated,2.65730704706,True,"[0.03197769667193762, -0.5505480870074217, -0.7739406775175115, -0.7983981867421138, 0.19807242192361874]","[0.028203623763027513, -0.5661677805426711, -0.8160558047442321, -0.8204661793719408, 0.24514876959869125]","[[-0.13123479906075866, 0.1876420465868137], [-0.7256062033664573, -0.40672935771888497], [-0.9754942275680183, -0.6566173819204459], [-0.979904602195727, -0.6610277565481546], [0.08571034677490508, 0.4045871924224774]]","[0.049317772675389684, -0.3363912348085968, -0.3708453512571752, -0.15736462653614217]","[0.04, 0.06, 0.08, 0.1]","[0.0, 0.0, 0.0, 0.0]",0.12,0.06,0.0080496999999
high_noise,22,evaluated,2.65730704706,True,"[0.03197769667193762, -0.5505480870074217, -0.7739406775175115, -0.7983981867421138, 0.19807242192361874]","[0.028203623763027513, -0.5661677805426711, -0.8160558047442321, -0.8204661793719408, 0.24514876959869125]","[[-0.13123479906075866, 0.1876420465868137], [-0.7256062033664573, -0.40672935771888497], [-0.9754942275680183, -0.6566173819204459], [-0.979904602195727, -0.6610277565481546], [0.08571034677490508, 0.4045871924224774]]","[0.10896653816917844, -0.5303779176814034, -0.5431977441402708, 0.1035201457262529]","[0.12, 0.18, 0.24, 0.30000000000000004]","[0.0, 0.0, 0.0, 0.0]",1.2,0.6,0.00643439999999
bounded_nuisance_bias,22,evaluated,2.65730704706,True,"[0.03197769667193762, -0.5505480870074217, -0.7739406775175115, -0.7983981867421138, 0.19807242192361874]","[0.028203623763027513, -0.5661677805426711, -0.8160558047442321, -0.8204661793719408, 0.24514876959869125]","[[-0.13123479906075866, 0.1876420465868137], [-0.7256062033664573, -0.40672935771888497], [-0.9754942275680183, -0.6566173819204459], [-0.979904602195727, -0.6610277565481546], [0.08571034677490508, 0.4045871924224774]]","[-0.010682227324610313, -0.2763912348085968, -0.4308453512571752, -0.09736462653614217]","[0.04, 0.06, 0.08, 0.1]","[0.06, 0.06, 0.06, 0.06]",1.2,0.6,0.00619189999998
nominal,23,evaluated,2.48457756431,False,"[-0.0521480036520362, 0.5188615401254619, 0.08336442290171708, 0.1026861620656423, 0.4714303631639216]","[0.11774663003788183, 0.4698627979055754, 0.17628129391382752, 0.11405757046550367, 0.51800590457233]","[[-0.03132802382081418, 0.26682128389657783], [0.3207881440468794, 0.6189374517642714], [0.027206640055131515, 0.3253559477725235], [-0.03501708339319233, 0.2631322243241997], [0.368931250713634, 0.667080558431026]]","[0.02820347496574518, 0.3330614727505361, -0.031709747047364734, 0.10292443660949338]","[0.04, 0.06, 0.08, 0.1]","[0.0, 0.0, 0.0, 0.0]",1.2,0.6,0.00979639999991
extrapolation,23,evaluated,2.48457756431,False,"[-0.7, -0.5499999999999999, -0.39999999999999997, -0.25, 0.95]","[-0.5301053663100819, -0.5989987422198865, -0.30708312898788953, -0.2386285916001386, 0.9965755414084083]","[[-0.6791800201687779, -0.38103071245138587], [-0.7480733960785825, -0.44992408836119047], [-0.45615778284658554, -0.15800847512919353], [-0.3877032454588346, -0.0895539377414426], [0.8475008875497123, 1.0]]","[-0.21432354712850096, -0.29827064067115094, -0.27581328889011586, -0.09310059499382342]","[0.04, 0.06, 0.08, 0.1]","[0.0, 0.0, 0.0, 0.0]",1.2,0.6,0.0184803
proxy_shift,23,evaluated,2.48457756431,False,"[-0.0521480036520362, 0.5188615401254619, 0.08336442290171708, 0.1026861620656423, 0.4714303631639216]","[0.45753589741771783, 0.3718653134658023, 0.36211503593804834, 0.13680038726522645, 0.6111569873891465]","[[0.3084612435590218, 0.6066105512764138], [0.2227906596071063, 0.5209399673244983], [0.21304038207935233, 0.5111896897967443], [-0.012274266593469557, 0.2858750411239225], [0.4620823335304505, 0.7602316412478425]]","[0.02820347496574518, 0.3330614727505361, -0.031709747047364734, 0.10292443660949338]","[0.04, 0.06, 0.08, 0.1]","[0.0, 0.0, 0.0, 0.0]",1.2,0.6,0.00806089999992
understated_LH,23,evaluated,2.48457756431,False,"[-0.0521480036520362, 0.5188615401254619, 0.08336442290171708, 0.1026861620656423, 0.4714303631639216]","[0.11774663003788183, 0.4698627979055754, 0.17628129391382752, 0.11405757046550367, 0.51800590457233]","[[-0.03132802382081418, 0.26682128389657783], [0.3207881440468794, 0.6189374517642714], [0.027206640055131515, 0.3253559477725235], [-0.03501708339319233, 0.2631322243241997], [0.368931250713634, 0.667080558431026]]","[0.02820347496574518, 0.3330614727505361, -0.031709747047364734, 0.10292443660949338]","[0.04, 0.06, 0.08, 0.1]","[0.0, 0.0, 0.0, 0.0]",0.12,0.06,0.0169811999999
high_noise,23,evaluated,2.48457756431,False,"[-0.0521480036520362, 0.5188615401254619, 0.08336442290171708, 0.1026861620656423, 0.4714303631639216]","[0.11774663003788183, 0.4698627979055754, 0.17628129391382752, 0.11405757046550367, 0.51800590457233]","[[-0.03132802382081418, 0.26682128389657783], [0.3207881440468794, 0.6189374517642714], [0.027206640055131515, 0.3253559477725235], [-0.03501708339319233, 0.2631322243241997], [0.368931250713634, 0.667080558431026]]","[0.1455563807087433, 0.21502019140823408, -0.19933632482759647, 0.17922324662184658]","[0.12, 0.18, 0.24, 0.30000000000000004]","[0.0, 0.0, 0.0, 0.0]",1.2,0.6,0.0102038
bounded_nuisance_bias,23,evaluated,2.48457756431,False,"[-0.0521480036520362, 0.5188615401254619, 0.08336442290171708, 0.1026861620656423, 0.4714303631639216]","[0.11774663003788183, 0.4698627979055754, 0.17628129391382752, 0.11405757046550367, 0.51800590457233]","[[-0.03132802382081418, 0.26682128389657783], [0.3207881440468794, 0.6189374517642714], [0.027206640055131515, 0.3253559477725235], [-0.03501708339319233, 0.2631322243241997], [0.368931250713634, 0.667080558431026]]","[-0.03179652503425481, 0.3930614727505361, -0.09170974704736473, 0.16292443660949338]","[0.04, 0.06, 0.08, 0.1]","[0.06, 0.06, 0.06, 0.06]",1.2,0.6,0.00856129999988
nominal,24,evaluated,2.89879727402,True,"[0.6707343141269415, -0.5717393000345755, 0.7695747609757302, -0.10988140689287162, 0.6685272169010705]","[0.718809320258625, -0.6236094475726607, 0.7808735068208569, -0.09301313171479178, 0.7027770989917281]","[[0.5448814838172994, 0.8927371566999506], [-0.7975372840139863, -0.4496816111313351], [0.6069456703795313, 0.9548013432621825], [-0.26694096815611734, 0.08091470472653381], [0.5288492625504025, 0.8767049354330537]]","[0.5312430319459022, -0.24454468945034127, 0.7554334523541558, -0.049380075770464216]","[0.04, 0.06, 0.08, 0.1]","[0.0, 0.0, 0.0, 0.0]",1.2,0.6,0.0461551999999
extrapolation,24,evaluated,2.89879727402,True,"[-0.7, -0.5499999999999999, -0.39999999999999997, -0.25, 0.95]","[-0.6519249938683165, -0.6018701475380851, -0.38870125415487333, -0.23313172482192016, 0.9842498820906576]","[[-0.8258528303096421, -0.4779971574269909], [-0.7757979839794107, -0.4279423110967595], [-0.5626290905961989, -0.21477341771354774], [-0.4070595612632457, -0.059203888380594566], [0.810322045649332, 1.0]]","[-0.27916291257446435, -0.23881685759080382, -0.07598499805053788, -0.11832340870896829]","[0.04, 0.06, 0.08, 0.1]","[0.0, 0.0, 0.0, 0.0]",1.2,0.6,0.0112398000001
proxy_shift,24,evaluated,2.89879727402,True,"[0.6707343141269415, -0.5717393000345755, 0.7695747609757302, -0.10988140689287162, 0.6685272169010705]","[0.814959332521992, -0.7273497426488309, 0.8034709985111101, -0.059276581358632105, 0.7712768631730433]","[[0.6410314960806665, 0.9888871689633176], [-0.9012775790901565, -0.5534219062075053], [0.6295431620697846, 0.9773988349524357], [-0.2332044177999577, 0.11465125508269348], [0.5973490267317177, 0.9452046996143689]]","[0.5312430319459022, -0.24454468945034127, 0.7554334523541558, -0.049380075770464216]","[0.04, 0.06, 0.08, 0.1]","[0.0, 0.0, 0.0, 0.0]",1.2,0.6,0.0533963999999
understated_LH,24,evaluated,2.89879727402,True,"[0.6707343141269415, -0.5717393000345755, 0.7695747609757302, -0.10988140689287162, 0.6685272169010705]","[0.718809320258625, -0.6236094475726607, 0.7808735068208569, -0.09301313171479178, 0.7027770989917281]","[[0.5448814838172994, 0.8927371566999506], [-0.7975372840139863, -0.4496816111313351], [0.6069456703795313, 0.9548013432621825], [-0.26694096815611734, 0.08091470472653381], [0.5288492625504025, 0.8767049354330537]]","[0.5312430319459022, -0.24454468945034127, 0.7554334523541558, -0.049380075770464216]","[0.04, 0.06, 0.08, 0.1]","[0.0, 0.0, 0.0, 0.0]",0.12,0.06,0.0512627000001
high_noise,24,evaluated,2.89879727402,True,"[0.6707343141269415, -0.5717393000345755, 0.7695747609757302, -0.10988140689287162, 0.6685272169010705]","[0.718809320258625, -0.6236094475726607, 0.7808735068208569, -0.09301313171479178, 0.7027770989917281]","[[0.5448814838172994, 0.8927371566999506], [-0.7975372840139863, -0.4496816111313351], [0.6069456703795313, 0.9548013432621825], [-0.26694096815611734, 0.08091470472653381], [0.5288492625504025, 0.8767049354330537]]","[0.5189172067969734, -0.243678404631949, 0.98746345625308, -0.023526893188400774]","[0.12, 0.18, 0.24, 0.30000000000000004]","[0.0, 0.0, 0.0, 0.0]",1.2,0.6,0.0412879
bounded_nuisance_bias,24,evaluated,2.89879727402,True,"[0.6707343141269415, -0.5717393000345755, 0.7695747609757302, -0.10988140689287162, 0.6685272169010705]","[0.718809320258625, -0.6236094475726607, 0.7808735068208569, -0.09301313171479178, 0.7027770989917281]","[[0.5448814838172994, 0.8927371566999506], [-0.7975372840139863, -0.4496816111313351], [0.6069456703795313, 0.9548013432621825], [-0.26694096815611734, 0.08091470472653381], [0.5288492625504025, 0.8767049354330537]]","[0.47124303194590217, -0.18454468945034128, 0.6954334523541559, 0.010619924229535782]","[0.04, 0.06, 0.08, 0.1]","[0.06, 0.06, 0.06, 0.06]",1.2,0.6,0.0444007000001
nominal,25,evaluated,2.58692107705,True,"[-0.6237297779603695, -0.1814407434139973, 0.6780789512218501, 0.7270676404812682, -0.42580258556106565]","[-0.5173548277849329, -0.26316582408734135, 0.7094967381828616, 0.6733062211454847, -0.40340717110464147]","[[-0.6725700924077058, -0.36213956316216006], [-0.4183810887101142, -0.1079505594645685], [0.5542814735600887, 0.8647120028056345], [0.5180909565227119, 0.8285214857682575], [-0.5586224357274143, -0.24819190648186862]]","[-0.26397854730969983, -0.19478565749833776, 0.4518166685385886, 0.7134342556062555]","[0.04, 0.06, 0.08, 0.1]","[0.0, 0.0, 0.0, 0.0]",1.2,0.6,0.0516961000001
extrapolation,25,evaluated,2.58692107705,True,"[-0.7, -0.5499999999999999, -0.39999999999999997, -0.25, 0.95]","[-0.5936250498245633, -0.631725080673344, -0.3685822130389885, -0.30376141933578354, 0.9723954144564241]","[[-0.7488403144473361, -0.43840978520179047], [-0.7869403452961168, -0.47650981605057113], [-0.5237974776617613, -0.21336694841621567], [-0.4589766839585564, -0.1485461547130107], [0.8171801498336513, 1.0]]","[-0.27945233130782565, -0.33504743446112656, -0.28496802142155864, -0.012644534833004872]","[0.04, 0.06, 0.08, 0.1]","[0.0, 0.0, 0.0, 0.0]",1.2,0.6,0.0164103
proxy_shift,25,evaluated,2.58692107705,False,"[-0.6237297779603695, -0.1814407434139973, 0.6780789512218501, 0.7270676404812682, -0.42580258556106565]","[-0.30460492743405976, -0.4266159854340294, 0.7723323121048845, 0.5657833824739176, -0.35861634219179317]","[[-0.4598201920568326, -0.1493896628112869], [-0.5818312500568023, -0.27140072081125655], [0.6171170474821117, 0.9275475767276573], [0.4105681178511447, 0.7209986470966905], [-0.5138316068145661, -0.20340107756902032]]","[-0.26397854730969983, -0.19478565749833776, 0.4518166685385886, 0.7134342556062555]","[0.04, 0.06, 0.08, 0.1]","[0.0, 0.0, 0.0, 0.0]",1.2,0.6,0.0505029000001
understated_LH,25,evaluated,2.58692107705,True,"[-0.6237297779603695, -0.1814407434139973, 0.6780789512218501, 0.7270676404812682, -0.42580258556106565]","[-0.5173548277849329, -0.26316582408734135, 0.7094967381828616, 0.6733062211454847, -0.40340717110464147]","[[-0.6725700924077058, -0.36213956316216006], [-0.4183810887101142, -0.1079505594645685], [0.5542814735600887, 0.8647120028056345], [0.5180909565227119, 0.8285214857682575], [-0.5586224357274143, -0.24819190648186862]]","[-0.26397854730969983, -0.19478565749833776, 0.4518166685385886, 0.7134342556062555]","[0.04, 0.06, 0.08, 0.1]","[0.0, 0.0, 0.0, 0.0]",0.12,0.06,0.0317639
high_noise,25,evaluated,2.58692107705,True,"[-0.6237297779603695, -0.1814407434139973, 0.6780789512218501, 0.7270676404812682, -0.42580258556106565]","[-0.5173548277849329, -0.26316582408734135, 0.7094967381828616, 0.6733062211454847, -0.40340717110464147]","[[-0.6725700924077058, -0.36213956316216006], [-0.4183810887101142, -0.1079505594645685], [0.5542814735600887, 0.8647120028056345], [0.5180909565227119, 0.8285214857682575], [-0.5586224357274143, -0.24819190648186862]]","[-0.27688320992535115, -0.386380526420591, 0.26588062569547133, 0.9506451859402458]","[0.12, 0.18, 0.24, 0.30000000000000004]","[0.0, 0.0, 0.0, 0.0]",1.2,0.6,0.0696926000001
bounded_nuisance_bias,25,evaluated,2.58692107705,True,"[-0.6237297779603695, -0.1814407434139973, 0.6780789512218501, 0.7270676404812682, -0.42580258556106565]","[-0.5173548277849329, -0.26316582408734135, 0.7094967381828616, 0.6733062211454847, -0.40340717110464147]","[[-0.6725700924077058, -0.36213956316216006], [-0.4183810887101142, -0.1079505594645685], [0.5542814735600887, 0.8647120028056345], [0.5180909565227119, 0.8285214857682575], [-0.5586224357274143, -0.24819190648186862]]","[-0.3239785473096998, -0.13478565749833776, 0.3918166685385886, 0.7734342556062554]","[0.04, 0.06, 0.08, 0.1]","[0.06, 0.06, 0.06, 0.06]",1.2,0.6,0.0514059
nominal,26,evaluated,2.44459296089,True,"[0.6509451699780688, 0.7479674514667329, -0.6346919932339475, 0.3515803105120603, -0.23797200086957937]","[0.5305088300666772, 0.6906841845452155, -0.5359878208450246, 0.3632437026229798, -0.14472795357718335]","[[0.38383325241302146, 0.6771844077203328], [0.5440086068915598, 0.8373597621988712], [-0.6826633984986803, -0.3893122431913689], [0.21656812496932407, 0.5099192802766355], [-0.29140353123083906, 0.0019476240764723651]]","[0.5608524789427902, 0.6228520385964706, -0.2610515635412514, 0.19767844330767437]","[0.04, 0.06, 0.08, 0.1]","[0.0, 0.0, 0.0, 0.0]",1.2,0.6,0.0365918
extrapolation,26,evaluated,2.44459296089,True,"[-0.7, -0.5499999999999999, -0.39999999999999997, -0.25, 0.95]","[-0.8204363399113916, -0.6072832669215174, -0.3012958276110771, -0.23833660788908054, 1.0]","[[-0.9671119175650473, -0.673760762257736], [-0.753958844575173, -0.46060768926786166], [-0.4479714052647328, -0.15462024995742138], [-0.38501218554273625, -0.09166103023542482], [0.8533244223463443, 1.0]]","[-0.2298335073393841, -0.23301502481966085, -0.19308654548346726, -0.1816023574214888]","[0.04, 0.06, 0.08, 0.1]","[0.0, 0.0, 0.0, 0.0]",1.2,0.6,0.0140005999999
proxy_shift,26,evaluated,2.44459296089,False,"[0.6509451699780688, 0.7479674514667329, -0.6346919932339475, 0.3515803105120603, -0.23797200086957937]","[0.2896361502438939, 0.5761176507021807, -0.3385794760671789, 0.3865704868448187, 0.04176014100760872]","[[0.14296057259023817, 0.4363117278975496], [0.429442073048525, 0.7227932283558364], [-0.48525505372083466, -0.1919038984135232], [0.239894909191163, 0.5332460644984744], [-0.104915436646047, 0.18843571866126443]]","[0.5608524789427902, 0.6228520385964706, -0.2610515635412514, 0.19767844330767437]","[0.04, 0.06, 0.08, 0.1]","[0.0, 0.0, 0.0, 0.0]",1.2,0.6,0.0400921999999
understated_LH,26,evaluated,2.44459296089,True,"[0.6509451699780688, 0.7479674514667329, -0.6346919932339475, 0.3515803105120603, -0.23797200086957937]","[0.5305088300666772, 0.6906841845452155, -0.5359878208450246, 0.3632437026229798, -0.14472795357718335]","[[0.38383325241302146, 0.6771844077203328], [0.5440086068915598, 0.8373597621988712], [-0.6826633984986803, -0.3893122431913689], [0.21656812496932407, 0.5099192802766355], [-0.29140353123083906, 0.0019476240764723651]]","[0.5608524789427902, 0.6228520385964706, -0.2610515635412514, 0.19767844330767437]","[0.04, 0.06, 0.08, 0.1]","[0.0, 0.0, 0.0, 0.0]",0.12,0.06,0.0467153
high_noise,26,evaluated,2.44459296089,True,"[0.6509451699780688, 0.7479674514667329, -0.6346919932339475, 0.3515803105120603, -0.23797200086957937]","[0.5305088300666772, 0.6906841845452155, -0.5359878208450246, 0.3632437026229798, -0.14472795357718335]","[[0.38383325241302146, 0.6771844077203328], [0.5440086068915598, 0.8373597621988712], [-0.6826633984986803, -0.3893122431913689], [0.21656812496932407, 0.5099192802766355], [-0.29140353123083906, 0.0019476240764723651]]","[0.647185464264022, 0.6353219889571489, -0.263224654508186, 0.09697372846469673]","[0.12, 0.18, 0.24, 0.30000000000000004]","[0.0, 0.0, 0.0, 0.0]",1.2,0.6,0.0497932999999
bounded_nuisance_bias,26,evaluated,2.44459296089,True,"[0.6509451699780688, 0.7479674514667329, -0.6346919932339475, 0.3515803105120603, -0.23797200086957937]","[0.5305088300666772, 0.6906841845452155, -0.5359878208450246, 0.3632437026229798, -0.14472795357718335]","[[0.38383325241302146, 0.6771844077203328], [0.5440086068915598, 0.8373597621988712], [-0.6826633984986803, -0.3893122431913689], [0.21656812496932407, 0.5099192802766355], [-0.29140353123083906, 0.0019476240764723651]]","[0.5008524789427902, 0.6828520385964707, -0.3210515635412514, 0.25767844330767437]","[0.04, 0.06, 0.08, 0.1]","[0.06, 0.06, 0.06, 0.06]",1.2,0.6,0.0360472
nominal,27,evaluated,2.48585103773,True,"[-0.30141867495624663, 0.7175455938500335, 0.20696727811925197, -0.7440514566669556, -0.20160670720248075]","[-0.23433095842740057, 0.7566523164397545, 0.19115052806098415, -0.7303235674829787, -0.2839464787254795]","[[-0.3834820206911645, -0.08517989616363664], [0.6075012541759905, 0.9058033787035185], [0.04199946579722022, 0.34030159032474805], [-0.8794746297467426, -0.5811725052192147], [-0.43309754098924347, -0.13479541646171558]]","[-0.17141684270199053, 0.6292592159556306, 0.10250935748518072, -0.27820247281313376]","[0.04, 0.06, 0.08, 0.1]","[0.0, 0.0, 0.0, 0.0]",1.2,0.6,0.045895
extrapolation,27,evaluated,2.48585103773,True,"[-0.7, -0.5499999999999999, -0.39999999999999997, -0.25, 0.95]","[-0.6329122834711539, -0.5108932774102789, -0.4158167500582678, -0.2362721108160231, 0.8676602284770012]","[[-0.7820633457349179, -0.48376122120738996], [-0.6600443396740429, -0.36174221514651494], [-0.5649678123220317, -0.26666568779450384], [-0.385423173079787, -0.08712104855225916], [0.7185091662132372, 1.0]]","[-0.2908216030119564, -0.19497964413046864, -0.22652164564999797, -0.12910536986342597]","[0.04, 0.06, 0.08, 0.1]","[0.0, 0.0, 0.0, 0.0]",1.2,0.6,0.0107447
proxy_shift,27,evaluated,2.48585103773,False,"[-0.30141867495624663, 0.7175455938500335, 0.20696727811925197, -0.7440514566669556, -0.20160670720248075]","[-0.10015552536970843, 0.8348657616191966, 0.15951702794444853, -0.7028677891150248, -0.44862602177147703]","[[-0.24930658763347235, 0.0489955368940555], [0.6857146993554326, 0.9840168238829605], [0.010365965680684597, 0.30866809020821245], [-0.8520188513787887, -0.5537167268512608], [-0.597777084035241, -0.2994749595077131]]","[-0.17141684270199053, 0.6292592159556306, 0.10250935748518072, -0.27820247281313376]","[0.04, 0.06, 0.08, 0.1]","[0.0, 0.0, 0.0, 0.0]",1.2,0.6,0.0490484999998
understated_LH,27,evaluated,2.48585103773,True,"[-0.30141867495624663, 0.7175455938500335, 0.20696727811925197, -0.7440514566669556, -0.20160670720248075]","[-0.23433095842740057, 0.7566523164397545, 0.19115052806098415, -0.7303235674829787, -0.2839464787254795]","[[-0.3834820206911645, -0.08517989616363664], [0.6075012541759905, 0.9058033787035185], [0.04199946579722022, 0.34030159032474805], [-0.8794746297467426, -0.5811725052192147], [-0.43309754098924347, -0.13479541646171558]]","[-0.17141684270199053, 0.6292592159556306, 0.10250935748518072, -0.27820247281313376]","[0.04, 0.06, 0.08, 0.1]","[0.0, 0.0, 0.0, 0.0]",0.12,0.06,0.00691870000014
high_noise,27,evaluated,2.48585103773,True,"[-0.30141867495624663, 0.7175455938500335, 0.20696727811925197, -0.7440514566669556, -0.20160670720248075]","[-0.23433095842740057, 0.7566523164397545, 0.19115052806098415, -0.7303235674829787, -0.2839464787254795]","[[-0.3834820206911645, -0.08517989616363664], [0.6075012541759905, 0.9058033787035185], [0.04199946579722022, 0.34030159032474805], [-0.8794746297467426, -0.5811725052192147], [-0.43309754098924347, -0.13479541646171558]]","[-0.2070600487259033, 0.7177999276946931, 0.03346606618518479, -0.2739132125399857]","[0.12, 0.18, 0.24, 0.30000000000000004]","[0.0, 0.0, 0.0, 0.0]",1.2,0.6,0.0412685000001
bounded_nuisance_bias,27,evaluated,2.48585103773,True,"[-0.30141867495624663, 0.7175455938500335, 0.20696727811925197, -0.7440514566669556, -0.20160670720248075]","[-0.23433095842740057, 0.7566523164397545, 0.19115052806098415, -0.7303235674829787, -0.2839464787254795]","[[-0.3834820206911645, -0.08517989616363664], [0.6075012541759905, 0.9058033787035185], [0.04199946579722022, 0.34030159032474805], [-0.8794746297467426, -0.5811725052192147], [-0.43309754098924347, -0.13479541646171558]]","[-0.23141684270199053, 0.6892592159556306, 0.04250935748518073, -0.21820247281313376]","[0.04, 0.06, 0.08, 0.1]","[0.06, 0.06, 0.06, 0.06]",1.2,0.6,0.0447530000001
nominal,28,evaluated,2.48074355383,True,"[0.2082757742258008, 0.3393480480071789, -0.7786870587421882, 0.3352491340275401, -0.4859566019260466]","[0.2711255090446192, 0.30438976438178955, -0.8391024447577342, 0.30708056733815814, -0.4649324844511989]","[[0.1222808958145625, 0.4199701222746759], [0.15554515115173287, 0.45323437761184626], [-0.9879470579877909, -0.6902578315276775], [0.15823595410810146, 0.45592518056821485], [-0.6137770976812555, -0.31608787122114224]]","[0.12343795517238179, 0.27776299687523537, -0.15878550078010423, 0.3883646370796615]","[0.04, 0.06, 0.08, 0.1]","[0.0, 0.0, 0.0, 0.0]",1.2,0.6,0.0375489
extrapolation,28,evaluated,2.48074355383,True,"[-0.7, -0.5499999999999999, -0.39999999999999997, -0.25, 0.95]","[-0.6371502651811816, -0.5849582836253893, -0.4604153860155459, -0.27816856668938195, 0.9710241174748477]","[[-0.7859948784112383, -0.48830565195112485], [-0.733802896855446, -0.43611367039533255], [-0.6092599992456026, -0.31157077278548917], [-0.42701317991943866, -0.12932395345932526], [0.822179504244791, 1.0]]","[-0.28754114880190573, -0.1996429612349567, -0.06547932617055932, 0.022247562103272805]","[0.04, 0.06, 0.08, 0.1]","[0.0, 0.0, 0.0, 0.0]",1.2,0.6,0.0101513000002
proxy_shift,28,evaluated,2.48074355383,False,"[0.2082757742258008, 0.3393480480071789, -0.7786870587421882, 0.3352491340275401, -0.4859566019260466]","[0.39682497868225597, 0.23447319713101095, -0.959933216788826, 0.2507434339593943, -0.4228842495015034]","[[0.2479803654521993, 0.5456695919123127], [0.08562858390095426, 0.3833178103610676], [-1.0, -0.8110886035587693], [0.10189882072933762, 0.39958804718945096], [-0.5717288627315601, -0.2740396362714467]]","[0.12343795517238179, 0.27776299687523537, -0.15878550078010423, 0.3883646370796615]","[0.04, 0.06, 0.08, 0.1]","[0.0, 0.0, 0.0, 0.0]",1.2,0.6,0.0515134
understated_LH,28,evaluated,2.48074355383,True,"[0.2082757742258008, 0.3393480480071789, -0.7786870587421882, 0.3352491340275401, -0.4859566019260466]","[0.2711255090446192, 0.30438976438178955, -0.8391024447577342, 0.30708056733815814, -0.4649324844511989]","[[0.1222808958145625, 0.4199701222746759], [0.15554515115173287, 0.45323437761184626], [-0.9879470579877909, -0.6902578315276775], [0.15823595410810146, 0.45592518056821485], [-0.6137770976812555, -0.31608787122114224]]","[0.12343795517238179, 0.27776299687523537, -0.15878550078010423, 0.3883646370796615]","[0.04, 0.06, 0.08, 0.1]","[0.0, 0.0, 0.0, 0.0]",0.12,0.06,0.0550899
high_noise,28,evaluated,2.48074355383,True,"[0.2082757742258008, 0.3393480480071789, -0.7786870587421882, 0.3352491340275401, -0.4859566019260466]","[0.2711255090446192, 0.30438976438178955, -0.8391024447577342, 0.30708056733815814, -0.4649324844511989]","[[0.1222808958145625, 0.4199701222746759], [0.15554515115173287, 0.45323437761184626], [-0.9879470579877909, -0.6902578315276775], [0.15823595410810146, 0.45592518056821485], [-0.6137770976812555, -0.31608787122114224]]","[0.09435565756857042, 0.3569770744053219, 0.09425584687877703, 0.6953597612862072]","[0.12, 0.18, 0.24, 0.30000000000000004]","[0.0, 0.0, 0.0, 0.0]",1.2,0.6,0.0463858000001
bounded_nuisance_bias,28,evaluated,2.48074355383,True,"[0.2082757742258008, 0.3393480480071789, -0.7786870587421882, 0.3352491340275401, -0.4859566019260466]","[0.2711255090446192, 0.30438976438178955, -0.8391024447577342, 0.30708056733815814, -0.4649324844511989]","[[0.1222808958145625, 0.4199701222746759], [0.15554515115173287, 0.45323437761184626], [-0.9879470579877909, -0.6902578315276775], [0.15823595410810146, 0.45592518056821485], [-0.6137770976812555, -0.31608787122114224]]","[0.0634379551723818, 0.33776299687523537, -0.21878550078010423, 0.4483646370796615]","[0.04, 0.06, 0.08, 0.1]","[0.06, 0.06, 0.06, 0.06]",1.2,0.6,0.0389267999999
nominal,29,evaluated,2.5761449976,True,"[0.5785522598648594, 0.5890131122578193, 0.14433682773289291, 0.6288941710366849, 0.25743401058714044]","[0.5717554653525211, 0.5964157501314633, 0.2036761394517127, 0.555139231522518, 0.2007658656965485]","[[0.41718676549663875, 0.7263241652084034], [0.44184705027558097, 0.7509844499873457], [0.04910743959583036, 0.35824483930759504], [0.40057053166663564, 0.7097079313784003], [0.04619716584066616, 0.3553345655524308]]","[0.4532102215945524, 0.46137821125635353, 0.08184325307723299, 0.5051782119565785]","[0.04, 0.06, 0.08, 0.1]","[0.0, 0.0, 0.0, 0.0]",1.2,0.6,0.00969050000003
extrapolation,29,evaluated,2.5761449976,True,"[-0.7, -0.5499999999999999, -0.39999999999999997, -0.25, 0.95]","[-0.7067967945123382, -0.5425973621263559, -0.3406606882811802, -0.3237549395141669, 0.893331855109408]","[[-0.8613654943682205, -0.552228094656456], [-0.6971660619822382, -0.38802866227047356], [-0.4952293881370625, -0.18609198842529784], [-0.47832363937004924, -0.16918623965828455], [0.7387631552535256, 1.0]]","[-0.26733794954278395, -0.23536059002183066, -0.20300877951450116, -0.12206065417460818]","[0.04, 0.06, 0.08, 0.1]","[0.0, 0.0, 0.0, 0.0]",1.2,0.6,0.0167226000001
proxy_shift,29,evaluated,2.5761449976,False,"[0.5785522598648594, 0.5890131122578193, 0.14433682773289291, 0.6288941710366849, 0.25743401058714044]","[0.5581618763278446, 0.6112210258787514, 0.32235476288935233, 0.40762935249418414, 0.08742957591536463]","[[0.4035931764719623, 0.712730576183727], [0.45665232602286904, 0.7657897257346338], [0.16778606303347, 0.47692346274523467], [0.2530606526383018, 0.5621980523500665], [-0.06713912394051771, 0.24199827577124697]]","[0.4532102215945524, 0.46137821125635353, 0.08184325307723299, 0.5051782119565785]","[0.04, 0.06, 0.08, 0.1]","[0.0, 0.0, 0.0, 0.0]",1.2,0.6,0.0104934000001
understated_LH,29,evaluated,2.5761449976,True,"[0.5785522598648594, 0.5890131122578193, 0.14433682773289291, 0.6288941710366849, 0.25743401058714044]","[0.5717554653525211, 0.5964157501314633, 0.2036761394517127, 0.555139231522518, 0.2007658656965485]","[[0.41718676549663875, 0.7263241652084034], [0.44184705027558097, 0.7509844499873457], [0.04910743959583036, 0.35824483930759504], [0.40057053166663564, 0.7097079313784003], [0.04619716584066616, 0.3553345655524308]]","[0.4532102215945524, 0.46137821125635353, 0.08184325307723299, 0.5051782119565785]","[0.04, 0.06, 0.08, 0.1]","[0.0, 0.0, 0.0, 0.0]",0.12,0.06,0.0125583000001
high_noise,29,evaluated,2.5761449976,True,"[0.5785522598648594, 0.5890131122578193, 0.14433682773289291, 0.6288941710366849, 0.25743401058714044]","[0.5717554653525211, 0.5964157501314633, 0.2036761394517127, 0.555139231522518, 0.2007658656965485]","[[0.41718676549663875, 0.7263241652084034], [0.44184705027558097, 0.7509844499873457], [0.04910743959583036, 0.35824483930759504], [0.40057053166663564, 0.7097079313784003], [0.04619716584066616, 0.3553345655524308]]","[0.46453432250898447, 0.46915703121269214, 0.05982569404823062, 0.5235569036073622]","[0.12, 0.18, 0.24, 0.30000000000000004]","[0.0, 0.0, 0.0, 0.0]",1.2,0.6,0.0116964000001
bounded_nuisance_bias,29,evaluated,2.5761449976,True,"[0.5785522598648594, 0.5890131122578193, 0.14433682773289291, 0.6288941710366849, 0.25743401058714044]","[0.5717554653525211, 0.5964157501314633, 0.2036761394517127, 0.555139231522518, 0.2007658656965485]","[[0.41718676549663875, 0.7263241652084034], [0.44184705027558097, 0.7509844499873457], [0.04910743959583036, 0.35824483930759504], [0.40057053166663564, 0.7097079313784003], [0.04619716584066616, 0.3553345655524308]]","[0.3932102215945524, 0.5213782112563535, 0.02184325307723299, 0.5651782119565785]","[0.04, 0.06, 0.08, 0.1]","[0.06, 0.06, 0.06, 0.06]",1.2,0.6,0.0100063
nominal,30,evaluated,2.71806381613,True,"[-0.15102723532989515, 0.5596274830910788, 0.433578798563355, 0.4614893636323929, -0.6976922830372821]","[-0.08089119379328966, 0.5152599303055057, 0.42441416033493, 0.5094525189669664, -0.7616122697156062]","[[-0.2439750227613327, 0.08219263517475339], [0.3521761013374626, 0.6783437592735487], [0.261330331366887, 0.587497989302973], [0.34636868999892334, 0.6725363479350095], [-0.9246960986836493, -0.5985284407475632]]","[-0.05803348259745099, 0.4361749924673819, 0.2520466253037606, 0.3588735784115654]","[0.04, 0.06, 0.08, 0.1]","[0.0, 0.0, 0.0, 0.0]",1.2,0.6,0.00601290000009
extrapolation,30,evaluated,2.71806381613,True,"[-0.7, -0.5499999999999999, -0.39999999999999997, -0.25, 0.95]","[-0.6298639584633945, -0.5943675527855731, -0.40916463822842497, -0.20203684466542648, 0.8860800133216759]","[[-0.7929477874314376, -0.4667801294953514], [-0.7574513817536161, -0.43128372381753], [-0.572248467196468, -0.24608080926038192], [-0.36512067363346956, -0.038953015697383436], [0.7229961843536328, 1.0]]","[-0.2472599091429314, -0.232806373336522, -0.2564978262033451, -0.11316176959161964]","[0.04, 0.06, 0.08, 0.1]","[0.0, 0.0, 0.0, 0.0]",1.2,0.6,0.0103405999998
proxy_shift,30,evaluated,2.71806381613,False,"[-0.15102723532989515, 0.5596274830910788, 0.433578798563355, 0.4614893636323929, -0.6976922830372821]","[0.05938088927992133, 0.42652482473435926, 0.40608488387808006, 0.6053788296361134, -0.8894522430722543]","[[-0.10370293968812172, 0.22246471824796438], [0.2634409957663162, 0.5896086537024023], [0.243001054910037, 0.5691687128461231], [0.44229500066807037, 0.7684626586041565], [-1.0, -0.7263684141042113]]","[-0.05803348259745099, 0.4361749924673819, 0.2520466253037606, 0.3588735784115654]","[0.04, 0.06, 0.08, 0.1]","[0.0, 0.0, 0.0, 0.0]",1.2,0.6,0.00599160000002
understated_LH,30,evaluated,2.71806381613,True,"[-0.15102723532989515, 0.5596274830910788, 0.433578798563355, 0.4614893636323929, -0.6976922830372821]","[-0.08089119379328966, 0.5152599303055057, 0.42441416033493, 0.5094525189669664, -0.7616122697156062]","[[-0.2439750227613327, 0.08219263517475339], [0.3521761013374626, 0.6783437592735487], [0.261330331366887, 0.587497989302973], [0.34636868999892334, 0.6725363479350095], [-0.9246960986836493, -0.5985284407475632]]","[-0.05803348259745099, 0.4361749924673819, 0.2520466253037606, 0.3588735784115654]","[0.04, 0.06, 0.08, 0.1]","[0.0, 0.0, 0.0, 0.0]",0.12,0.06,0.0082417000001
high_noise,30,evaluated,2.71806381613,True,"[-0.15102723532989515, 0.5596274830910788, 0.433578798563355, 0.4614893636323929, -0.6976922830372821]","[-0.08089119379328966, 0.5152599303055057, 0.42441416033493, 0.5094525189669664, -0.7616122697156062]","[[-0.2439750227613327, 0.08219263517475339], [0.3521761013374626, 0.6783437592735487], [0.261330331366887, 0.587497989302973], [0.34636868999892334, 0.6725363479350095], [-0.9246960986836493, -0.5985284407475632]]","[-0.006553300883313712, 0.4490622457943378, 0.12305097289707037, 0.39505003922832616]","[0.12, 0.18, 0.24, 0.30000000000000004]","[0.0, 0.0, 0.0, 0.0]",1.2,0.6,0.00659259999998
bounded_nuisance_bias,30,evaluated,2.71806381613,True,"[-0.15102723532989515, 0.5596274830910788, 0.433578798563355, 0.4614893636323929, -0.6976922830372821]","[-0.08089119379328966, 0.5152599303055057, 0.42441416033493, 0.5094525189669664, -0.7616122697156062]","[[-0.2439750227613327, 0.08219263517475339], [0.3521761013374626, 0.6783437592735487], [0.261330331366887, 0.587497989302973], [0.34636868999892334, 0.6725363479350095], [-0.9246960986836493, -0.5985284407475632]]","[-0.11803348259745099, 0.4961749924673819, 0.1920466253037606, 0.4188735784115654]","[0.04, 0.06, 0.08, 0.1]","[0.06, 0.06, 0.06, 0.06]",1.2,0.6,0.00656479999998
nominal,31,evaluated,2.39115002173,True,"[0.5600735811123294, 0.10486336533306628, -0.4239761784545216, 0.41962041969242914, -0.19427221050543897]","[0.5331575091978088, -0.0030732935907114983, -0.5465792580254044, 0.4620736209231694, -0.1277674100489082]","[[0.3896885078937905, 0.6766265105018271], [-0.1465422948947298, 0.14039570771330678], [-0.6900482593294227, -0.4031102567213861], [0.3186046196191511, 0.6055426222271877], [-0.27123641135292653, 0.015701591255110087]]","[0.45053496294812145, 0.03628889369159074, -0.13634204727094057, 0.23069381238588743]","[0.04, 0.06, 0.08, 0.1]","[0.0, 0.0, 0.0, 0.0]",1.2,0.6,0.0465207
extrapolation,31,evaluated,2.39115002173,True,"[-0.7, -0.5499999999999999, -0.39999999999999997, -0.25, 0.95]","[-0.7269160719145206, -0.6579366589237777, -0.5226030795708828, -0.20754679876925974, 1.0]","[[-0.8703850732185389, -0.5834470706105023], [-0.801405660227796, -0.5144676576197594], [-0.6660720808749011, -0.3791340782668645], [-0.35101580007327804, -0.06407779746524145], [0.8565309986959817, 1.0]]","[-0.2526139105972729, -0.2691780231249418, -0.12788308016729766, -0.20515282841642513]","[0.04, 0.06, 0.08, 0.1]","[0.0, 0.0, 0.0, 0.0]",1.2,0.6,0.00842360000001
proxy_shift,31,evaluated,2.39115002173,False,"[0.5600735811123294, 0.10486336533306628, -0.4239761784545216, 0.41962041969242914, -0.19427221050543897]","[0.4793253653687676, -0.21894661143826705, -0.7917854171671701, 0.54698002338465, 0.005242190864153312]","[[0.3358563640647493, 0.6227943666727859], [-0.36241561274228534, -0.07547761013424875], [-0.9352544184711884, -0.6483164158631518], [0.4035110220806317, 0.6904490246886683], [-0.13822681043986498, 0.1487111921681716]]","[0.45053496294812145, 0.03628889369159074, -0.13634204727094057, 0.23069381238588743]","[0.04, 0.06, 0.08, 0.1]","[0.0, 0.0, 0.0, 0.0]",1.2,0.6,0.0461326
understated_LH,31,evaluated,2.39115002173,True,"[0.5600735811123294, 0.10486336533306628, -0.4239761784545216, 0.41962041969242914, -0.19427221050543897]","[0.5331575091978088, -0.0030732935907114983, -0.5465792580254044, 0.4620736209231694, -0.1277674100489082]","[[0.3896885078937905, 0.6766265105018271], [-0.1465422948947298, 0.14039570771330678], [-0.6900482593294227, -0.4031102567213861], [0.3186046196191511, 0.6055426222271877], [-0.27123641135292653, 0.015701591255110087]]","[0.45053496294812145, 0.03628889369159074, -0.13634204727094057, 0.23069381238588743]","[0.04, 0.06, 0.08, 0.1]","[0.0, 0.0, 0.0, 0.0]",0.12,0.06,0.0358298000001
high_noise,31,evaluated,2.39115002173,True,"[0.5600735811123294, 0.10486336533306628, -0.4239761784545216, 0.41962041969242914, -0.19427221050543897]","[0.5331575091978088, -0.0030732935907114983, -0.5465792580254044, 0.4620736209231694, -0.1277674100489082]","[[0.3896885078937905, 0.6766265105018271], [-0.1465422948947298, 0.14039570771330678], [-0.6900482593294227, -0.4031102567213861], [0.3186046196191511, 0.6055426222271877], [-0.27123641135292653, 0.015701591255110087]]","[0.49130714175357565, -0.023567152558293003, -0.008108207605535961, 0.08288815555303714]","[0.12, 0.18, 0.24, 0.30000000000000004]","[0.0, 0.0, 0.0, 0.0]",1.2,0.6,0.0486384999999
bounded_nuisance_bias,31,evaluated,2.39115002173,True,"[0.5600735811123294, 0.10486336533306628, -0.4239761784545216, 0.41962041969242914, -0.19427221050543897]","[0.5331575091978088, -0.0030732935907114983, -0.5465792580254044, 0.4620736209231694, -0.1277674100489082]","[[0.3896885078937905, 0.6766265105018271], [-0.1465422948947298, 0.14039570771330678], [-0.6900482593294227, -0.4031102567213861], [0.3186046196191511, 0.6055426222271877], [-0.27123641135292653, 0.015701591255110087]]","[0.39053496294812146, 0.09628889369159074, -0.19634204727094057, 0.29069381238588743]","[0.04, 0.06, 0.08, 0.1]","[0.06, 0.06, 0.06, 0.06]",1.2,0.6,0.0479931
nominal,32,evaluated,2.65426433125,True,"[0.5662495116239763, -0.7886319235145749, 0.7824135453579437, 0.6818019267043018, 0.7693432999457599]","[0.5741490845213237, -0.8107762266975501, 0.6705991034952603, 0.704049014373748, 0.7861343709293402]","[[0.4148932246464393, 0.7334049443962082], [-0.9700320865724346, -0.6515203668226657], [0.5113432436203759, 0.8298549633701447], [0.5447931544988636, 0.8633048742486324], [0.6268785110544558, 0.9453902308042247]]","[0.46207639072409384, -0.2606227590364053, 0.6039249995507406, 0.5611943051288264]","[0.04, 0.06, 0.08, 0.1]","[0.0, 0.0, 0.0, 0.0]",1.2,0.6,0.0175918
extrapolation,32,evaluated,2.65426433125,True,"[-0.7, -0.5499999999999999, -0.39999999999999997, -0.25, 0.95]","[-0.6921004271026525, -0.5721443031829752, -0.5118144418626833, -0.22775291233055384, 0.9667910709835803]","[[-0.851356286977537, -0.5328445672277681], [-0.7314001630578596, -0.4128884433080907], [-0.6710703017375678, -0.3525585819877989], [-0.3870087722054383, -0.06849705245566942], [0.8075352111086959, 1.0]]","[-0.24686486907460942, -0.21327569816354985, -0.24117441445190163, -0.11859301107106411]","[0.04, 0.06, 0.08, 0.1]","[0.0, 0.0, 0.0, 0.0]",1.2,0.6,0.0108093000001
proxy_shift,32,evaluated,2.65426433125,False,"[0.5662495116239763, -0.7886319235145749, 0.7824135453579437, 0.6818019267043018, 0.7693432999457599]","[0.5899482303160187, -0.8550648330635005, 0.4469702197698936, 0.7485431897126403, 0.819716512896501]","[[0.4306923704411343, 0.7492040901909032], [-1.0, -0.695808973188616], [0.28771435989500915, 0.606226079644778], [0.5892873298377559, 0.9077990495875248], [0.6604606530216166, 0.9789723727713855]]","[0.46207639072409384, -0.2606227590364053, 0.6039249995507406, 0.5611943051288264]","[0.04, 0.06, 0.08, 0.1]","[0.0, 0.0, 0.0, 0.0]",1.2,0.6,0.0140396000002
understated_LH,32,evaluated,2.65426433125,True,"[0.5662495116239763, -0.7886319235145749, 0.7824135453579437, 0.6818019267043018, 0.7693432999457599]","[0.5741490845213237, -0.8107762266975501, 0.6705991034952603, 0.704049014373748, 0.7861343709293402]","[[0.4148932246464393, 0.7334049443962082], [-0.9700320865724346, -0.6515203668226657], [0.5113432436203759, 0.8298549633701447], [0.5447931544988636, 0.8633048742486324], [0.6268785110544558, 0.9453902308042247]]","[0.46207639072409384, -0.2606227590364053, 0.6039249995507406, 0.5611943051288264]","[0.04, 0.06, 0.08, 0.1]","[0.0, 0.0, 0.0, 0.0]",0.12,0.06,0.0118164999999
high_noise,32,evaluated,2.65426433125,True,"[0.5662495116239763, -0.7886319235145749, 0.7824135453579437, 0.6818019267043018, 0.7693432999457599]","[0.5741490845213237, -0.8107762266975501, 0.6705991034952603, 0.704049014373748, 0.7861343709293402]","[[0.4148932246464393, 0.7334049443962082], [-0.9700320865724346, -0.6515203668226657], [0.5113432436203759, 0.8298549633701447], [0.5447931544988636, 0.8633048742486324], [0.6268785110544558, 0.9453902308042247]]","[0.514346652574875, -0.20867415536350511, 0.5055761706469373, 0.5865082829866982]","[0.12, 0.18, 0.24, 0.30000000000000004]","[0.0, 0.0, 0.0, 0.0]",1.2,0.6,0.00979580000012
bounded_nuisance_bias,32,evaluated,2.65426433125,True,"[0.5662495116239763, -0.7886319235145749, 0.7824135453579437, 0.6818019267043018, 0.7693432999457599]","[0.5741490845213237, -0.8107762266975501, 0.6705991034952603, 0.704049014373748, 0.7861343709293402]","[[0.4148932246464393, 0.7334049443962082], [-0.9700320865724346, -0.6515203668226657], [0.5113432436203759, 0.8298549633701447], [0.5447931544988636, 0.8633048742486324], [0.6268785110544558, 0.9453902308042247]]","[0.40207639072409385, -0.2006227590364053, 0.5439249995507407, 0.6211943051288265]","[0.04, 0.06, 0.08, 0.1]","[0.06, 0.06, 0.06, 0.06]",1.2,0.6,0.0194015999998
nominal,33,evaluated,2.51033067964,True,"[-0.04236039976993189, -0.007360555929663781, -0.5751157460192197, 0.5484991788331974, -0.3756896452405169]","[-0.05742882524447307, -0.05837492492910393, -0.5874586853930496, 0.49376980470540055, -0.34917698176038925]","[[-0.20804866602286662, 0.09319101553392048], [-0.20899476570749748, 0.09224491584928962], [-0.7380785261714431, -0.43683884461465605], [0.34314996392700703, 0.6443896454837941], [-0.49979682253878277, -0.1985571409819957]]","[-0.02400171391471001, 0.017009158261468763, -0.2186742791730177, 0.519331398817086]","[0.04, 0.06, 0.08, 0.1]","[0.0, 0.0, 0.0, 0.0]",1.2,0.6,0.0482465
extrapolation,33,evaluated,2.51033067964,True,"[-0.7, -0.5499999999999999, -0.39999999999999997, -0.25, 0.95]","[-0.7150684254745411, -0.60101436899944, -0.4123429393738299, -0.3047293741277969, 0.9765126634801277]","[[-0.8656882662529346, -0.5644485846961476], [-0.7516342097778336, -0.45039452822104653], [-0.5629627801522235, -0.2617230985954363], [-0.4553492149061904, -0.15410953334940333], [0.8258928227017341, 1.0]]","[-0.27212379509335144, -0.21784076151581105, -0.16483226795725897, -0.03127351323703996]","[0.04, 0.06, 0.08, 0.1]","[0.0, 0.0, 0.0, 0.0]",1.2,0.6,0.0119
proxy_shift,33,evaluated,2.51033067964,False,"[-0.04236039976993189, -0.007360555929663781, -0.5751157460192197, 0.5484991788331974, -0.3756896452405169]","[-0.08756567619355542, -0.16040366292798422, -0.6121445641407093, 0.3843110564498068, -0.29615165480013395]","[[-0.23818551697194895, 0.06305416458483813], [-0.31102350370637777, -0.00978382214959067], [-0.7627644049191028, -0.46152472336231576], [0.23369121567141324, 0.5349308972282003], [-0.44677149557852747, -0.1455318140217404]]","[-0.02400171391471001, 0.017009158261468763, -0.2186742791730177, 0.519331398817086]","[0.04, 0.06, 0.08, 0.1]","[0.0, 0.0, 0.0, 0.0]",1.2,0.6,0.0547325
understated_LH,33,evaluated,2.51033067964,True,"[-0.04236039976993189, -0.007360555929663781, -0.5751157460192197, 0.5484991788331974, -0.3756896452405169]","[-0.05742882524447307, -0.05837492492910393, -0.5874586853930496, 0.49376980470540055, -0.34917698176038925]","[[-0.20804866602286662, 0.09319101553392048], [-0.20899476570749748, 0.09224491584928962], [-0.7380785261714431, -0.43683884461465605], [0.34314996392700703, 0.6443896454837941], [-0.49979682253878277, -0.1985571409819957]]","[-0.02400171391471001, 0.017009158261468763, -0.2186742791730177, 0.519331398817086]","[0.04, 0.06, 0.08, 0.1]","[0.0, 0.0, 0.0, 0.0]",0.12,0.06,0.0137353999999
high_noise,33,evaluated,2.51033067964,True,"[-0.04236039976993189, -0.007360555929663781, -0.5751157460192197, 0.5484991788331974, -0.3756896452405169]","[-0.05742882524447307, -0.05837492492910393, -0.5874586853930496, 0.49376980470540055, -0.34917698176038925]","[[-0.20804866602286662, 0.09319101553392048], [-0.20899476570749748, 0.09224491584928962], [-0.7380785261714431, -0.43683884461465605], [0.34314996392700703, 0.6443896454837941], [-0.49979682253878277, -0.1985571409819957]]","[-0.022249304101412834, 0.0598276352298466, -0.16433881508753573, 0.7192843723430062]","[0.12, 0.18, 0.24, 0.30000000000000004]","[0.0, 0.0, 0.0, 0.0]",1.2,0.6,0.0641935000001
bounded_nuisance_bias,33,evaluated,2.51033067964,True,"[-0.04236039976993189, -0.007360555929663781, -0.5751157460192197, 0.5484991788331974, -0.3756896452405169]","[-0.05742882524447307, -0.05837492492910393, -0.5874586853930496, 0.49376980470540055, -0.34917698176038925]","[[-0.20804866602286662, 0.09319101553392048], [-0.20899476570749748, 0.09224491584928962], [-0.7380785261714431, -0.43683884461465605], [0.34314996392700703, 0.6443896454837941], [-0.49979682253878277, -0.1985571409819957]]","[-0.08400171391471001, 0.07700915826146876, -0.2786742791730177, 0.5793313988170861]","[0.04, 0.06, 0.08, 0.1]","[0.06, 0.06, 0.06, 0.06]",1.2,0.6,0.0491362
nominal,34,evaluated,2.62997596954,True,"[0.021844406775297975, 0.2829359950436614, -0.14963261387587612, 0.6533328539120391, -0.7520747566183099]","[0.017121632504117086, 0.31352766640108914, -0.1324283982595954, 0.6539900555360039, -0.7693198048934913]","[[-0.14067692566802142, 0.17492019067625558], [0.15572910822895064, 0.47132622457322765], [-0.2902269564317339, 0.0253701599125431], [0.49619149736386536, 0.8117886137081424], [-0.9271183630656298, -0.6115212467213528]]","[0.016156957127071728, 0.14399490067814336, 0.0707552317749587, 0.6124687151589587]","[0.04, 0.06, 0.08, 0.1]","[0.0, 0.0, 0.0, 0.0]",1.2,0.6,0.0128603999999
extrapolation,34,evaluated,2.62997596954,True,"[-0.7, -0.5499999999999999, -0.39999999999999997, -0.25, 0.95]","[-0.7047227742711808, -0.5194083286425722, -0.38279578438371925, -0.24934279837603518, 0.9327549517248186]","[[-0.8625213324433193, -0.5469242160990423], [-0.6772068868147108, -0.36160977047043374], [-0.5405943425558577, -0.22499722621158075], [-0.4071413565481737, -0.09154424020389668], [0.7749563935526801, 1.0]]","[-0.2700928403703165, -0.28903252953545744, -0.038182175640113725, -0.038834142588519666]","[0.04, 0.06, 0.08, 0.1]","[0.0, 0.0, 0.0, 0.0]",1.2,0.6,0.0126880999999
proxy_shift,34,evaluated,2.62997596954,True,"[0.021844406775297975, 0.2829359950436614, -0.14963261387587612, 0.6533328539120391, -0.7520747566183099]","[0.0076760839617553075, 0.37471100911594457, -0.09801996702703396, 0.6553044587839335, -0.803809901443854]","[[-0.1501224742103832, 0.16547464213389382], [0.21691245094380607, 0.5325095672880831], [-0.2558185251991725, 0.059778591145104545], [0.497505900611795, 0.813103016956072], [-0.9616084596159925, -0.6460113432717155]]","[0.016156957127071728, 0.14399490067814336, 0.0707552317749587, 0.6124687151589587]","[0.04, 0.06, 0.08, 0.1]","[0.0, 0.0, 0.0, 0.0]",1.2,0.6,0.0121333
understated_LH,34,evaluated,2.62997596954,True,"[0.021844406775297975, 0.2829359950436614, -0.14963261387587612, 0.6533328539120391, -0.7520747566183099]","[0.017121632504117086, 0.31352766640108914, -0.1324283982595954, 0.6539900555360039, -0.7693198048934913]","[[-0.14067692566802142, 0.17492019067625558], [0.15572910822895064, 0.47132622457322765], [-0.2902269564317339, 0.0253701599125431], [0.49619149736386536, 0.8117886137081424], [-0.9271183630656298, -0.6115212467213528]]","[0.016156957127071728, 0.14399490067814336, 0.0707552317749587, 0.6124687151589587]","[0.04, 0.06, 0.08, 0.1]","[0.0, 0.0, 0.0, 0.0]",0.12,0.06,0.0109971999998
high_noise,34,evaluated,2.62997596954,True,"[0.021844406775297975, 0.2829359950436614, -0.14963261387587612, 0.6533328539120391, -0.7520747566183099]","[0.017121632504117086, 0.31352766640108914, -0.1324283982595954, 0.6539900555360039, -0.7693198048934913]","[[-0.14067692566802142, 0.17492019067625558], [0.15572910822895064, 0.47132622457322765], [-0.2902269564317339, 0.0253701599125431], [0.49619149736386536, 0.8117886137081424], [-0.9271183630656298, -0.6115212467213528]]","[0.021971276386438796, 0.044429841607228376, 0.37839088049473124, 0.7973004299819195]","[0.12, 0.18, 0.24, 0.30000000000000004]","[0.0, 0.0, 0.0, 0.0]",1.2,0.6,0.0102838999999
bounded_nuisance_bias,34,evaluated,2.62997596954,True,"[0.021844406775297975, 0.2829359950436614, -0.14963261387587612, 0.6533328539120391, -0.7520747566183099]","[0.017121632504117086, 0.31352766640108914, -0.1324283982595954, 0.6539900555360039, -0.7693198048934913]","[[-0.14067692566802142, 0.17492019067625558], [0.15572910822895064, 0.47132622457322765], [-0.2902269564317339, 0.0253701599125431], [0.49619149736386536, 0.8117886137081424], [-0.9271183630656298, -0.6115212467213528]]","[-0.04384304287292827, 0.20399490067814335, 0.010755231774958698, 0.6724687151589588]","[0.04, 0.06, 0.08, 0.1]","[0.06, 0.06, 0.06, 0.06]",1.2,0.6,0.0128842000001
nominal,35,evaluated,2.40239450631,True,"[-0.3418677846093141, -0.25104037824712166, -0.7824091187206028, -0.4702777674293108, -0.451636906029775]","[-0.2872079934707639, -0.2961948163871819, -0.7635992608414199, -0.4600845759281376, -0.5177631652866403]","[[-0.43135166384947643, -0.14306432309205142], [-0.44033848676589443, -0.15205114600846942], [-0.9077429312201324, -0.6194555904627075], [-0.6042282463068501, -0.3159409055494251], [-0.6619068356653528, -0.37361949490792784]]","[-0.12303053823130689, -0.1635348333048683, -0.36676950066935354, -0.32952155979907194]","[0.04, 0.06, 0.08, 0.1]","[0.0, 0.0, 0.0, 0.0]",1.2,0.6,0.0474758999999
extrapolation,35,evaluated,2.40239450631,True,"[-0.7, -0.5499999999999999, -0.39999999999999997, -0.25, 0.95]","[-0.6453402088614497, -0.5951544381400602, -0.3811901421208171, -0.2398068084988268, 0.8838737407431347]","[[-0.7894838792401622, -0.5011965384827373], [-0.7392981085187726, -0.4510107677613477], [-0.5253338124995296, -0.23704647174210458], [-0.3839504788775393, -0.09566313812011429], [0.7397300703644223, 1.0]]","[-0.22597194211182256, -0.27106698780973265, -0.2729732381541369, -0.24495325290297454]","[0.04, 0.06, 0.08, 0.1]","[0.0, 0.0, 0.0, 0.0]",1.2,0.6,0.0113157999999
proxy_shift,35,evaluated,2.40239450631,False,"[-0.3418677846093141, -0.25104037824712166, -0.7824091187206028, -0.4702777674293108, -0.451636906029775]","[-0.17788841119366353, -0.38650369266730233, -0.7259795450830542, -0.4396981929257912, -0.6500156838003708]","[[-0.32203208157237606, -0.03374474081495102], [-0.5306473630460149, -0.24236002228858983], [-0.8701232154617666, -0.5818358747043417], [-0.5838418633045037, -0.2955545225470787], [-0.7941593541790832, -0.5058720134216583]]","[-0.12303053823130689, -0.1635348333048683, -0.36676950066935354, -0.32952155979907194]","[0.04, 0.06, 0.08, 0.1]","[0.0, 0.0, 0.0, 0.0]",1.2,0.6,0.0511005000001
understated_LH,35,evaluated,2.40239450631,True,"[-0.3418677846093141, -0.25104037824712166, -0.7824091187206028, -0.4702777674293108, -0.451636906029775]","[-0.2872079934707639, -0.2961948163871819, -0.7635992608414199, -0.4600845759281376, -0.5177631652866403]","[[-0.43135166384947643, -0.14306432309205142], [-0.44033848676589443, -0.15205114600846942], [-0.9077429312201324, -0.6194555904627075], [-0.6042282463068501, -0.3159409055494251], [-0.6619068356653528, -0.37361949490792784]]","[-0.12303053823130689, -0.1635348333048683, -0.36676950066935354, -0.32952155979907194]","[0.04, 0.06, 0.08, 0.1]","[0.0, 0.0, 0.0, 0.0]",0.12,0.06,0.0145150000001
high_noise,35,evaluated,2.40239450631,True,"[-0.3418677846093141, -0.25104037824712166, -0.7824091187206028, -0.4702777674293108, -0.451636906029775]","[-0.2872079934707639, -0.2961948163871819, -0.7635992608414199, -0.4600845759281376, -0.5177631652866403]","[[-0.43135166384947643, -0.14306432309205142], [-0.44033848676589443, -0.15205114600846942], [-0.9077429312201324, -0.6194555904627075], [-0.6042282463068501, -0.3159409055494251], [-0.6619068356653528, -0.37361949490792784]]","[-0.028974422454951992, -0.2271688089243337, -0.5287159769776273, -0.5569280656050211]","[0.12, 0.18, 0.24, 0.30000000000000004]","[0.0, 0.0, 0.0, 0.0]",1.2,0.6,0.0881287
bounded_nuisance_bias,35,evaluated,2.40239450631,True,"[-0.3418677846093141, -0.25104037824712166, -0.7824091187206028, -0.4702777674293108, -0.451636906029775]","[-0.2872079934707639, -0.2961948163871819, -0.7635992608414199, -0.4600845759281376, -0.5177631652866403]","[[-0.43135166384947643, -0.14306432309205142], [-0.44033848676589443, -0.15205114600846942], [-0.9077429312201324, -0.6194555904627075], [-0.6042282463068501, -0.3159409055494251], [-0.6619068356653528, -0.37361949490792784]]","[-0.18303053823130688, -0.10353483330486829, -0.42676950066935354, -0.26952155979907194]","[0.04, 0.06, 0.08, 0.1]","[0.06, 0.06, 0.06, 0.06]",1.2,0.6,0.0481233999999
nominal,36,evaluated,2.68864992289,True,"[-0.163911793836944, -0.29370137144005304, -0.6313787640572655, -0.4257477725574834, 0.12478399756502934]","[-0.19067605309927388, -0.2917046748325955, -0.6643848189586448, -0.5081232825016893, 0.2320265288035246]","[[-0.35199504847268176, -0.029357057725865998], [-0.45302367020600337, -0.1303856794591876], [-0.8257038143320526, -0.5030658235852369], [-0.6694422778750971, -0.3468042871282814], [0.07070753343011671, 0.39334552417693247]]","[-0.05389257165686054, -0.1468943487158744, -0.3450257461329679, -0.3256426437233188]","[0.04, 0.06, 0.08, 0.1]","[0.0, 0.0, 0.0, 0.0]",1.2,0.6,0.00707639999996
extrapolation,36,evaluated,2.68864992289,True,"[-0.7, -0.5499999999999999, -0.39999999999999997, -0.25, 0.95]","[-0.7267642592623299, -0.5480033033925423, -0.4330060549013793, -0.33237550994420584, 1.0]","[[-0.8880832546357378, -0.565445263888922], [-0.7093222987659502, -0.38668430801913445], [-0.5943250502747872, -0.2716870595279714], [-0.4936945053176137, -0.17105651457079796], [0.8386810046265921, 1.0]]","[-0.2366056182023476, -0.23580167452757295, -0.2777902308093526, -0.2558223299401264]","[0.04, 0.06, 0.08, 0.1]","[0.0, 0.0, 0.0, 0.0]",1.2,0.6,0.0153690000002
proxy_shift,36,evaluated,2.68864992289,False,"[-0.163911793836944, -0.29370137144005304, -0.6313787640572655, -0.4257477725574834, 0.12478399756502934]","[-0.2442045716239337, -0.2877112816176804, -0.7303969287614034, -0.6728743023901008, 0.44651159128051504]","[[-0.4055235669973416, -0.08288557625052581], [-0.4490302769910883, -0.1263922862442725], [-0.8917159241348113, -0.5690779333879955], [-0.8341932977635087, -0.5115553070166929], [0.28519259590710716, 0.6078305866539229]]","[-0.05389257165686054, -0.1468943487158744, -0.3450257461329679, -0.3256426437233188]","[0.04, 0.06, 0.08, 0.1]","[0.0, 0.0, 0.0, 0.0]",1.2,0.6,0.00919649999992
understated_LH,36,evaluated,2.68864992289,True,"[-0.163911793836944, -0.29370137144005304, -0.6313787640572655, -0.4257477725574834, 0.12478399756502934]","[-0.19067605309927388, -0.2917046748325955, -0.6643848189586448, -0.5081232825016893, 0.2320265288035246]","[[-0.35199504847268176, -0.029357057725865998], [-0.45302367020600337, -0.1303856794591876], [-0.8257038143320526, -0.5030658235852369], [-0.6694422778750971, -0.3468042871282814], [0.07070753343011671, 0.39334552417693247]]","[-0.05389257165686054, -0.1468943487158744, -0.3450257461329679, -0.3256426437233188]","[0.04, 0.06, 0.08, 0.1]","[0.0, 0.0, 0.0, 0.0]",0.12,0.06,0.00883439999984
high_noise,36,evaluated,2.68864992289,True,"[-0.163911793836944, -0.29370137144005304, -0.6313787640572655, -0.4257477725574834, 0.12478399756502934]","[-0.19067605309927388, -0.2917046748325955, -0.6643848189586448, -0.5081232825016893, 0.2320265288035246]","[[-0.35199504847268176, -0.029357057725865998], [-0.45302367020600337, -0.1303856794591876], [-0.8257038143320526, -0.5030658235852369], [-0.6694422778750971, -0.3468042871282814], [0.07070753343011671, 0.39334552417693247]]","[0.018896191938444273, -0.1399976977710204, -0.5166062077516731, -0.5747873036035716]","[0.12, 0.18, 0.24, 0.30000000000000004]","[0.0, 0.0, 0.0, 0.0]",1.2,0.6,0.00766279999993
bounded_nuisance_bias,36,evaluated,2.68864992289,True,"[-0.163911793836944, -0.29370137144005304, -0.6313787640572655, -0.4257477725574834, 0.12478399756502934]","[-0.19067605309927388, -0.2917046748325955, -0.6643848189586448, -0.5081232825016893, 0.2320265288035246]","[[-0.35199504847268176, -0.029357057725865998], [-0.45302367020600337, -0.1303856794591876], [-0.8257038143320526, -0.5030658235852369], [-0.6694422778750971, -0.3468042871282814], [0.07070753343011671, 0.39334552417693247]]","[-0.11389257165686054, -0.0868943487158744, -0.4050257461329679, -0.2656426437233188]","[0.04, 0.06, 0.08, 0.1]","[0.06, 0.06, 0.06, 0.06]",1.2,0.6,0.00630869999986
nominal,37,evaluated,2.75461864908,True,"[0.5904860437608033, -0.7625838285610707, -0.7110965061223816, -0.3007322522416351, -0.16886782860547067]","[0.6267898828404946, -0.8498597081749918, -0.6811362572037902, -0.27045412914695427, -0.15758141315104632]","[[0.4615127638956676, 0.7920670017853217], [-1.0, -0.6845825892301647], [-0.8464133761486172, -0.5158591382589632], [-0.4357312480917813, -0.10517701020212722], [-0.32285853209587334, 0.007695705793780733]]","[0.41903800181350026, -0.32314816395692547, -0.1773573108514495, -0.1306755486139015]","[0.04, 0.06, 0.08, 0.1]","[0.0, 0.0, 0.0, 0.0]",1.2,0.6,0.0556689
extrapolation,37,evaluated,2.75461864908,True,"[-0.7, -0.5499999999999999, -0.39999999999999997, -0.25, 0.95]","[-0.6636961609203086, -0.6372758796139211, -0.37003975108140863, -0.2197218769053192, 0.9612864154544243]","[[-0.8289732798651357, -0.49841904197548154], [-0.8025529985587481, -0.471998760669094], [-0.5353168700262356, -0.20476263213658158], [-0.38499899585014624, -0.05444475796049214], [0.7960092965095973, 1.0]]","[-0.3128557548058673, -0.2793080954951412, -0.09439687948385796, -0.10861816353041837]","[0.04, 0.06, 0.08, 0.1]","[0.0, 0.0, 0.0, 0.0]",1.2,0.6,0.0111271000001
proxy_shift,37,evaluated,2.75461864908,False,"[0.5904860437608033, -0.7625838285610707, -0.7110965061223816, -0.3007322522416351, -0.16886782860547067]","[0.6993975609998773, -1.0, -0.6212157593666076, -0.2098978829575926, -0.13500858224219764]","[[0.5341204420550503, 0.8646746799447043], [-1.0, -0.834722881055173], [-0.7864928783114347, -0.4559386404217805], [-0.37517500190241965, -0.044620764012765546], [-0.3002857011870247, 0.03026853670262941]]","[0.41903800181350026, -0.32314816395692547, -0.1773573108514495, -0.1306755486139015]","[0.04, 0.06, 0.08, 0.1]","[0.0, 0.0, 0.0, 0.0]",1.2,0.6,0.0476484999999
understated_LH,37,evaluated,2.75461864908,True,"[0.5904860437608033, -0.7625838285610707, -0.7110965061223816, -0.3007322522416351, -0.16886782860547067]","[0.6267898828404946, -0.8498597081749918, -0.6811362572037902, -0.27045412914695427, -0.15758141315104632]","[[0.4615127638956676, 0.7920670017853217], [-1.0, -0.6845825892301647], [-0.8464133761486172, -0.5158591382589632], [-0.4357312480917813, -0.10517701020212722], [-0.32285853209587334, 0.007695705793780733]]","[0.41903800181350026, -0.32314816395692547, -0.1773573108514495, -0.1306755486139015]","[0.04, 0.06, 0.08, 0.1]","[0.0, 0.0, 0.0, 0.0]",0.12,0.06,0.0455764999999
high_noise,37,evaluated,2.75461864908,True,"[0.5904860437608033, -0.7625838285610707, -0.7110965061223816, -0.3007322522416351, -0.16886782860547067]","[0.6267898828404946, -0.8498597081749918, -0.6811362572037902, -0.27045412914695427, -0.15758141315104632]","[[0.4615127638956676, 0.7920670017853217], [-1.0, -0.6845825892301647], [-0.8464133761486172, -0.5158591382589632], [-0.4357312480917813, -0.10517701020212722], [-0.32285853209587334, 0.007695705793780733]]","[0.33932649220176564, -0.4032643549472079, 0.0178489301808345, -0.0854118756747382]","[0.12, 0.18, 0.24, 0.30000000000000004]","[0.0, 0.0, 0.0, 0.0]",1.2,0.6,0.0428291999999
bounded_nuisance_bias,37,evaluated,2.75461864908,True,"[0.5904860437608033, -0.7625838285610707, -0.7110965061223816, -0.3007322522416351, -0.16886782860547067]","[0.6267898828404946, -0.8498597081749918, -0.6811362572037902, -0.27045412914695427, -0.15758141315104632]","[[0.4615127638956676, 0.7920670017853217], [-1.0, -0.6845825892301647], [-0.8464133761486172, -0.5158591382589632], [-0.4357312480917813, -0.10517701020212722], [-0.32285853209587334, 0.007695705793780733]]","[0.35903800181350026, -0.2631481639569255, -0.2373573108514495, -0.07067554861390149]","[0.04, 0.06, 0.08, 0.1]","[0.06, 0.06, 0.06, 0.06]",1.2,0.6,0.0581115
nominal,38,evaluated,2.56681059455,True,"[-0.4238796162414971, 0.6881052436564905, -0.18490054165957925, -0.14481840233087662, 0.6167457429820702]","[-0.44748351111417817, 0.7495584932886669, -0.18742944642192264, -0.17177055475257705, 0.665910208288002]","[[-0.6014921467870615, -0.2934748754412948], [0.5955498576157835, 0.9035671289615502], [-0.341438082094806, -0.0334208107490393], [-0.3257791904254604, -0.01776191907969371], [0.5119015726151186, 0.8199188439608853]]","[-0.22649003453399819, 0.5892506016112288, -0.22616107063910823, 0.03976878992214555]","[0.04, 0.06, 0.08, 0.1]","[0.0, 0.0, 0.0, 0.0]",1.2,0.6,0.0489874
extrapolation,38,evaluated,2.56681059455,True,"[-0.7, -0.5499999999999999, -0.39999999999999997, -0.25, 0.95]","[-0.7236038948726811, -0.4885467503678236, -0.4025289047623434, -0.27695215242170046, 0.9991644653059317]","[[-0.8776125305455644, -0.5695952591997977], [-0.6425553860407069, -0.3345381146949402], [-0.5565375404352267, -0.24852026908946004], [-0.4309607880945838, -0.12294351674881712], [0.8451558296330484, 1.0]]","[-0.2990644435086116, -0.2049091924869329, -0.3174772087351624, -0.010881879575428785]","[0.04, 0.06, 0.08, 0.1]","[0.0, 0.0, 0.0, 0.0]",1.2,0.6,0.0132599999999
proxy_shift,38,evaluated,2.56681059455,False,"[-0.4238796162414971, 0.6881052436564905, -0.18490054165957925, -0.14481840233087662, 0.6167457429820702]","[-0.4946913008595404, 0.8724649925530197, -0.1924872559466094, -0.22567485959597794, 0.7642391388998655]","[[-0.6486999365324237, -0.340682665186657], [0.7184563568801363, 1.0], [-0.34649589161949274, -0.03847862027372606], [-0.37968349526886125, -0.0716662239230946], [0.6102305032269821, 0.9182477745727489]]","[-0.22649003453399819, 0.5892506016112288, -0.22616107063910823, 0.03976878992214555]","[0.04, 0.06, 0.08, 0.1]","[0.0, 0.0, 0.0, 0.0]",1.2,0.6,0.0489150999999
understated_LH,38,evaluated,2.56681059455,True,"[-0.4238796162414971, 0.6881052436564905, -0.18490054165957925, -0.14481840233087662, 0.6167457429820702]","[-0.44748351111417817, 0.7495584932886669, -0.18742944642192264, -0.17177055475257705, 0.665910208288002]","[[-0.6014921467870615, -0.2934748754412948], [0.5955498576157835, 0.9035671289615502], [-0.341438082094806, -0.0334208107490393], [-0.3257791904254604, -0.01776191907969371], [0.5119015726151186, 0.8199188439608853]]","[-0.22649003453399819, 0.5892506016112288, -0.22616107063910823, 0.03976878992214555]","[0.04, 0.06, 0.08, 0.1]","[0.0, 0.0, 0.0, 0.0]",0.12,0.06,0.0433607
high_noise,38,evaluated,2.56681059455,True,"[-0.4238796162414971, 0.6881052436564905, -0.18490054165957925, -0.14481840233087662, 0.6167457429820702]","[-0.44748351111417817, 0.7495584932886669, -0.18742944642192264, -0.17177055475257705, 0.665910208288002]","[[-0.6014921467870615, -0.2934748754412948], [0.5955498576157835, 0.9035671289615502], [-0.341438082094806, -0.0334208107490393], [-0.3257791904254604, -0.01776191907969371], [0.5119015726151186, 0.8199188439608853]]","[-0.2786189215512214, 0.6579322166373629, -0.47711548810943305, 0.280505030771288]","[0.12, 0.18, 0.24, 0.30000000000000004]","[0.0, 0.0, 0.0, 0.0]",1.2,0.6,0.0384603
bounded_nuisance_bias,38,evaluated,2.56681059455,True,"[-0.4238796162414971, 0.6881052436564905, -0.18490054165957925, -0.14481840233087662, 0.6167457429820702]","[-0.44748351111417817, 0.7495584932886669, -0.18742944642192264, -0.17177055475257705, 0.665910208288002]","[[-0.6014921467870615, -0.2934748754412948], [0.5955498576157835, 0.9035671289615502], [-0.341438082094806, -0.0334208107490393], [-0.3257791904254604, -0.01776191907969371], [0.5119015726151186, 0.8199188439608853]]","[-0.2864900345339982, 0.6492506016112287, -0.28616107063910823, 0.09976878992214555]","[0.04, 0.06, 0.08, 0.1]","[0.06, 0.06, 0.06, 0.06]",1.2,0.6,0.0590334999999
nominal,39,evaluated,2.54431270798,True,"[-0.3105336558718291, -0.06413365771974644, 0.7054511396708372, -0.4837545628044536, 0.4010626645019413]","[-0.24280360394223582, -0.026790805163630443, 0.6453351423314764, -0.4191043107389021, 0.3455670754390972]","[[-0.39546236642131277, -0.09014484146315888], [-0.1794495676427074, 0.1258679573154465], [0.4926763798523994, 0.7979939048105533], [-0.571763073217979, -0.26644554825982514], [0.19290831296002026, 0.49822583791817415]]","[-0.16025468067542614, -0.1451876360061195, 0.6176554526976384, -0.1990761982449109]","[0.04, 0.06, 0.08, 0.1]","[0.0, 0.0, 0.0, 0.0]",1.2,0.6,0.0460167000001
extrapolation,39,evaluated,2.54431270798,True,"[-0.7, -0.5499999999999999, -0.39999999999999997, -0.25, 0.95]","[-0.6322699480704067, -0.5126571474438839, -0.4601159973393608, -0.1853497479344485, 0.8945044109371559]","[[-0.7849287105494837, -0.47961118559132976], [-0.6653159099229609, -0.35999838496480696], [-0.6127747598184378, -0.30745723486028387], [-0.3380085104135254, -0.03269098545537155], [0.741845648458079, 1.0]]","[-0.2758638325810658, -0.3471913791900257, -0.1469136242437287, -0.11027900367247716]","[0.04, 0.06, 0.08, 0.1]","[0.0, 0.0, 0.0, 0.0]",1.2,0.6,0.00880730000017
proxy_shift,39,evaluated,2.54431270798,False,"[-0.3105336558718291, -0.06413365771974644, 0.7054511396708372, -0.4837545628044536, 0.4010626645019413]","[-0.10734350008304938, 0.04789489994860155, 0.5251031476527547, -0.28980380660779914, 0.23457589731340908]","[[-0.26000226256212633, 0.04531526239602757], [-0.1047638625304754, 0.2005536624276785], [0.37244438517367773, 0.6777619101318316], [-0.4424625690868761, -0.1371450441287222], [0.08191713483433213, 0.38723465979248606]]","[-0.16025468067542614, -0.1451876360061195, 0.6176554526976384, -0.1990761982449109]","[0.04, 0.06, 0.08, 0.1]","[0.0, 0.0, 0.0, 0.0]",1.2,0.6,0.0525270000001
understated_LH,39,evaluated,2.54431270798,True,"[-0.3105336558718291, -0.06413365771974644, 0.7054511396708372, -0.4837545628044536, 0.4010626645019413]","[-0.24280360394223582, -0.026790805163630443, 0.6453351423314764, -0.4191043107389021, 0.3455670754390972]","[[-0.39546236642131277, -0.09014484146315888], [-0.1794495676427074, 0.1258679573154465], [0.4926763798523994, 0.7979939048105533], [-0.571763073217979, -0.26644554825982514], [0.19290831296002026, 0.49822583791817415]]","[-0.16025468067542614, -0.1451876360061195, 0.6176554526976384, -0.1990761982449109]","[0.04, 0.06, 0.08, 0.1]","[0.0, 0.0, 0.0, 0.0]",0.12,0.06,0.0159973000002
high_noise,39,evaluated,2.54431270798,True,"[-0.3105336558718291, -0.06413365771974644, 0.7054511396708372, -0.4837545628044536, 0.4010626645019413]","[-0.24280360394223582, -0.026790805163630443, 0.6453351423314764, -0.4191043107389021, 0.3455670754390972]","[[-0.39546236642131277, -0.09014484146315888], [-0.1794495676427074, 0.1258679573154465], [0.4926763798523994, 0.7979939048105533], [-0.571763073217979, -0.26644554825982514], [0.19290831296002026, 0.49822583791817415]]","[-0.16598234583755767, -0.36107039438617095, 0.707828204210181, -0.15713420558986524]","[0.12, 0.18, 0.24, 0.30000000000000004]","[0.0, 0.0, 0.0, 0.0]",1.2,0.6,0.0563224999999
bounded_nuisance_bias,39,evaluated,2.54431270798,True,"[-0.3105336558718291, -0.06413365771974644, 0.7054511396708372, -0.4837545628044536, 0.4010626645019413]","[-0.24280360394223582, -0.026790805163630443, 0.6453351423314764, -0.4191043107389021, 0.3455670754390972]","[[-0.39546236642131277, -0.09014484146315888], [-0.1794495676427074, 0.1258679573154465], [0.4926763798523994, 0.7979939048105533], [-0.571763073217979, -0.26644554825982514], [0.19290831296002026, 0.49822583791817415]]","[-0.22025468067542614, -0.0851876360061195, 0.5576554526976385, -0.1390761982449109]","[0.04, 0.06, 0.08, 0.1]","[0.06, 0.06, 0.06, 0.06]",1.2,0.6,0.0477470000001
nominal,40,evaluated,2.69305357042,True,"[0.40027650238415324, 0.09962739940724852, 0.7680182387212513, -0.3432023790945172, -0.1081784158756518]","[0.41695368247391457, 0.08063814720719864, 0.8409460497220913, -0.34284778542142175, -0.1544725303019523]","[[0.25537046824883647, 0.5785368966989927], [-0.08094506701787943, 0.2422213614322767], [0.6793628354970133, 1.0], [-0.5044309996464998, -0.18126457119634368], [-0.31605574452703034, 0.007110683923125777]]","[0.30568145166941313, 0.08705971276746202, 0.6864604050276508, -0.24963033055692602]","[0.04, 0.06, 0.08, 0.1]","[0.0, 0.0, 0.0, 0.0]",1.2,0.6,0.0504288999998
extrapolation,40,evaluated,2.69305357042,True,"[-0.7, -0.5499999999999999, -0.39999999999999997, -0.25, 0.95]","[-0.6833228199102387, -0.5689892522000498, -0.32707218899916, -0.24964540632690457, 0.9037058855736995]","[[-0.8449060341353167, -0.5217396056851606], [-0.7305724664251279, -0.40740603797497177], [-0.48865540322423806, -0.16548897477408195], [-0.4112286205519826, -0.0880621921018265], [0.7421226713486214, 1.0]]","[-0.25555083326934613, -0.21494441249068247, -0.1433061427076478, -0.2102952650050567]","[0.04, 0.06, 0.08, 0.1]","[0.0, 0.0, 0.0, 0.0]",1.2,0.6,0.0132447000001
proxy_shift,40,evaluated,2.69305357042,False,"[0.40027650238415324, 0.09962739940724852, 0.7680182387212513, -0.3432023790945172, -0.1081784158756518]","[0.4503080426534372, 0.042659642807098906, 0.9868016717237711, -0.3421385980752309, -0.24706075915455325]","[[0.2887248284283591, 0.6118912568785153], [-0.11892357141797916, 0.20424285703217698], [0.825218457498693, 1.0], [-0.503721812300309, -0.18055538385015282], [-0.4086439733796313, -0.08547754492947518]]","[0.30568145166941313, 0.08705971276746202, 0.6864604050276508, -0.24963033055692602]","[0.04, 0.06, 0.08, 0.1]","[0.0, 0.0, 0.0, 0.0]",1.2,0.6,0.0478618
understated_LH,40,evaluated,2.69305357042,True,"[0.40027650238415324, 0.09962739940724852, 0.7680182387212513, -0.3432023790945172, -0.1081784158756518]","[0.41695368247391457, 0.08063814720719864, 0.8409460497220913, -0.34284778542142175, -0.1544725303019523]","[[0.25537046824883647, 0.5785368966989927], [-0.08094506701787943, 0.2422213614322767], [0.6793628354970133, 1.0], [-0.5044309996464998, -0.18126457119634368], [-0.31605574452703034, 0.007110683923125777]]","[0.30568145166941313, 0.08705971276746202, 0.6864604050276508, -0.24963033055692602]","[0.04, 0.06, 0.08, 0.1]","[0.0, 0.0, 0.0, 0.0]",0.12,0.06,0.0158891000001
high_noise,40,evaluated,2.69305357042,True,"[0.40027650238415324, 0.09962739940724852, 0.7680182387212513, -0.3432023790945172, -0.1081784158756518]","[0.41695368247391457, 0.08063814720719864, 0.8409460497220913, -0.34284778542142175, -0.1544725303019523]","[[0.25537046824883647, 0.5785368966989927], [-0.08094506701787943, 0.2422213614322767], [0.6793628354970133, 1.0], [-0.5044309996464998, -0.18126457119634368], [-0.31605574452703034, 0.007110683923125777]]","[0.34057978513072085, 0.13567088778609698, 0.7838481196123552, -0.4077208605670394]","[0.12, 0.18, 0.24, 0.30000000000000004]","[0.0, 0.0, 0.0, 0.0]",1.2,0.6,0.0719151999999
bounded_nuisance_bias,40,evaluated,2.69305357042,True,"[0.40027650238415324, 0.09962739940724852, 0.7680182387212513, -0.3432023790945172, -0.1081784158756518]","[0.41695368247391457, 0.08063814720719864, 0.8409460497220913, -0.34284778542142175, -0.1544725303019523]","[[0.25537046824883647, 0.5785368966989927], [-0.08094506701787943, 0.2422213614322767], [0.6793628354970133, 1.0], [-0.5044309996464998, -0.18126457119634368], [-0.31605574452703034, 0.007110683923125777]]","[0.24568145166941313, 0.14705971276746202, 0.6264604050276508, -0.18963033055692602]","[0.04, 0.06, 0.08, 0.1]","[0.06, 0.06, 0.06, 0.06]",1.2,0.6,0.0509670000001
nominal,41,evaluated,2.53276218347,True,"[-0.4964332304869459, 0.3034907834299072, -0.5355007144456956, 0.2206033720265319, 0.7166153696195321]","[-0.48879072046310806, 0.27769815120555746, -0.48862378655591027, 0.22180064043236167, 0.7076504835454647]","[[-0.6407564514713899, -0.3368249894548262], [0.12573242019727562, 0.42966388221383933], [-0.6405895175641921, -0.3366580555476284], [0.06983490942407983, 0.3737663714406435], [0.5556847525371829, 0.8596162145537465]]","[-0.2302373418273922, 0.2778935730156203, -0.31554221371957364, 0.2951803926497716]","[0.04, 0.06, 0.08, 0.1]","[0.0, 0.0, 0.0, 0.0]",1.2,0.6,0.010188
extrapolation,41,evaluated,2.53276218347,True,"[-0.7, -0.5499999999999999, -0.39999999999999997, -0.25, 0.95]","[-0.6923574899761621, -0.5757926322243496, -0.35312307211021465, -0.24880273159417024, 0.9410351139259325]","[[-0.8443232209844439, -0.5403917589678803], [-0.7277583632326314, -0.4238269012160678], [-0.5050888031184965, -0.2011573411019328], [-0.4007684626024521, -0.0968370005858884], [0.7890693829176507, 1.0]]","[-0.27931118923473625, -0.17108289373039365, -0.2722700896037114, 0.016968615109009516]","[0.04, 0.06, 0.08, 0.1]","[0.0, 0.0, 0.0, 0.0]",1.2,0.6,0.0135108000002
proxy_shift,41,evaluated,2.53276218347,True,"[-0.4964332304869459, 0.3034907834299072, -0.5355007144456956, 0.2206033720265319, 0.7166153696195321]","[-0.4735057004154324, 0.22611288675685798, -0.3948699307763396, 0.22419517724402122, 0.6897207113973298]","[[-0.6254714314237142, -0.32153996940715057], [0.07414715574857614, 0.37807861776513985], [-0.5468356617846214, -0.24290419976805774], [0.07222944623573938, 0.3761609082523031], [0.537754980389048, 0.8416864424056116]]","[-0.2302373418273922, 0.2778935730156203, -0.31554221371957364, 0.2951803926497716]","[0.04, 0.06, 0.08, 0.1]","[0.0, 0.0, 0.0, 0.0]",1.2,0.6,0.0108620999999
understated_LH,41,evaluated,2.53276218347,True,"[-0.4964332304869459, 0.3034907834299072, -0.5355007144456956, 0.2206033720265319, 0.7166153696195321]","[-0.48879072046310806, 0.27769815120555746, -0.48862378655591027, 0.22180064043236167, 0.7076504835454647]","[[-0.6407564514713899, -0.3368249894548262], [0.12573242019727562, 0.42966388221383933], [-0.6405895175641921, -0.3366580555476284], [0.06983490942407983, 0.3737663714406435], [0.5556847525371829, 0.8596162145537465]]","[-0.2302373418273922, 0.2778935730156203, -0.31554221371957364, 0.2951803926497716]","[0.04, 0.06, 0.08, 0.1]","[0.0, 0.0, 0.0, 0.0]",0.12,0.06,0.0125426
high_noise,41,evaluated,2.53276218347,True,"[-0.4964332304869459, 0.3034907834299072, -0.5355007144456956, 0.2206033720265319, 0.7166153696195321]","[-0.48879072046310806, 0.27769815120555746, -0.48862378655591027, 0.22180064043236167, 0.7076504835454647]","[[-0.6407564514713899, -0.3368249894548262], [0.12573242019727562, 0.42966388221383933], [-0.6405895175641921, -0.3366580555476284], [0.06983490942407983, 0.3737663714406435], [0.5556847525371829, 0.8596162145537465]]","[-0.24285972029686465, 0.414227785554833, -0.47608239292699644, 0.5916176228677907]","[0.12, 0.18, 0.24, 0.30000000000000004]","[0.0, 0.0, 0.0, 0.0]",1.2,0.6,0.00804849999986
bounded_nuisance_bias,41,evaluated,2.53276218347,True,"[-0.4964332304869459, 0.3034907834299072, -0.5355007144456956, 0.2206033720265319, 0.7166153696195321]","[-0.48879072046310806, 0.27769815120555746, -0.48862378655591027, 0.22180064043236167, 0.7076504835454647]","[[-0.6407564514713899, -0.3368249894548262], [0.12573242019727562, 0.42966388221383933], [-0.6405895175641921, -0.3366580555476284], [0.06983490942407983, 0.3737663714406435], [0.5556847525371829, 0.8596162145537465]]","[-0.2902373418273922, 0.3378935730156203, -0.37554221371957364, 0.3551803926497716]","[0.04, 0.06, 0.08, 0.1]","[0.06, 0.06, 0.06, 0.06]",1.2,0.6,0.0101050999999
nominal,42,evaluated,2.32250825858,True,"[-0.027026274458440747, -0.08970505405329754, 0.016650514490843427, 0.3818227749428349, -0.02689969165111461]","[-0.10028490436717247, -0.09514322705600671, 0.02824892747546188, 0.29333875698350775, -0.006241999937178215]","[[-0.23963539988226953, 0.0390655911479246], [-0.2344937225711038, 0.04420726845909036], [-0.1111015680396352, 0.16759942299055894], [0.1539882614684107, 0.4326892524986048], [-0.1455924954522753, 0.13310849557791885]]","[0.02309721300461741, 0.0642077771127159, 0.04081744490799226, 0.2345537101793932]","[0.04, 0.06, 0.08, 0.1]","[0.0, 0.0, 0.0, 0.0]",1.2,0.6,0.0511896
extrapolation,42,evaluated,2.32250825858,True,"[-0.7, -0.5499999999999999, -0.39999999999999997, -0.25, 0.95]","[-0.7732586299087316, -0.5554381730027091, -0.3884015870153815, -0.33848401795932714, 0.9706576917139363]","[[-0.9126091254238287, -0.6339081343936346], [-0.6947886685178062, -0.4160876774876121], [-0.5277520825304786, -0.24905109150028445], [-0.4778345134744242, -0.19913352244423008], [0.8313071961988393, 1.0]]","[-0.23390614817364905, -0.12363328947211705, -0.1612560356763567, -0.16952654422582175]","[0.04, 0.06, 0.08, 0.1]","[0.0, 0.0, 0.0, 0.0]",1.2,0.6,0.0197919
proxy_shift,42,evaluated,2.32250825858,False,"[-0.027026274458440747, -0.08970505405329754, 0.016650514490843427, 0.3818227749428349, -0.02689969165111461]","[-0.2468021641846359, -0.10601957306142507, 0.051445753444698775, 0.11637072106485352, 0.035073383490694575]","[[-0.386152659699733, -0.10745166866953884], [-0.24537006857652213, 0.033330922453672], [-0.08790474207039829, 0.19079624895979586], [-0.022979774450243545, 0.2557212165799506], [-0.10427711202440249, 0.17442387900579165]]","[0.02309721300461741, 0.0642077771127159, 0.04081744490799226, 0.2345537101793932]","[0.04, 0.06, 0.08, 0.1]","[0.0, 0.0, 0.0, 0.0]",1.2,0.6,0.0558546
understated_LH,42,evaluated,2.32250825858,True,"[-0.027026274458440747, -0.08970505405329754, 0.016650514490843427, 0.3818227749428349, -0.02689969165111461]","[-0.10028490436717247, -0.09514322705600671, 0.02824892747546188, 0.29333875698350775, -0.006241999937178215]","[[-0.23963539988226953, 0.0390655911479246], [-0.2344937225711038, 0.04420726845909036], [-0.1111015680396352, 0.16759942299055894], [0.1539882614684107, 0.4326892524986048], [-0.1455924954522753, 0.13310849557791885]]","[0.02309721300461741, 0.0642077771127159, 0.04081744490799226, 0.2345537101793932]","[0.04, 0.06, 0.08, 0.1]","[0.0, 0.0, 0.0, 0.0]",0.12,0.06,0.0125494000001
high_noise,42,evaluated,2.32250825858,True,"[-0.027026274458440747, -0.08970505405329754, 0.016650514490843427, 0.3818227749428349, -0.02689969165111461]","[-0.10028490436717247, -0.09514322705600671, 0.02824892747546188, 0.29333875698350775, -0.006241999937178215]","[[-0.23963539988226953, 0.0390655911479246], [-0.2344937225711038, 0.04420726845909036], [-0.1111015680396352, 0.16759942299055894], [0.1539882614684107, 0.4326892524986048], [-0.1455924954522753, 0.13310849557791885]]","[0.10128491665731934, 0.29544119816848174, 0.10230537355527879, 0.15800062172774967]","[0.12, 0.18, 0.24, 0.30000000000000004]","[0.0, 0.0, 0.0, 0.0]",1.2,0.6,0.0106725000001
bounded_nuisance_bias,42,evaluated,2.32250825858,True,"[-0.027026274458440747, -0.08970505405329754, 0.016650514490843427, 0.3818227749428349, -0.02689969165111461]","[-0.10028490436717247, -0.09514322705600671, 0.02824892747546188, 0.29333875698350775, -0.006241999937178215]","[[-0.23963539988226953, 0.0390655911479246], [-0.2344937225711038, 0.04420726845909036], [-0.1111015680396352, 0.16759942299055894], [0.1539882614684107, 0.4326892524986048], [-0.1455924954522753, 0.13310849557791885]]","[-0.03690278699538259, 0.1242077771127159, -0.01918255509200774, 0.2945537101793932]","[0.04, 0.06, 0.08, 0.1]","[0.06, 0.06, 0.06, 0.06]",1.2,0.6,0.0514736
nominal,43,evaluated,2.65363433234,True,"[-0.5172748083390803, 0.44485309918988913, -0.20941760523144948, -0.3685673142164653, -0.6570752934944653]","[-0.49450786604923014, 0.523749074518085, -0.24615204359459195, -0.34019479924487733, -0.6410964413253227]","[[-0.6537259259895903, -0.33528980610886994], [0.36453101457772474, 0.6829671344584451], [-0.4053701035349522, -0.08693398365423172], [-0.4994128591852376, -0.1809767393045171], [-0.8003145012656829, -0.48187838138496253]]","[-0.2060611820991359, 0.35946265843010466, -0.10387721976062962, -0.0616609272354095]","[0.04, 0.06, 0.08, 0.1]","[0.0, 0.0, 0.0, 0.0]",1.2,0.6,0.00676920000001
extrapolation,43,evaluated,2.65363433234,True,"[-0.7, -0.5499999999999999, -0.39999999999999997, -0.25, 0.95]","[-0.6772330577101497, -0.4711040246718041, -0.43673443836314246, -0.221627485028412, 0.9659788521691425]","[[-0.83645111765051, -0.5180149977697895], [-0.6303220846121643, -0.3118859647314439], [-0.5959524983035027, -0.2775163784227822], [-0.3808455449687722, -0.06240942508805178], [0.8067607922287823, 1.0]]","[-0.2489682652983574, -0.2060674850414836, -0.18338337663602247, -0.012523098238151925]","[0.04, 0.06, 0.08, 0.1]","[0.0, 0.0, 0.0, 0.0]",1.2,0.6,0.00918769999998
proxy_shift,43,evaluated,2.65363433234,False,"[-0.5172748083390803, 0.44485309918988913, -0.20941760523144948, -0.3685673142164653, -0.6570752934944653]","[-0.4489739814695297, 0.6815410251744765, -0.3196209203208769, -0.2834497693017013, -0.6091387369870378]","[[-0.6081920414098899, -0.2897559215291695], [0.5223229652341163, 0.8407590851148367], [-0.47883898026123717, -0.16040286038051668], [-0.4426678292420615, -0.12423170936134106], [-0.768356796927398, -0.4499206770466776]]","[-0.2060611820991359, 0.35946265843010466, -0.10387721976062962, -0.0616609272354095]","[0.04, 0.06, 0.08, 0.1]","[0.0, 0.0, 0.0, 0.0]",1.2,0.6,0.00626489999991
understated_LH,43,evaluated,2.65363433234,True,"[-0.5172748083390803, 0.44485309918988913, -0.20941760523144948, -0.3685673142164653, -0.6570752934944653]","[-0.49450786604923014, 0.523749074518085, -0.24615204359459195, -0.34019479924487733, -0.6410964413253227]","[[-0.6537259259895903, -0.33528980610886994], [0.36453101457772474, 0.6829671344584451], [-0.4053701035349522, -0.08693398365423172], [-0.4994128591852376, -0.1809767393045171], [-0.8003145012656829, -0.48187838138496253]]","[-0.2060611820991359, 0.35946265843010466, -0.10387721976062962, -0.0616609272354095]","[0.04, 0.06, 0.08, 0.1]","[0.0, 0.0, 0.0, 0.0]",0.12,0.06,0.00624890000017
high_noise,43,evaluated,2.65363433234,True,"[-0.5172748083390803, 0.44485309918988913, -0.20941760523144948, -0.3685673142164653, -0.6570752934944653]","[-0.49450786604923014, 0.523749074518085, -0.24615204359459195, -0.34019479924487733, -0.6410964413253227]","[[-0.6537259259895903, -0.33528980610886994], [0.36453101457772474, 0.6829671344584451], [-0.4053701035349522, -0.08693398365423172], [-0.4994128591852376, -0.1809767393045171], [-0.8003145012656829, -0.48187838138496253]]","[-0.1579977126958506, 0.4258276883471374, -0.08664397303267461, 0.17579287628828671]","[0.12, 0.18, 0.24, 0.30000000000000004]","[0.0, 0.0, 0.0, 0.0]",1.2,0.6,0.00543730000004
bounded_nuisance_bias,43,evaluated,2.65363433234,True,"[-0.5172748083390803, 0.44485309918988913, -0.20941760523144948, -0.3685673142164653, -0.6570752934944653]","[-0.49450786604923014, 0.523749074518085, -0.24615204359459195, -0.34019479924487733, -0.6410964413253227]","[[-0.6537259259895903, -0.33528980610886994], [0.36453101457772474, 0.6829671344584451], [-0.4053701035349522, -0.08693398365423172], [-0.4994128591852376, -0.1809767393045171], [-0.8003145012656829, -0.48187838138496253]]","[-0.2660611820991359, 0.41946265843010466, -0.16387721976062963, -0.001660927235409504]","[0.04, 0.06, 0.08, 0.1]","[0.06, 0.06, 0.06, 0.06]",1.2,0.6,0.00621020000017
nominal,44,evaluated,2.52317195883,True,"[-0.3634730658253899, -0.14563580050935587, -0.5724990280781784, 0.14783127345276914, -0.005078844663717996]","[-0.2814906750575956, -0.12553668181211675, -0.6865935563952936, 0.11410524498696811, -0.014919700275083027]","[[-0.4328809925872129, -0.13010035752797833], [-0.27692699934173404, 0.025853635717500545], [-0.8379838739249109, -0.5352032388656763], [-0.03728507254264918, 0.2654955625165854], [-0.1663100178047003, 0.13647061725453427]]","[-0.20375636566748162, -0.1462548033306169, -0.40853972228967594, 0.2034403186171953]","[0.04, 0.06, 0.08, 0.1]","[0.0, 0.0, 0.0, 0.0]",1.2,0.6,0.0521300999999
extrapolation,44,evaluated,2.52317195883,True,"[-0.7, -0.5499999999999999, -0.39999999999999997, -0.25, 0.95]","[-0.6180176092322056, -0.5299008813027608, -0.5140945283171152, -0.28372602846580103, 0.9401591443886349]","[[-0.7694079267618229, -0.4666272917025883], [-0.6812911988323781, -0.3785105637731435], [-0.6654848458467325, -0.3627042107874979], [-0.4351163459954183, -0.13233571093618374], [0.7887688268590176, 1.0]]","[-0.29830632704640014, -0.30448625894200365, -0.35536684658790657, -0.02306467107766641]","[0.04, 0.06, 0.08, 0.1]","[0.0, 0.0, 0.0, 0.0]",1.2,0.6,0.00982269999986
proxy_shift,44,evaluated,2.52317195883,False,"[-0.3634730658253899, -0.14563580050935587, -0.5724990280781784, 0.14783127345276914, -0.005078844663717996]","[-0.11752589352200704, -0.0853384444176385, -0.9147826130295241, 0.04665318805536606, -0.03460141149781309]","[[-0.26891621105162433, 0.03386442400761025], [-0.23672876194725578, 0.06605187311197878], [-1.0, -0.7633922954999068], [-0.10473712947425123, 0.19804350558498335], [-0.18599172902743039, 0.1167889060318042]]","[-0.20375636566748162, -0.1462548033306169, -0.40853972228967594, 0.2034403186171953]","[0.04, 0.06, 0.08, 0.1]","[0.0, 0.0, 0.0, 0.0]",1.2,0.6,0.0597212
understated_LH,44,evaluated,2.52317195883,True,"[-0.3634730658253899, -0.14563580050935587, -0.5724990280781784, 0.14783127345276914, -0.005078844663717996]","[-0.2814906750575956, -0.12553668181211675, -0.6865935563952936, 0.11410524498696811, -0.014919700275083027]","[[-0.4328809925872129, -0.13010035752797833], [-0.27692699934173404, 0.025853635717500545], [-0.8379838739249109, -0.5352032388656763], [-0.03728507254264918, 0.2654955625165854], [-0.1663100178047003, 0.13647061725453427]]","[-0.20375636566748162, -0.1462548033306169, -0.40853972228967594, 0.2034403186171953]","[0.04, 0.06, 0.08, 0.1]","[0.0, 0.0, 0.0, 0.0]",0.12,0.06,0.0112675
high_noise,44,evaluated,2.52317195883,True,"[-0.3634730658253899, -0.14563580050935587, -0.5724990280781784, 0.14783127345276914, -0.005078844663717996]","[-0.2814906750575956, -0.12553668181211675, -0.6865935563952936, 0.11410524498696811, -0.014919700275083027]","[[-0.4328809925872129, -0.13010035752797833], [-0.27692699934173404, 0.025853635717500545], [-0.8379838739249109, -0.5352032388656763], [-0.03728507254264918, 0.2654955625165854], [-0.1663100178047003, 0.13647061725453427]]","[-0.25436901976028187, -0.2767273212146243, -0.7352734154654892, 0.4198109764618625]","[0.12, 0.18, 0.24, 0.30000000000000004]","[0.0, 0.0, 0.0, 0.0]",1.2,0.6,0.0118546000001
bounded_nuisance_bias,44,evaluated,2.52317195883,True,"[-0.3634730658253899, -0.14563580050935587, -0.5724990280781784, 0.14783127345276914, -0.005078844663717996]","[-0.2814906750575956, -0.12553668181211675, -0.6865935563952936, 0.11410524498696811, -0.014919700275083027]","[[-0.4328809925872129, -0.13010035752797833], [-0.27692699934173404, 0.025853635717500545], [-0.8379838739249109, -0.5352032388656763], [-0.03728507254264918, 0.2654955625165854], [-0.1663100178047003, 0.13647061725453427]]","[-0.2637563656674816, -0.08625480333061691, -0.46853972228967594, 0.2634403186171953]","[0.04, 0.06, 0.08, 0.1]","[0.06, 0.06, 0.06, 0.06]",1.2,0.6,0.0511959
nominal,45,evaluated,2.55494360006,True,"[0.4159263108412683, -0.440270158879574, 0.08454655320583271, 0.35304260323015635, -0.5362930168835414]","[0.379538887007775, -0.49703535318885045, 0.07983290004088894, 0.3043667165417649, -0.4649532654630986]","[[0.2262422710043029, 0.532835503011247], [-0.6503319691923226, -0.34373873718537834], [-0.07346371596258316, 0.23312951604436105], [0.15107010053829278, 0.457663332545237], [-0.6182498814665707, -0.3116566494596265]]","[0.2796935391703991, -0.1400408935795992, 0.019424096943951474, 0.18499952412131587]","[0.04, 0.06, 0.08, 0.1]","[0.0, 0.0, 0.0, 0.0]",1.2,0.6,0.0453884999999
extrapolation,45,evaluated,2.55494360006,True,"[-0.7, -0.5499999999999999, -0.39999999999999997, -0.25, 0.95]","[-0.7363874238334933, -0.6067651943092763, -0.40471365316494373, -0.29867588668839146, 1.0]","[[-0.8896840398369654, -0.5830908078300212], [-0.7600618103127484, -0.4534685783058042], [-0.5580102691684159, -0.2514170371614716], [-0.45197250269186356, -0.14537927068491935], [0.8467033839965279, 1.0]]","[-0.2947606561493701, -0.17328014209180836, -0.22544827087724412, -0.1954677617254356]","[0.04, 0.06, 0.08, 0.1]","[0.0, 0.0, 0.0, 0.0]",1.2,0.6,0.0129007
proxy_shift,45,evaluated,2.55494360006,False,"[0.4159263108412683, -0.440270158879574, 0.08454655320583271, 0.35304260323015635, -0.5362930168835414]","[0.30676403934078833, -0.6105657418074033, 0.07040559371100143, 0.20701494316498192, -0.32227376262221313]","[[0.15346742333731622, 0.46006065534426044], [-0.7638623578108754, -0.4572691258039312], [-0.08289102229247068, 0.22370220971447352], [0.053718327161509816, 0.36031155916845403], [-0.47557037862568524, -0.16897714661874103]]","[0.2796935391703991, -0.1400408935795992, 0.019424096943951474, 0.18499952412131587]","[0.04, 0.06, 0.08, 0.1]","[0.0, 0.0, 0.0, 0.0]",1.2,0.6,0.0393213
understated_LH,45,evaluated,2.55494360006,True,"[0.4159263108412683, -0.440270158879574, 0.08454655320583271, 0.35304260323015635, -0.5362930168835414]","[0.379538887007775, -0.49703535318885045, 0.07983290004088894, 0.3043667165417649, -0.4649532654630986]","[[0.2262422710043029, 0.532835503011247], [-0.6503319691923226, -0.34373873718537834], [-0.07346371596258316, 0.23312951604436105], [0.15107010053829278, 0.457663332545237], [-0.6182498814665707, -0.3116566494596265]]","[0.2796935391703991, -0.1400408935795992, 0.019424096943951474, 0.18499952412131587]","[0.04, 0.06, 0.08, 0.1]","[0.0, 0.0, 0.0, 0.0]",0.12,0.06,0.0521060999999
high_noise,45,evaluated,2.55494360006,True,"[0.4159263108412683, -0.440270158879574, 0.08454655320583271, 0.35304260323015635, -0.5362930168835414]","[0.379538887007775, -0.49703535318885045, 0.07983290004088894, 0.3043667165417649, -0.4649532654630986]","[[0.2262422710043029, 0.532835503011247], [-0.6503319691923226, -0.34373873718537834], [-0.07346371596258316, 0.23312951604436105], [0.15107010053829278, 0.457663332545237], [-0.6182498814665707, -0.3116566494596265]]","[0.23617222687165898, -0.008101177763216033, -0.04747244481053682, 0.056564000670444675]","[0.12, 0.18, 0.24, 0.30000000000000004]","[0.0, 0.0, 0.0, 0.0]",1.2,0.6,0.0399554000001
bounded_nuisance_bias,45,evaluated,2.55494360006,True,"[0.4159263108412683, -0.440270158879574, 0.08454655320583271, 0.35304260323015635, -0.5362930168835414]","[0.379538887007775, -0.49703535318885045, 0.07983290004088894, 0.3043667165417649, -0.4649532654630986]","[[0.2262422710043029, 0.532835503011247], [-0.6503319691923226, -0.34373873718537834], [-0.07346371596258316, 0.23312951604436105], [0.15107010053829278, 0.457663332545237], [-0.6182498814665707, -0.3116566494596265]]","[0.21969353917039908, -0.0800408935795992, -0.04057590305604852, 0.24499952412131587]","[0.04, 0.06, 0.08, 0.1]","[0.06, 0.06, 0.06, 0.06]",1.2,0.6,0.0415026999999
nominal,46,evaluated,2.56609822277,True,"[-0.14569279837132854, -0.13285251704644363, 0.4154011863985978, 0.34206076463052404, 0.6402181311996342]","[-0.08986148446877723, -0.0681031020594601, 0.4744925404685797, 0.377075409556979, 0.6474438646452124]","[[-0.2438273778351102, 0.06410440889755573], [-0.22206899542579306, 0.08586279130687285], [0.32052664710224676, 0.6284584338349126], [0.22310951619064603, 0.531041302923312], [0.4934779712788795, 0.8014097580115453]]","[-0.11361255816722163, -0.08047015141255359, 0.352795934843103, 0.429082934264599]","[0.04, 0.06, 0.08, 0.1]","[0.0, 0.0, 0.0, 0.0]",1.2,0.6,0.0109474999999
extrapolation,46,evaluated,2.56609822277,True,"[-0.7, -0.5499999999999999, -0.39999999999999997, -0.25, 0.95]","[-0.6441686860974487, -0.48525058501301643, -0.3409086459300181, -0.21498535507354508, 0.9572257334455782]","[[-0.7981345794637816, -0.4902027927311158], [-0.6392164783793494, -0.3312846916466835], [-0.49487453929635106, -0.18694275256368512], [-0.36895124843987803, -0.06101946170721212], [0.8032598400792452, 1.0]]","[-0.30556479659360514, -0.24530357857036006, -0.14021222069446443, 0.0574948054763989]","[0.04, 0.06, 0.08, 0.1]","[0.0, 0.0, 0.0, 0.0]",1.2,0.6,0.0128070000001
proxy_shift,46,evaluated,2.56609822277,False,"[-0.14569279837132854, -0.13285251704644363, 0.4154011863985978, 0.34206076463052404, 0.6402181311996342]","[0.02180114333632535, 0.06139572791450695, 0.5926752486085434, 0.44710469940988884, 0.6618953315363689]","[[-0.1321647500300076, 0.1757670367026583], [-0.092570165451826, 0.2153616212808399], [0.43870935524221044, 0.7466411419748763], [0.2931388060435559, 0.6010705927762218], [0.507929438170036, 0.8158612249027019]]","[-0.11361255816722163, -0.08047015141255359, 0.352795934843103, 0.429082934264599]","[0.04, 0.06, 0.08, 0.1]","[0.0, 0.0, 0.0, 0.0]",1.2,0.6,0.0102595999999
understated_LH,46,evaluated,2.56609822277,True,"[-0.14569279837132854, -0.13285251704644363, 0.4154011863985978, 0.34206076463052404, 0.6402181311996342]","[-0.08986148446877723, -0.0681031020594601, 0.4744925404685797, 0.377075409556979, 0.6474438646452124]","[[-0.2438273778351102, 0.06410440889755573], [-0.22206899542579306, 0.08586279130687285], [0.32052664710224676, 0.6284584338349126], [0.22310951619064603, 0.531041302923312], [0.4934779712788795, 0.8014097580115453]]","[-0.11361255816722163, -0.08047015141255359, 0.352795934843103, 0.429082934264599]","[0.04, 0.06, 0.08, 0.1]","[0.0, 0.0, 0.0, 0.0]",0.12,0.06,0.0127255
high_noise,46,evaluated,2.56609822277,True,"[-0.14569279837132854, -0.13285251704644363, 0.4154011863985978, 0.34206076463052404, 0.6402181311996342]","[-0.08986148446877723, -0.0681031020594601, 0.4744925404685797, 0.377075409556979, 0.6474438646452124]","[[-0.2438273778351102, 0.06410440889755573], [-0.22206899542579306, 0.08586279130687285], [0.32052664710224676, 0.6284584338349126], [0.22310951619064603, 0.531041302923312], [0.4934779712788795, 0.8014097580115453]]","[-0.17874215135443178, -0.09257730855327377, 0.4563714934541741, 0.8065725452173969]","[0.12, 0.18, 0.24, 0.30000000000000004]","[0.0, 0.0, 0.0, 0.0]",1.2,0.6,0.0108812000001
bounded_nuisance_bias,46,evaluated,2.56609822277,True,"[-0.14569279837132854, -0.13285251704644363, 0.4154011863985978, 0.34206076463052404, 0.6402181311996342]","[-0.08986148446877723, -0.0681031020594601, 0.4744925404685797, 0.377075409556979, 0.6474438646452124]","[[-0.2438273778351102, 0.06410440889755573], [-0.22206899542579306, 0.08586279130687285], [0.32052664710224676, 0.6284584338349126], [0.22310951619064603, 0.531041302923312], [0.4934779712788795, 0.8014097580115453]]","[-0.17361255816722163, -0.020470151412553594, 0.292795934843103, 0.489082934264599]","[0.04, 0.06, 0.08, 0.1]","[0.06, 0.06, 0.06, 0.06]",1.2,0.6,0.0114355000001
nominal,47,evaluated,2.65547023793,True,"[0.4319736285016582, 0.6398104671864127, -0.06305567046566785, 0.6465953281320196, 0.2716685836817432]","[0.44210042393280896, 0.6629006359789981, -0.04702545579583561, 0.5924227058698657, 0.2501744134969369]","[[0.28277220965727073, 0.6014286382083471], [0.5035724217034598, 0.8222288502545363], [-0.20635367007137384, 0.11230275847970261], [0.43309449159432745, 0.7517509201454039], [0.0908461992213987, 0.40950262777247515]]","[0.319017889088016, 0.4593561292138734, -0.009128628584100497, 0.3931483174033962]","[0.04, 0.06, 0.08, 0.1]","[0.0, 0.0, 0.0, 0.0]",1.2,0.6,0.0430423
extrapolation,47,evaluated,2.65547023793,True,"[-0.7, -0.5499999999999999, -0.39999999999999997, -0.25, 0.95]","[-0.6898732045688492, -0.5269098312074145, -0.38396978533016773, -0.30417262226215397, 0.9285058298151937]","[[-0.8492014188443874, -0.5305449902933109], [-0.6862380454829528, -0.3675816169318763], [-0.5432979996057059, -0.2246415710546295], [-0.4635008365376922, -0.14484440798661574], [0.7691776155396555, 1.0]]","[-0.26914665272924554, -0.28658738127436284, -0.16448803157806224, -0.2514845349844618]","[0.04, 0.06, 0.08, 0.1]","[0.0, 0.0, 0.0, 0.0]",1.2,0.6,0.0144362999999
proxy_shift,47,evaluated,2.65547023793,False,"[0.4319736285016582, 0.6398104671864127, -0.06305567046566785, 0.6465953281320196, 0.2716685836817432]","[0.4623540147951105, 0.709080973564169, -0.014965026456171163, 0.48407746134555774, 0.2071860731273244]","[[0.3030258005195723, 0.6216822290706487], [0.5497527592886308, 0.8684091878397072], [-0.17429324073170938, 0.14436318781936708], [0.3247492470700195, 0.643405675621096], [0.04785785885178617, 0.3665142874028626]]","[0.319017889088016, 0.4593561292138734, -0.009128628584100497, 0.3931483174033962]","[0.04, 0.06, 0.08, 0.1]","[0.0, 0.0, 0.0, 0.0]",1.2,0.6,0.0475136
understated_LH,47,evaluated,2.65547023793,True,"[0.4319736285016582, 0.6398104671864127, -0.06305567046566785, 0.6465953281320196, 0.2716685836817432]","[0.44210042393280896, 0.6629006359789981, -0.04702545579583561, 0.5924227058698657, 0.2501744134969369]","[[0.28277220965727073, 0.6014286382083471], [0.5035724217034598, 0.8222288502545363], [-0.20635367007137384, 0.11230275847970261], [0.43309449159432745, 0.7517509201454039], [0.0908461992213987, 0.40950262777247515]]","[0.319017889088016, 0.4593561292138734, -0.009128628584100497, 0.3931483174033962]","[0.04, 0.06, 0.08, 0.1]","[0.0, 0.0, 0.0, 0.0]",0.12,0.06,0.0107104000001
high_noise,47,evaluated,2.65547023793,True,"[0.4319736285016582, 0.6398104671864127, -0.06305567046566785, 0.6465953281320196, 0.2716685836817432]","[0.44210042393280896, 0.6629006359789981, -0.04702545579583561, 0.5924227058698657, 0.2501744134969369]","[[0.28277220965727073, 0.6014286382083471], [0.5035724217034598, 0.8222288502545363], [-0.20635367007137384, 0.11230275847970261], [0.43309449159432745, 0.7517509201454039], [0.0908461992213987, 0.40950262777247515]]","[0.326724583629525, 0.3646813666651476, 0.045895308259774975, 0.15267924743447248]","[0.12, 0.18, 0.24, 0.30000000000000004]","[0.0, 0.0, 0.0, 0.0]",1.2,0.6,0.0850045999998
bounded_nuisance_bias,47,evaluated,2.65547023793,True,"[0.4319736285016582, 0.6398104671864127, -0.06305567046566785, 0.6465953281320196, 0.2716685836817432]","[0.44210042393280896, 0.6629006359789981, -0.04702545579583561, 0.5924227058698657, 0.2501744134969369]","[[0.28277220965727073, 0.6014286382083471], [0.5035724217034598, 0.8222288502545363], [-0.20635367007137384, 0.11230275847970261], [0.43309449159432745, 0.7517509201454039], [0.0908461992213987, 0.40950262777247515]]","[0.259017889088016, 0.5193561292138734, -0.06912862858410049, 0.4531483174033962]","[0.04, 0.06, 0.08, 0.1]","[0.06, 0.06, 0.06, 0.06]",1.2,0.6,0.0432549
nominal,48,evaluated,2.59769930537,True,"[0.3835155036348492, 0.6172248854484852, 0.7120862163784918, 0.6748337013885057, -0.24872380341160694]","[0.3173218297287449, 0.6108900709433459, 0.7165952782357073, 0.6974999395840428, -0.3748559511694863]","[[0.1614598714066861, 0.4731837880508037], [0.4550281126212871, 0.7667520292654046], [0.5607333199136486, 0.8724572365577661], [0.541637981261984, 0.8533618979061015], [-0.5307179094915451, -0.2189939928474275]]","[0.18825605441691406, 0.4300275765917174, 0.627044477853679, 0.7491773828464174]","[0.04, 0.06, 0.08, 0.1]","[0.0, 0.0, 0.0, 0.0]",1.2,0.6,0.00623160000009
extrapolation,48,evaluated,2.59769930537,True,"[-0.7, -0.5499999999999999, -0.39999999999999997, -0.25, 0.95]","[-0.7661936739061043, -0.5563348145051392, -0.3954909381427844, -0.2273337618044629, 0.8238678522421206]","[[-0.922055632228163, -0.6103317155840455], [-0.7121967728271981, -0.40047285618308043], [-0.5513528964648432, -0.23962897982072562], [-0.3831957201265217, -0.07147180348240412], [0.6680058939200617, 0.9797298105641794]]","[-0.35897849022248307, -0.2938473224424424, -0.14432728584028692, 0.07640700465440076]","[0.04, 0.06, 0.08, 0.1]","[0.0, 0.0, 0.0, 0.0]",1.2,0.6,0.0112493000001
proxy_shift,48,evaluated,2.59769930537,False,"[0.3835155036348492, 0.6172248854484852, 0.7120862163784918, 0.6748337013885057, -0.24872380341160694]","[0.1849344819165362, 0.5982204419330672, 0.7256134019501385, 0.742832415975117, -0.627120246685245]","[[0.0290725235944774, 0.340796440238595], [0.44235848361100844, 0.7540824002551261], [0.5697514436280797, 0.8814753602721972], [0.5869704576530581, 0.8986943742971758], [-0.7829822050073039, -0.47125828836318623]]","[0.18825605441691406, 0.4300275765917174, 0.627044477853679, 0.7491773828464174]","[0.04, 0.06, 0.08, 0.1]","[0.0, 0.0, 0.0, 0.0]",1.2,0.6,0.00562380000019
understated_LH,48,evaluated,2.59769930537,True,"[0.3835155036348492, 0.6172248854484852, 0.7120862163784918, 0.6748337013885057, -0.24872380341160694]","[0.3173218297287449, 0.6108900709433459, 0.7165952782357073, 0.6974999395840428, -0.3748559511694863]","[[0.1614598714066861, 0.4731837880508037], [0.4550281126212871, 0.7667520292654046], [0.5607333199136486, 0.8724572365577661], [0.541637981261984, 0.8533618979061015], [-0.5307179094915451, -0.2189939928474275]]","[0.18825605441691406, 0.4300275765917174, 0.627044477853679, 0.7491773828464174]","[0.04, 0.06, 0.08, 0.1]","[0.0, 0.0, 0.0, 0.0]",0.12,0.06,0.00858909999988
high_noise,48,evaluated,2.59769930537,True,"[0.3835155036348492, 0.6172248854484852, 0.7120862163784918, 0.6748337013885057, -0.24872380341160694]","[0.3173218297287449, 0.6108900709433459, 0.7165952782357073, 0.6974999395840428, -0.3748559511694863]","[[0.1614598714066861, 0.4731837880508037], [0.4550281126212871, 0.7667520292654046], [0.5607333199136486, 0.8724572365577661], [0.541637981261984, 0.8533618979061015], [-0.5307179094915451, -0.2189939928474275]]","[0.016299073971947964, 0.32083293170683247, 0.7223899061731051, 1.164491392155219]","[0.12, 0.18, 0.24, 0.30000000000000004]","[0.0, 0.0, 0.0, 0.0]",1.2,0.6,0.00581170000009
bounded_nuisance_bias,48,evaluated,2.59769930537,True,"[0.3835155036348492, 0.6172248854484852, 0.7120862163784918, 0.6748337013885057, -0.24872380341160694]","[0.3173218297287449, 0.6108900709433459, 0.7165952782357073, 0.6974999395840428, -0.3748559511694863]","[[0.1614598714066861, 0.4731837880508037], [0.4550281126212871, 0.7667520292654046], [0.5607333199136486, 0.8724572365577661], [0.541637981261984, 0.8533618979061015], [-0.5307179094915451, -0.2189939928474275]]","[0.12825605441691407, 0.4900275765917174, 0.567044477853679, 0.8091773828464175]","[0.04, 0.06, 0.08, 0.1]","[0.06, 0.06, 0.06, 0.06]",1.2,0.6,0.00629550000008
nominal,49,evaluated,2.72694692102,True,"[0.7184639579022838, -0.04349277905918414, 0.4274817061567857, 0.6163159160646037, 0.4871740269863136]","[0.7067223279780668, -0.014181217566549983, 0.45132647260504954, 0.6432227683188672, 0.5611297449484113]","[[0.5431055127169626, 0.8703391432391709], [-0.1777980328276541, 0.1494355976945541], [0.28770965734394544, 0.6149432878661536], [0.47960595305776305, 0.8068395835799713], [0.39751292968730717, 0.7247465602095153]]","[0.6178272992819863, -0.05389088221584733, 0.3247421467743321, 0.40008952224447797]","[0.04, 0.06, 0.08, 0.1]","[0.0, 0.0, 0.0, 0.0]",1.2,0.6,0.0379528999999
extrapolation,49,evaluated,2.72694692102,True,"[-0.7, -0.5499999999999999, -0.39999999999999997, -0.25, 0.95]","[-0.711741629924217, -0.5206884385073658, -0.37615523355173613, -0.22309314774573646, 1.0]","[[-0.8753584451853211, -0.5481248146631128], [-0.68430525376847, -0.3570716232462617], [-0.5397720488128402, -0.21253841829063203], [-0.3867099630068406, -0.059476332484632355], [0.8363831847388958, 1.0]]","[-0.24110821310076838, -0.2676127013294241, -0.1785690596493542, -0.2149036199126497]","[0.04, 0.06, 0.08, 0.1]","[0.0, 0.0, 0.0, 0.0]",1.2,0.6,0.0117866000001
proxy_shift,49,evaluated,2.72694692102,False,"[0.7184639579022838, -0.04349277905918414, 0.4274817061567857, 0.6163159160646037, 0.4871740269863136]","[0.6832390681296326, 0.04444190541871833, 0.4990160055015772, 0.6970364728273942, 0.7090411808726067]","[[0.5196222528685286, 0.8468558833907367], [-0.11917490984238578, 0.20805872067982245], [0.3353991902404731, 0.6626328207626813], [0.5334196575662902, 0.8606532880884983], [0.5454243656115025, 0.8726579961337109]]","[0.6178272992819863, -0.05389088221584733, 0.3247421467743321, 0.40008952224447797]","[0.04, 0.06, 0.08, 0.1]","[0.0, 0.0, 0.0, 0.0]",1.2,0.6,0.0104948999999
understated_LH,49,evaluated,2.72694692102,True,"[0.7184639579022838, -0.04349277905918414, 0.4274817061567857, 0.6163159160646037, 0.4871740269863136]","[0.7067223279780668, -0.014181217566549983, 0.45132647260504954, 0.6432227683188672, 0.5611297449484113]","[[0.5431055127169626, 0.8703391432391709], [-0.1777980328276541, 0.1494355976945541], [0.28770965734394544, 0.6149432878661536], [0.47960595305776305, 0.8068395835799713], [0.39751292968730717, 0.7247465602095153]]","[0.6178272992819863, -0.05389088221584733, 0.3247421467743321, 0.40008952224447797]","[0.04, 0.06, 0.08, 0.1]","[0.0, 0.0, 0.0, 0.0]",0.12,0.06,0.0725930999999
high_noise,49,evaluated,2.72694692102,True,"[0.7184639579022838, -0.04349277905918414, 0.4274817061567857, 0.6163159160646037, 0.4871740269863136]","[0.7067223279780668, -0.014181217566549983, 0.45132647260504954, 0.6432227683188672, 0.5611297449484113]","[[0.5431055127169626, 0.8703391432391709], [-0.1777980328276541, 0.1494355976945541], [0.28770965734394544, 0.6149432878661536], [0.47960595305776305, 0.8068395835799713], [0.39751292968730717, 0.7247465602095153]]","[0.6816108730804495, -0.11061628487469563, 0.35160402747562364, 0.2327822824191786]","[0.12, 0.18, 0.24, 0.30000000000000004]","[0.0, 0.0, 0.0, 0.0]",1.2,0.6,0.0467393000001
bounded_nuisance_bias,49,evaluated,2.72694692102,True,"[0.7184639579022838, -0.04349277905918414, 0.4274817061567857, 0.6163159160646037, 0.4871740269863136]","[0.7067223279780668, -0.014181217566549983, 0.45132647260504954, 0.6432227683188672, 0.5611297449484113]","[[0.5431055127169626, 0.8703391432391709], [-0.1777980328276541, 0.1494355976945541], [0.28770965734394544, 0.6149432878661536], [0.47960595305776305, 0.8068395835799713], [0.39751292968730717, 0.7247465602095153]]","[0.5578272992819864, 0.006109117784152671, 0.2647421467743321, 0.46008952224447797]","[0.04, 0.06, 0.08, 0.1]","[0.06, 0.06, 0.06, 0.06]",1.2,0.6,0.0393635
nominal,50,evaluated,2.52873869689,True,"[0.40843833496132187, 0.347381453711082, -0.497667626055722, -0.07564048423772518, 0.5936505053847039]","[0.38177035598438325, 0.37136529538413543, -0.5185809125188131, -0.05068616581534148, 0.6233593884872662]","[[0.23004603417111522, 0.5334946777976513], [0.2196409735708674, 0.5230896171974034], [-0.6703052343320811, -0.3668565907055451], [-0.20241048762860953, 0.10103815599792655], [0.47163506667399824, 0.7750837103005342]]","[0.37284924747884535, 0.2863607972317788, -0.2722093001807747, 0.03253372059685309]","[0.04, 0.06, 0.08, 0.1]","[0.0, 0.0, 0.0, 0.0]",1.2,0.6,0.00807469999995
extrapolation,50,evaluated,2.52873869689,True,"[-0.7, -0.5499999999999999, -0.39999999999999997, -0.25, 0.95]","[-0.7266679789769386, -0.5260161583269465, -0.42091328646309106, -0.22504568157761629, 0.9797088831025623]","[[-0.8783923007902066, -0.5749436571636706], [-0.6777404801402145, -0.3742918365136785], [-0.5726376082763591, -0.269188964649823], [-0.3767700033908843, -0.07332135976434825], [0.8279845612892943, 1.0]]","[-0.19526031553774087, -0.19752023730959775, -0.2399106443545229, -0.05504843371722708]","[0.04, 0.06, 0.08, 0.1]","[0.0, 0.0, 0.0, 0.0]",1.2,0.6,0.0104638999999
proxy_shift,50,evaluated,2.52873869689,True,"[0.40843833496132187, 0.347381453711082, -0.497667626055722, -0.07564048423772518, 0.5936505053847039]","[0.3284343980305059, 0.4193329787302423, -0.5604074854449953, -0.0007775289705740651, 0.6827771546923911]","[[0.17671007621723786, 0.4801587198437739], [0.2676086569169742, 0.5710573005435103], [-0.7121318072582633, -0.4086831636317273], [-0.1525018507838421, 0.15094679284269397], [0.5310528328791231, 0.8345014765056591]]","[0.37284924747884535, 0.2863607972317788, -0.2722093001807747, 0.03253372059685309]","[0.04, 0.06, 0.08, 0.1]","[0.0, 0.0, 0.0, 0.0]",1.2,0.6,0.0123027000002
understated_LH,50,evaluated,2.52873869689,True,"[0.40843833496132187, 0.347381453711082, -0.497667626055722, -0.07564048423772518, 0.5936505053847039]","[0.38177035598438325, 0.37136529538413543, -0.5185809125188131, -0.05068616581534148, 0.6233593884872662]","[[0.23004603417111522, 0.5334946777976513], [0.2196409735708674, 0.5230896171974034], [-0.6703052343320811, -0.3668565907055451], [-0.20241048762860953, 0.10103815599792655], [0.47163506667399824, 0.7750837103005342]]","[0.37284924747884535, 0.2863607972317788, -0.2722093001807747, 0.03253372059685309]","[0.04, 0.06, 0.08, 0.1]","[0.0, 0.0, 0.0, 0.0]",0.12,0.06,0.00871839999991
high_noise,50,evaluated,2.52873869689,True,"[0.40843833496132187, 0.347381453711082, -0.497667626055722, -0.07564048423772518, 0.5936505053847039]","[0.38177035598438325, 0.37136529538413543, -0.5185809125188131, -0.05068616581534148, 0.6233593884872662]","[[0.23004603417111522, 0.5334946777976513], [0.2196409735708674, 0.5230896171974034], [-0.6703052343320811, -0.3668565907055451], [-0.20241048762860953, 0.10103815599792655], [0.47163506667399824, 0.7750837103005342]]","[0.5283286164033637, 0.36982032261258324, -0.36803058888982054, 0.18493685316239897]","[0.12, 0.18, 0.24, 0.30000000000000004]","[0.0, 0.0, 0.0, 0.0]",1.2,0.6,0.00692200000003
bounded_nuisance_bias,50,evaluated,2.52873869689,True,"[0.40843833496132187, 0.347381453711082, -0.497667626055722, -0.07564048423772518, 0.5936505053847039]","[0.38177035598438325, 0.37136529538413543, -0.5185809125188131, -0.05068616581534148, 0.6233593884872662]","[[0.23004603417111522, 0.5334946777976513], [0.2196409735708674, 0.5230896171974034], [-0.6703052343320811, -0.3668565907055451], [-0.20241048762860953, 0.10103815599792655], [0.47163506667399824, 0.7750837103005342]]","[0.31284924747884535, 0.3463607972317788, -0.3322093001807747, 0.09253372059685308]","[0.04, 0.06, 0.08, 0.1]","[0.06, 0.06, 0.06, 0.06]",1.2,0.6,0.00764340000001
nominal,51,evaluated,2.43287891813,True,"[0.47239542659554035, 0.4780120844605251, -0.351464313318035, -0.6998314675323917, 0.1604402088450938]","[0.4197393026110324, 0.4123946677928162, -0.4077393379038, -0.6072717560115737, 0.21999546326903274]","[[0.27376656752306056, 0.5657120376990044], [0.2664219327048443, 0.5583674028807881], [-0.5537120729917719, -0.26176660281582814], [-0.7532444910995455, -0.4612990209236018], [0.07402272818106087, 0.3659681983570046]]","[0.34657200023646495, 0.2219040204916645, -0.17841373246055006, -0.3507876325394972]","[0.04, 0.06, 0.08, 0.1]","[0.0, 0.0, 0.0, 0.0]",1.2,0.6,0.0518279
extrapolation,51,evaluated,2.43287891813,True,"[-0.7, -0.5499999999999999, -0.39999999999999997, -0.25, 0.95]","[-0.7526561239845079, -0.6156174166677089, -0.45627502458576497, -0.15744028847918204, 1.0]","[[-0.8986288590724798, -0.606683388896536], [-0.7615901517556807, -0.469644681579737], [-0.6022477596737368, -0.3103022894977931], [-0.30341302356715394, -0.011467553391210167], [0.8540272649120282, 1.0]]","[-0.27681248744137404, -0.3727018960517394, -0.19659329353056437, -0.20906797690462453]","[0.04, 0.06, 0.08, 0.1]","[0.0, 0.0, 0.0, 0.0]",1.2,0.6,0.0102992000002
proxy_shift,51,evaluated,2.43287891813,False,"[0.47239542659554035, 0.4780120844605251, -0.351464313318035, -0.6998314675323917, 0.1604402088450938]","[0.31442705464201665, 0.2811598344573983, -0.52028938707533, -0.4221523329699378, 0.3391059721169106]","[[0.16845431955404477, 0.4603997897299885], [0.1351870993694264, 0.42713256954537016], [-0.6662621221633018, -0.37431665198735814], [-0.5681250680579097, -0.27617959788196594], [0.19313323702893875, 0.4850787072048825]]","[0.34657200023646495, 0.2219040204916645, -0.17841373246055006, -0.3507876325394972]","[0.04, 0.06, 0.08, 0.1]","[0.0, 0.0, 0.0, 0.0]",1.2,0.6,0.00789230000009
understated_LH,51,evaluated,2.43287891813,True,"[0.47239542659554035, 0.4780120844605251, -0.351464313318035, -0.6998314675323917, 0.1604402088450938]","[0.4197393026110324, 0.4123946677928162, -0.4077393379038, -0.6072717560115737, 0.21999546326903274]","[[0.27376656752306056, 0.5657120376990044], [0.2664219327048443, 0.5583674028807881], [-0.5537120729917719, -0.26176660281582814], [-0.7532444910995455, -0.4612990209236018], [0.07402272818106087, 0.3659681983570046]]","[0.34657200023646495, 0.2219040204916645, -0.17841373246055006, -0.3507876325394972]","[0.04, 0.06, 0.08, 0.1]","[0.0, 0.0, 0.0, 0.0]",0.12,0.06,0.0125372
high_noise,51,evaluated,2.43287891813,True,"[0.47239542659554035, 0.4780120844605251, -0.351464313318035, -0.6998314675323917, 0.1604402088450938]","[0.4197393026110324, 0.4123946677928162, -0.4077393379038, -0.6072717560115737, 0.21999546326903274]","[[0.27376656752306056, 0.5657120376990044], [0.2664219327048443, 0.5583674028807881], [-0.5537120729917719, -0.26176660281582814], [-0.7532444910995455, -0.4612990209236018], [0.07402272818106087, 0.3659681983570046]]","[0.3389470253537169, -0.04499977161181434, -0.18760031952167885, -0.5064235863487463]","[0.12, 0.18, 0.24, 0.30000000000000004]","[0.0, 0.0, 0.0, 0.0]",1.2,0.6,0.0656765000001
bounded_nuisance_bias,51,evaluated,2.43287891813,True,"[0.47239542659554035, 0.4780120844605251, -0.351464313318035, -0.6998314675323917, 0.1604402088450938]","[0.4197393026110324, 0.4123946677928162, -0.4077393379038, -0.6072717560115737, 0.21999546326903274]","[[0.27376656752306056, 0.5657120376990044], [0.2664219327048443, 0.5583674028807881], [-0.5537120729917719, -0.26176660281582814], [-0.7532444910995455, -0.4612990209236018], [0.07402272818106087, 0.3659681983570046]]","[0.28657200023646495, 0.2819040204916645, -0.23841373246055006, -0.2907876325394972]","[0.04, 0.06, 0.08, 0.1]","[0.06, 0.06, 0.06, 0.06]",1.2,0.6,0.0520813999999
nominal,52,evaluated,2.60537011284,True,"[0.5916358346854953, 0.7368432886141112, 0.25755682158615945, -0.16344514895685802, -0.30201998587773016]","[0.6216324908863277, 0.7363243570005535, 0.24385979817850537, -0.07788158408000907, -0.23072373507703325]","[[0.4653102841161251, 0.7779546976565302], [0.580002150230351, 0.8926465637707561], [0.08753759140830275, 0.400182004948708], [-0.2342037908502117, 0.07844062269019354], [-0.38704594184723584, -0.07440152830683064]]","[0.49778738952705104, 0.5616896884035021, 0.29133693573831715, -0.2162678921633842]","[0.04, 0.06, 0.08, 0.1]","[0.0, 0.0, 0.0, 0.0]",1.2,0.6,0.00887809999995
extrapolation,52,evaluated,2.60537011284,True,"[-0.7, -0.5499999999999999, -0.39999999999999997, -0.25, 0.95]","[-0.6700033437991676, -0.5505189316135576, -0.4136970234076541, -0.16443643512315104, 1.0]","[[-0.8263255505693702, -0.513681137028965], [-0.7068411383837602, -0.394196724843355], [-0.5700192301778567, -0.25737481663745143], [-0.3207586418933537, -0.008114228352948422], [0.8436777932297974, 1.0]]","[-0.23520399954944696, -0.2825476943576622, -0.07509781211704793, -0.25746509780452825]","[0.04, 0.06, 0.08, 0.1]","[0.0, 0.0, 0.0, 0.0]",1.2,0.6,0.00902300000007
proxy_shift,52,evaluated,2.60537011284,False,"[0.5916358346854953, 0.7368432886141112, 0.25755682158615945, -0.16344514895685802, -0.30201998587773016]","[0.6816258032879924, 0.7352864937734384, 0.21646575136319718, 0.09324554567368881, -0.08813123347563939]","[[0.5253035965177898, 0.837948010058195], [0.5789642870032358, 0.8916087005436409], [0.06014354459299456, 0.3727879581333998], [-0.0630766610965138, 0.24956775244389143], [-0.244453440245842, 0.06819097329456322]]","[0.49778738952705104, 0.5616896884035021, 0.29133693573831715, -0.2162678921633842]","[0.04, 0.06, 0.08, 0.1]","[0.0, 0.0, 0.0, 0.0]",1.2,0.6,0.0123248
understated_LH,52,evaluated,2.60537011284,True,"[0.5916358346854953, 0.7368432886141112, 0.25755682158615945, -0.16344514895685802, -0.30201998587773016]","[0.6216324908863277, 0.7363243570005535, 0.24385979817850537, -0.07788158408000907, -0.23072373507703325]","[[0.4653102841161251, 0.7779546976565302], [0.580002150230351, 0.8926465637707561], [0.08753759140830275, 0.400182004948708], [-0.2342037908502117, 0.07844062269019354], [-0.38704594184723584, -0.07440152830683064]]","[0.49778738952705104, 0.5616896884035021, 0.29133693573831715, -0.2162678921633842]","[0.04, 0.06, 0.08, 0.1]","[0.0, 0.0, 0.0, 0.0]",0.12,0.06,0.0100396
high_noise,52,evaluated,2.60537011284,True,"[0.5916358346854953, 0.7368432886141112, 0.25755682158615945, -0.16344514895685802, -0.30201998587773016]","[0.6216324908863277, 0.7363243570005535, 0.24385979817850537, -0.07788158408000907, -0.23072373507703325]","[[0.4653102841161251, 0.7779546976565302], [0.580002150230351, 0.8926465637707561], [0.08753759140830275, 0.400182004948708], [-0.2342037908502117, 0.07844062269019354], [-0.38704594184723584, -0.07440152830683064]]","[0.5733793904281571, 0.47509429968817757, 0.5251413115042212, -0.4686980877724407]","[0.12, 0.18, 0.24, 0.30000000000000004]","[0.0, 0.0, 0.0, 0.0]",1.2,0.6,0.0106901000001
bounded_nuisance_bias,52,evaluated,2.60537011284,True,"[0.5916358346854953, 0.7368432886141112, 0.25755682158615945, -0.16344514895685802, -0.30201998587773016]","[0.6216324908863277, 0.7363243570005535, 0.24385979817850537, -0.07788158408000907, -0.23072373507703325]","[[0.4653102841161251, 0.7779546976565302], [0.580002150230351, 0.8926465637707561], [0.08753759140830275, 0.400182004948708], [-0.2342037908502117, 0.07844062269019354], [-0.38704594184723584, -0.07440152830683064]]","[0.43778738952705104, 0.6216896884035021, 0.23133693573831715, -0.15626789216338421]","[0.04, 0.06, 0.08, 0.1]","[0.06, 0.06, 0.06, 0.06]",1.2,0.6,0.0101501000001
nominal,53,evaluated,2.71733050639,True,"[0.46479593546201836, -0.16877288343668317, -0.7454353289504093, -0.08523952403619506, 0.3085720621128134]","[0.5752455277865592, -0.19691311346827944, -0.7579088511391198, -0.12343754914350134, 0.34388284027488025]","[[0.4122056974030995, 0.7382853581700191], [-0.3599529438517392, -0.03387328308481968], [-0.9209486815225796, -0.59486902075566], [-0.2864773795269611, 0.03960228123995842], [0.1808430098914205, 0.5069226706583401]]","[0.3796584946455067, -0.1599383445663881, -0.2265560067312954, -0.1618168221690741]","[0.04, 0.06, 0.08, 0.1]","[0.0, 0.0, 0.0, 0.0]",1.2,0.6,0.0399760999999
extrapolation,53,evaluated,2.71733050639,True,"[-0.7, -0.5499999999999999, -0.39999999999999997, -0.25, 0.95]","[-0.5895504076754591, -0.5781402300315962, -0.41247352218871036, -0.2881980251073063, 0.9853107781620668]","[[-0.7525902380589189, -0.4265105772919993], [-0.741180060415056, -0.41510039964813644], [-0.5755133525721701, -0.2494336918052506], [-0.45123785549076606, -0.12515819472384654], [0.822270947778607, 1.0]]","[-0.23702964511830812, -0.30646990035943783, -0.13799695825527128, -0.24410284068473218]","[0.04, 0.06, 0.08, 0.1]","[0.0, 0.0, 0.0, 0.0]",1.2,0.6,0.0124995000001
proxy_shift,53,evaluated,2.71733050639,False,"[0.46479593546201836, -0.16877288343668317, -0.7454353289504093, -0.08523952403619506, 0.3085720621128134]","[0.7961447124356409, -0.253193573531472, -0.7828558955165406, -0.1998335993581139, 0.4145043965990139]","[[0.6331048820521812, 0.9591845428191006], [-0.41623340391493174, -0.09015374314801222], [-0.9458957259000003, -0.6198160651330809], [-0.36287342974157366, -0.03679376897465414], [0.25146456621555413, 0.5775442269824737]]","[0.3796584946455067, -0.1599383445663881, -0.2265560067312954, -0.1618168221690741]","[0.04, 0.06, 0.08, 0.1]","[0.0, 0.0, 0.0, 0.0]",1.2,0.6,0.0480189999998
understated_LH,53,evaluated,2.71733050639,True,"[0.46479593546201836, -0.16877288343668317, -0.7454353289504093, -0.08523952403619506, 0.3085720621128134]","[0.5752455277865592, -0.19691311346827944, -0.7579088511391198, -0.12343754914350134, 0.34388284027488025]","[[0.4122056974030995, 0.7382853581700191], [-0.3599529438517392, -0.03387328308481968], [-0.9209486815225796, -0.59486902075566], [-0.2864773795269611, 0.03960228123995842], [0.1808430098914205, 0.5069226706583401]]","[0.3796584946455067, -0.1599383445663881, -0.2265560067312954, -0.1618168221690741]","[0.04, 0.06, 0.08, 0.1]","[0.0, 0.0, 0.0, 0.0]",0.12,0.06,0.0813479999999
high_noise,53,evaluated,2.71733050639,True,"[0.46479593546201836, -0.16877288343668317, -0.7454353289504093, -0.08523952403619506, 0.3085720621128134]","[0.5752455277865592, -0.19691311346827944, -0.7579088511391198, -0.12343754914350134, 0.34388284027488025]","[[0.4122056974030995, 0.7382853581700191], [-0.3599529438517392, -0.03387328308481968], [-0.9209486815225796, -0.59486902075566], [-0.2864773795269611, 0.03960228123995842], [0.1808430098914205, 0.5069226706583401]]","[0.4515992044088905, -0.29437814528526385, -0.11854992324183802, -0.38752250353853845]","[0.12, 0.18, 0.24, 0.30000000000000004]","[0.0, 0.0, 0.0, 0.0]",1.2,0.6,0.0629643
bounded_nuisance_bias,53,evaluated,2.71733050639,True,"[0.46479593546201836, -0.16877288343668317, -0.7454353289504093, -0.08523952403619506, 0.3085720621128134]","[0.5752455277865592, -0.19691311346827944, -0.7579088511391198, -0.12343754914350134, 0.34388284027488025]","[[0.4122056974030995, 0.7382853581700191], [-0.3599529438517392, -0.03387328308481968], [-0.9209486815225796, -0.59486902075566], [-0.2864773795269611, 0.03960228123995842], [0.1808430098914205, 0.5069226706583401]]","[0.3196584946455067, -0.09993834456638812, -0.2865560067312954, -0.10181682216907409]","[0.04, 0.06, 0.08, 0.1]","[0.06, 0.06, 0.06, 0.06]",1.2,0.6,0.0438528
nominal,54,evaluated,2.57429124995,True,"[-0.4524840383014381, -0.7522765951598047, -0.5386346017802435, 0.37762918416117097, -0.63542768154565]","[-0.5278651427366469, -0.8182166859217963, -0.5346540256776119, 0.28496567483542073, -0.6187431372403607]","[[-0.6823226177333678, -0.37340766773992595], [-0.9726741609185172, -0.6637592109250754], [-0.6891115006743328, -0.380196550680891], [0.13050819983869982, 0.43942314983214165], [-0.7732006122370816, -0.46428566224363976]]","[-0.23448513885661387, -0.2916888740939713, -0.3213737774279706, 0.26594016522353053]","[0.04, 0.06, 0.08, 0.1]","[0.0, 0.0, 0.0, 0.0]",1.2,0.6,0.0477765999999
extrapolation,54,evaluated,2.57429124995,True,"[-0.7, -0.5499999999999999, -0.39999999999999997, -0.25, 0.95]","[-0.7753811044352088, -0.6159400907619915, -0.39601942389736844, -0.34266350932575024, 0.9666845443052893]","[[-0.9298385794319297, -0.6209236294384879], [-0.7703975657587124, -0.4614826157652706], [-0.5504768988940894, -0.24156194890064753], [-0.49712098432247115, -0.18820603432902933], [0.8122270693085684, 1.0]]","[-0.2974172573510242, -0.24934893968565713, -0.27723118663031293, -0.13466848549224147]","[0.04, 0.06, 0.08, 0.1]","[0.0, 0.0, 0.0, 0.0]",1.2,0.6,0.0189123
proxy_shift,54,evaluated,2.57429124995,False,"[-0.4524840383014381, -0.7522765951598047, -0.5386346017802435, 0.37762918416117097, -0.63542768154565]","[-0.6786273516070644, -0.9500968674457796, -0.5266928734723488, 0.0996386561839202, -0.5853740486297822]","[[-0.8330848266037854, -0.5241698766103435], [-1.0, -0.7956393924490587], [-0.6811503484690697, -0.3722353984756279], [-0.05481881881280071, 0.2540961311806411], [-0.7398315236265031, -0.43091657363306124]]","[-0.23448513885661387, -0.2916888740939713, -0.3213737774279706, 0.26594016522353053]","[0.04, 0.06, 0.08, 0.1]","[0.0, 0.0, 0.0, 0.0]",1.2,0.6,0.0514899
understated_LH,54,evaluated,2.57429124995,True,"[-0.4524840383014381, -0.7522765951598047, -0.5386346017802435, 0.37762918416117097, -0.63542768154565]","[-0.5278651427366469, -0.8182166859217963, -0.5346540256776119, 0.28496567483542073, -0.6187431372403607]","[[-0.6823226177333678, -0.37340766773992595], [-0.9726741609185172, -0.6637592109250754], [-0.6891115006743328, -0.380196550680891], [0.13050819983869982, 0.43942314983214165], [-0.7732006122370816, -0.46428566224363976]]","[-0.23448513885661387, -0.2916888740939713, -0.3213737774279706, 0.26594016522353053]","[0.04, 0.06, 0.08, 0.1]","[0.0, 0.0, 0.0, 0.0]",0.12,0.06,0.0160372
high_noise,54,evaluated,2.57429124995,True,"[-0.4524840383014381, -0.7522765951598047, -0.5386346017802435, 0.37762918416117097, -0.63542768154565]","[-0.5278651427366469, -0.8182166859217963, -0.5346540256776119, 0.28496567483542073, -0.6187431372403607]","[[-0.6823226177333678, -0.37340766773992595], [-0.9726741609185172, -0.6637592109250754], [-0.6891115006743328, -0.380196550680891], [0.13050819983869982, 0.43942314983214165], [-0.7732006122370816, -0.46428566224363976]]","[-0.2833196535586623, -0.3118867534652856, -0.4918361506885965, 0.2591031942390476]","[0.12, 0.18, 0.24, 0.30000000000000004]","[0.0, 0.0, 0.0, 0.0]",1.2,0.6,0.0747896999999
bounded_nuisance_bias,54,evaluated,2.57429124995,True,"[-0.4524840383014381, -0.7522765951598047, -0.5386346017802435, 0.37762918416117097, -0.63542768154565]","[-0.5278651427366469, -0.8182166859217963, -0.5346540256776119, 0.28496567483542073, -0.6187431372403607]","[[-0.6823226177333678, -0.37340766773992595], [-0.9726741609185172, -0.6637592109250754], [-0.6891115006743328, -0.380196550680891], [0.13050819983869982, 0.43942314983214165], [-0.7732006122370816, -0.46428566224363976]]","[-0.29448513885661387, -0.23168887409397132, -0.3813737774279706, 0.32594016522353053]","[0.04, 0.06, 0.08, 0.1]","[0.06, 0.06, 0.06, 0.06]",1.2,0.6,0.0460957999999
nominal,55,evaluated,2.52500533959,True,"[0.75089668298013, -0.7720958285825135, -0.2702156135536117, 0.09616590470615449, -0.17672713062882917]","[0.7496927070394146, -0.7846862032782529, -0.29677763435580706, 0.09506292360084585, -0.129816644672286]","[[0.5981923866640666, 0.9011930274147626], [-0.9361865236536009, -0.6331858829029049], [-0.448277954731155, -0.14527731398045912], [-0.05643739677450209, 0.24656324397619378], [-0.2813169650476339, 0.021683675703061928]]","[0.5799888614698474, -0.3173084280773308, -0.19273562194099073, 0.11969899280607652]","[0.04, 0.06, 0.08, 0.1]","[0.0, 0.0, 0.0, 0.0]",1.2,0.6,0.0490591
extrapolation,55,evaluated,2.52500533959,True,"[-0.7, -0.5499999999999999, -0.39999999999999997, -0.25, 0.95]","[-0.7012039759407154, -0.5625903746957394, -0.42656202080219535, -0.25110298110530865, 0.9969104859565431]","[[-0.8527042963160634, -0.5497036555653674], [-0.7140906950710872, -0.4110900543203914], [-0.5780623411775433, -0.2750617004268474], [-0.4026033014806566, -0.09960266072996071], [0.8454101655811952, 1.0]]","[-0.3127028968713992, -0.2721405214821781, -0.24451119715127015, -0.07202491438600213]","[0.04, 0.06, 0.08, 0.1]","[0.0, 0.0, 0.0, 0.0]",1.2,0.6,0.0129772999999
proxy_shift,55,evaluated,2.52500533959,True,"[0.75089668298013, -0.7720958285825135, -0.2702156135536117, 0.09616590470615449, -0.17672713062882917]","[0.7472847551579839, -0.8098669526697317, -0.3499016759601979, 0.09285696139022856, -0.03599567275919971]","[[0.595784434782636, 0.8987850755333318], [-0.9613672730450797, -0.6583666322943837], [-0.5014019963355458, -0.19840135558484995], [-0.05864335898511938, 0.2443572817655765], [-0.18749599313454765, 0.11550464761614823]]","[0.5799888614698474, -0.3173084280773308, -0.19273562194099073, 0.11969899280607652]","[0.04, 0.06, 0.08, 0.1]","[0.0, 0.0, 0.0, 0.0]",1.2,0.6,0.0526565
understated_LH,55,evaluated,2.52500533959,True,"[0.75089668298013, -0.7720958285825135, -0.2702156135536117, 0.09616590470615449, -0.17672713062882917]","[0.7496927070394146, -0.7846862032782529, -0.29677763435580706, 0.09506292360084585, -0.129816644672286]","[[0.5981923866640666, 0.9011930274147626], [-0.9361865236536009, -0.6331858829029049], [-0.448277954731155, -0.14527731398045912], [-0.05643739677450209, 0.24656324397619378], [-0.2813169650476339, 0.021683675703061928]]","[0.5799888614698474, -0.3173084280773308, -0.19273562194099073, 0.11969899280607652]","[0.04, 0.06, 0.08, 0.1]","[0.0, 0.0, 0.0, 0.0]",0.12,0.06,0.0484618
high_noise,55,evaluated,2.52500533959,True,"[0.75089668298013, -0.7720958285825135, -0.2702156135536117, 0.09616590470615449, -0.17672713062882917]","[0.7496927070394146, -0.7846862032782529, -0.29677763435580706, 0.09506292360084585, -0.129816644672286]","[[0.5981923866640666, 0.9011930274147626], [-0.9361865236536009, -0.6331858829029049], [-0.448277954731155, -0.14527731398045912], [-0.05643739677450209, 0.24656324397619378], [-0.2813169650476339, 0.021683675703061928]]","[0.5005830677270491, -0.383089471041687, -0.2977580162435311, 0.2381491640340723]","[0.12, 0.18, 0.24, 0.30000000000000004]","[0.0, 0.0, 0.0, 0.0]",1.2,0.6,0.0448715
bounded_nuisance_bias,55,evaluated,2.52500533959,True,"[0.75089668298013, -0.7720958285825135, -0.2702156135536117, 0.09616590470615449, -0.17672713062882917]","[0.7496927070394146, -0.7846862032782529, -0.29677763435580706, 0.09506292360084585, -0.129816644672286]","[[0.5981923866640666, 0.9011930274147626], [-0.9361865236536009, -0.6331858829029049], [-0.448277954731155, -0.14527731398045912], [-0.05643739677450209, 0.24656324397619378], [-0.2813169650476339, 0.021683675703061928]]","[0.5199888614698474, -0.2573084280773308, -0.25273562194099075, 0.1796989928060765]","[0.04, 0.06, 0.08, 0.1]","[0.06, 0.06, 0.06, 0.06]",1.2,0.6,0.0493159
nominal,56,evaluated,2.39850089651,True,"[-0.19075852913518576, -0.4569491558278815, -0.7099902360685246, 0.6769468623717478, 0.6093790656609848]","[-0.2271327658023372, -0.33593261949299735, -0.7078154494678914, 0.6386370695354859, 0.6892002130747937]","[[-0.3710428195926845, -0.08322271201198994], [-0.4798426732833446, -0.19202256570265008], [-0.8517255032582387, -0.5639053956775442], [0.49472701574513867, 0.7825471233258332], [0.5452901592844465, 0.833110266865141]]","[-0.10067694064811193, -0.2826236839438516, -0.2205988528522895, 0.481490309218061]","[0.04, 0.06, 0.08, 0.1]","[0.0, 0.0, 0.0, 0.0]",1.2,0.6,0.00829700000008
extrapolation,56,evaluated,2.39850089651,True,"[-0.7, -0.5499999999999999, -0.39999999999999997, -0.25, 0.95]","[-0.7363742366671514, -0.4289834636651158, -0.3978252133993668, -0.2883097928362619, 1.0]","[[-0.8802842904574987, -0.5924641828768041], [-0.572893517455463, -0.28507340987476854], [-0.541735267189714, -0.2539151596090195], [-0.43221984662660917, -0.14439973904591463], [0.8560899462096527, 1.0]]","[-0.27013846809834635, -0.3103449497506668, -0.1378305518049665, -0.193404924547474]","[0.04, 0.06, 0.08, 0.1]","[0.0, 0.0, 0.0, 0.0]",1.2,0.6,0.0162155
proxy_shift,56,evaluated,2.39850089651,False,"[-0.19075852913518576, -0.4569491558278815, -0.7099902360685246, 0.6769468623717478, 0.6093790656609848]","[-0.2998812391366401, -0.09389954682322904, -0.703465876266625, 0.5620174838629621, 0.8488425079024116]","[[-0.4437912929269874, -0.15597118534629284], [-0.2378096006135763, 0.05001050696711823], [-0.8473759300569723, -0.5595558224762778], [0.41810743007261486, 0.7059275376533094], [0.7049324541120643, 0.9927525616927588]]","[-0.10067694064811193, -0.2826236839438516, -0.2205988528522895, 0.481490309218061]","[0.04, 0.06, 0.08, 0.1]","[0.0, 0.0, 0.0, 0.0]",1.2,0.6,0.00725709999983
understated_LH,56,evaluated,2.39850089651,True,"[-0.19075852913518576, -0.4569491558278815, -0.7099902360685246, 0.6769468623717478, 0.6093790656609848]","[-0.2271327658023372, -0.33593261949299735, -0.7078154494678914, 0.6386370695354859, 0.6892002130747937]","[[-0.3710428195926845, -0.08322271201198994], [-0.4798426732833446, -0.19202256570265008], [-0.8517255032582387, -0.5639053956775442], [0.49472701574513867, 0.7825471233258332], [0.5452901592844465, 0.833110266865141]]","[-0.10067694064811193, -0.2826236839438516, -0.2205988528522895, 0.481490309218061]","[0.04, 0.06, 0.08, 0.1]","[0.0, 0.0, 0.0, 0.0]",0.12,0.06,0.011976
high_noise,56,evaluated,2.39850089651,True,"[-0.19075852913518576, -0.4569491558278815, -0.7099902360685246, 0.6769468623717478, 0.6093790656609848]","[-0.2271327658023372, -0.33593261949299735, -0.7078154494678914, 0.6386370695354859, 0.6892002130747937]","[[-0.3710428195926845, -0.08322271201198994], [-0.4798426732833446, -0.19202256570265008], [-0.8517255032582387, -0.5639053956775442], [0.49472701574513867, 0.7825471233258332], [0.5452901592844465, 0.833110266865141]]","[-0.0949538768448046, -0.42481358344518527, -0.11225995646222256, 0.35718046012311305]","[0.12, 0.18, 0.24, 0.30000000000000004]","[0.0, 0.0, 0.0, 0.0]",1.2,0.6,0.00857339999993
bounded_nuisance_bias,56,evaluated,2.39850089651,True,"[-0.19075852913518576, -0.4569491558278815, -0.7099902360685246, 0.6769468623717478, 0.6093790656609848]","[-0.2271327658023372, -0.33593261949299735, -0.7078154494678914, 0.6386370695354859, 0.6892002130747937]","[[-0.3710428195926845, -0.08322271201198994], [-0.4798426732833446, -0.19202256570265008], [-0.8517255032582387, -0.5639053956775442], [0.49472701574513867, 0.7825471233258332], [0.5452901592844465, 0.833110266865141]]","[-0.16067694064811194, -0.22262368394385162, -0.28059885285228947, 0.541490309218061]","[0.04, 0.06, 0.08, 0.1]","[0.06, 0.06, 0.06, 0.06]",1.2,0.6,0.00738690000003
nominal,57,evaluated,2.62476276892,True,"[0.007456528590605416, -0.34932085650534045, -0.6893217287660912, 0.16640943541608588, -0.07302199306857271]","[-0.06617876525678552, -0.21373996022088268, -0.6414097660080779, 0.04338513386666007, -0.07585378623622621]","[[-0.2236645313919982, 0.09130700087842718], [-0.3712257263560954, -0.05625419408566998], [-0.7988955321432906, -0.48392399987286516], [-0.11410063226855263, 0.20087090000187277], [-0.2333395523714389, 0.08163197989898649]]","[0.010264505345104959, -0.17955199967070404, -0.19984818774887078, 0.2077423378821691]","[0.04, 0.06, 0.08, 0.1]","[0.0, 0.0, 0.0, 0.0]",1.2,0.6,0.0352043999999
extrapolation,57,evaluated,2.62476276892,True,"[-0.7, -0.5499999999999999, -0.39999999999999997, -0.25, 0.95]","[-0.7736352938473909, -0.41441910371554214, -0.35208803724198656, -0.3730243015494258, 0.9471682068323465]","[[-0.9311210599826036, -0.6161495277121782], [-0.5719048698507548, -0.25693333758032944], [-0.5095738033771993, -0.19460227110677386], [-0.5305100676846385, -0.21553853541421308], [0.7896824406971338, 1.0]]","[-0.2672260917548451, -0.24581700400438714, -0.1208044842139378, -0.03166095342613258]","[0.04, 0.06, 0.08, 0.1]","[0.0, 0.0, 0.0, 0.0]",1.2,0.6,0.0171495
proxy_shift,57,evaluated,2.62476276892,False,"[0.007456528590605416, -0.34932085650534045, -0.6893217287660912, 0.16640943541608588, -0.07302199306857271]","[-0.21344935295156742, 0.05742183234803283, -0.545585840492051, -0.20266346923219158, -0.0815173725715332]","[[-0.3709351190867801, -0.055963586816354716], [-0.10006393378717987, 0.21490759848324553], [-0.7030716066272638, -0.38810007435683835], [-0.3601492353674043, -0.04517770309697888], [-0.2390031387067459, 0.0759683935636795]]","[0.010264505345104959, -0.17955199967070404, -0.19984818774887078, 0.2077423378821691]","[0.04, 0.06, 0.08, 0.1]","[0.0, 0.0, 0.0, 0.0]",1.2,0.6,0.0508809
understated_LH,57,evaluated,2.62476276892,True,"[0.007456528590605416, -0.34932085650534045, -0.6893217287660912, 0.16640943541608588, -0.07302199306857271]","[-0.06617876525678552, -0.21373996022088268, -0.6414097660080779, 0.04338513386666007, -0.07585378623622621]","[[-0.2236645313919982, 0.09130700087842718], [-0.3712257263560954, -0.05625419408566998], [-0.7988955321432906, -0.48392399987286516], [-0.11410063226855263, 0.20087090000187277], [-0.2333395523714389, 0.08163197989898649]]","[0.010264505345104959, -0.17955199967070404, -0.19984818774887078, 0.2077423378821691]","[0.04, 0.06, 0.08, 0.1]","[0.0, 0.0, 0.0, 0.0]",0.12,0.06,0.00901859999999
high_noise,57,evaluated,2.62476276892,True,"[0.007456528590605416, -0.34932085650534045, -0.6893217287660912, 0.16640943541608588, -0.07302199306857271]","[-0.06617876525678552, -0.21373996022088268, -0.6414097660080779, 0.04338513386666007, -0.07585378623622621]","[[-0.2236645313919982, 0.09130700087842718], [-0.3712257263560954, -0.05625419408566998], [-0.7988955321432906, -0.48392399987286516], [-0.11410063226855263, 0.20087090000187277], [-0.2333395523714389, 0.08163197989898649]]","[0.021812321835414865, -0.19268600767947838, -0.05745715617674646, 0.40692043102990394]","[0.12, 0.18, 0.24, 0.30000000000000004]","[0.0, 0.0, 0.0, 0.0]",1.2,0.6,0.0605634000001
bounded_nuisance_bias,57,evaluated,2.62476276892,True,"[0.007456528590605416, -0.34932085650534045, -0.6893217287660912, 0.16640943541608588, -0.07302199306857271]","[-0.06617876525678552, -0.21373996022088268, -0.6414097660080779, 0.04338513386666007, -0.07585378623622621]","[[-0.2236645313919982, 0.09130700087842718], [-0.3712257263560954, -0.05625419408566998], [-0.7988955321432906, -0.48392399987286516], [-0.11410063226855263, 0.20087090000187277], [-0.2333395523714389, 0.08163197989898649]]","[-0.04973549465489504, -0.11955199967070404, -0.25984818774887075, 0.26774233788216906]","[0.04, 0.06, 0.08, 0.1]","[0.06, 0.06, 0.06, 0.06]",1.2,0.6,0.0364592999999
nominal,58,evaluated,2.65095233933,True,"[-0.5959395193301464, -0.4518395906452737, -0.3942712459692807, -0.7156807498446425, -0.07213383775492466]","[-0.6520228002930574, -0.5103324775877215, -0.3397067583537417, -0.7797415791111367, -0.0871037973083606]","[[-0.811079940653104, -0.4929656599330108], [-0.6693896179477681, -0.3512753372276749], [-0.49876389871378823, -0.18064961799369514], [-0.9387987194711833, -0.6206844387510901], [-0.24616093766840716, 0.07195334305168596]]","[-0.25817707044678034, -0.3025928407267535, -0.1421427593293373, -0.29210494334473014]","[0.04, 0.06, 0.08, 0.1]","[0.0, 0.0, 0.0, 0.0]",1.2,0.6,0.0120012
extrapolation,58,evaluated,2.65095233933,True,"[-0.7, -0.5499999999999999, -0.39999999999999997, -0.25, 0.95]","[-0.7560832809629109, -0.6084928869424477, -0.34543551238446096, -0.31406082926649426, 0.935030040446564]","[[-0.9151404213229575, -0.5970261406028643], [-0.7675500273024943, -0.44943574658240115], [-0.5044926527445075, -0.1863783720244144], [-0.47311796962654085, -0.1550036889064477], [0.7759729000865174, 1.0]]","[-0.2801565320585263, -0.3319867910419358, -0.1442149563672196, -0.14760617414740165]","[0.04, 0.06, 0.08, 0.1]","[0.0, 0.0, 0.0, 0.0]",1.2,0.6,0.0183276999999
proxy_shift,58,evaluated,2.65095233933,False,"[-0.5959395193301464, -0.4518395906452737, -0.3942712459692807, -0.7156807498446425, -0.07213383775492466]","[-0.7641893622188793, -0.627318251472617, -0.23057778312266364, -0.9078632376441252, -0.11704371641523247]","[[-0.9232465025789259, -0.6051322218588328], [-0.7863753918326636, -0.4682611111125704], [-0.3896349234827102, -0.07152064276261708], [-1.0, -0.7488060972840787], [-0.276100856775279, 0.042013423944814096]]","[-0.25817707044678034, -0.3025928407267535, -0.1421427593293373, -0.29210494334473014]","[0.04, 0.06, 0.08, 0.1]","[0.0, 0.0, 0.0, 0.0]",1.2,0.6,0.00763370000004
understated_LH,58,evaluated,2.65095233933,True,"[-0.5959395193301464, -0.4518395906452737, -0.3942712459692807, -0.7156807498446425, -0.07213383775492466]","[-0.6520228002930574, -0.5103324775877215, -0.3397067583537417, -0.7797415791111367, -0.0871037973083606]","[[-0.811079940653104, -0.4929656599330108], [-0.6693896179477681, -0.3512753372276749], [-0.49876389871378823, -0.18064961799369514], [-0.9387987194711833, -0.6206844387510901], [-0.24616093766840716, 0.07195334305168596]]","[-0.25817707044678034, -0.3025928407267535, -0.1421427593293373, -0.29210494334473014]","[0.04, 0.06, 0.08, 0.1]","[0.0, 0.0, 0.0, 0.0]",0.12,0.06,0.0141709
high_noise,58,evaluated,2.65095233933,True,"[-0.5959395193301464, -0.4518395906452737, -0.3942712459692807, -0.7156807498446425, -0.07213383775492466]","[-0.6520228002930574, -0.5103324775877215, -0.3397067583537417, -0.7797415791111367, -0.0871037973083606]","[[-0.811079940653104, -0.4929656599330108], [-0.6693896179477681, -0.3512753372276749], [-0.49876389871378823, -0.18064961799369514], [-0.9387987194711833, -0.6206844387510901], [-0.24616093766840716, 0.07195334305168596]]","[-0.2724901345638329, -0.4880664228106252, -0.04657267206377652, -0.32481729163953343]","[0.12, 0.18, 0.24, 0.30000000000000004]","[0.0, 0.0, 0.0, 0.0]",1.2,0.6,0.0117396999999
bounded_nuisance_bias,58,evaluated,2.65095233933,True,"[-0.5959395193301464, -0.4518395906452737, -0.3942712459692807, -0.7156807498446425, -0.07213383775492466]","[-0.6520228002930574, -0.5103324775877215, -0.3397067583537417, -0.7797415791111367, -0.0871037973083606]","[[-0.811079940653104, -0.4929656599330108], [-0.6693896179477681, -0.3512753372276749], [-0.49876389871378823, -0.18064961799369514], [-0.9387987194711833, -0.6206844387510901], [-0.24616093766840716, 0.07195334305168596]]","[-0.31817707044678034, -0.24259284072675352, -0.20214275932933728, -0.23210494334473014]","[0.04, 0.06, 0.08, 0.1]","[0.06, 0.06, 0.06, 0.06]",1.2,0.6,0.0112102000001
nominal,59,evaluated,2.53937543907,True,"[0.015135330244824496, -0.7115855849204554, 0.47825237324865166, -0.3547983654640898, 0.7413973619729399]","[0.1030426743298136, -0.7045700992664479, 0.452484100294932, -0.3364989706553292, 0.7954308340283278]","[[-0.04931985201427658, 0.25540520067390377], [-0.8569326256105381, -0.5522075729223577], [0.3001215739508418, 0.6048466266390222], [-0.4888614969994194, -0.18413644431123902], [0.6430683076842376, 0.947793360372418]]","[0.0928817645521307, -0.26945598089209444, 0.4483741085308632, -0.1131761729318328]","[0.04, 0.06, 0.08, 0.1]","[0.0, 0.0, 0.0, 0.0]",1.2,0.6,0.00990580000007
extrapolation,59,evaluated,2.53937543907,True,"[-0.7, -0.5499999999999999, -0.39999999999999997, -0.25, 0.95]","[-0.6120926559150108, -0.5429845143459924, -0.4257682729537196, -0.23170060519123933, 1.0]","[[-0.764455182259101, -0.45973012957092063], [-0.6953470406900826, -0.3906219880019022], [-0.5781307992978097, -0.27340574660962946], [-0.3840631315353295, -0.07933807884714916], [0.8476374736559098, 1.0]]","[-0.18926815706125, -0.23366084333979711, -0.09919491517371806, -0.06931171769417585]","[0.04, 0.06, 0.08, 0.1]","[0.0, 0.0, 0.0, 0.0]",1.2,0.6,0.0104295000001
proxy_shift,59,evaluated,2.53937543907,False,"[0.015135330244824496, -0.7115855849204554, 0.47825237324865166, -0.3547983654640898, 0.7413973619729399]","[0.27885736249979176, -0.6905391279584328, 0.4009475543874928, -0.29990018103780786, 0.9034977781391036]","[[0.1264948361557016, 0.43121988884388196], [-0.842901654302523, -0.5381766016143426], [0.24858502804340263, 0.5533100807315829], [-0.452262707381898, -0.14753765469371768], [0.7511352517950134, 1.0]]","[0.0928817645521307, -0.26945598089209444, 0.4483741085308632, -0.1131761729318328]","[0.04, 0.06, 0.08, 0.1]","[0.0, 0.0, 0.0, 0.0]",1.2,0.6,0.0115423
understated_LH,59,evaluated,2.53937543907,True,"[0.015135330244824496, -0.7115855849204554, 0.47825237324865166, -0.3547983654640898, 0.7413973619729399]","[0.1030426743298136, -0.7045700992664479, 0.452484100294932, -0.3364989706553292, 0.7954308340283278]","[[-0.04931985201427658, 0.25540520067390377], [-0.8569326256105381, -0.5522075729223577], [0.3001215739508418, 0.6048466266390222], [-0.4888614969994194, -0.18413644431123902], [0.6430683076842376, 0.947793360372418]]","[0.0928817645521307, -0.26945598089209444, 0.4483741085308632, -0.1131761729318328]","[0.04, 0.06, 0.08, 0.1]","[0.0, 0.0, 0.0, 0.0]",0.12,0.06,0.0113649
high_noise,59,evaluated,2.53937543907,True,"[0.015135330244824496, -0.7115855849204554, 0.47825237324865166, -0.3547983654640898, 0.7413973619729399]","[0.1030426743298136, -0.7045700992664479, 0.452484100294932, -0.3364989706553292, 0.7954308340283278]","[[-0.04931985201427658, 0.25540520067390377], [-0.8569326256105381, -0.5522075729223577], [0.3001215739508418, 0.6048466266390222], [-0.4888614969994194, -0.18413644431123902], [0.6430683076842376, 0.947793360372418]]","[0.26034545042963075, -0.2582776675716887, 0.6339842781834271, 0.01070039167981554]","[0.12, 0.18, 0.24, 0.30000000000000004]","[0.0, 0.0, 0.0, 0.0]",1.2,0.6,0.0124284000001
bounded_nuisance_bias,59,evaluated,2.53937543907,True,"[0.015135330244824496, -0.7115855849204554, 0.47825237324865166, -0.3547983654640898, 0.7413973619729399]","[0.1030426743298136, -0.7045700992664479, 0.452484100294932, -0.3364989706553292, 0.7954308340283278]","[[-0.04931985201427658, 0.25540520067390377], [-0.8569326256105381, -0.5522075729223577], [0.3001215739508418, 0.6048466266390222], [-0.4888614969994194, -0.18413644431123902], [0.6430683076842376, 0.947793360372418]]","[0.032881764552130696, -0.20945598089209444, 0.3883741085308632, -0.0531761729318328]","[0.04, 0.06, 0.08, 0.1]","[0.06, 0.06, 0.06, 0.06]",1.2,0.6,0.00972980000006
nominal,60,evaluated,2.68816810077,True,"[0.43004003496011767, -0.012005243123791254, 0.33536885597608057, 0.7973527291998506, -0.49095305946151413]","[0.4249886879001188, 0.10382867024365437, 0.3781542242111251, 0.7824086915959229, -0.6107726599246759]","[[0.2636986018538012, 0.5862787739464363], [-0.05746141580266324, 0.265118756289972], [0.21686413816480749, 0.5394443102574427], [0.6211186055496052, 0.9436987776422405], [-0.7720627459709934, -0.44948257387835827]]","[0.22140653421230655, -0.09569218569572226, 0.24211032855191206, 0.7117668198373344]","[0.04, 0.06, 0.08, 0.1]","[0.0, 0.0, 0.0, 0.0]",1.2,0.6,0.00914190000003
extrapolation,60,evaluated,2.68816810077,True,"[-0.7, -0.5499999999999999, -0.39999999999999997, -0.25, 0.95]","[-0.7050513470599988, -0.4341660866325543, -0.35721463176495544, -0.26494403760392765, 0.8301803995368382]","[[-0.8663414331063164, -0.5437612610136813], [-0.5954561726788719, -0.2728760005862367], [-0.518504717811273, -0.19592454571863782], [-0.42623412365024527, -0.10365395155761004], [0.6688903134905206, 0.9914704855831558]]","[-0.3650978162643138, -0.32778227758018585, -0.18485266590134777, -0.08862623011131106]","[0.04, 0.06, 0.08, 0.1]","[0.0, 0.0, 0.0, 0.0]",1.2,0.6,0.0148167
proxy_shift,60,evaluated,2.68816810077,False,"[0.43004003496011767, -0.012005243123791254, 0.33536885597608057, 0.7973527291998506, -0.49095305946151413]","[0.414885993780121, 0.3354964969785456, 0.46372496068121416, 0.7525206163880676, -0.8504118608509992]","[[0.25359590773380336, 0.5761760798264386], [0.174206410932228, 0.4967865830248632], [0.30243487463489654, 0.6250150467275317], [0.59123053034175, 0.9138107024343851], [-1.0, -0.6891217748046816]]","[0.22140653421230655, -0.09569218569572226, 0.24211032855191206, 0.7117668198373344]","[0.04, 0.06, 0.08, 0.1]","[0.0, 0.0, 0.0, 0.0]",1.2,0.6,0.0126870000001
understated_LH,60,evaluated,2.68816810077,True,"[0.43004003496011767, -0.012005243123791254, 0.33536885597608057, 0.7973527291998506, -0.49095305946151413]","[0.4249886879001188, 0.10382867024365437, 0.3781542242111251, 0.7824086915959229, -0.6107726599246759]","[[0.2636986018538012, 0.5862787739464363], [-0.05746141580266324, 0.265118756289972], [0.21686413816480749, 0.5394443102574427], [0.6211186055496052, 0.9436987776422405], [-0.7720627459709934, -0.44948257387835827]]","[0.22140653421230655, -0.09569218569572226, 0.24211032855191206, 0.7117668198373344]","[0.04, 0.06, 0.08, 0.1]","[0.0, 0.0, 0.0, 0.0]",0.12,0.06,0.0138631
high_noise,60,evaluated,2.68816810077,True,"[0.43004003496011767, -0.012005243123791254, 0.33536885597608057, 0.7973527291998506, -0.49095305946151413]","[0.4249886879001188, 0.10382867024365437, 0.3781542242111251, 0.7824086915959229, -0.6107726599246759]","[[0.2636986018538012, 0.5862787739464363], [-0.05746141580266324, 0.265118756289972], [0.21686413816480749, 0.5394443102574427], [0.6211186055496052, 0.9436987776422405], [-0.7720627459709934, -0.44948257387835827]]","[0.03721090168367902, -0.2727567408560941, 0.25640499674921646, 0.7970143596147122]","[0.12, 0.18, 0.24, 0.30000000000000004]","[0.0, 0.0, 0.0, 0.0]",1.2,0.6,0.00962980000008
bounded_nuisance_bias,60,evaluated,2.68816810077,True,"[0.43004003496011767, -0.012005243123791254, 0.33536885597608057, 0.7973527291998506, -0.49095305946151413]","[0.4249886879001188, 0.10382867024365437, 0.3781542242111251, 0.7824086915959229, -0.6107726599246759]","[[0.2636986018538012, 0.5862787739464363], [-0.05746141580266324, 0.265118756289972], [0.21686413816480749, 0.5394443102574427], [0.6211186055496052, 0.9436987776422405], [-0.7720627459709934, -0.44948257387835827]]","[0.16140653421230655, -0.03569218569572226, 0.18211032855191206, 0.7717668198373344]","[0.04, 0.06, 0.08, 0.1]","[0.06, 0.06, 0.06, 0.06]",1.2,0.6,0.0100410999999
nominal,61,evaluated,2.50778842866,True,"[0.33930124617400503, 0.47991746579446004, -0.5624273755834275, -0.055184642067904965, -0.07107979416754107]","[0.2752845529664395, 0.4898270223923164, -0.6180481237230012, -0.08188898646615918, -0.058266726578664864]","[[0.12481724724668333, 0.4257518586861957], [0.33935971667256026, 0.6402943281120725], [-0.7685154294427574, -0.467580818003245], [-0.23235629218591536, 0.06857831925359699], [-0.20873403229842102, 0.09220057914109131]]","[0.27127419197746416, 0.42959483324524794, -0.2911230536688518, 0.04221829510793391]","[0.04, 0.06, 0.08, 0.1]","[0.0, 0.0, 0.0, 0.0]",1.2,0.6,0.0433730999998
extrapolation,61,evaluated,2.50778842866,True,"[-0.7, -0.5499999999999999, -0.39999999999999997, -0.25, 0.95]","[-0.7640166932075655, -0.5400904434021436, -0.45562074813957365, -0.2767043443982542, 0.9628130675888762]","[[-0.9144839989273217, -0.6135493874878093], [-0.6905577491218998, -0.38962313768238743], [-0.6060880538593298, -0.30515344241981746], [-0.4271716501180104, -0.12623703867849803], [0.81234576186912, 1.0]]","[-0.23984415642350868, -0.16670187842380102, -0.24056399416049384, -0.05683452306737195]","[0.04, 0.06, 0.08, 0.1]","[0.0, 0.0, 0.0, 0.0]",1.2,0.6,0.0106650999999
proxy_shift,61,evaluated,2.50778842866,False,"[0.33930124617400503, 0.47991746579446004, -0.5624273755834275, -0.055184642067904965, -0.07107979416754107]","[0.1472511665513085, 0.5096461355880291, -0.7292896200021486, -0.13529767526266762, -0.032640591400912466]","[[-0.0032161391684476792, 0.2977184722710646], [0.3591788298682729, 0.6601134413077853], [-0.8797569257219048, -0.5788223142823924], [-0.28576498098242376, 0.015169630457088551], [-0.18310789712066863, 0.1178267143188437]]","[0.27127419197746416, 0.42959483324524794, -0.2911230536688518, 0.04221829510793391]","[0.04, 0.06, 0.08, 0.1]","[0.0, 0.0, 0.0, 0.0]",1.2,0.6,0.0500749
understated_LH,61,evaluated,2.50778842866,True,"[0.33930124617400503, 0.47991746579446004, -0.5624273755834275, -0.055184642067904965, -0.07107979416754107]","[0.2752845529664395, 0.4898270223923164, -0.6180481237230012, -0.08188898646615918, -0.058266726578664864]","[[0.12481724724668333, 0.4257518586861957], [0.33935971667256026, 0.6402943281120725], [-0.7685154294427574, -0.467580818003245], [-0.23235629218591536, 0.06857831925359699], [-0.20873403229842102, 0.09220057914109131]]","[0.27127419197746416, 0.42959483324524794, -0.2911230536688518, 0.04221829510793391]","[0.04, 0.06, 0.08, 0.1]","[0.0, 0.0, 0.0, 0.0]",0.12,0.06,0.0178696999999
high_noise,61,evaluated,2.50778842866,True,"[0.33930124617400503, 0.47991746579446004, -0.5624273755834275, -0.055184642067904965, -0.07107979416754107]","[0.2752845529664395, 0.4898270223923164, -0.6180481237230012, -0.08188898646615918, -0.058266726578664864]","[[0.12481724724668333, 0.4257518586861957], [0.33935971667256026, 0.6402943281120725], [-0.7685154294427574, -0.467580818003245], [-0.23235629218591536, 0.06857831925359699], [-0.20873403229842102, 0.09220057914109131]]","[0.33758587913044685, 0.5746910763976458, -0.3882510419898395, 0.19104924897319003]","[0.12, 0.18, 0.24, 0.30000000000000004]","[0.0, 0.0, 0.0, 0.0]",1.2,0.6,0.0518140000001
bounded_nuisance_bias,61,evaluated,2.50778842866,True,"[0.33930124617400503, 0.47991746579446004, -0.5624273755834275, -0.055184642067904965, -0.07107979416754107]","[0.2752845529664395, 0.4898270223923164, -0.6180481237230012, -0.08188898646615918, -0.058266726578664864]","[[0.12481724724668333, 0.4257518586861957], [0.33935971667256026, 0.6402943281120725], [-0.7685154294427574, -0.467580818003245], [-0.23235629218591536, 0.06857831925359699], [-0.20873403229842102, 0.09220057914109131]]","[0.21127419197746417, 0.48959483324524794, -0.35112305366885177, 0.1022182951079339]","[0.04, 0.06, 0.08, 0.1]","[0.06, 0.06, 0.06, 0.06]",1.2,0.6,0.0430245999999
nominal,62,evaluated,2.74094675645,True,"[-0.6791442984364867, -0.6542490865813934, -0.5110205421465, 0.6029463625042442, -0.07619058869125284]","[-0.6624572921798411, -0.5583221760475723, -0.48272426052669193, 0.568086450958076, -0.1313615124836044]","[[-0.8269140975669109, -0.4980004867927712], [-0.7227789814346421, -0.3938653706605024], [-0.6471810659137618, -0.31826745513962207], [0.4036296455710061, 0.7325432563451458], [-0.29581831787067425, 0.03309529290346547]]","[-0.2949904907855444, -0.2997247405201215, -0.20379025190878136, 0.3287220512716251]","[0.04, 0.06, 0.08, 0.1]","[0.0, 0.0, 0.0, 0.0]",1.2,0.6,0.0521742999999
extrapolation,62,evaluated,2.74094675645,True,"[-0.7, -0.5499999999999999, -0.39999999999999997, -0.25, 0.95]","[-0.6833129937433543, -0.45407308946617886, -0.37170371838019195, -0.2848599115461682, 0.8948290762076484]","[[-0.8477697991304242, -0.5188561883562844], [-0.6185298948532487, -0.289616284079109], [-0.5361605237672618, -0.2072469129931221], [-0.44931671693323805, -0.12040310615909833], [0.7303722708205785, 1.0]]","[-0.2988750051532887, -0.2748378487590617, -0.16752052496959224, -0.27335906104805124]","[0.04, 0.06, 0.08, 0.1]","[0.0, 0.0, 0.0, 0.0]",1.2,0.6,0.0169595
proxy_shift,62,evaluated,2.74094675645,False,"[-0.6791442984364867, -0.6542490865813934, -0.5110205421465, 0.6029463625042442, -0.07619058869125284]","[-0.6290832796665496, -0.3664683549799301, -0.42613169728707584, 0.49836662786573965, -0.24170336006830753]","[[-0.7935400850536195, -0.4646264742794798], [-0.530925160367, -0.20201154959286022], [-0.5905885026741458, -0.261674891900006], [0.3339098224786698, 0.6628234332528096], [-0.40616016545537736, -0.07724655468123767]]","[-0.2949904907855444, -0.2997247405201215, -0.20379025190878136, 0.3287220512716251]","[0.04, 0.06, 0.08, 0.1]","[0.0, 0.0, 0.0, 0.0]",1.2,0.6,0.0424829999999
understated_LH,62,evaluated,2.74094675645,True,"[-0.6791442984364867, -0.6542490865813934, -0.5110205421465, 0.6029463625042442, -0.07619058869125284]","[-0.6624572921798411, -0.5583221760475723, -0.48272426052669193, 0.568086450958076, -0.1313615124836044]","[[-0.8269140975669109, -0.4980004867927712], [-0.7227789814346421, -0.3938653706605024], [-0.6471810659137618, -0.31826745513962207], [0.4036296455710061, 0.7325432563451458], [-0.29581831787067425, 0.03309529290346547]]","[-0.2949904907855444, -0.2997247405201215, -0.20379025190878136, 0.3287220512716251]","[0.04, 0.06, 0.08, 0.1]","[0.0, 0.0, 0.0, 0.0]",0.12,0.06,0.0127653
high_noise,62,evaluated,2.74094675645,True,"[-0.6791442984364867, -0.6542490865813934, -0.5110205421465, 0.6029463625042442, -0.07619058869125284]","[-0.6624572921798411, -0.5583221760475723, -0.48272426052669193, 0.568086450958076, -0.1313615124836044]","[[-0.8269140975669109, -0.4980004867927712], [-0.7227789814346421, -0.3938653706605024], [-0.6471810659137618, -0.31826745513962207], [0.4036296455710061, 0.7325432563451458], [-0.29581831787067425, 0.03309529290346547]]","[-0.3467405010921217, -0.370900438038245, -0.1548313018479659, 0.044503929175522594]","[0.12, 0.18, 0.24, 0.30000000000000004]","[0.0, 0.0, 0.0, 0.0]",1.2,0.6,0.0492878999999
bounded_nuisance_bias,62,evaluated,2.74094675645,True,"[-0.6791442984364867, -0.6542490865813934, -0.5110205421465, 0.6029463625042442, -0.07619058869125284]","[-0.6624572921798411, -0.5583221760475723, -0.48272426052669193, 0.568086450958076, -0.1313615124836044]","[[-0.8269140975669109, -0.4980004867927712], [-0.7227789814346421, -0.3938653706605024], [-0.6471810659137618, -0.31826745513962207], [0.4036296455710061, 0.7325432563451458], [-0.29581831787067425, 0.03309529290346547]]","[-0.3549904907855444, -0.2397247405201215, -0.26379025190878136, 0.3887220512716251]","[0.04, 0.06, 0.08, 0.1]","[0.06, 0.06, 0.06, 0.06]",1.2,0.6,0.0478006999999
nominal,63,evaluated,2.74715149617,True,"[0.028976887540002494, -0.02367893040923774, -0.7500002601710941, 0.6803593622885957, -0.7446213222803086]","[0.03897964138158608, -0.08873673203337663, -0.7559629451050759, 0.6164407204987155, -0.774775440245919]","[[-0.12584944838870082, 0.20380873115187298], [-0.25356582180366355, 0.07609235773691027], [-0.9207920348753628, -0.591133855334789], [0.4516116307284286, 0.7812698102690023], [-0.9396045300162059, -0.6099463504756322]]","[0.0031872741390355994, -0.024621927480907295, -0.2569394106146736, 0.5818217555413133]","[0.04, 0.06, 0.08, 0.1]","[0.0, 0.0, 0.0, 0.0]",1.2,0.6,0.00774520000004
extrapolation,63,evaluated,2.74715149617,True,"[-0.7, -0.5499999999999999, -0.39999999999999997, -0.25, 0.95]","[-0.6899972461584164, -0.6150578016241388, -0.4059626849339818, -0.31391864178988027, 0.9198458820343896]","[[-0.8548263359287033, -0.5251681563881295], [-0.7798868913944257, -0.45022871185385194], [-0.5707917747042687, -0.2411335951636949], [-0.47874773156016714, -0.14908955201959337], [0.7550167922641027, 1.0]]","[-0.2874507563884177, -0.24983277675896226, -0.16768937158902986, -0.09651052038796748]","[0.04, 0.06, 0.08, 0.1]","[0.0, 0.0, 0.0, 0.0]",1.2,0.6,0.0136844000001
proxy_shift,63,evaluated,2.74715149617,False,"[0.028976887540002494, -0.02367893040923774, -0.7500002601710941, 0.6803593622885957, -0.7446213222803086]","[0.05898514906475325, -0.21885233528165443, -0.7678883149730396, 0.4886034369189548, -0.8350836761771397]","[[-0.10584394070553366, 0.22381423883504015], [-0.38368142505194136, -0.05402324551136753], [-0.9327174047433264, -0.6030592252027527], [0.32377434714866793, 0.6534325266892417], [-0.9999127659474266, -0.6702545864068529]]","[0.0031872741390355994, -0.024621927480907295, -0.2569394106146736, 0.5818217555413133]","[0.04, 0.06, 0.08, 0.1]","[0.0, 0.0, 0.0, 0.0]",1.2,0.6,0.00815820000003
understated_LH,63,evaluated,2.74715149617,True,"[0.028976887540002494, -0.02367893040923774, -0.7500002601710941, 0.6803593622885957, -0.7446213222803086]","[0.03897964138158608, -0.08873673203337663, -0.7559629451050759, 0.6164407204987155, -0.774775440245919]","[[-0.12584944838870082, 0.20380873115187298], [-0.25356582180366355, 0.07609235773691027], [-0.9207920348753628, -0.591133855334789], [0.4516116307284286, 0.7812698102690023], [-0.9396045300162059, -0.6099463504756322]]","[0.0031872741390355994, -0.024621927480907295, -0.2569394106146736, 0.5818217555413133]","[0.04, 0.06, 0.08, 0.1]","[0.0, 0.0, 0.0, 0.0]",0.12,0.06,0.0133960999999
high_noise,63,evaluated,2.74715149617,True,"[0.028976887540002494, -0.02367893040923774, -0.7500002601710941, 0.6803593622885957, -0.7446213222803086]","[0.03897964138158608, -0.08873673203337663, -0.7559629451050759, 0.6164407204987155, -0.774775440245919]","[[-0.12584944838870082, 0.20380873115187298], [-0.25356582180366355, 0.07609235773691027], [-0.9207920348753628, -0.591133855334789], [0.4516116307284286, 0.7812698102690023], [-0.9396045300162059, -0.6099463504756322]]","[-0.025714238637799765, -0.045787480998831905, -0.20831815379273338, 0.6513007147653784]","[0.12, 0.18, 0.24, 0.30000000000000004]","[0.0, 0.0, 0.0, 0.0]",1.2,0.6,0.00748950000002
bounded_nuisance_bias,63,evaluated,2.74715149617,True,"[0.028976887540002494, -0.02367893040923774, -0.7500002601710941, 0.6803593622885957, -0.7446213222803086]","[0.03897964138158608, -0.08873673203337663, -0.7559629451050759, 0.6164407204987155, -0.774775440245919]","[[-0.12584944838870082, 0.20380873115187298], [-0.25356582180366355, 0.07609235773691027], [-0.9207920348753628, -0.591133855334789], [0.4516116307284286, 0.7812698102690023], [-0.9396045300162059, -0.6099463504756322]]","[-0.0568127258609644, 0.0353780725190927, -0.3169394106146736, 0.6418217555413133]","[0.04, 0.06, 0.08, 0.1]","[0.06, 0.06, 0.06, 0.06]",1.2,0.6,0.00845609999988
nominal,64,evaluated,2.61729239349,True,"[0.020757162119126482, -0.18862566741812814, 0.4089742680095676, -0.5109489019780113, -0.614980464456021]","[-0.012966507108582173, -0.299087204739376, 0.409891760327359, -0.46878043754376875, -0.7000577886656961]","[[-0.17000405071771885, 0.14407103650055447], [-0.4561247483485127, -0.14204966113023934], [0.2528542167182224, 0.5669293039364957], [-0.6258179811529054, -0.31174289393463206], [-0.8570953322748328, -0.5430202450565594]]","[0.0009784664855437362, -0.06714545872682867, 0.332682990681128, -0.1675297598357727]","[0.04, 0.06, 0.08, 0.1]","[0.0, 0.0, 0.0, 0.0]",1.2,0.6,0.0122713999999
extrapolation,64,evaluated,2.61729239349,True,"[-0.7, -0.5499999999999999, -0.39999999999999997, -0.25, 0.95]","[-0.7337236692277086, -0.6604615373212478, -0.39908250768220854, -0.20783153556575737, 0.8649226757903248]","[[-0.8907612128368453, -0.5766861256185719], [-0.8174990809303845, -0.5034239937121111], [-0.5561200512913452, -0.24204496407307188], [-0.36486907917489403, -0.05079399195662071], [0.7078851321811881, 1.0]]","[-0.2846050887197041, -0.20389395099863203, -0.154879555692801, -0.07053105277872657]","[0.04, 0.06, 0.08, 0.1]","[0.0, 0.0, 0.0, 0.0]",1.2,0.6,0.0110066999998
proxy_shift,64,evaluated,2.61729239349,False,"[0.020757162119126482, -0.18862566741812814, 0.4089742680095676, -0.5109489019780113, -0.614980464456021]","[-0.08041384556399948, -0.5200102793818717, 0.4117267449629418, -0.3844435086752835, -0.8702124370850466]","[[-0.23745138917313613, 0.07662369804513718], [-0.6770478229910084, -0.36297273577273503], [0.25468920135380513, 0.5687642885720785], [-0.5414810522844201, -0.22740596506614683], [-1.0, -0.7131748934759099]]","[0.0009784664855437362, -0.06714545872682867, 0.332682990681128, -0.1675297598357727]","[0.04, 0.06, 0.08, 0.1]","[0.0, 0.0, 0.0, 0.0]",1.2,0.6,0.00898459999985
understated_LH,64,evaluated,2.61729239349,True,"[0.020757162119126482, -0.18862566741812814, 0.4089742680095676, -0.5109489019780113, -0.614980464456021]","[-0.012966507108582173, -0.299087204739376, 0.409891760327359, -0.46878043754376875, -0.7000577886656961]","[[-0.17000405071771885, 0.14407103650055447], [-0.4561247483485127, -0.14204966113023934], [0.2528542167182224, 0.5669293039364957], [-0.6258179811529054, -0.31174289393463206], [-0.8570953322748328, -0.5430202450565594]]","[0.0009784664855437362, -0.06714545872682867, 0.332682990681128, -0.1675297598357727]","[0.04, 0.06, 0.08, 0.1]","[0.0, 0.0, 0.0, 0.0]",0.12,0.06,0.0145294000001
high_noise,64,evaluated,2.61729239349,True,"[0.020757162119126482, -0.18862566741812814, 0.4089742680095676, -0.5109489019780113, -0.614980464456021]","[-0.012966507108582173, -0.299087204739376, 0.409891760327359, -0.46878043754376875, -0.7000577886656961]","[[-0.17000405071771885, 0.14407103650055447], [-0.4561247483485127, -0.14204966113023934], [0.2528542167182224, 0.5669293039364957], [-0.6258179811529054, -0.31174289393463206], [-0.8570953322748328, -0.5430202450565594]]","[-0.02223171095386439, 0.0035666392759071824, 0.4069238792955259, -0.04609186539322577]","[0.12, 0.18, 0.24, 0.30000000000000004]","[0.0, 0.0, 0.0, 0.0]",1.2,0.6,0.0120324000002
bounded_nuisance_bias,64,evaluated,2.61729239349,True,"[0.020757162119126482, -0.18862566741812814, 0.4089742680095676, -0.5109489019780113, -0.614980464456021]","[-0.012966507108582173, -0.299087204739376, 0.409891760327359, -0.46878043754376875, -0.7000577886656961]","[[-0.17000405071771885, 0.14407103650055447], [-0.4561247483485127, -0.14204966113023934], [0.2528542167182224, 0.5669293039364957], [-0.6258179811529054, -0.31174289393463206], [-0.8570953322748328, -0.5430202450565594]]","[-0.05902153351445626, -0.007145458726828674, 0.272682990681128, -0.1075297598357727]","[0.04, 0.06, 0.08, 0.1]","[0.06, 0.06, 0.06, 0.06]",1.2,0.6,0.0137318999998
nominal,65,evaluated,2.60444751862,True,"[-0.07961546329583302, -0.4128610726661395, 0.5368602302744596, -0.05819422456600465, 0.4518347878109725]","[-0.04053101912165347, -0.4060070228996214, 0.6561055838799957, -0.13675849081386762, 0.4170090414093645]","[[-0.19679787023905643, 0.1157358319957495], [-0.5622738740170243, -0.2497401717822184], [0.4998387327625928, 0.8123724349973986], [-0.2930253419312706, 0.019508360303535338], [0.26074219029196155, 0.5732758925267675]]","[-0.07560669378240736, -0.11177412910370847, 0.3274390298790826, -0.12228404110122275]","[0.04, 0.06, 0.08, 0.1]","[0.0, 0.0, 0.0, 0.0]",1.2,0.6,0.0369923999999
extrapolation,65,evaluated,2.60444751862,True,"[-0.7, -0.5499999999999999, -0.39999999999999997, -0.25, 0.95]","[-0.6609155558258204, -0.5431459502334818, -0.28075464639446385, -0.32856426624786295, 0.9151742535983919]","[[-0.8171824069432234, -0.5046487047084174], [-0.6994128013508847, -0.3868790991160788], [-0.4370214975118668, -0.12448779527706089], [-0.4848311173652659, -0.17229741513045999], [0.758907402480989, 1.0]]","[-0.3027390024036506, -0.15444376510093533, -0.2731427803406969, -0.21963347669347155]","[0.04, 0.06, 0.08, 0.1]","[0.0, 0.0, 0.0, 0.0]",1.2,0.6,0.0117074
proxy_shift,65,evaluated,2.60444751862,False,"[-0.07961546329583302, -0.4128610726661395, 0.5368602302744596, -0.05819422456600465, 0.4518347878109725]","[0.037637869226705645, -0.3922989233665852, 0.8945962910910679, -0.2938870233095936, 0.3473575486061484]","[[-0.11862898189069732, 0.1939047203441086], [-0.5485657744839881, -0.2360320722491822], [0.7383294399736648, 1.0], [-0.45015387442699656, -0.13762017219219064], [0.19109069748874546, 0.5036243997235514]]","[-0.07560669378240736, -0.11177412910370847, 0.3274390298790826, -0.12228404110122275]","[0.04, 0.06, 0.08, 0.1]","[0.0, 0.0, 0.0, 0.0]",1.2,0.6,0.0401698000001
understated_LH,65,evaluated,2.60444751862,True,"[-0.07961546329583302, -0.4128610726661395, 0.5368602302744596, -0.05819422456600465, 0.4518347878109725]","[-0.04053101912165347, -0.4060070228996214, 0.6561055838799957, -0.13675849081386762, 0.4170090414093645]","[[-0.19679787023905643, 0.1157358319957495], [-0.5622738740170243, -0.2497401717822184], [0.4998387327625928, 0.8123724349973986], [-0.2930253419312706, 0.019508360303535338], [0.26074219029196155, 0.5732758925267675]]","[-0.07560669378240736, -0.11177412910370847, 0.3274390298790826, -0.12228404110122275]","[0.04, 0.06, 0.08, 0.1]","[0.0, 0.0, 0.0, 0.0]",0.12,0.06,0.012927
high_noise,65,evaluated,2.60444751862,True,"[-0.07961546329583302, -0.4128610726661395, 0.5368602302744596, -0.05819422456600465, 0.4518347878109725]","[-0.04053101912165347, -0.4060070228996214, 0.6561055838799957, -0.13675849081386762, 0.4170090414093645]","[[-0.19679787023905643, 0.1157358319957495], [-0.5622738740170243, -0.2497401717822184], [0.4998387327625928, 0.8123724349973986], [-0.2930253419312706, 0.019508360303535338], [0.26074219029196155, 0.5732758925267675]]","[-0.13508469858970854, 0.05783834069442076, 0.16515346919768878, -0.29905099448816586]","[0.12, 0.18, 0.24, 0.30000000000000004]","[0.0, 0.0, 0.0, 0.0]",1.2,0.6,0.0545533999998
bounded_nuisance_bias,65,evaluated,2.60444751862,True,"[-0.07961546329583302, -0.4128610726661395, 0.5368602302744596, -0.05819422456600465, 0.4518347878109725]","[-0.04053101912165347, -0.4060070228996214, 0.6561055838799957, -0.13675849081386762, 0.4170090414093645]","[[-0.19679787023905643, 0.1157358319957495], [-0.5622738740170243, -0.2497401717822184], [0.4998387327625928, 0.8123724349973986], [-0.2930253419312706, 0.019508360303535338], [0.26074219029196155, 0.5732758925267675]]","[-0.13560669378240736, -0.051774129103708474, 0.2674390298790826, -0.06228404110122275]","[0.04, 0.06, 0.08, 0.1]","[0.06, 0.06, 0.06, 0.06]",1.2,0.6,0.0495898000001
nominal,66,evaluated,2.65085794843,True,"[0.5980129875706479, -0.09940418504930137, -0.32018961195811235, 0.7182978183550035, 0.36694812703952007]","[0.5740153118231309, -0.13760957772686067, -0.30413514149714166, 0.6791096721048896, 0.36700672851667204]","[[0.41496383491744737, 0.7330667887288145], [-0.2966610546325442, 0.02144189917882286], [-0.46318661840282516, -0.14508366459145813], [0.520058195199206, 0.8381611490105731], [0.20795525161098852, 0.5260582054223556]]","[0.5212804334427501, -0.11222580090370488, -0.3184230668916528, 0.4278448838364701]","[0.04, 0.06, 0.08, 0.1]","[0.0, 0.0, 0.0, 0.0]",1.2,0.6,0.0457140999999
extrapolation,66,evaluated,2.65085794843,True,"[-0.7, -0.5499999999999999, -0.39999999999999997, -0.25, 0.95]","[-0.7239976757475169, -0.5882053926775592, -0.3839455295390293, -0.28918814625011385, 0.9500586014771519]","[[-0.8830491526532005, -0.5649461988418334], [-0.7472568695832428, -0.42915391577187567], [-0.5429970064447128, -0.22489405263334575], [-0.44823962315579735, -0.13013666934443033], [0.7910071245714684, 1.0]]","[-0.2178132190905902, -0.29479764747571874, -0.3490657159985513, -0.28916933393259925]","[0.04, 0.06, 0.08, 0.1]","[0.0, 0.0, 0.0, 0.0]",1.2,0.6,0.0142725999999
proxy_shift,66,evaluated,2.65085794843,True,"[0.5980129875706479, -0.09940418504930137, -0.32018961195811235, 0.7182978183550035, 0.36694812703952007]","[0.526019960328097, -0.2140203630819792, -0.2720262005752003, 0.6007333796046619, 0.36712393147097594]","[[0.3669684834224134, 0.6850714372337805], [-0.3730718399876627, -0.05496888617629567], [-0.4310776774808839, -0.1129747236695168], [0.44168190269897833, 0.7597848565103454], [0.20807245456529241, 0.5261754083766594]]","[0.5212804334427501, -0.11222580090370488, -0.3184230668916528, 0.4278448838364701]","[0.04, 0.06, 0.08, 0.1]","[0.0, 0.0, 0.0, 0.0]",1.2,0.6,0.0460742
understated_LH,66,evaluated,2.65085794843,True,"[0.5980129875706479, -0.09940418504930137, -0.32018961195811235, 0.7182978183550035, 0.36694812703952007]","[0.5740153118231309, -0.13760957772686067, -0.30413514149714166, 0.6791096721048896, 0.36700672851667204]","[[0.41496383491744737, 0.7330667887288145], [-0.2966610546325442, 0.02144189917882286], [-0.46318661840282516, -0.14508366459145813], [0.520058195199206, 0.8381611490105731], [0.20795525161098852, 0.5260582054223556]]","[0.5212804334427501, -0.11222580090370488, -0.3184230668916528, 0.4278448838364701]","[0.04, 0.06, 0.08, 0.1]","[0.0, 0.0, 0.0, 0.0]",0.12,0.06,0.0787073000001
high_noise,66,evaluated,2.65085794843,True,"[0.5980129875706479, -0.09940418504930137, -0.32018961195811235, 0.7182978183550035, 0.36694812703952007]","[0.5740153118231309, -0.13760957772686067, -0.30413514149714166, 0.6791096721048896, 0.36700672851667204]","[[0.41496383491744737, 0.7330667887288145], [-0.2966610546325442, 0.02144189917882286], [-0.46318661840282516, -0.14508366459145813], [0.520058195199206, 0.8381611490105731], [0.20795525161098852, 0.5260582054223556]]","[0.6316539952615697, -0.22332109585514245, -0.6325544988887555, 0.11200621597127164]","[0.12, 0.18, 0.24, 0.30000000000000004]","[0.0, 0.0, 0.0, 0.0]",1.2,0.6,0.0489793000002
bounded_nuisance_bias,66,evaluated,2.65085794843,True,"[0.5980129875706479, -0.09940418504930137, -0.32018961195811235, 0.7182978183550035, 0.36694812703952007]","[0.5740153118231309, -0.13760957772686067, -0.30413514149714166, 0.6791096721048896, 0.36700672851667204]","[[0.41496383491744737, 0.7330667887288145], [-0.2966610546325442, 0.02144189917882286], [-0.46318661840282516, -0.14508366459145813], [0.520058195199206, 0.8381611490105731], [0.20795525161098852, 0.5260582054223556]]","[0.4612804334427501, -0.05222580090370488, -0.3784230668916528, 0.4878448838364701]","[0.04, 0.06, 0.08, 0.1]","[0.06, 0.06, 0.06, 0.06]",1.2,0.6,0.0400993999999
nominal,67,evaluated,2.70439538607,True,"[0.30871026510283883, 0.3133839781759282, -0.19341376873909988, -0.19115725560787777, 0.5474666944989655]","[0.38801034412883545, 0.2624985056183796, -0.28365649968058027, -0.16130195040833878, 0.6415907248453682]","[[0.22574662096480205, 0.5502740672928689], [0.10023478245434622, 0.424762228782413], [-0.44592022284461363, -0.12139277651654687], [-0.3235656735723722, 0.0009617727556946176], [0.4793270016813348, 0.8038544480094015]]","[0.1566473869210097, 0.22776635771447123, -0.10842503240602958, -0.05563737023355106]","[0.04, 0.06, 0.08, 0.1]","[0.0, 0.0, 0.0, 0.0]",1.2,0.6,0.00766520000002
extrapolation,67,evaluated,2.70439538607,True,"[-0.7, -0.5499999999999999, -0.39999999999999997, -0.25, 0.95]","[-0.6206999209740033, -0.6008854725575485, -0.4902427309414803, -0.220144694800461, 1.0]","[[-0.7829636441380367, -0.4584361978099699], [-0.7631491957215819, -0.43862174939351517], [-0.6525064541055137, -0.32797900777744693], [-0.38240841796449443, -0.05788097163642761], [0.8377362768359666, 1.0]]","[-0.3301693804746531, -0.22897688452429688, -0.19559943694392823, -0.08315534578028505]","[0.04, 0.06, 0.08, 0.1]","[0.0, 0.0, 0.0, 0.0]",1.2,0.6,0.00961869999992
proxy_shift,67,evaluated,2.70439538607,False,"[0.30871026510283883, 0.3133839781759282, -0.19341376873909988, -0.19115725560787777, 0.5474666944989655]","[0.5466105021808287, 0.16072756050328235, -0.46414196156354093, -0.10159134000926083, 0.8298387855381735]","[[0.38434677901679537, 0.7088742253448621], [-0.0015361626607510448, 0.3229912836673158], [-0.6264056847275743, -0.30187823839950756], [-0.2638550631732942, 0.060672383154772566], [0.6675750623741401, 0.9921025087022068]]","[0.1566473869210097, 0.22776635771447123, -0.10842503240602958, -0.05563737023355106]","[0.04, 0.06, 0.08, 0.1]","[0.0, 0.0, 0.0, 0.0]",1.2,0.6,0.00614150000001
understated_LH,67,evaluated,2.70439538607,True,"[0.30871026510283883, 0.3133839781759282, -0.19341376873909988, -0.19115725560787777, 0.5474666944989655]","[0.38801034412883545, 0.2624985056183796, -0.28365649968058027, -0.16130195040833878, 0.6415907248453682]","[[0.22574662096480205, 0.5502740672928689], [0.10023478245434622, 0.424762228782413], [-0.44592022284461363, -0.12139277651654687], [-0.3235656735723722, 0.0009617727556946176], [0.4793270016813348, 0.8038544480094015]]","[0.1566473869210097, 0.22776635771447123, -0.10842503240602958, -0.05563737023355106]","[0.04, 0.06, 0.08, 0.1]","[0.0, 0.0, 0.0, 0.0]",0.12,0.06,0.00810810000007
high_noise,67,evaluated,2.70439538607,True,"[0.30871026510283883, 0.3133839781759282, -0.19341376873909988, -0.19115725560787777, 0.5474666944989655]","[0.38801034412883545, 0.2624985056183796, -0.28365649968058027, -0.16130195040833878, 0.6415907248453682]","[[0.22574662096480205, 0.5502740672928689], [0.10023478245434622, 0.424762228782413], [-0.44592022284461363, -0.12139277651654687], [-0.3235656735723722, 0.0009617727556946176], [0.4793270016813348, 0.8038544480094015]]","[0.042308625971703595, 0.24831258866587744, -0.1156239062938861, 0.04055193820587888]","[0.12, 0.18, 0.24, 0.30000000000000004]","[0.0, 0.0, 0.0, 0.0]",1.2,0.6,0.0065924999999
bounded_nuisance_bias,67,evaluated,2.70439538607,True,"[0.30871026510283883, 0.3133839781759282, -0.19341376873909988, -0.19115725560787777, 0.5474666944989655]","[0.38801034412883545, 0.2624985056183796, -0.28365649968058027, -0.16130195040833878, 0.6415907248453682]","[[0.22574662096480205, 0.5502740672928689], [0.10023478245434622, 0.424762228782413], [-0.44592022284461363, -0.12139277651654687], [-0.3235656735723722, 0.0009617727556946176], [0.4793270016813348, 0.8038544480094015]]","[0.09664738692100971, 0.28776635771447123, -0.16842503240602957, 0.004362629766448939]","[0.04, 0.06, 0.08, 0.1]","[0.06, 0.06, 0.06, 0.06]",1.2,0.6,0.00676279999993
nominal,68,evaluated,2.57950330405,True,"[-0.0688555028171216, 0.39100302784115937, -0.692208567078676, -0.6224797528060768, -0.7763279882275255]","[-0.08576668152643346, 0.30687465748704357, -0.6777847309770181, -0.6068266197844884, -0.8287569472227414]","[[-0.24053687976924437, 0.06900351671637744], [0.15210445924423266, 0.4616448557298545], [-0.832554929219829, -0.5230145327342072], [-0.7615968180272993, -0.45205642154167747], [-0.9835271454655523, -0.6739867489799305]]","[-0.09395567829911361, 0.2175326279664654, -0.0896732712440709, -0.17235314580141547]","[0.04, 0.06, 0.08, 0.1]","[0.0, 0.0, 0.0, 0.0]",1.2,0.6,0.0101049
extrapolation,68,evaluated,2.57950330405,True,"[-0.7, -0.5499999999999999, -0.39999999999999997, -0.25, 0.95]","[-0.7169111787093118, -0.6341283703541157, -0.3855761638983421, -0.2343468669784116, 0.897571041004784]","[[-0.8716813769521227, -0.5621409804665009], [-0.7888985685969266, -0.4793581721113048], [-0.5403463621411531, -0.2308059656555312], [-0.38911706522122247, -0.07957666873560068], [0.7428008427619731, 1.0]]","[-0.32706470068930027, -0.30218419907251654, -0.010093941097999437, -0.046359606913823764]","[0.04, 0.06, 0.08, 0.1]","[0.0, 0.0, 0.0, 0.0]",1.2,0.6,0.0107048
proxy_shift,68,evaluated,2.57950330405,False,"[-0.0688555028171216, 0.39100302784115937, -0.692208567078676, -0.6224797528060768, -0.7763279882275255]","[-0.11958903894505717, 0.1386179167788119, -0.6489370587737024, -0.5755203537413116, -0.9336148652131732]","[[-0.2743592371878681, 0.03518115929775374], [-0.016152281463998996, 0.2933881150216228], [-0.8037072570165134, -0.49416686053089154], [-0.7302905519841225, -0.4207501554985007], [-1.0, -0.7788446669703623]]","[-0.09395567829911361, 0.2175326279664654, -0.0896732712440709, -0.17235314580141547]","[0.04, 0.06, 0.08, 0.1]","[0.0, 0.0, 0.0, 0.0]",1.2,0.6,0.0117311000001
understated_LH,68,evaluated,2.57950330405,True,"[-0.0688555028171216, 0.39100302784115937, -0.692208567078676, -0.6224797528060768, -0.7763279882275255]","[-0.08576668152643346, 0.30687465748704357, -0.6777847309770181, -0.6068266197844884, -0.8287569472227414]","[[-0.24053687976924437, 0.06900351671637744], [0.15210445924423266, 0.4616448557298545], [-0.832554929219829, -0.5230145327342072], [-0.7615968180272993, -0.45205642154167747], [-0.9835271454655523, -0.6739867489799305]]","[-0.09395567829911361, 0.2175326279664654, -0.0896732712440709, -0.17235314580141547]","[0.04, 0.06, 0.08, 0.1]","[0.0, 0.0, 0.0, 0.0]",0.12,0.06,0.0129746
high_noise,68,evaluated,2.57950330405,True,"[-0.0688555028171216, 0.39100302784115937, -0.692208567078676, -0.6224797528060768, -0.7763279882275255]","[-0.08576668152643346, 0.30687465748704357, -0.6777847309770181, -0.6068266197844884, -0.8287569472227414]","[[-0.24053687976924437, 0.06900351671637744], [0.15210445924423266, 0.4616448557298545], [-0.832554929219829, -0.5230145327342072], [-0.7615968180272993, -0.45205642154167747], [-0.9835271454655523, -0.6739867489799305]]","[-0.2020850796777141, 0.09166422982143221, 0.2741388465599302, -0.0025723596290629924]","[0.12, 0.18, 0.24, 0.30000000000000004]","[0.0, 0.0, 0.0, 0.0]",1.2,0.6,0.00996789999999
bounded_nuisance_bias,68,evaluated,2.57950330405,True,"[-0.0688555028171216, 0.39100302784115937, -0.692208567078676, -0.6224797528060768, -0.7763279882275255]","[-0.08576668152643346, 0.30687465748704357, -0.6777847309770181, -0.6068266197844884, -0.8287569472227414]","[[-0.24053687976924437, 0.06900351671637744], [0.15210445924423266, 0.4616448557298545], [-0.832554929219829, -0.5230145327342072], [-0.7615968180272993, -0.45205642154167747], [-0.9835271454655523, -0.6739867489799305]]","[-0.1539556782991136, 0.2775326279664654, -0.1496732712440709, -0.11235314580141548]","[0.04, 0.06, 0.08, 0.1]","[0.06, 0.06, 0.06, 0.06]",1.2,0.6,0.0103563999999
nominal,69,evaluated,2.63567642397,True,"[0.49136644082133274, 0.023126301063664867, -0.3259072119993917, -0.7437566021073446, -0.09719927987828392]","[0.5616704893089631, 0.03727857328759561, -0.34356555247968684, -0.7038328437170491, -0.09281144947814222]","[[0.40352990387046994, 0.7198110747474563], [-0.12086201215089758, 0.19541915872608878], [-0.50170613791818, -0.18542496704119366], [-0.8619734291555423, -0.5456922582785559], [-0.2509520349166354, 0.06532913596035096]]","[0.3964222787593505, 0.052136718368617954, -0.20306938954384243, -0.4101701347674085]","[0.04, 0.06, 0.08, 0.1]","[0.0, 0.0, 0.0, 0.0]",1.2,0.6,0.0496415
extrapolation,69,evaluated,2.63567642397,True,"[-0.7, -0.5499999999999999, -0.39999999999999997, -0.25, 0.95]","[-0.6296959515123696, -0.5358477277760691, -0.4176583404802951, -0.21007624160970453, 0.9543878304001416]","[[-0.7878365369508628, -0.4715553660738764], [-0.6939883132145623, -0.37770714233757596], [-0.5757989259187883, -0.2595177550418019], [-0.3682168270481977, -0.05193565617121135], [0.7962472449616484, 1.0]]","[-0.24382987948307644, -0.2011495100098471, -0.23138971559417232, -0.2611183384564806]","[0.04, 0.06, 0.08, 0.1]","[0.0, 0.0, 0.0, 0.0]",1.2,0.6,0.0107766000001
proxy_shift,69,evaluated,2.63567642397,False,"[0.49136644082133274, 0.023126301063664867, -0.3259072119993917, -0.7437566021073446, -0.09719927987828392]","[0.7022785862842238, 0.0655831177354571, -0.37888223344027716, -0.6239853269364581, -0.08403578867785882]","[[0.5441380008457306, 0.860419171722717], [-0.09255746770303609, 0.2237237031739503], [-0.5370228188787703, -0.22074164800178397], [-0.7821259123749513, -0.46584474149796495], [-0.242176374116352, 0.07410479676063436]]","[0.3964222787593505, 0.052136718368617954, -0.20306938954384243, -0.4101701347674085]","[0.04, 0.06, 0.08, 0.1]","[0.0, 0.0, 0.0, 0.0]",1.2,0.6,0.0504206000001
understated_LH,69,evaluated,2.63567642397,True,"[0.49136644082133274, 0.023126301063664867, -0.3259072119993917, -0.7437566021073446, -0.09719927987828392]","[0.5616704893089631, 0.03727857328759561, -0.34356555247968684, -0.7038328437170491, -0.09281144947814222]","[[0.40352990387046994, 0.7198110747474563], [-0.12086201215089758, 0.19541915872608878], [-0.50170613791818, -0.18542496704119366], [-0.8619734291555423, -0.5456922582785559], [-0.2509520349166354, 0.06532913596035096]]","[0.3964222787593505, 0.052136718368617954, -0.20306938954384243, -0.4101701347674085]","[0.04, 0.06, 0.08, 0.1]","[0.0, 0.0, 0.0, 0.0]",0.12,0.06,0.0158133
high_noise,69,evaluated,2.63567642397,True,"[0.49136644082133274, 0.023126301063664867, -0.3259072119993917, -0.7437566021073446, -0.09719927987828392]","[0.5616704893089631, 0.03727857328759561, -0.34356555247968684, -0.7038328437170491, -0.09281144947814222]","[[0.40352990387046994, 0.7198110747474563], [-0.12086201215089758, 0.19541915872608878], [-0.50170613791818, -0.18542496704119366], [-0.8619734291555423, -0.5456922582785559], [-0.2509520349166354, 0.06532913596035096]]","[0.45476251979319765, 0.12833769834892367, -0.2818488207321871, -0.6699068116803697]","[0.12, 0.18, 0.24, 0.30000000000000004]","[0.0, 0.0, 0.0, 0.0]",1.2,0.6,0.0606912000001
bounded_nuisance_bias,69,evaluated,2.63567642397,True,"[0.49136644082133274, 0.023126301063664867, -0.3259072119993917, -0.7437566021073446, -0.09719927987828392]","[0.5616704893089631, 0.03727857328759561, -0.34356555247968684, -0.7038328437170491, -0.09281144947814222]","[[0.40352990387046994, 0.7198110747474563], [-0.12086201215089758, 0.19541915872608878], [-0.50170613791818, -0.18542496704119366], [-0.8619734291555423, -0.5456922582785559], [-0.2509520349166354, 0.06532913596035096]]","[0.3364222787593505, 0.11213671836861795, -0.2630693895438424, -0.3501701347674085]","[0.04, 0.06, 0.08, 0.1]","[0.06, 0.06, 0.06, 0.06]",1.2,0.6,0.0521364000001
nominal,70,evaluated,2.74276518167,True,"[0.3916010596657957, 0.38101916645175904, -0.6769836679440898, 0.5324754791104256, 0.7975287559664439]","[0.3480455537526125, 0.4715356146585453, -0.6977459563070846, 0.5704126064794751, 0.8147731651668448]","[[0.18347964285236504, 0.5126114646528599], [0.3069697037582979, 0.6361015255587927], [-0.862311867207332, -0.5331800454068372], [0.4058466955792277, 0.7349785173797225], [0.6502072542665974, 0.9793390760670923]]","[0.2609243450387136, 0.2896848229926645, -0.4060408105547036, 0.4579469664790223]","[0.04, 0.06, 0.08, 0.1]","[0.0, 0.0, 0.0, 0.0]",1.2,0.6,0.0208866999999
extrapolation,70,evaluated,2.74276518167,True,"[-0.7, -0.5499999999999999, -0.39999999999999997, -0.25, 0.95]","[-0.7435555059131832, -0.45948355179321365, -0.42076228836299473, -0.2120628726309505, 0.9672444092004009]","[[-0.9081214168134306, -0.5789895950129358], [-0.6240494626934611, -0.29491764089296624], [-0.5853281992632422, -0.25619637746274726], [-0.37662878353119794, -0.04749696173070306], [0.8026784983001535, 1.0]]","[-0.29304170774017607, -0.22172935843946884, -0.3293426757871598, -0.07784736174339621]","[0.04, 0.06, 0.08, 0.1]","[0.0, 0.0, 0.0, 0.0]",1.2,0.6,0.0113673000001
proxy_shift,70,evaluated,2.74276518167,False,"[0.3916010596657957, 0.38101916645175904, -0.6769836679440898, 0.5324754791104256, 0.7975287559664439]","[0.260934541926246, 0.6525685110721178, -0.7392705330330741, 0.6462868612175741, 0.8492619835676468]","[[0.09636863102599855, 0.4255004528264934], [0.48800260017187036, 0.8171344219723652], [-0.9038364439333215, -0.5747046221328267], [0.48172095031732665, 0.8108527721178215], [0.6846960726673994, 1.0]]","[0.2609243450387136, 0.2896848229926645, -0.4060408105547036, 0.4579469664790223]","[0.04, 0.06, 0.08, 0.1]","[0.0, 0.0, 0.0, 0.0]",1.2,0.6,0.0121561000001
understated_LH,70,evaluated,2.74276518167,True,"[0.3916010596657957, 0.38101916645175904, -0.6769836679440898, 0.5324754791104256, 0.7975287559664439]","[0.3480455537526125, 0.4715356146585453, -0.6977459563070846, 0.5704126064794751, 0.8147731651668448]","[[0.18347964285236504, 0.5126114646528599], [0.3069697037582979, 0.6361015255587927], [-0.862311867207332, -0.5331800454068372], [0.4058466955792277, 0.7349785173797225], [0.6502072542665974, 0.9793390760670923]]","[0.2609243450387136, 0.2896848229926645, -0.4060408105547036, 0.4579469664790223]","[0.04, 0.06, 0.08, 0.1]","[0.0, 0.0, 0.0, 0.0]",0.12,0.06,0.0144548999999
high_noise,70,evaluated,2.74276518167,True,"[0.3916010596657957, 0.38101916645175904, -0.6769836679440898, 0.5324754791104256, 0.7975287559664439]","[0.3480455537526125, 0.4715356146585453, -0.6977459563070846, 0.5704126064794751, 0.8147731651668448]","[[0.18347964285236504, 0.5126114646528599], [0.3069697037582979, 0.6361015255587927], [-0.862311867207332, -0.5331800454068372], [0.4058466955792277, 0.7349785173797225], [0.6502072542665974, 0.9793390760670923]]","[0.22084092955836143, 0.32472610611372676, -0.6807261621290231, 0.5647522429922299]","[0.12, 0.18, 0.24, 0.30000000000000004]","[0.0, 0.0, 0.0, 0.0]",1.2,0.6,0.0128536
bounded_nuisance_bias,70,evaluated,2.74276518167,True,"[0.3916010596657957, 0.38101916645175904, -0.6769836679440898, 0.5324754791104256, 0.7975287559664439]","[0.3480455537526125, 0.4715356146585453, -0.6977459563070846, 0.5704126064794751, 0.8147731651668448]","[[0.18347964285236504, 0.5126114646528599], [0.3069697037582979, 0.6361015255587927], [-0.862311867207332, -0.5331800454068372], [0.4058466955792277, 0.7349785173797225], [0.6502072542665974, 0.9793390760670923]]","[0.2009243450387136, 0.3496848229926645, -0.4660408105547036, 0.5179469664790223]","[0.04, 0.06, 0.08, 0.1]","[0.06, 0.06, 0.06, 0.06]",1.2,0.6,0.0210830999999
nominal,71,evaluated,2.44380721977,True,"[0.024162233407767908, -0.7013781541620419, 0.46653181827808665, -0.7215407872705637, -0.32569105062279213]","[0.043381438439567654, -0.6980805457916506, 0.5400641122026617, -0.7279433473391744, -0.33508210349834516]","[[-0.10324699474641089, 0.1900098716255462], [-0.8447089789776291, -0.5514521126056721], [0.3934356790166832, 0.6866925453886402], [-0.8745717805251529, -0.5813149141531959], [-0.48171053668432373, -0.18845367031236662]]","[0.04718032752463046, -0.3033155936335676, 0.2559083505299437, -0.2914263944840265]","[0.04, 0.06, 0.08, 0.1]","[0.0, 0.0, 0.0, 0.0]",1.2,0.6,0.0410236
extrapolation,71,evaluated,2.44380721977,True,"[-0.7, -0.5499999999999999, -0.39999999999999997, -0.25, 0.95]","[-0.6807807949682002, -0.5467023916296087, -0.3264677060754249, -0.2564025600686107, 0.9406089471244469]","[[-0.8274092281541787, -0.5341523617822217], [-0.6933308248155872, -0.40007395844363014], [-0.4730961392614035, -0.17983927288944637], [-0.40303099325458924, -0.10977412688263213], [0.7939805139384684, 1.0]]","[-0.24049215657700573, -0.2693180956770683, -0.2813063216766656, -0.14593825443019573]","[0.04, 0.06, 0.08, 0.1]","[0.0, 0.0, 0.0, 0.0]",1.2,0.6,0.0139222
proxy_shift,71,evaluated,2.44380721977,False,"[0.024162233407767908, -0.7013781541620419, 0.46653181827808665, -0.7215407872705637, -0.32569105062279213]","[0.08181984850316715, -0.691485329050868, 0.6871287000518118, -0.7407484674763958, -0.3538642092494512]","[[-0.0648085846828114, 0.2284482816891457], [-0.8381137622368465, -0.5448568958648895], [0.5405002668658333, 0.8337571332377903], [-0.8873769006623743, -0.5941200342904173], [-0.5004926424354298, -0.20723577606347268]]","[0.04718032752463046, -0.3033155936335676, 0.2559083505299437, -0.2914263944840265]","[0.04, 0.06, 0.08, 0.1]","[0.0, 0.0, 0.0, 0.0]",1.2,0.6,0.0437148999999
understated_LH,71,evaluated,2.44380721977,True,"[0.024162233407767908, -0.7013781541620419, 0.46653181827808665, -0.7215407872705637, -0.32569105062279213]","[0.043381438439567654, -0.6980805457916506, 0.5400641122026617, -0.7279433473391744, -0.33508210349834516]","[[-0.10324699474641089, 0.1900098716255462], [-0.8447089789776291, -0.5514521126056721], [0.3934356790166832, 0.6866925453886402], [-0.8745717805251529, -0.5813149141531959], [-0.48171053668432373, -0.18845367031236662]]","[0.04718032752463046, -0.3033155936335676, 0.2559083505299437, -0.2914263944840265]","[0.04, 0.06, 0.08, 0.1]","[0.0, 0.0, 0.0, 0.0]",0.12,0.06,0.0707548
high_noise,71,evaluated,2.44380721977,True,"[0.024162233407767908, -0.7013781541620419, 0.46653181827808665, -0.7215407872705637, -0.32569105062279213]","[0.043381438439567654, -0.6980805457916506, 0.5400641122026617, -0.7279433473391744, -0.33508210349834516]","[[-0.10324699474641089, 0.1900098716255462], [-0.8447089789776291, -0.5514521126056721], [0.3934356790166832, 0.6866925453886402], [-0.8745717805251529, -0.5813149141531959], [-0.48171053668432373, -0.18845367031236662]]","[0.112196014370619, -0.3634517849877043, 0.0772957071766126, -0.32080290334441797]","[0.12, 0.18, 0.24, 0.30000000000000004]","[0.0, 0.0, 0.0, 0.0]",1.2,0.6,0.0415201000001
bounded_nuisance_bias,71,evaluated,2.44380721977,True,"[0.024162233407767908, -0.7013781541620419, 0.46653181827808665, -0.7215407872705637, -0.32569105062279213]","[0.043381438439567654, -0.6980805457916506, 0.5400641122026617, -0.7279433473391744, -0.33508210349834516]","[[-0.10324699474641089, 0.1900098716255462], [-0.8447089789776291, -0.5514521126056721], [0.3934356790166832, 0.6866925453886402], [-0.8745717805251529, -0.5813149141531959], [-0.48171053668432373, -0.18845367031236662]]","[-0.01281967247536954, -0.24331559363356758, 0.1959083505299437, -0.23142639448402652]","[0.04, 0.06, 0.08, 0.1]","[0.06, 0.06, 0.06, 0.06]",1.2,0.6,0.0414808999999
nominal,72,evaluated,2.43974227633,True,"[0.14506209788288305, 0.743225519918302, 0.4063934553763031, 0.4930364418155009, -0.7039671897602411]","[0.20783370752313984, 0.7212004162272593, 0.3340490334876538, 0.4687623761094087, -0.6948921862132115]","[[0.06144917094360344, 0.3542182441026762], [0.5748158796477228, 0.8675849528067957], [0.1876644969081174, 0.48043357006719023], [0.3223778395298723, 0.6151469126889451], [-0.8412767227927479, -0.548507649633675]]","[0.1144929540670589, 0.7038371081750037, 0.15310241262228866, 0.3084438187861409]","[0.04, 0.06, 0.08, 0.1]","[0.0, 0.0, 0.0, 0.0]",1.2,0.6,0.0074454999999
extrapolation,72,evaluated,2.43974227633,True,"[-0.7, -0.5499999999999999, -0.39999999999999997, -0.25, 0.95]","[-0.6372283903597431, -0.5720251036910426, -0.4723444218886493, -0.2742740657060922, 0.9590750035470296]","[[-0.7836129269392795, -0.4908438537802067], [-0.7184096402705791, -0.4256405671115062], [-0.6187289584681857, -0.3259598853091129], [-0.42065860228562857, -0.1278895291265558], [0.8126904669674931, 1.0]]","[-0.2518572083353259, -0.14706345581332653, -0.33228035277530055, -0.19155352619058652]","[0.04, 0.06, 0.08, 0.1]","[0.0, 0.0, 0.0, 0.0]",1.2,0.6,0.0105528000001
proxy_shift,72,evaluated,2.43974227633,False,"[0.14506209788288305, 0.743225519918302, 0.4063934553763031, 0.4930364418155009, -0.7039671897602411]","[0.3333769268036535, 0.677150208845174, 0.18936018971035523, 0.42021424469722424, -0.6767421791191521]","[[0.1869923902241171, 0.4797614633831899], [0.5307656722656375, 0.8235347454247104], [0.04297565313081883, 0.3357447262898916], [0.2738297081176878, 0.5665987812767607], [-0.8231267156986886, -0.5303576425396157]]","[0.1144929540670589, 0.7038371081750037, 0.15310241262228866, 0.3084438187861409]","[0.04, 0.06, 0.08, 0.1]","[0.0, 0.0, 0.0, 0.0]",1.2,0.6,0.0119126
understated_LH,72,evaluated,2.43974227633,True,"[0.14506209788288305, 0.743225519918302, 0.4063934553763031, 0.4930364418155009, -0.7039671897602411]","[0.20783370752313984, 0.7212004162272593, 0.3340490334876538, 0.4687623761094087, -0.6948921862132115]","[[0.06144917094360344, 0.3542182441026762], [0.5748158796477228, 0.8675849528067957], [0.1876644969081174, 0.48043357006719023], [0.3223778395298723, 0.6151469126889451], [-0.8412767227927479, -0.548507649633675]]","[0.1144929540670589, 0.7038371081750037, 0.15310241262228866, 0.3084438187861409]","[0.04, 0.06, 0.08, 0.1]","[0.0, 0.0, 0.0, 0.0]",0.12,0.06,0.00724220000006
high_noise,72,evaluated,2.43974227633,True,"[0.14506209788288305, 0.743225519918302, 0.4063934553763031, 0.4930364418155009, -0.7039671897602411]","[0.20783370752313984, 0.7212004162272593, 0.3340490334876538, 0.4687623761094087, -0.6948921862132115]","[[0.06144917094360344, 0.3542182441026762], [0.5748158796477228, 0.8675849528067957], [0.1876644969081174, 0.48043357006719023], [0.3223778395298723, 0.6151469126889451], [-0.8412767227927479, -0.548507649633675]]","[0.15677853739640712, 0.8882101965483505, -0.12745829292831246, 0.1878367664049679]","[0.12, 0.18, 0.24, 0.30000000000000004]","[0.0, 0.0, 0.0, 0.0]",1.2,0.6,0.00633790000006
bounded_nuisance_bias,72,evaluated,2.43974227633,True,"[0.14506209788288305, 0.743225519918302, 0.4063934553763031, 0.4930364418155009, -0.7039671897602411]","[0.20783370752313984, 0.7212004162272593, 0.3340490334876538, 0.4687623761094087, -0.6948921862132115]","[[0.06144917094360344, 0.3542182441026762], [0.5748158796477228, 0.8675849528067957], [0.1876644969081174, 0.48043357006719023], [0.3223778395298723, 0.6151469126889451], [-0.8412767227927479, -0.548507649633675]]","[0.054492954067058896, 0.7638371081750037, 0.09310241262228866, 0.3684438187861409]","[0.04, 0.06, 0.08, 0.1]","[0.06, 0.06, 0.06, 0.06]",1.2,0.6,0.00767459999997
nominal,73,evaluated,2.71644811272,True,"[-0.3692650234515762, 0.7233353707174894, -0.6244301543477765, -0.30246880862204617, 0.35429807349486664]","[-0.37782309639881184, 0.6645536960489851, -0.6717197013800186, -0.4213114552076128, 0.3442354306088216]","[[-0.540809983162125, -0.21483620963549863], [0.5015668092856719, 0.8275405828122983], [-0.8347065881433318, -0.5087328146167054], [-0.584298341970926, -0.25832456844429963], [0.1812485438455084, 0.5072223173721349]]","[-0.19702193240344815, 0.5409295597488863, -0.13181275561622025, -0.22752227352415977]","[0.04, 0.06, 0.08, 0.1]","[0.0, 0.0, 0.0, 0.0]",1.2,0.6,0.0370507999999
extrapolation,73,evaluated,2.71644811272,True,"[-0.7, -0.5499999999999999, -0.39999999999999997, -0.25, 0.95]","[-0.7085580729472356, -0.6087816746685043, -0.4472895470322421, -0.36884264658556665, 0.939937357113955]","[[-0.8715449597105488, -0.5455711861839224], [-0.7717685614318175, -0.4457947879051911], [-0.6102764337955553, -0.2843026602689289], [-0.5318295333488798, -0.20585575982225343], [0.7769504703506418, 1.0]]","[-0.2893699155959104, -0.2892858802409096, -0.06612856830519073, -0.20473720240770404]","[0.04, 0.06, 0.08, 0.1]","[0.0, 0.0, 0.0, 0.0]",1.2,0.6,0.0165374000001
proxy_shift,73,evaluated,2.71644811272,False,"[-0.3692650234515762, 0.7233353707174894, -0.6244301543477765, -0.30246880862204617, 0.35429807349486664]","[-0.3949392422932832, 0.5469903467119763, -0.7662987954445029, -0.658996748378746, 0.3241101448367316]","[[-0.5579261290565964, -0.23195235552996998], [0.38400345994866314, 0.7099772334752895], [-0.929285682207816, -0.6033119086811897], [-0.8219836351420592, -0.4960098616154328], [0.1611232580734184, 0.4870970316000448]]","[-0.19702193240344815, 0.5409295597488863, -0.13181275561622025, -0.22752227352415977]","[0.04, 0.06, 0.08, 0.1]","[0.0, 0.0, 0.0, 0.0]",1.2,0.6,0.0373764999999
understated_LH,73,evaluated,2.71644811272,True,"[-0.3692650234515762, 0.7233353707174894, -0.6244301543477765, -0.30246880862204617, 0.35429807349486664]","[-0.37782309639881184, 0.6645536960489851, -0.6717197013800186, -0.4213114552076128, 0.3442354306088216]","[[-0.540809983162125, -0.21483620963549863], [0.5015668092856719, 0.8275405828122983], [-0.8347065881433318, -0.5087328146167054], [-0.584298341970926, -0.25832456844429963], [0.1812485438455084, 0.5072223173721349]]","[-0.19702193240344815, 0.5409295597488863, -0.13181275561622025, -0.22752227352415977]","[0.04, 0.06, 0.08, 0.1]","[0.0, 0.0, 0.0, 0.0]",0.12,0.06,0.0510024999999
high_noise,73,evaluated,2.71644811272,True,"[-0.3692650234515762, 0.7233353707174894, -0.6244301543477765, -0.30246880862204617, 0.35429807349486664]","[-0.37782309639881184, 0.6645536960489851, -0.6717197013800186, -0.4213114552076128, 0.3442354306088216]","[[-0.540809983162125, -0.21483620963549863], [0.5015668092856719, 0.8275405828122983], [-0.8347065881433318, -0.5087328146167054], [-0.584298341970926, -0.25832456844429963], [0.1812485438455084, 0.5072223173721349]]","[-0.22976176359526887, 0.440857799267067, 0.11993010777339824, -0.3744966783395679]","[0.12, 0.18, 0.24, 0.30000000000000004]","[0.0, 0.0, 0.0, 0.0]",1.2,0.6,0.0388284999999
bounded_nuisance_bias,73,evaluated,2.71644811272,True,"[-0.3692650234515762, 0.7233353707174894, -0.6244301543477765, -0.30246880862204617, 0.35429807349486664]","[-0.37782309639881184, 0.6645536960489851, -0.6717197013800186, -0.4213114552076128, 0.3442354306088216]","[[-0.540809983162125, -0.21483620963549863], [0.5015668092856719, 0.8275405828122983], [-0.8347065881433318, -0.5087328146167054], [-0.584298341970926, -0.25832456844429963], [0.1812485438455084, 0.5072223173721349]]","[-0.2570219324034482, 0.6009295597488864, -0.19181275561622024, -0.16752227352415977]","[0.04, 0.06, 0.08, 0.1]","[0.06, 0.06, 0.06, 0.06]",1.2,0.6,0.0358135000001
nominal,74,evaluated,2.45762442976,True,"[-0.3740765803033531, -0.6007603440810908, -0.5157267309779257, 0.7200963181303788, -0.48759843535688907]","[-0.358500252737273, -0.5423248622811191, -0.6280079897143671, 0.7413396429848091, -0.4571502818987371]","[[-0.5059577185227337, -0.2110427869518122], [-0.6897823280665799, -0.3948673964956583], [-0.7754654554998279, -0.4805505239289063], [0.5938821771993483, 0.88879710877027], [-0.6046077476841979, -0.30969281611327626]]","[-0.133411793795858, -0.31091157312588513, -0.19423392241122878, 0.661595651095854]","[0.04, 0.06, 0.08, 0.1]","[0.0, 0.0, 0.0, 0.0]",1.2,0.6,0.0600216
extrapolation,74,evaluated,2.45762442976,True,"[-0.7, -0.5499999999999999, -0.39999999999999997, -0.25, 0.95]","[-0.6844236724339198, -0.49156451820002817, -0.5122812587364415, -0.22875667514556963, 0.980448153458152]","[[-0.8318811382193806, -0.536966206648459], [-0.6390219839854889, -0.3441070524145674], [-0.6597387245219023, -0.36482379295098066], [-0.37621414093103045, -0.08129920936010884], [0.8329906876726911, 1.0]]","[-0.22394583199328144, -0.29797926398335983, -0.15659010213802668, -0.057273751997851494]","[0.04, 0.06, 0.08, 0.1]","[0.0, 0.0, 0.0, 0.0]",1.2,0.6,0.0103915
proxy_shift,74,evaluated,2.45762442976,False,"[-0.3740765803033531, -0.6007603440810908, -0.5157267309779257, 0.7200963181303788, -0.48759843535688907]","[-0.3273475976051127, -0.42545389868117556, -0.8525705071872502, 0.7838262926936699, -0.3962539749824331]","[[-0.4748050633905735, -0.17989013181965188], [-0.5729113644666364, -0.27799643289571474], [-1.0, -0.7051130414017894], [0.6363688269082091, 0.9312837584791307], [-0.5437114407678939, -0.2487965091969723]]","[-0.133411793795858, -0.31091157312588513, -0.19423392241122878, 0.661595651095854]","[0.04, 0.06, 0.08, 0.1]","[0.0, 0.0, 0.0, 0.0]",1.2,0.6,0.0512395000001
understated_LH,74,evaluated,2.45762442976,True,"[-0.3740765803033531, -0.6007603440810908, -0.5157267309779257, 0.7200963181303788, -0.48759843535688907]","[-0.358500252737273, -0.5423248622811191, -0.6280079897143671, 0.7413396429848091, -0.4571502818987371]","[[-0.5059577185227337, -0.2110427869518122], [-0.6897823280665799, -0.3948673964956583], [-0.7754654554998279, -0.4805505239289063], [0.5938821771993483, 0.88879710877027], [-0.6046077476841979, -0.30969281611327626]]","[-0.133411793795858, -0.31091157312588513, -0.19423392241122878, 0.661595651095854]","[0.04, 0.06, 0.08, 0.1]","[0.0, 0.0, 0.0, 0.0]",0.12,0.06,0.0121429000001
high_noise,74,evaluated,2.45762442976,True,"[-0.3740765803033531, -0.6007603440810908, -0.5157267309779257, 0.7200963181303788, -0.48759843535688907]","[-0.358500252737273, -0.5423248622811191, -0.6280079897143671, 0.7413396429848091, -0.4571502818987371]","[[-0.5059577185227337, -0.2110427869518122], [-0.6897823280665799, -0.3948673964956583], [-0.7754654554998279, -0.4805505239289063], [0.5938821771993483, 0.88879710877027], [-0.6046077476841979, -0.30969281611327626]]","[-0.035303457782420805, -0.42837010109260487, -0.12341412668728219, 0.8095481471001511]","[0.12, 0.18, 0.24, 0.30000000000000004]","[0.0, 0.0, 0.0, 0.0]",1.2,0.6,0.0906529000001
bounded_nuisance_bias,74,evaluated,2.45762442976,True,"[-0.3740765803033531, -0.6007603440810908, -0.5157267309779257, 0.7200963181303788, -0.48759843535688907]","[-0.358500252737273, -0.5423248622811191, -0.6280079897143671, 0.7413396429848091, -0.4571502818987371]","[[-0.5059577185227337, -0.2110427869518122], [-0.6897823280665799, -0.3948673964956583], [-0.7754654554998279, -0.4805505239289063], [0.5938821771993483, 0.88879710877027], [-0.6046077476841979, -0.30969281611327626]]","[-0.193411793795858, -0.25091157312588513, -0.2542339224112288, 0.7215956510958541]","[0.04, 0.06, 0.08, 0.1]","[0.06, 0.06, 0.06, 0.06]",1.2,0.6,0.0624403000002
nominal,75,evaluated,2.47647655736,True,"[-0.396275010755031, -0.7212000665933278, -0.20258509291149307, 0.6467294983492593, -0.45819567342581635]","[-0.3535870780425841, -0.7536992437565532, -0.2797888857869165, 0.704323888741059, -0.3935877379374917]","[[-0.5021756714842608, -0.2049984846009074], [-0.9022878371982299, -0.6051106503148764], [-0.42837747922859326, -0.1312002923452398], [0.5557352952993823, 0.8529124821827357], [-0.5421763313791684, -0.24499914449581497]]","[-0.11225368183512988, -0.3298857005662373, -0.01345327195654418, 0.45281924322773737]","[0.04, 0.06, 0.08, 0.1]","[0.0, 0.0, 0.0, 0.0]",1.2,0.6,0.0447285
extrapolation,75,evaluated,2.47647655736,True,"[-0.7, -0.5499999999999999, -0.39999999999999997, -0.25, 0.95]","[-0.657312067287553, -0.5824991771632253, -0.4772037928754234, -0.1924056096082003, 1.0]","[[-0.8059006607292297, -0.5087234738458762], [-0.731087770604902, -0.43391058372154856], [-0.6257923863171001, -0.32861519943374673], [-0.34099420304987704, -0.04381701616652359], [0.8514114065583233, 1.0]]","[-0.1945988406267813, -0.2924545214265067, -0.0962144321706358, -0.19194616899234357]","[0.04, 0.06, 0.08, 0.1]","[0.0, 0.0, 0.0, 0.0]",1.2,0.6,0.00970239999992
proxy_shift,75,evaluated,2.47647655736,False,"[-0.396275010755031, -0.7212000665933278, -0.20258509291149307, 0.6467294983492593, -0.45819567342581635]","[-0.2682112126176902, -0.8186975980830039, -0.43419647153776336, 0.8195126695246584, -0.2643718669608423]","[[-0.41679980605936695, -0.1196226191760135], [-0.9672861915246806, -0.6701090046413272], [-0.58278506497944, -0.2856078780960867], [0.6709240760829817, 0.9681012629663351], [-0.412960460402519, -0.11578327351916559]]","[-0.11225368183512988, -0.3298857005662373, -0.01345327195654418, 0.45281924322773737]","[0.04, 0.06, 0.08, 0.1]","[0.0, 0.0, 0.0, 0.0]",1.2,0.6,0.0377894000001
understated_LH,75,evaluated,2.47647655736,True,"[-0.396275010755031, -0.7212000665933278, -0.20258509291149307, 0.6467294983492593, -0.45819567342581635]","[-0.3535870780425841, -0.7536992437565532, -0.2797888857869165, 0.704323888741059, -0.3935877379374917]","[[-0.5021756714842608, -0.2049984846009074], [-0.9022878371982299, -0.6051106503148764], [-0.42837747922859326, -0.1312002923452398], [0.5557352952993823, 0.8529124821827357], [-0.5421763313791684, -0.24499914449581497]]","[-0.11225368183512988, -0.3298857005662373, -0.01345327195654418, 0.45281924322773737]","[0.04, 0.06, 0.08, 0.1]","[0.0, 0.0, 0.0, 0.0]",0.12,0.06,0.0101185999999
high_noise,75,evaluated,2.47647655736,True,"[-0.396275010755031, -0.7212000665933278, -0.20258509291149307, 0.6467294983492593, -0.45819567342581635]","[-0.3535870780425841, -0.7536992437565532, -0.2797888857869165, 0.704323888741059, -0.3935877379374917]","[[-0.5021756714842608, -0.2049984846009074], [-0.9022878371982299, -0.6051106503148764], [-0.42837747922859326, -0.1312002923452398], [0.5557352952993823, 0.8529124821827357], [-0.5421763313791684, -0.24499914449581497]]","[0.04454863691130759, -0.4362947434192508, 0.17811786370218413, 0.33142690524305024]","[0.12, 0.18, 0.24, 0.30000000000000004]","[0.0, 0.0, 0.0, 0.0]",1.2,0.6,0.0561766000001
bounded_nuisance_bias,75,evaluated,2.47647655736,True,"[-0.396275010755031, -0.7212000665933278, -0.20258509291149307, 0.6467294983492593, -0.45819567342581635]","[-0.3535870780425841, -0.7536992437565532, -0.2797888857869165, 0.704323888741059, -0.3935877379374917]","[[-0.5021756714842608, -0.2049984846009074], [-0.9022878371982299, -0.6051106503148764], [-0.42837747922859326, -0.1312002923452398], [0.5557352952993823, 0.8529124821827357], [-0.5421763313791684, -0.24499914449581497]]","[-0.17225368183512987, -0.2698857005662373, -0.07345327195654418, 0.5128192432277374]","[0.04, 0.06, 0.08, 0.1]","[0.06, 0.06, 0.06, 0.06]",1.2,0.6,0.044517
nominal,76,evaluated,2.54469243242,True,"[-0.6760847012583926, 0.4415427490628827, 0.36278978338458945, -0.7249012830949022, -0.7146646962528049]","[-0.5972197354214466, 0.33329758170857754, 0.3272864397893572, -0.7264029084893615, -0.7243197125456892]","[[-0.7499012813667709, -0.4445381894761222], [0.18061603576325322, 0.48597912765390183], [0.17460489384403285, 0.47996798573468147], [-0.8790844544346859, -0.5737213625440372], [-0.8770012584910135, -0.5716381666003648]]","[-0.3108420597402549, 0.37612349346192814, 0.28135114586322446, -0.09385721081784598]","[0.04, 0.06, 0.08, 0.1]","[0.0, 0.0, 0.0, 0.0]",1.2,0.6,0.0145717
extrapolation,76,evaluated,2.54469243242,True,"[-0.7, -0.5499999999999999, -0.39999999999999997, -0.25, 0.95]","[-0.6211350341630539, -0.658245167354305, -0.43550334359523224, -0.2515016253944593, 0.9403449837071157]","[[-0.7738165801083783, -0.4684534882177296], [-0.8109267132996294, -0.5055636214089807], [-0.5881848895405566, -0.2828217976499079], [-0.40418317133978365, -0.09882007944913498], [0.7876634377617914, 1.0]]","[-0.31531839596791433, -0.1865401557508038, -0.1678076522460004, 0.05218899796930468]","[0.04, 0.06, 0.08, 0.1]","[0.0, 0.0, 0.0, 0.0]",1.2,0.6,0.0107292
proxy_shift,76,evaluated,2.54469243242,False,"[-0.6760847012583926, 0.4415427490628827, 0.36278978338458945, -0.7249012830949022, -0.7146646962528049]","[-0.4394898037475545, 0.1168072469999672, 0.2562797525988927, -0.7294061592782801, -0.7436297451314577]","[[-0.5921713496928788, -0.2868082578022302], [-0.035874298945357125, 0.2694887929452915], [0.10359820665356836, 0.40896129854421703], [-0.8820877052236045, -0.5767246133329558], [-0.8963112910767821, -0.5909481991861334]]","[-0.3108420597402549, 0.37612349346192814, 0.28135114586322446, -0.09385721081784598]","[0.04, 0.06, 0.08, 0.1]","[0.0, 0.0, 0.0, 0.0]",1.2,0.6,0.00921560000006
understated_LH,76,evaluated,2.54469243242,True,"[-0.6760847012583926, 0.4415427490628827, 0.36278978338458945, -0.7249012830949022, -0.7146646962528049]","[-0.5972197354214466, 0.33329758170857754, 0.3272864397893572, -0.7264029084893615, -0.7243197125456892]","[[-0.7499012813667709, -0.4445381894761222], [0.18061603576325322, 0.48597912765390183], [0.17460489384403285, 0.47996798573468147], [-0.8790844544346859, -0.5737213625440372], [-0.8770012584910135, -0.5716381666003648]]","[-0.3108420597402549, 0.37612349346192814, 0.28135114586322446, -0.09385721081784598]","[0.04, 0.06, 0.08, 0.1]","[0.0, 0.0, 0.0, 0.0]",0.12,0.06,0.0106365000001
high_noise,76,evaluated,2.54469243242,True,"[-0.6760847012583926, 0.4415427490628827, 0.36278978338458945, -0.7249012830949022, -0.7146646962528049]","[-0.5972197354214466, 0.33329758170857754, 0.3272864397893572, -0.7264029084893615, -0.7243197125456892]","[[-0.7499012813667709, -0.4445381894761222], [0.18061603576325322, 0.48597912765390183], [0.17460489384403285, 0.47996798573468147], [-0.8790844544346859, -0.5737213625440372], [-0.8770012584910135, -0.5716381666003648]]","[-0.39547885167608365, 0.48154318196032053, 0.3297358413712237, 0.27302078512076344]","[0.12, 0.18, 0.24, 0.30000000000000004]","[0.0, 0.0, 0.0, 0.0]",1.2,0.6,0.0151807
bounded_nuisance_bias,76,evaluated,2.54469243242,True,"[-0.6760847012583926, 0.4415427490628827, 0.36278978338458945, -0.7249012830949022, -0.7146646962528049]","[-0.5972197354214466, 0.33329758170857754, 0.3272864397893572, -0.7264029084893615, -0.7243197125456892]","[[-0.7499012813667709, -0.4445381894761222], [0.18061603576325322, 0.48597912765390183], [0.17460489384403285, 0.47996798573468147], [-0.8790844544346859, -0.5737213625440372], [-0.8770012584910135, -0.5716381666003648]]","[-0.3708420597402549, 0.43612349346192814, 0.22135114586322446, -0.033857210817845984]","[0.04, 0.06, 0.08, 0.1]","[0.06, 0.06, 0.06, 0.06]",1.2,0.6,0.014907
nominal,77,evaluated,2.47893720335,True,"[0.301665630989967, -0.43802081224396316, -0.19507611458739116, -0.26072787109831974, -0.524585060675282]","[0.43790223599648104, -0.47498541375460523, -0.19145178747529432, -0.19419399013684474, -0.4916192593317875]","[[0.28916600379563473, 0.5866384681973273], [-0.6237216459554515, -0.3262491815537589], [-0.34018801967614065, -0.04271555527444801], [-0.34293022233769105, -0.04545775793599843], [-0.6403554915326338, -0.3428830271309412]]","[0.23824799157234142, -0.26481829436793064, -0.2154024792474843, -0.04374168427495567]","[0.04, 0.06, 0.08, 0.1]","[0.0, 0.0, 0.0, 0.0]",1.2,0.6,0.0102015
extrapolation,77,evaluated,2.47893720335,True,"[-0.7, -0.5499999999999999, -0.39999999999999997, -0.25, 0.95]","[-0.5637633949934859, -0.586964601510642, -0.39637567288790315, -0.183466119038525, 0.9829658013434944]","[[-0.7124996271943322, -0.4150271627926396], [-0.7357008337114883, -0.4382283693097957], [-0.5451119050887494, -0.24763944068705684], [-0.3322023512393713, -0.03472988683767869], [0.8342295691426481, 1.0]]","[-0.2430520328978113, -0.29881447660921107, -0.30177321763980347, -0.038948668446202456]","[0.04, 0.06, 0.08, 0.1]","[0.0, 0.0, 0.0, 0.0]",1.2,0.6,0.0104814000001
proxy_shift,77,evaluated,2.47893720335,False,"[0.301665630989967, -0.43802081224396316, -0.19507611458739116, -0.26072787109831974, -0.524585060675282]","[0.7103754460095092, -0.5489146167758894, -0.18420313325110066, -0.061126228213894795, -0.4256876566447986]","[[0.5616392138086629, 0.8591116782103555], [-0.6976508489767357, -0.40017838457504307], [-0.33293936545194697, -0.03546690105025435], [-0.2098624604147411, 0.08761000398695151], [-0.5744238888456449, -0.27695142444395227]]","[0.23824799157234142, -0.26481829436793064, -0.2154024792474843, -0.04374168427495567]","[0.04, 0.06, 0.08, 0.1]","[0.0, 0.0, 0.0, 0.0]",1.2,0.6,0.0449080999999
understated_LH,77,evaluated,2.47893720335,True,"[0.301665630989967, -0.43802081224396316, -0.19507611458739116, -0.26072787109831974, -0.524585060675282]","[0.43790223599648104, -0.47498541375460523, -0.19145178747529432, -0.19419399013684474, -0.4916192593317875]","[[0.28916600379563473, 0.5866384681973273], [-0.6237216459554515, -0.3262491815537589], [-0.34018801967614065, -0.04271555527444801], [-0.34293022233769105, -0.04545775793599843], [-0.6403554915326338, -0.3428830271309412]]","[0.23824799157234142, -0.26481829436793064, -0.2154024792474843, -0.04374168427495567]","[0.04, 0.06, 0.08, 0.1]","[0.0, 0.0, 0.0, 0.0]",0.12,0.06,0.0132358999999
high_noise,77,evaluated,2.47893720335,True,"[0.301665630989967, -0.43802081224396316, -0.19507611458739116, -0.26072787109831974, -0.524585060675282]","[0.43790223599648104, -0.47498541375460523, -0.19145178747529432, -0.19419399013684474, -0.4916192593317875]","[[0.28916600379563473, 0.5866384681973273], [-0.6237216459554515, -0.3262491815537589], [-0.34018801967614065, -0.04271555527444801], [-0.34293022233769105, -0.04545775793599843], [-0.6403554915326338, -0.3428830271309412]]","[0.2981439257767189, -0.3839472475863529, -0.4349489145270913, 0.14086097883263943]","[0.12, 0.18, 0.24, 0.30000000000000004]","[0.0, 0.0, 0.0, 0.0]",1.2,0.6,0.00857980000001
bounded_nuisance_bias,77,evaluated,2.47893720335,True,"[0.301665630989967, -0.43802081224396316, -0.19507611458739116, -0.26072787109831974, -0.524585060675282]","[0.43790223599648104, -0.47498541375460523, -0.19145178747529432, -0.19419399013684474, -0.4916192593317875]","[[0.28916600379563473, 0.5866384681973273], [-0.6237216459554515, -0.3262491815537589], [-0.34018801967614065, -0.04271555527444801], [-0.34293022233769105, -0.04545775793599843], [-0.6403554915326338, -0.3428830271309412]]","[0.17824799157234142, -0.20481829436793064, -0.2754024792474843, 0.016258315725044326]","[0.04, 0.06, 0.08, 0.1]","[0.06, 0.06, 0.06, 0.06]",1.2,0.6,0.00889759999995
nominal,78,evaluated,2.84618730631,True,"[0.5937937783841798, 0.792495389722055, -0.6803930792515804, -0.6774038526492845, -0.5578743091949466]","[0.6363635425830455, 0.7563246209252031, -0.7242040675115187, -0.6754710850018121, -0.5132449515137463]","[[0.4655923042043566, 0.8071347809617344], [0.5855533825465142, 0.927095859303892], [-0.8949753058902076, -0.5534328291328298], [-0.846242323380501, -0.5046998466231232], [-0.6840161898924352, -0.34247371313505737]]","[0.48752563288837897, 0.6142735749077997, -0.24372600208675343, -0.35638160097291377]","[0.04, 0.06, 0.08, 0.1]","[0.0, 0.0, 0.0, 0.0]",1.2,0.6,0.0524728999999
extrapolation,78,evaluated,2.84618730631,True,"[-0.7, -0.5499999999999999, -0.39999999999999997, -0.25, 0.95]","[-0.6574302358011342, -0.5861707687968518, -0.44381098825993814, -0.24806723235252762, 0.9946293576812003]","[[-0.8282014741798231, -0.48665899742244534], [-0.7569420071755407, -0.4153995304181629], [-0.614582226638627, -0.27303974988124924], [-0.4188384707312165, -0.07729599397383871], [0.8238581193025114, 1.0]]","[-0.247527949516457, -0.2888883417446468, -0.16637057722383933, -0.21885208325857117]","[0.04, 0.06, 0.08, 0.1]","[0.0, 0.0, 0.0, 0.0]",1.2,0.6,0.0112264000002
proxy_shift,78,evaluated,2.84618730631,True,"[0.5937937783841798, 0.792495389722055, -0.6803930792515804, -0.6774038526492845, -0.5578743091949466]","[0.721503070980777, 0.6839830833314995, -0.811826044031395, -0.6716055497068674, -0.4239862361513457]","[[0.5507318326020881, 0.892274309359466], [0.5132118449528106, 0.8547543217101884], [-0.9825972824100839, -0.6410548056527061], [-0.8423767880855563, -0.5008343113281785], [-0.5947574745300346, -0.25321499777265677]]","[0.48752563288837897, 0.6142735749077997, -0.24372600208675343, -0.35638160097291377]","[0.04, 0.06, 0.08, 0.1]","[0.0, 0.0, 0.0, 0.0]",1.2,0.6,0.0543405000001
understated_LH,78,evaluated,2.84618730631,True,"[0.5937937783841798, 0.792495389722055, -0.6803930792515804, -0.6774038526492845, -0.5578743091949466]","[0.6363635425830455, 0.7563246209252031, -0.7242040675115187, -0.6754710850018121, -0.5132449515137463]","[[0.4655923042043566, 0.8071347809617344], [0.5855533825465142, 0.927095859303892], [-0.8949753058902076, -0.5534328291328298], [-0.846242323380501, -0.5046998466231232], [-0.6840161898924352, -0.34247371313505737]]","[0.48752563288837897, 0.6142735749077997, -0.24372600208675343, -0.35638160097291377]","[0.04, 0.06, 0.08, 0.1]","[0.0, 0.0, 0.0, 0.0]",0.12,0.06,0.0452319000001
high_noise,78,evaluated,2.84618730631,True,"[0.5937937783841798, 0.792495389722055, -0.6803930792515804, -0.6774038526492845, -0.5578743091949466]","[0.6363635425830455, 0.7563246209252031, -0.7242040675115187, -0.6754710850018121, -0.5132449515137463]","[[0.4655923042043566, 0.8071347809617344], [0.5855533825465142, 0.927095859303892], [-0.8949753058902076, -0.5534328291328298], [-0.846242323380501, -0.5046998466231232], [-0.6840161898924352, -0.34247371313505737]]","[0.5384697338554649, 0.514996891418506, -0.19246715653443217, -0.5315857674900561]","[0.12, 0.18, 0.24, 0.30000000000000004]","[0.0, 0.0, 0.0, 0.0]",1.2,0.6,0.0416713
bounded_nuisance_bias,78,evaluated,2.84618730631,True,"[0.5937937783841798, 0.792495389722055, -0.6803930792515804, -0.6774038526492845, -0.5578743091949466]","[0.6363635425830455, 0.7563246209252031, -0.7242040675115187, -0.6754710850018121, -0.5132449515137463]","[[0.4655923042043566, 0.8071347809617344], [0.5855533825465142, 0.927095859303892], [-0.8949753058902076, -0.5534328291328298], [-0.846242323380501, -0.5046998466231232], [-0.6840161898924352, -0.34247371313505737]]","[0.42752563288837897, 0.6742735749077997, -0.30372600208675343, -0.2963816009729138]","[0.04, 0.06, 0.08, 0.1]","[0.06, 0.06, 0.06, 0.06]",1.2,0.6,0.0551052999999
nominal,79,evaluated,2.40603884343,True,"[0.2655445772159002, 0.7301264247373871, 0.41277592197936497, -0.6221964676813422, -0.007127412662362942]","[0.3696055599639888, 0.7382355040582673, 0.4201640074412581, -0.653488653628371, 0.023087189609094606]","[[0.22524322935818986, 0.5139678905697878], [0.5938731734524684, 0.8825978346640663], [0.27580167683545914, 0.5645263380470571], [-0.79785098423417, -0.5091263230225721], [-0.12127514099670435, 0.16744952021489357]]","[0.1328747003123124, 0.5907628299757703, 0.13711555257768301, -0.18410772722608693]","[0.04, 0.06, 0.08, 0.1]","[0.0, 0.0, 0.0, 0.0]",1.2,0.6,0.0465972
extrapolation,79,evaluated,2.40603884343,True,"[-0.7, -0.5499999999999999, -0.39999999999999997, -0.25, 0.95]","[-0.5959390172519113, -0.5418909206791197, -0.39261191453810684, -0.28129218594702887, 0.9802146022714575]","[[-0.7403013478577103, -0.4515766866461124], [-0.6862532512849187, -0.39752859007332075], [-0.5369742451439058, -0.2482495839323079], [-0.4256545165528278, -0.13692985534122992], [0.8358522716656586, 1.0]]","[-0.3206062227638591, -0.24648840369660166, -0.35366518913971035, -0.05817837993582352]","[0.04, 0.06, 0.08, 0.1]","[0.0, 0.0, 0.0, 0.0]",1.2,0.6,0.0133735000002
proxy_shift,79,evaluated,2.40603884343,False,"[0.2655445772159002, 0.7301264247373871, 0.41277592197936497, -0.6221964676813422, -0.007127412662362942]","[0.5777275254601659, 0.7544536627000277, 0.4349401783650443, -0.7160730255224288, 0.0835163941520097]","[[0.433365194854367, 0.7220898560659649], [0.6100913320942287, 0.8988159933058266], [0.29057784775924533, 0.5793025089708432], [-0.8604353561282277, -0.5717106949166298], [-0.060845936453789246, 0.22787872475780865]]","[0.1328747003123124, 0.5907628299757703, 0.13711555257768301, -0.18410772722608693]","[0.04, 0.06, 0.08, 0.1]","[0.0, 0.0, 0.0, 0.0]",1.2,0.6,0.0477927000002
understated_LH,79,evaluated,2.40603884343,True,"[0.2655445772159002, 0.7301264247373871, 0.41277592197936497, -0.6221964676813422, -0.007127412662362942]","[0.3696055599639888, 0.7382355040582673, 0.4201640074412581, -0.653488653628371, 0.023087189609094606]","[[0.22524322935818986, 0.5139678905697878], [0.5938731734524684, 0.8825978346640663], [0.27580167683545914, 0.5645263380470571], [-0.79785098423417, -0.5091263230225721], [-0.12127514099670435, 0.16744952021489357]]","[0.1328747003123124, 0.5907628299757703, 0.13711555257768301, -0.18410772722608693]","[0.04, 0.06, 0.08, 0.1]","[0.0, 0.0, 0.0, 0.0]",0.12,0.06,0.00889959999995
high_noise,79,evaluated,2.40603884343,True,"[0.2655445772159002, 0.7301264247373871, 0.41277592197936497, -0.6221964676813422, -0.007127412662362942]","[0.3696055599639888, 0.7382355040582673, 0.4201640074412581, -0.653488653628371, 0.023087189609094606]","[[0.22524322935818986, 0.5139678905697878], [0.5938731734524684, 0.8825978346640663], [0.27580167683545914, 0.5645263380470571], [-0.79785098423417, -0.5091263230225721], [-0.12127514099670435, 0.16744952021489357]]","[0.037662254784594285, 0.5762860225825669, -0.1862148257017377, -0.03796448709773395]","[0.12, 0.18, 0.24, 0.30000000000000004]","[0.0, 0.0, 0.0, 0.0]",1.2,0.6,0.0719806
bounded_nuisance_bias,79,evaluated,2.40603884343,True,"[0.2655445772159002, 0.7301264247373871, 0.41277592197936497, -0.6221964676813422, -0.007127412662362942]","[0.3696055599639888, 0.7382355040582673, 0.4201640074412581, -0.653488653628371, 0.023087189609094606]","[[0.22524322935818986, 0.5139678905697878], [0.5938731734524684, 0.8825978346640663], [0.27580167683545914, 0.5645263380470571], [-0.79785098423417, -0.5091263230225721], [-0.12127514099670435, 0.16744952021489357]]","[0.07287470031231241, 0.6507628299757704, 0.07711555257768302, -0.12410772722608693]","[0.04, 0.06, 0.08, 0.1]","[0.06, 0.06, 0.06, 0.06]",1.2,0.6,0.0453132
nominal,80,evaluated,2.72301938566,True,"[-0.6106022843630475, -0.6850876046274762, 0.5102472901119046, 0.7135352425852222, -0.4563323091693631]","[-0.6210471850550987, -0.7165190817005775, 0.509075671471765, 0.7185060705115995, -0.48991993628035474]","[[-0.7844283481944171, -0.4576660219157803], [-0.8799002448398959, -0.5531379185612592], [0.34569450833244664, 0.6724568346110834], [0.5551249073722812, 0.8818872336509179], [-0.6533010994196731, -0.3265387731410364]]","[-0.26475320060084223, -0.2138897077388963, 0.36587082909791346, 0.5616086133828796]","[0.04, 0.06, 0.08, 0.1]","[0.0, 0.0, 0.0, 0.0]",1.2,0.6,0.0419138999998
extrapolation,80,evaluated,2.72301938566,True,"[-0.7, -0.5499999999999999, -0.39999999999999997, -0.25, 0.95]","[-0.7104449006920511, -0.5814314770731013, -0.40117161864013956, -0.24502917207362265, 0.9164123728890083]","[[-0.8738260638313695, -0.5470637375527327], [-0.7448126402124197, -0.4180503139337829], [-0.5645527817794579, -0.2377904555008212], [-0.408410335212941, -0.0816480089343043], [0.75303120974969, 1.0]]","[-0.2832423748838253, -0.18289065276667446, -0.2103832340891919, -0.15050229489159922]","[0.04, 0.06, 0.08, 0.1]","[0.0, 0.0, 0.0, 0.0]",1.2,0.6,0.0115969999999
proxy_shift,80,evaluated,2.72301938566,True,"[-0.6106022843630475, -0.6850876046274762, 0.5102472901119046, 0.7135352425852222, -0.4563323091693631]","[-0.6419369864392012, -0.7793820358467803, 0.5067324341914858, 0.7284477263643542, -0.557095190502338]","[[-0.8053181495785195, -0.4785558232998828], [-0.9427631989860987, -0.616000872707462], [0.34335127105216745, 0.6701135973308042], [0.5650665632250358, 0.8918288895036726], [-0.7204763536416564, -0.39371402736301964]]","[-0.26475320060084223, -0.2138897077388963, 0.36587082909791346, 0.5616086133828796]","[0.04, 0.06, 0.08, 0.1]","[0.0, 0.0, 0.0, 0.0]",1.2,0.6,0.0414266
understated_LH,80,evaluated,2.72301938566,True,"[-0.6106022843630475, -0.6850876046274762, 0.5102472901119046, 0.7135352425852222, -0.4563323091693631]","[-0.6210471850550987, -0.7165190817005775, 0.509075671471765, 0.7185060705115995, -0.48991993628035474]","[[-0.7844283481944171, -0.4576660219157803], [-0.8799002448398959, -0.5531379185612592], [0.34569450833244664, 0.6724568346110834], [0.5551249073722812, 0.8818872336509179], [-0.6533010994196731, -0.3265387731410364]]","[-0.26475320060084223, -0.2138897077388963, 0.36587082909791346, 0.5616086133828796]","[0.04, 0.06, 0.08, 0.1]","[0.0, 0.0, 0.0, 0.0]",0.12,0.06,0.0308580999999
high_noise,80,evaluated,2.72301938566,True,"[-0.6106022843630475, -0.6850876046274762, 0.5102472901119046, 0.7135352425852222, -0.4563323091693631]","[-0.6210471850550987, -0.7165190817005775, 0.509075671471765, 0.7185060705115995, -0.48991993628035474]","[[-0.7844283481944171, -0.4576660219157803], [-0.8799002448398959, -0.5531379185612592], [0.34569450833244664, 0.6724568346110834], [0.5551249073722812, 0.8818872336509179], [-0.6533010994196731, -0.3265387731410364]]","[-0.28523795036849275, -0.10117101327224531, 0.3291043609195296, 0.5231040235996811]","[0.12, 0.18, 0.24, 0.30000000000000004]","[0.0, 0.0, 0.0, 0.0]",1.2,0.6,0.0571611999999
bounded_nuisance_bias,80,evaluated,2.72301938566,True,"[-0.6106022843630475, -0.6850876046274762, 0.5102472901119046, 0.7135352425852222, -0.4563323091693631]","[-0.6210471850550987, -0.7165190817005775, 0.509075671471765, 0.7185060705115995, -0.48991993628035474]","[[-0.7844283481944171, -0.4576660219157803], [-0.8799002448398959, -0.5531379185612592], [0.34569450833244664, 0.6724568346110834], [0.5551249073722812, 0.8818872336509179], [-0.6533010994196731, -0.3265387731410364]]","[-0.32475320060084223, -0.1538897077388963, 0.30587082909791347, 0.6216086133828795]","[0.04, 0.06, 0.08, 0.1]","[0.06, 0.06, 0.06, 0.06]",1.2,0.6,0.0413981000002
nominal,81,evaluated,2.65554991552,True,"[-0.49092544922452996, 0.04895983274990168, -0.6205377959286639, -0.26807570117427015, -0.2586396376600044]","[-0.5120558206743422, 0.04535084034680111, -0.5588981483065527, -0.25854563136731634, -0.33005246732509597]","[[-0.6713888156052867, -0.35272282574339764], [-0.11398215458414343, 0.20468383527774567], [-0.7182311432374973, -0.39956515337560816], [-0.4178786262982609, -0.09921263643637179], [-0.4893854622560405, -0.17071947239415142]]","[-0.28069070839959104, 0.02516218534457365, -0.2848429419125838, -0.16517726234976385]","[0.04, 0.06, 0.08, 0.1]","[0.0, 0.0, 0.0, 0.0]",1.2,0.6,0.0353032999999
extrapolation,81,evaluated,2.65554991552,True,"[-0.7, -0.5499999999999999, -0.39999999999999997, -0.25, 0.95]","[-0.7211303714498122, -0.5536089924031005, -0.33836035237788875, -0.2404699301930462, 0.8785871703349084]","[[-0.8804633663807567, -0.5617973765188676], [-0.712941987334045, -0.3942759974721559], [-0.4976933473088333, -0.1790273574469442], [-0.39980292512399074, -0.08113693526210164], [0.7192541754039639, 1.0]]","[-0.3314377778737651, -0.24418283387223683, -0.22004041120818663, -0.15714121611322474]","[0.04, 0.06, 0.08, 0.1]","[0.0, 0.0, 0.0, 0.0]",1.2,0.6,0.0128831
proxy_shift,81,evaluated,2.65554991552,False,"[-0.49092544922452996, 0.04895983274990168, -0.6205377959286639, -0.26807570117427015, -0.2586396376600044]","[-0.5543165635739667, 0.038132855540599975, -0.4356188530623303, -0.23948549175340872, -0.4728781266552791]","[[-0.7136495585049113, -0.3949835686430222], [-0.12120013939034457, 0.19746585047154452], [-0.5949518479932748, -0.27628585813138573], [-0.39881848668435327, -0.08015249682246417], [-0.6322111215862236, -0.31354513172433457]]","[-0.28069070839959104, 0.02516218534457365, -0.2848429419125838, -0.16517726234976385]","[0.04, 0.06, 0.08, 0.1]","[0.0, 0.0, 0.0, 0.0]",1.2,0.6,0.0444897999998
understated_LH,81,evaluated,2.65554991552,True,"[-0.49092544922452996, 0.04895983274990168, -0.6205377959286639, -0.26807570117427015, -0.2586396376600044]","[-0.5120558206743422, 0.04535084034680111, -0.5588981483065527, -0.25854563136731634, -0.33005246732509597]","[[-0.6713888156052867, -0.35272282574339764], [-0.11398215458414343, 0.20468383527774567], [-0.7182311432374973, -0.39956515337560816], [-0.4178786262982609, -0.09921263643637179], [-0.4893854622560405, -0.17071947239415142]]","[-0.28069070839959104, 0.02516218534457365, -0.2848429419125838, -0.16517726234976385]","[0.04, 0.06, 0.08, 0.1]","[0.0, 0.0, 0.0, 0.0]",0.12,0.06,0.0323857999999
high_noise,81,evaluated,2.65554991552,True,"[-0.49092544922452996, 0.04895983274990168, -0.6205377959286639, -0.26807570117427015, -0.2586396376600044]","[-0.5120558206743422, 0.04535084034680111, -0.5588981483065527, -0.25854563136731634, -0.33005246732509597]","[[-0.6713888156052867, -0.35272282574339764], [-0.11398215458414343, 0.20468383527774567], [-0.7182311432374973, -0.39956515337560816], [-0.4178786262982609, -0.09921263643637179], [-0.4893854622560405, -0.17071947239415142]]","[-0.39756626414712115, 0.015296517600099938, -0.3409237643289571, -0.2169596945762133]","[0.12, 0.18, 0.24, 0.30000000000000004]","[0.0, 0.0, 0.0, 0.0]",1.2,0.6,0.0464618000001
bounded_nuisance_bias,81,evaluated,2.65554991552,True,"[-0.49092544922452996, 0.04895983274990168, -0.6205377959286639, -0.26807570117427015, -0.2586396376600044]","[-0.5120558206743422, 0.04535084034680111, -0.5588981483065527, -0.25854563136731634, -0.33005246732509597]","[[-0.6713888156052867, -0.35272282574339764], [-0.11398215458414343, 0.20468383527774567], [-0.7182311432374973, -0.39956515337560816], [-0.4178786262982609, -0.09921263643637179], [-0.4893854622560405, -0.17071947239415142]]","[-0.34069070839959104, 0.08516218534457365, -0.3448429419125838, -0.10517726234976385]","[0.04, 0.06, 0.08, 0.1]","[0.06, 0.06, 0.06, 0.06]",1.2,0.6,0.0350026999999
nominal,82,evaluated,2.59051760768,True,"[-0.7166081093838333, -0.089151205959352, -0.49038498491942417, -0.4653624753299985, 0.6610926885949513]","[-0.6893788747107671, -0.0007084776060550524, -0.5915045528717162, -0.3888710699120749, 0.6807214370524721]","[[-0.8448099311716424, -0.5339478182498918], [-0.1561395340669303, 0.1547225788548202], [-0.7469356093325914, -0.436073496410841], [-0.5443021263729502, -0.23344001345119963], [0.5252903805915969, 0.8361524935133473]]","[-0.2468782233090233, 0.03973921866054749, -0.20282348488902138, -0.29346479204583276]","[0.04, 0.06, 0.08, 0.1]","[0.0, 0.0, 0.0, 0.0]",1.2,0.6,0.00791939999999
extrapolation,82,evaluated,2.59051760768,True,"[-0.7, -0.5499999999999999, -0.39999999999999997, -0.25, 0.95]","[-0.6727707653269337, -0.461557271646703, -0.501119567952292, -0.17350859458207638, 0.9696287484575208]","[[-0.8282018217878089, -0.5173397088660585], [-0.6169883281075783, -0.3061262151858278], [-0.6565506244131671, -0.3456885114914167], [-0.32893965104295164, -0.018077538121201137], [0.8141976919966456, 1.0]]","[-0.24397151240912493, -0.14840443902104333, -0.17273572396769402, -0.21046597688141272]","[0.04, 0.06, 0.08, 0.1]","[0.0, 0.0, 0.0, 0.0]",1.2,0.6,0.00851829999988
proxy_shift,82,evaluated,2.59051760768,False,"[-0.7166081093838333, -0.089151205959352, -0.49038498491942417, -0.4653624753299985, 0.6610926885949513]","[-0.6349204053646347, 0.17617697910053887, -0.7937436887763003, -0.23588825907622765, 0.7199789339675139]","[[-0.7903514618255099, -0.47948934890375944], [0.020745922639663628, 0.3316080355614141], [-0.9491747452371755, -0.6383126323154251], [-0.39131931553710286, -0.08045720261535241], [0.5645478775066386, 0.8754099904283892]]","[-0.2468782233090233, 0.03973921866054749, -0.20282348488902138, -0.29346479204583276]","[0.04, 0.06, 0.08, 0.1]","[0.0, 0.0, 0.0, 0.0]",1.2,0.6,0.00831729999982
understated_LH,82,evaluated,2.59051760768,True,"[-0.7166081093838333, -0.089151205959352, -0.49038498491942417, -0.4653624753299985, 0.6610926885949513]","[-0.6893788747107671, -0.0007084776060550524, -0.5915045528717162, -0.3888710699120749, 0.6807214370524721]","[[-0.8448099311716424, -0.5339478182498918], [-0.1561395340669303, 0.1547225788548202], [-0.7469356093325914, -0.436073496410841], [-0.5443021263729502, -0.23344001345119963], [0.5252903805915969, 0.8361524935133473]]","[-0.2468782233090233, 0.03973921866054749, -0.20282348488902138, -0.29346479204583276]","[0.04, 0.06, 0.08, 0.1]","[0.0, 0.0, 0.0, 0.0]",0.12,0.06,0.0136566000001
high_noise,82,evaluated,2.59051760768,True,"[-0.7166081093838333, -0.089151205959352, -0.49038498491942417, -0.4653624753299985, 0.6610926885949513]","[-0.6893788747107671, -0.0007084776060550524, -0.5915045528717162, -0.3888710699120749, 0.6807214370524721]","[[-0.8448099311716424, -0.5339478182498918], [-0.1561395340669303, 0.1547225788548202], [-0.7469356093325914, -0.436073496410841], [-0.5443021263729502, -0.23344001345119963], [0.5252903805915969, 0.8361524935133473]]","[-0.1888212481272731, 0.22143034061846073, -0.16429493282440946, -0.45189674580865824]","[0.12, 0.18, 0.24, 0.30000000000000004]","[0.0, 0.0, 0.0, 0.0]",1.2,0.6,0.0078211
bounded_nuisance_bias,82,evaluated,2.59051760768,True,"[-0.7166081093838333, -0.089151205959352, -0.49038498491942417, -0.4653624753299985, 0.6610926885949513]","[-0.6893788747107671, -0.0007084776060550524, -0.5915045528717162, -0.3888710699120749, 0.6807214370524721]","[[-0.8448099311716424, -0.5339478182498918], [-0.1561395340669303, 0.1547225788548202], [-0.7469356093325914, -0.436073496410841], [-0.5443021263729502, -0.23344001345119963], [0.5252903805915969, 0.8361524935133473]]","[-0.30687822330902326, 0.0997392186605475, -0.2628234848890214, -0.23346479204583276]","[0.04, 0.06, 0.08, 0.1]","[0.06, 0.06, 0.06, 0.06]",1.2,0.6,0.00903070000004
nominal,83,evaluated,2.8861298319,True,"[-0.07358087749519449, 0.640036995916095, -0.3658225533959579, 0.051431677805134135, -0.6204163247332103]","[0.024386816721596954, 0.5879753067965938, -0.33459446352901234, 0.035222493101024106, -0.5484139366568166]","[[-0.1487809731924096, 0.1975546066356035], [0.41480751688258727, 0.7611430967106003], [-0.5077622534430188, -0.1614266736150058], [-0.13794529681298245, 0.20839028301503065], [-0.7215817265708231, -0.37524614674281004]]","[-0.03711974919983276, 0.5502084195133518, -0.12215493500089372, -0.014238597792404106]","[0.04, 0.06, 0.08, 0.1]","[0.0, 0.0, 0.0, 0.0]",1.2,0.6,0.0101487000002
extrapolation,83,evaluated,2.8861298319,True,"[-0.7, -0.5499999999999999, -0.39999999999999997, -0.25, 0.95]","[-0.6020323057832085, -0.6020616891195011, -0.36877191013305444, -0.26620918470411004, 1.0]","[[-0.7752000956972152, -0.428864515869202], [-0.7752294790335077, -0.42889389920549453], [-0.5419397000470609, -0.19560412021904788], [-0.4393769746181166, -0.09304139479010348], [0.8268322100859935, 1.0]]","[-0.26759546636260495, -0.19595798487869498, -0.13480924513526052, -0.17714116972003993]","[0.04, 0.06, 0.08, 0.1]","[0.0, 0.0, 0.0, 0.0]",1.2,0.6,0.0132959999999
proxy_shift,83,evaluated,2.8861298319,False,"[-0.07358087749519449, 0.640036995916095, -0.3658225533959579, 0.051431677805134135, -0.6204163247332103]","[0.22032220515517986, 0.48385192855759157, -0.2721382837951213, 0.002804123692804049, -0.40440916050402936]","[[0.04715441524117331, 0.3934899950691864], [0.310684138643585, 0.6570197184715981], [-0.44530607370912784, -0.09897049388111473], [-0.1703636662212025, 0.1759719136068106], [-0.5775769504180359, -0.2312413705900228]]","[-0.03711974919983276, 0.5502084195133518, -0.12215493500089372, -0.014238597792404106]","[0.04, 0.06, 0.08, 0.1]","[0.0, 0.0, 0.0, 0.0]",1.2,0.6,0.00880400000005
understated_LH,83,evaluated,2.8861298319,True,"[-0.07358087749519449, 0.640036995916095, -0.3658225533959579, 0.051431677805134135, -0.6204163247332103]","[0.024386816721596954, 0.5879753067965938, -0.33459446352901234, 0.035222493101024106, -0.5484139366568166]","[[-0.1487809731924096, 0.1975546066356035], [0.41480751688258727, 0.7611430967106003], [-0.5077622534430188, -0.1614266736150058], [-0.13794529681298245, 0.20839028301503065], [-0.7215817265708231, -0.37524614674281004]]","[-0.03711974919983276, 0.5502084195133518, -0.12215493500089372, -0.014238597792404106]","[0.04, 0.06, 0.08, 0.1]","[0.0, 0.0, 0.0, 0.0]",0.12,0.06,0.0116866000001
high_noise,83,evaluated,2.8861298319,True,"[-0.07358087749519449, 0.640036995916095, -0.3658225533959579, 0.051431677805134135, -0.6204163247332103]","[0.024386816721596954, 0.5879753067965938, -0.33459446352901234, 0.035222493101024106, -0.5484139366568166]","[[-0.1487809731924096, 0.1975546066356035], [0.41480751688258727, 0.7611430967106003], [-0.5077622534430188, -0.1614266736150058], [-0.13794529681298245, 0.20839028301503065], [-0.7215817265708231, -0.37524614674281004]]","[-0.026310681925042594, 0.6367924497559617, -0.007773425271414808, -0.10602093723248399]","[0.12, 0.18, 0.24, 0.30000000000000004]","[0.0, 0.0, 0.0, 0.0]",1.2,0.6,0.0106664
bounded_nuisance_bias,83,evaluated,2.8861298319,True,"[-0.07358087749519449, 0.640036995916095, -0.3658225533959579, 0.051431677805134135, -0.6204163247332103]","[0.024386816721596954, 0.5879753067965938, -0.33459446352901234, 0.035222493101024106, -0.5484139366568166]","[[-0.1487809731924096, 0.1975546066356035], [0.41480751688258727, 0.7611430967106003], [-0.5077622534430188, -0.1614266736150058], [-0.13794529681298245, 0.20839028301503065], [-0.7215817265708231, -0.37524614674281004]]","[-0.09711974919983277, 0.6102084195133517, -0.18215493500089372, 0.04576140220759589]","[0.04, 0.06, 0.08, 0.1]","[0.06, 0.06, 0.06, 0.06]",1.2,0.6,0.00990000000002
nominal,84,evaluated,2.63060055322,True,"[0.014439314429894545, -0.2064224735381892, -0.4742539052640433, -0.24481322860972166, -0.3010971771009503]","[-0.10079127115686118, -0.25603766916624576, -0.46712772388124485, -0.16604213384107602, -0.16719020405550838]","[[-0.2586273043499197, 0.05704476203619735], [-0.4138737023593043, -0.09820163597318723], [-0.6249637570743034, -0.3092916906881863], [-0.3238781670341345, -0.008206100648017495], [-0.32502623724856694, -0.009354170862449857]]","[-0.0471360961433399, -0.18837594691571014, -0.18769366825002426, -0.15192117132784505]","[0.04, 0.06, 0.08, 0.1]","[0.0, 0.0, 0.0, 0.0]",1.2,0.6,0.0472181
extrapolation,84,evaluated,2.63060055322,True,"[-0.7, -0.5499999999999999, -0.39999999999999997, -0.25, 0.95]","[-0.8152305855867557, -0.5996151956280565, -0.3928738186172015, -0.17122890523135437, 1.0]","[[-0.9730666187798142, -0.6573945523936972], [-0.757451228821115, -0.44177916243499804], [-0.55070985181026, -0.23503778542414297], [-0.32906493842441287, -0.013392872038295839], [0.8421639668069415, 1.0]]","[-0.32886223294163824, -0.3165555340672839, -0.1626163550890571, -0.15426328923270682]","[0.04, 0.06, 0.08, 0.1]","[0.0, 0.0, 0.0, 0.0]",1.2,0.6,0.0112951999999
proxy_shift,84,evaluated,2.63060055322,False,"[0.014439314429894545, -0.2064224735381892, -0.4742539052640433, -0.24481322860972166, -0.3010971771009503]","[-0.33125244233037265, -0.3552680604223589, -0.45287536111564786, -0.008499944303784757, 0.10062374203537544]","[[-0.48908847552343115, -0.17341640913731413], [-0.5131040936154174, -0.1974320272293004], [-0.6107113943087064, -0.29503932792258936], [-0.16633597749684328, 0.14933608888927377], [-0.05721229115768309, 0.258459775228434]]","[-0.0471360961433399, -0.18837594691571014, -0.18769366825002426, -0.15192117132784505]","[0.04, 0.06, 0.08, 0.1]","[0.0, 0.0, 0.0, 0.0]",1.2,0.6,0.00973750000003
understated_LH,84,evaluated,2.63060055322,True,"[0.014439314429894545, -0.2064224735381892, -0.4742539052640433, -0.24481322860972166, -0.3010971771009503]","[-0.10079127115686118, -0.25603766916624576, -0.46712772388124485, -0.16604213384107602, -0.16719020405550838]","[[-0.2586273043499197, 0.05704476203619735], [-0.4138737023593043, -0.09820163597318723], [-0.6249637570743034, -0.3092916906881863], [-0.3238781670341345, -0.008206100648017495], [-0.32502623724856694, -0.009354170862449857]]","[-0.0471360961433399, -0.18837594691571014, -0.18769366825002426, -0.15192117132784505]","[0.04, 0.06, 0.08, 0.1]","[0.0, 0.0, 0.0, 0.0]",0.12,0.06,0.0139342
high_noise,84,evaluated,2.63060055322,True,"[0.014439314429894545, -0.2064224735381892, -0.4742539052640433, -0.24481322860972166, -0.3010971771009503]","[-0.10079127115686118, -0.25603766916624576, -0.46712772388124485, -0.16604213384107602, -0.16719020405550838]","[[-0.2586273043499197, 0.05704476203619735], [-0.4138737023593043, -0.09820163597318723], [-0.6249637570743034, -0.3092916906881863], [-0.3238781670341345, -0.008206100648017495], [-0.32502623724856694, -0.009354170862449857]]","[-0.15886056202661636, -0.34298701505027795, -0.1289263784281386, -0.1979477497932587]","[0.12, 0.18, 0.24, 0.30000000000000004]","[0.0, 0.0, 0.0, 0.0]",1.2,0.6,0.1071908
bounded_nuisance_bias,84,evaluated,2.63060055322,True,"[0.014439314429894545, -0.2064224735381892, -0.4742539052640433, -0.24481322860972166, -0.3010971771009503]","[-0.10079127115686118, -0.25603766916624576, -0.46712772388124485, -0.16604213384107602, -0.16719020405550838]","[[-0.2586273043499197, 0.05704476203619735], [-0.4138737023593043, -0.09820163597318723], [-0.6249637570743034, -0.3092916906881863], [-0.3238781670341345, -0.008206100648017495], [-0.32502623724856694, -0.009354170862449857]]","[-0.1071360961433399, -0.12837594691571014, -0.24769366825002426, -0.09192117132784505]","[0.04, 0.06, 0.08, 0.1]","[0.06, 0.06, 0.06, 0.06]",1.2,0.6,0.0457306000001
nominal,85,evaluated,2.66866411102,True,"[-0.6400496456628272, 0.5953699819907043, 0.46286406442077044, 0.646713831393313, 0.24640954146545657]","[-0.5221762046712765, 0.6047643848145237, 0.413480468225668, 0.7149711720555044, 0.2550772102146267]","[[-0.6822960513323741, -0.3620563580101788], [0.444644538153426, 0.7648842314756212], [0.25336062156457034, 0.5736003148867657], [0.5548513253944067, 0.8750910187166021], [0.09495736355352907, 0.41519705687572434]]","[-0.2266942677577558, 0.5634442585485341, 0.4495249893529571, 0.543513776511671]","[0.04, 0.06, 0.08, 0.1]","[0.0, 0.0, 0.0, 0.0]",1.2,0.6,0.0508059000001
extrapolation,85,evaluated,2.66866411102,True,"[-0.7, -0.5499999999999999, -0.39999999999999997, -0.25, 0.95]","[-0.5821265590084492, -0.5406055971761806, -0.44938359619510243, -0.18174265933780853, 0.9586676687491701]","[[-0.7422464056695468, -0.4220067123473516], [-0.7007254438372783, -0.380485750515083], [-0.6095034428562001, -0.2892637495340048], [-0.34186250599890616, -0.0216228126767109], [0.7985478220880724, 1.0]]","[-0.23856354503399274, -0.13936735528257188, -0.08446639193913973, -0.10123615623894233]","[0.04, 0.06, 0.08, 0.1]","[0.0, 0.0, 0.0, 0.0]",1.2,0.6,0.00888339999983
proxy_shift,85,evaluated,2.66866411102,False,"[-0.6400496456628272, 0.5953699819907043, 0.46286406442077044, 0.646713831393313, 0.24640954146545657]","[-0.286429322688175, 0.6235531904621622, 0.314713275835463, 0.8514858533798874, 0.272412547712967]","[[-0.44654916934927263, -0.12630947602707737], [0.46343334380106455, 0.7836730371232599], [0.15459342917436536, 0.4748331224965606], [0.6913660067187897, 1.0], [0.11229270105186939, 0.43253239437406465]]","[-0.2266942677577558, 0.5634442585485341, 0.4495249893529571, 0.543513776511671]","[0.04, 0.06, 0.08, 0.1]","[0.0, 0.0, 0.0, 0.0]",1.2,0.6,0.0473707000001
understated_LH,85,evaluated,2.66866411102,True,"[-0.6400496456628272, 0.5953699819907043, 0.46286406442077044, 0.646713831393313, 0.24640954146545657]","[-0.5221762046712765, 0.6047643848145237, 0.413480468225668, 0.7149711720555044, 0.2550772102146267]","[[-0.6822960513323741, -0.3620563580101788], [0.444644538153426, 0.7648842314756212], [0.25336062156457034, 0.5736003148867657], [0.5548513253944067, 0.8750910187166021], [0.09495736355352907, 0.41519705687572434]]","[-0.2266942677577558, 0.5634442585485341, 0.4495249893529571, 0.543513776511671]","[0.04, 0.06, 0.08, 0.1]","[0.0, 0.0, 0.0, 0.0]",0.12,0.06,0.0539263999999
high_noise,85,evaluated,2.66866411102,True,"[-0.6400496456628272, 0.5953699819907043, 0.46286406442077044, 0.646713831393313, 0.24640954146545657]","[-0.5221762046712765, 0.6047643848145237, 0.413480468225668, 0.7149711720555044, 0.2550772102146267]","[[-0.6822960513323741, -0.3620563580101788], [0.444644538153426, 0.7648842314756212], [0.25336062156457034, 0.5736003148867657], [0.5548513253944067, 0.8750910187166021], [0.09495736355352907, 0.41519705687572434]]","[-0.15782135782574122, 0.7632095479833902, 0.6645922054746776, 0.6035414640337864]","[0.12, 0.18, 0.24, 0.30000000000000004]","[0.0, 0.0, 0.0, 0.0]",1.2,0.6,0.0418718000001
bounded_nuisance_bias,85,evaluated,2.66866411102,True,"[-0.6400496456628272, 0.5953699819907043, 0.46286406442077044, 0.646713831393313, 0.24640954146545657]","[-0.5221762046712765, 0.6047643848145237, 0.413480468225668, 0.7149711720555044, 0.2550772102146267]","[[-0.6822960513323741, -0.3620563580101788], [0.444644538153426, 0.7648842314756212], [0.25336062156457034, 0.5736003148867657], [0.5548513253944067, 0.8750910187166021], [0.09495736355352907, 0.41519705687572434]]","[-0.2866942677577558, 0.623444258548534, 0.3895249893529571, 0.6035137765116709]","[0.04, 0.06, 0.08, 0.1]","[0.06, 0.06, 0.06, 0.06]",1.2,0.6,0.0493099
nominal,86,evaluated,2.53790363764,True,"[0.5863704878008733, -0.526461391901256, 0.7794910335209067, 0.3129916219476063, -0.2955195576453985]","[0.6129695787095538, -0.4764353070725035, 0.7915681330195933, 0.19369043651250156, -0.3021363886484637]","[[0.4606953604509596, 0.765243796968148], [-0.6287095253310977, -0.32416108881390926], [0.6392939147609991, 0.9438423512781875], [0.041416218253907316, 0.34596465477109584], [-0.4544106069070579, -0.14986217038986946]]","[0.4061969229434561, -0.13898616589270377, 0.5853161715478502, 0.08188625619749618]","[0.04, 0.06, 0.08, 0.1]","[0.0, 0.0, 0.0, 0.0]",1.2,0.6,0.0465032
extrapolation,86,evaluated,2.53790363764,True,"[-0.7, -0.5499999999999999, -0.39999999999999997, -0.25, 0.95]","[-0.6734009090913194, -0.49997391517124745, -0.3879229005013133, -0.36930118543510476, 0.9433831689969348]","[[-0.8256751273499137, -0.5211266908327252], [-0.6522481334298417, -0.34769969691265323], [-0.5401971187599075, -0.23564868224271904], [-0.521575403693699, -0.21702696717651052], [0.7911089507383405, 1.0]]","[-0.3217744744262181, -0.1455078099007325, -0.25666032996654115, -0.2665478435938856]","[0.04, 0.06, 0.08, 0.1]","[0.0, 0.0, 0.0, 0.0]",1.2,0.6,0.0194425000002
proxy_shift,86,evaluated,2.53790363764,False,"[0.5863704878008733, -0.526461391901256, 0.7794910335209067, 0.3129916219476063, -0.2955195576453985]","[0.6661677605269147, -0.3763831374149985, 0.8157223320169666, -0.044911934357707906, -0.31537005065459417]","[[0.5138935422683205, 0.818441978785509], [-0.5286573556735927, -0.22410891915640427], [0.6634481137583724, 0.9679965502755609], [-0.19718615261630215, 0.10736228390088634], [-0.46764426891318844, -0.16309583239599992]]","[0.4061969229434561, -0.13898616589270377, 0.5853161715478502, 0.08188625619749618]","[0.04, 0.06, 0.08, 0.1]","[0.0, 0.0, 0.0, 0.0]",1.2,0.6,0.0394945999999
understated_LH,86,evaluated,2.53790363764,True,"[0.5863704878008733, -0.526461391901256, 0.7794910335209067, 0.3129916219476063, -0.2955195576453985]","[0.6129695787095538, -0.4764353070725035, 0.7915681330195933, 0.19369043651250156, -0.3021363886484637]","[[0.4606953604509596, 0.765243796968148], [-0.6287095253310977, -0.32416108881390926], [0.6392939147609991, 0.9438423512781875], [0.041416218253907316, 0.34596465477109584], [-0.4544106069070579, -0.14986217038986946]]","[0.4061969229434561, -0.13898616589270377, 0.5853161715478502, 0.08188625619749618]","[0.04, 0.06, 0.08, 0.1]","[0.0, 0.0, 0.0, 0.0]",0.12,0.06,0.0451507
high_noise,86,evaluated,2.53790363764,True,"[0.5863704878008733, -0.526461391901256, 0.7794910335209067, 0.3129916219476063, -0.2955195576453985]","[0.6129695787095538, -0.4764353070725035, 0.7915681330195933, 0.19369043651250156, -0.3021363886484637]","[[0.4606953604509596, 0.765243796968148], [-0.6287095253310977, -0.32416108881390926], [0.6392939147609991, 0.9438423512781875], [0.041416218253907316, 0.34596465477109584], [-0.4544106069070579, -0.14986217038986946]]","[0.30864797409102007, 0.04849821430583112, 0.4559955116147678, -0.18870943099027507]","[0.12, 0.18, 0.24, 0.30000000000000004]","[0.0, 0.0, 0.0, 0.0]",1.2,0.6,0.0360547
bounded_nuisance_bias,86,evaluated,2.53790363764,True,"[0.5863704878008733, -0.526461391901256, 0.7794910335209067, 0.3129916219476063, -0.2955195576453985]","[0.6129695787095538, -0.4764353070725035, 0.7915681330195933, 0.19369043651250156, -0.3021363886484637]","[[0.4606953604509596, 0.765243796968148], [-0.6287095253310977, -0.32416108881390926], [0.6392939147609991, 0.9438423512781875], [0.041416218253907316, 0.34596465477109584], [-0.4544106069070579, -0.14986217038986946]]","[0.3461969229434561, -0.07898616589270377, 0.5253161715478503, 0.14188625619749617]","[0.04, 0.06, 0.08, 0.1]","[0.06, 0.06, 0.06, 0.06]",1.2,0.6,0.0455124
nominal,87,evaluated,2.42315634865,True,"[-0.7413227040104187, -0.007123481778332108, 0.15790011338436527, 0.49284885179535287, 0.7013337637885082]","[-0.7285859702285837, -0.03006949028817679, 0.19032599004546866, 0.46441402883649247, 0.7493871068846765]","[[-0.8739753511474735, -0.583196589309694], [-0.17545887120706652, 0.11531989063071293], [0.04493660912657893, 0.3357153709643584], [0.31902464791760277, 0.6098034097553822], [0.6039977259657867, 0.8947764878035662]]","[-0.293588390846365, -0.034193056580271684, 0.05715074586446426, 0.38380422903294326]","[0.04, 0.06, 0.08, 0.1]","[0.0, 0.0, 0.0, 0.0]",1.2,0.6,0.00934380000012
extrapolation,87,evaluated,2.42315634865,True,"[-0.7, -0.5499999999999999, -0.39999999999999997, -0.25, 0.95]","[-0.687263266218165, -0.5729460085098446, -0.3675741233388966, -0.2784348229588604, 0.9980533430961682]","[[-0.8326526471370548, -0.5418738852992753], [-0.7183353894287343, -0.4275566275909548], [-0.5129635042577864, -0.22218474242000688], [-0.4238242038777501, -0.13304544203997068], [0.8526639621772785, 1.0]]","[-0.28666257388450944, -0.26918419071106625, -0.2370690559081935, -0.11602507925906778]","[0.04, 0.06, 0.08, 0.1]","[0.0, 0.0, 0.0, 0.0]",1.2,0.6,0.0136075999999
proxy_shift,87,evaluated,2.42315634865,True,"[-0.7413227040104187, -0.007123481778332108, 0.15790011338436527, 0.49284885179535287, 0.7013337637885082]","[-0.7031125026649138, -0.07596150730786615, 0.2551777433676754, 0.4075443829187716, 0.845493793077013]","[[-0.8485018835838035, -0.557723121746024], [-0.22135088822675586, 0.06942787361102358], [0.10978836244878568, 0.40056712428656516], [0.26215500199988184, 0.5529337638376614], [0.7001044121581232, 0.9908831739959028]]","[-0.293588390846365, -0.034193056580271684, 0.05715074586446426, 0.38380422903294326]","[0.04, 0.06, 0.08, 0.1]","[0.0, 0.0, 0.0, 0.0]",1.2,0.6,0.0124527999999
understated_LH,87,evaluated,2.42315634865,True,"[-0.7413227040104187, -0.007123481778332108, 0.15790011338436527, 0.49284885179535287, 0.7013337637885082]","[-0.7285859702285837, -0.03006949028817679, 0.19032599004546866, 0.46441402883649247, 0.7493871068846765]","[[-0.8739753511474735, -0.583196589309694], [-0.17545887120706652, 0.11531989063071293], [0.04493660912657893, 0.3357153709643584], [0.31902464791760277, 0.6098034097553822], [0.6039977259657867, 0.8947764878035662]]","[-0.293588390846365, -0.034193056580271684, 0.05715074586446426, 0.38380422903294326]","[0.04, 0.06, 0.08, 0.1]","[0.0, 0.0, 0.0, 0.0]",0.12,0.06,0.0211571
high_noise,87,evaluated,2.42315634865,True,"[-0.7413227040104187, -0.007123481778332108, 0.15790011338436527, 0.49284885179535287, 0.7013337637885082]","[-0.7285859702285837, -0.03006949028817679, 0.19032599004546866, 0.46441402883649247, 0.7493871068846765]","[[-0.8739753511474735, -0.583196589309694], [-0.17545887120706652, 0.11531989063071293], [0.04493660912657893, 0.3357153709643584], [0.31902464791760277, 0.6098034097553822], [0.6039977259657867, 0.8947764878035662]]","[-0.32091353861538385, -0.09406143800240427, -0.03298736595192277, 0.41425407051480767]","[0.12, 0.18, 0.24, 0.30000000000000004]","[0.0, 0.0, 0.0, 0.0]",1.2,0.6,0.0136723000001
bounded_nuisance_bias,87,evaluated,2.42315634865,True,"[-0.7413227040104187, -0.007123481778332108, 0.15790011338436527, 0.49284885179535287, 0.7013337637885082]","[-0.7285859702285837, -0.03006949028817679, 0.19032599004546866, 0.46441402883649247, 0.7493871068846765]","[[-0.8739753511474735, -0.583196589309694], [-0.17545887120706652, 0.11531989063071293], [0.04493660912657893, 0.3357153709643584], [0.31902464791760277, 0.6098034097553822], [0.6039977259657867, 0.8947764878035662]]","[-0.353588390846365, 0.025806943419728313, -0.002849254135535738, 0.44380422903294325]","[0.04, 0.06, 0.08, 0.1]","[0.06, 0.06, 0.06, 0.06]",1.2,0.6,0.0104560999998
nominal,88,evaluated,2.52940566869,True,"[-0.5318041818093869, -0.5637835599886641, 0.7662030097818138, 0.6811740632794008, 0.09191429168450393]","[-0.6760994751251241, -0.5597015611702377, 0.7169914065591259, 0.7912116001820828, 0.20601738877936596]","[[-0.8278638152467892, -0.5243351350034591], [-0.7114659012919029, -0.4079372210485726], [0.5652270664374608, 0.8687557466807909], [0.6394472600604177, 0.9429759403037479], [0.054253048657700836, 0.3577817289010311]]","[-0.2737255274211996, -0.26573833766269406, 0.6504327385606424, 0.5185657688938367]","[0.04, 0.06, 0.08, 0.1]","[0.0, 0.0, 0.0, 0.0]",1.2,0.6,0.0542957
extrapolation,88,evaluated,2.52940566869,True,"[-0.7, -0.5499999999999999, -0.39999999999999997, -0.25, 0.95]","[-0.8442952933157373, -0.5459180011815735, -0.44921160322268794, -0.13996246309731802, 1.0]","[[-0.9960596334374023, -0.6925309531940722], [-0.6976823413032387, -0.3941536610599084], [-0.6009759433443531, -0.2974472631010228], [-0.29172680321898314, 0.011801877024347096], [0.8482356598783349, 1.0]]","[-0.3124877246725529, -0.262073772423543, -0.17740918296805888, -0.16058810041917448]","[0.04, 0.06, 0.08, 0.1]","[0.0, 0.0, 0.0, 0.0]",1.2,0.6,0.00876449999987
proxy_shift,88,evaluated,2.52940566869,False,"[-0.5318041818093869, -0.5637835599886641, 0.7662030097818138, 0.6811740632794008, 0.09191429168450393]","[-0.9646900617565988, -0.551537563533385, 0.6185682001137499, 1.0, 0.43422358296909]","[[-1.0, -0.8129257216349337], [-0.7033019036550501, -0.3997732234117199], [0.4668038599920848, 0.7703325402354151], [0.8482356598783349, 1.0], [0.2824592428474249, 0.5859879230907552]]","[-0.2737255274211996, -0.26573833766269406, 0.6504327385606424, 0.5185657688938367]","[0.04, 0.06, 0.08, 0.1]","[0.0, 0.0, 0.0, 0.0]",1.2,0.6,0.0499449000001
understated_LH,88,evaluated,2.52940566869,True,"[-0.5318041818093869, -0.5637835599886641, 0.7662030097818138, 0.6811740632794008, 0.09191429168450393]","[-0.6760994751251241, -0.5597015611702377, 0.7169914065591259, 0.7912116001820828, 0.20601738877936596]","[[-0.8278638152467892, -0.5243351350034591], [-0.7114659012919029, -0.4079372210485726], [0.5652270664374608, 0.8687557466807909], [0.6394472600604177, 0.9429759403037479], [0.054253048657700836, 0.3577817289010311]]","[-0.2737255274211996, -0.26573833766269406, 0.6504327385606424, 0.5185657688938367]","[0.04, 0.06, 0.08, 0.1]","[0.0, 0.0, 0.0, 0.0]",0.12,0.06,0.0554904000001
high_noise,88,evaluated,2.52940566869,True,"[-0.5318041818093869, -0.5637835599886641, 0.7662030097818138, 0.6811740632794008, 0.09191429168450393]","[-0.6760994751251241, -0.5597015611702377, 0.7169914065591259, 0.7912116001820828, 0.20601738877936596]","[[-0.8278638152467892, -0.5243351350034591], [-0.7114659012919029, -0.4079372210485726], [0.5652270664374608, 0.8687557466807909], [0.6394472600604177, 0.9429759403037479], [0.054253048657700836, 0.3577817289010311]]","[-0.3527009767663054, -0.31138588250978017, 0.6796143726245246, 0.45988956805548775]","[0.12, 0.18, 0.24, 0.30000000000000004]","[0.0, 0.0, 0.0, 0.0]",1.2,0.6,0.0415728
bounded_nuisance_bias,88,evaluated,2.52940566869,True,"[-0.5318041818093869, -0.5637835599886641, 0.7662030097818138, 0.6811740632794008, 0.09191429168450393]","[-0.6760994751251241, -0.5597015611702377, 0.7169914065591259, 0.7912116001820828, 0.20601738877936596]","[[-0.8278638152467892, -0.5243351350034591], [-0.7114659012919029, -0.4079372210485726], [0.5652270664374608, 0.8687557466807909], [0.6394472600604177, 0.9429759403037479], [0.054253048657700836, 0.3577817289010311]]","[-0.3337255274211996, -0.20573833766269406, 0.5904327385606425, 0.5785657688938366]","[0.04, 0.06, 0.08, 0.1]","[0.06, 0.06, 0.06, 0.06]",1.2,0.6,0.0532278000001
nominal,89,evaluated,2.57703589038,True,"[-0.5987116881693826, 0.5837029929481086, 0.28071929885483526, -0.6049563835013667, -0.2696767989888178]","[-0.4678385354775392, 0.6401528179184676, 0.3196018209165815, -0.5134171288502092, -0.2479810328404246]","[[-0.6224606889005393, -0.31321638205453906], [0.48553066449546745, 0.7947749713414677], [0.16497966749358137, 0.47422397433958163], [-0.6680392822732093, -0.35879497542720906], [-0.40260318626342473, -0.09335887941742446]]","[-0.2614348743391769, 0.4362369668364052, 0.18116169555901301, -0.21252490087410614]","[0.04, 0.06, 0.08, 0.1]","[0.0, 0.0, 0.0, 0.0]",1.2,0.6,0.0536534
extrapolation,89,evaluated,2.57703589038,True,"[-0.7, -0.5499999999999999, -0.39999999999999997, -0.25, 0.95]","[-0.5691268473081565, -0.493550175029641, -0.3611174779382537, -0.15846074534884247, 0.9716957661483931]","[[-0.7237490007311567, -0.41450469388515643], [-0.6481723284526412, -0.3389280216066408], [-0.5157396313612539, -0.20649532451525357], [-0.3130828987718426, -0.003838591925842322], [0.817073612725393, 1.0]]","[-0.28274456710273693, -0.2554475841254338, -0.2029108811787532, -0.09059273855500193]","[0.04, 0.06, 0.08, 0.1]","[0.0, 0.0, 0.0, 0.0]",1.2,0.6,0.00936079999997
proxy_shift,89,evaluated,2.57703589038,False,"[-0.5987116881693826, 0.5837029929481086, 0.28071929885483526, -0.6049563835013667, -0.2696767989888178]","[-0.20609223009385236, 0.7530524678591854, 0.397366865040074, -0.33033861954789406, -0.20458950054363817]","[[-0.3607143835168525, -0.05147007667085221], [0.5984303144361853, 0.9076746212821856], [0.24274471161707387, 0.5519890184630741], [-0.48496077297089424, -0.17571646612489392], [-0.35921165396663834, -0.04996734712063802]]","[-0.2614348743391769, 0.4362369668364052, 0.18116169555901301, -0.21252490087410614]","[0.04, 0.06, 0.08, 0.1]","[0.0, 0.0, 0.0, 0.0]",1.2,0.6,0.04494
understated_LH,89,evaluated,2.57703589038,True,"[-0.5987116881693826, 0.5837029929481086, 0.28071929885483526, -0.6049563835013667, -0.2696767989888178]","[-0.4678385354775392, 0.6401528179184676, 0.3196018209165815, -0.5134171288502092, -0.2479810328404246]","[[-0.6224606889005393, -0.31321638205453906], [0.48553066449546745, 0.7947749713414677], [0.16497966749358137, 0.47422397433958163], [-0.6680392822732093, -0.35879497542720906], [-0.40260318626342473, -0.09335887941742446]]","[-0.2614348743391769, 0.4362369668364052, 0.18116169555901301, -0.21252490087410614]","[0.04, 0.06, 0.08, 0.1]","[0.0, 0.0, 0.0, 0.0]",0.12,0.06,0.1005837
high_noise,89,evaluated,2.57703589038,True,"[-0.5987116881693826, 0.5837029929481086, 0.28071929885483526, -0.6049563835013667, -0.2696767989888178]","[-0.4678385354775392, 0.6401528179184676, 0.3196018209165815, -0.5134171288502092, -0.2479810328404246]","[[-0.6224606889005393, -0.31321638205453906], [0.48553066449546745, 0.7947749713414677], [0.16497966749358137, 0.47422397433958163], [-0.6680392822732093, -0.35879497542720906], [-0.40260318626342473, -0.09335887941742446]]","[-0.28092400854465066, 0.40384179858553765, 0.15933993320150658, -0.13121037798410998]","[0.12, 0.18, 0.24, 0.30000000000000004]","[0.0, 0.0, 0.0, 0.0]",1.2,0.6,0.0424906999999
bounded_nuisance_bias,89,evaluated,2.57703589038,True,"[-0.5987116881693826, 0.5837029929481086, 0.28071929885483526, -0.6049563835013667, -0.2696767989888178]","[-0.4678385354775392, 0.6401528179184676, 0.3196018209165815, -0.5134171288502092, -0.2479810328404246]","[[-0.6224606889005393, -0.31321638205453906], [0.48553066449546745, 0.7947749713414677], [0.16497966749358137, 0.47422397433958163], [-0.6680392822732093, -0.35879497542720906], [-0.40260318626342473, -0.09335887941742446]]","[-0.3214348743391769, 0.4962369668364052, 0.12116169555901302, -0.15252490087410614]","[0.04, 0.06, 0.08, 0.1]","[0.06, 0.06, 0.06, 0.06]",1.2,0.6,0.0526631999999
nominal,90,evaluated,2.6505085413,True,"[-0.6968122599204478, -0.09586154447949657, -0.081407259294352, 0.23208161040478226, 0.548465003578317]","[-0.7124333136433834, -0.16249837035937048, -0.022449242899827915, 0.26686658018211823, 0.5652376634343939]","[[-0.8714638261214446, -0.5534028011653221], [-0.32152888283743164, -0.003467857881309294], [-0.1814797553778891, 0.13658126957823327], [0.10783606770405704, 0.4258970926601794], [0.40620715095633264, 0.7242681759124551]]","[-0.2959351139887604, -0.07350538533361835, 0.07202517961687716, 0.3881812113156876]","[0.04, 0.06, 0.08, 0.1]","[0.0, 0.0, 0.0, 0.0]",1.2,0.6,0.00891000000001
extrapolation,90,evaluated,2.6505085413,True,"[-0.7, -0.5499999999999999, -0.39999999999999997, -0.25, 0.95]","[-0.7156210537229355, -0.6166368258798739, -0.3410419836054759, -0.21521503022266403, 0.9667726598560769]","[[-0.8746515662009967, -0.5565905412448743], [-0.7756673383579351, -0.4576063134018127], [-0.5000724960835371, -0.1820114711274147], [-0.3742455427007252, -0.05618451774460284], [0.8077421473780156, 1.0]]","[-0.2965119557091242, -0.25799528935891874, -0.07311860736625699, 0.1015236829063951]","[0.04, 0.06, 0.08, 0.1]","[0.0, 0.0, 0.0, 0.0]",1.2,0.6,0.0117170999999
proxy_shift,90,evaluated,2.6505085413,False,"[-0.6968122599204478, -0.09586154447949657, -0.081407259294352, 0.23208161040478226, 0.548465003578317]","[-0.7436754210892543, -0.29577202211911835, 0.09546678988922025, 0.3364365197367902, 0.5987829831465475]","[[-0.9027059335673155, -0.5846449086111931], [-0.45480253459717956, -0.13674150964105716], [-0.06356372258884094, 0.2544973023672814], [0.177406007258729, 0.49546703221485133], [0.43975247066848633, 0.7578134956246088]]","[-0.2959351139887604, -0.07350538533361835, 0.07202517961687716, 0.3881812113156876]","[0.04, 0.06, 0.08, 0.1]","[0.0, 0.0, 0.0, 0.0]",1.2,0.6,0.00923620000003
understated_LH,90,evaluated,2.6505085413,True,"[-0.6968122599204478, -0.09586154447949657, -0.081407259294352, 0.23208161040478226, 0.548465003578317]","[-0.7124333136433834, -0.16249837035937048, -0.022449242899827915, 0.26686658018211823, 0.5652376634343939]","[[-0.8714638261214446, -0.5534028011653221], [-0.32152888283743164, -0.003467857881309294], [-0.1814797553778891, 0.13658126957823327], [0.10783606770405704, 0.4258970926601794], [0.40620715095633264, 0.7242681759124551]]","[-0.2959351139887604, -0.07350538533361835, 0.07202517961687716, 0.3881812113156876]","[0.04, 0.06, 0.08, 0.1]","[0.0, 0.0, 0.0, 0.0]",0.12,0.06,0.0184394
high_noise,90,evaluated,2.6505085413,True,"[-0.6968122599204478, -0.09586154447949657, -0.081407259294352, 0.23208161040478226, 0.548465003578317]","[-0.7124333136433834, -0.16249837035937048, -0.022449242899827915, 0.26686658018211823, 0.5652376634343939]","[[-0.8714638261214446, -0.5534028011653221], [-0.32152888283743164, -0.003467857881309294], [-0.1814797553778891, 0.13658126957823327], [0.10783606770405704, 0.4258970926601794], [0.40620715095633264, 0.7242681759124551]]","[-0.34295902540700873, -0.11099596405145587, 0.3097879648843631, 0.8537285771284779]","[0.12, 0.18, 0.24, 0.30000000000000004]","[0.0, 0.0, 0.0, 0.0]",1.2,0.6,0.0130523999999
bounded_nuisance_bias,90,evaluated,2.6505085413,True,"[-0.6968122599204478, -0.09586154447949657, -0.081407259294352, 0.23208161040478226, 0.548465003578317]","[-0.7124333136433834, -0.16249837035937048, -0.022449242899827915, 0.26686658018211823, 0.5652376634343939]","[[-0.8714638261214446, -0.5534028011653221], [-0.32152888283743164, -0.003467857881309294], [-0.1814797553778891, 0.13658126957823327], [0.10783606770405704, 0.4258970926601794], [0.40620715095633264, 0.7242681759124551]]","[-0.3559351139887604, -0.01350538533361835, 0.012025179616877157, 0.4481812113156876]","[0.04, 0.06, 0.08, 0.1]","[0.06, 0.06, 0.06, 0.06]",1.2,0.6,0.0099404
nominal,91,evaluated,2.4827474992,True,"[-0.6223064061406527, -0.719432865327204, -0.2779062409038321, -0.08384979709429385, -0.723542433974782]","[-0.6212390877425519, -0.6649944645947339, -0.23245839847799005, -0.060657596324044466, -0.6917399101309397]","[[-0.7702039376947919, -0.47227423779031186], [-0.8139593145469739, -0.5160296146424939], [-0.38142324843023, -0.08349354852575006], [-0.20962244627628446, 0.08830725362819553], [-0.8407047600831797, -0.5427750601786997]]","[-0.26733021234029536, -0.3375335019058056, -0.20610198743117808, 0.12023916556671745]","[0.04, 0.06, 0.08, 0.1]","[0.0, 0.0, 0.0, 0.0]",1.2,0.6,0.0125288000002
extrapolation,91,evaluated,2.4827474992,True,"[-0.7, -0.5499999999999999, -0.39999999999999997, -0.25, 0.95]","[-0.6989326816018991, -0.49556159926752985, -0.3545521575741579, -0.2268077992297506, 0.9818025238438423]","[[-0.8478975315541392, -0.5499678316496591], [-0.6445264492197699, -0.34659674931528983], [-0.5035170075263979, -0.20558730762191793], [-0.3757726491819906, -0.07784294927751062], [0.8328376738916022, 1.0]]","[-0.2831259475930123, -0.3003988770233565, -0.2545278065088684, 0.03718980728146748]","[0.04, 0.06, 0.08, 0.1]","[0.0, 0.0, 0.0, 0.0]",1.2,0.6,0.0136173000001
proxy_shift,91,evaluated,2.4827474992,False,"[-0.6223064061406527, -0.719432865327204, -0.2779062409038321, -0.08384979709429385, -0.723542433974782]","[-0.6191044509463502, -0.5561176631297937, -0.1415627136263059, -0.014273194783545676, -0.6281348624432551]","[[-0.7680693008985903, -0.47013960099411023], [-0.7050825130820337, -0.4071528131775537], [-0.2905275635785459, 0.007402136325934089], [-0.16323804473578568, 0.1346916551686943], [-0.7770997123954951, -0.4791700124910151]]","[-0.26733021234029536, -0.3375335019058056, -0.20610198743117808, 0.12023916556671745]","[0.04, 0.06, 0.08, 0.1]","[0.0, 0.0, 0.0, 0.0]",1.2,0.6,0.00712439999984
understated_LH,91,evaluated,2.4827474992,True,"[-0.6223064061406527, -0.719432865327204, -0.2779062409038321, -0.08384979709429385, -0.723542433974782]","[-0.6212390877425519, -0.6649944645947339, -0.23245839847799005, -0.060657596324044466, -0.6917399101309397]","[[-0.7702039376947919, -0.47227423779031186], [-0.8139593145469739, -0.5160296146424939], [-0.38142324843023, -0.08349354852575006], [-0.20962244627628446, 0.08830725362819553], [-0.8407047600831797, -0.5427750601786997]]","[-0.26733021234029536, -0.3375335019058056, -0.20610198743117808, 0.12023916556671745]","[0.04, 0.06, 0.08, 0.1]","[0.0, 0.0, 0.0, 0.0]",0.12,0.06,0.0122945000001
high_noise,91,evaluated,2.4827474992,True,"[-0.6223064061406527, -0.719432865327204, -0.2779062409038321, -0.08384979709429385, -0.723542433974782]","[-0.6212390877425519, -0.6649944645947339, -0.23245839847799005, -0.060657596324044466, -0.6917399101309397]","[[-0.7702039376947919, -0.47227423779031186], [-0.8139593145469739, -0.5160296146424939], [-0.38142324843023, -0.08349354852575006], [-0.20962244627628446, 0.08830725362819553], [-0.8407047600831797, -0.5427750601786997]]","[-0.28758210752631996, -0.45983125595251867, -0.33115760044891496, 0.45711878012965246]","[0.12, 0.18, 0.24, 0.30000000000000004]","[0.0, 0.0, 0.0, 0.0]",1.2,0.6,0.0105602000001
bounded_nuisance_bias,91,evaluated,2.4827474992,True,"[-0.6223064061406527, -0.719432865327204, -0.2779062409038321, -0.08384979709429385, -0.723542433974782]","[-0.6212390877425519, -0.6649944645947339, -0.23245839847799005, -0.060657596324044466, -0.6917399101309397]","[[-0.7702039376947919, -0.47227423779031186], [-0.8139593145469739, -0.5160296146424939], [-0.38142324843023, -0.08349354852575006], [-0.20962244627628446, 0.08830725362819553], [-0.8407047600831797, -0.5427750601786997]]","[-0.32733021234029536, -0.2775335019058056, -0.2661019874311781, 0.18023916556671743]","[0.04, 0.06, 0.08, 0.1]","[0.06, 0.06, 0.06, 0.06]",1.2,0.6,0.0135356999999
nominal,92,evaluated,2.49579311932,True,"[-0.5282139652021258, 0.06553379302832751, 0.7598112784074726, -0.21934114867452426, -0.04536759617195796]","[-0.5542761063746672, 0.07841106687715174, 0.8276002016107976, -0.2527920592116574, 0.01876327454954943]","[[-0.704023693533875, -0.4045285192154594], [-0.07133652028205606, 0.22815865403635954], [0.6778526144515898, 0.9773477887700054], [-0.40253964637086526, -0.10304447205244963], [-0.13098431260965837, 0.16851086170875723]]","[-0.20866422692484027, 0.07453844241588456, 0.6292480102380116, 0.1099273588808429]","[0.04, 0.06, 0.08, 0.1]","[0.0, 0.0, 0.0, 0.0]",1.2,0.6,0.0454748
extrapolation,92,evaluated,2.49579311932,True,"[-0.7, -0.5499999999999999, -0.39999999999999997, -0.25, 0.95]","[-0.7260621411725413, -0.5371227261511757, -0.33221107679667505, -0.28345091053713317, 1.0]","[[-0.8758097283317491, -0.5763145540133335], [-0.6868703133103835, -0.38737513899196796], [-0.4819586639558828, -0.18246348963746725], [-0.433198497696341, -0.13370332337792537], [0.8502524128407922, 1.0]]","[-0.2484388457139306, -0.2053202368097158, -0.1918327104450313, 0.09584888623499951]","[0.04, 0.06, 0.08, 0.1]","[0.0, 0.0, 0.0, 0.0]",1.2,0.6,0.0217315999998
proxy_shift,92,evaluated,2.49579311932,False,"[-0.5282139652021258, 0.06553379302832751, 0.7598112784074726, -0.21934114867452426, -0.04536759617195796]","[-0.6064003887197499, 0.10416561457480021, 0.9631780480174474, -0.3196938802859237, 0.1470250159925642]","[[-0.7561479758789577, -0.4566528015605421], [-0.04558197258440759, 0.253913201734008], [0.8134304608582397, 1.0], [-0.4694414674451315, -0.1699462931267159], [-0.0027225711666435948, 0.296772603151772]]","[-0.20866422692484027, 0.07453844241588456, 0.6292480102380116, 0.1099273588808429]","[0.04, 0.06, 0.08, 0.1]","[0.0, 0.0, 0.0, 0.0]",1.2,0.6,0.0450455999999
understated_LH,92,evaluated,2.49579311932,True,"[-0.5282139652021258, 0.06553379302832751, 0.7598112784074726, -0.21934114867452426, -0.04536759617195796]","[-0.5542761063746672, 0.07841106687715174, 0.8276002016107976, -0.2527920592116574, 0.01876327454954943]","[[-0.704023693533875, -0.4045285192154594], [-0.07133652028205606, 0.22815865403635954], [0.6778526144515898, 0.9773477887700054], [-0.40253964637086526, -0.10304447205244963], [-0.13098431260965837, 0.16851086170875723]]","[-0.20866422692484027, 0.07453844241588456, 0.6292480102380116, 0.1099273588808429]","[0.04, 0.06, 0.08, 0.1]","[0.0, 0.0, 0.0, 0.0]",0.12,0.06,0.0896723999999
high_noise,92,evaluated,2.49579311932,True,"[-0.5282139652021258, 0.06553379302832751, 0.7598112784074726, -0.21934114867452426, -0.04536759617195796]","[-0.5542761063746672, 0.07841106687715174, 0.8276002016107976, -0.2527920592116574, 0.01876327454954943]","[[-0.704023693533875, -0.4045285192154594], [-0.07133652028205606, 0.22815865403635954], [0.6778526144515898, 0.9773477887700054], [-0.40253964637086526, -0.10304447205244963], [-0.13098431260965837, 0.16851086170875723]]","[-0.15954191835270143, 0.14239796879645283, 0.6295825893479489, 0.564125131350842]","[0.12, 0.18, 0.24, 0.30000000000000004]","[0.0, 0.0, 0.0, 0.0]",1.2,0.6,0.0454273
bounded_nuisance_bias,92,evaluated,2.49579311932,True,"[-0.5282139652021258, 0.06553379302832751, 0.7598112784074726, -0.21934114867452426, -0.04536759617195796]","[-0.5542761063746672, 0.07841106687715174, 0.8276002016107976, -0.2527920592116574, 0.01876327454954943]","[[-0.704023693533875, -0.4045285192154594], [-0.07133652028205606, 0.22815865403635954], [0.6778526144515898, 0.9773477887700054], [-0.40253964637086526, -0.10304447205244963], [-0.13098431260965837, 0.16851086170875723]]","[-0.26866422692484027, 0.13453844241588456, 0.5692480102380115, 0.1699273588808429]","[0.04, 0.06, 0.08, 0.1]","[0.06, 0.06, 0.06, 0.06]",1.2,0.6,0.0475704
nominal,93,evaluated,2.59101859671,True,"[0.5950702766825979, -0.6299450941021801, 0.6227444400400237, -0.16239494896599438, -0.45009440417133534]","[0.6333094593366554, -0.5424059065263922, 0.5040173696284025, -0.2493534114803139, -0.4723807925171706]","[[0.4778483435340275, 0.7887705751392833], [-0.6978670223290201, -0.3869447907237643], [0.3485562538257746, 0.6594784854310304], [-0.4048145272829418, -0.09389229567768598], [-0.6278419083197985, -0.3169196767145427]]","[0.4332521782420734, -0.35538541533303447, 0.5609313888841911, -0.08431163074761226]","[0.04, 0.06, 0.08, 0.1]","[0.0, 0.0, 0.0, 0.0]",1.2,0.6,0.0477595000002
extrapolation,93,evaluated,2.59101859671,True,"[-0.7, -0.5499999999999999, -0.39999999999999997, -0.25, 0.95]","[-0.6617608173459425, -0.46246081242421205, -0.5187270704116212, -0.3369584625143195, 0.9277136116541648]","[[-0.8172219331485704, -0.5062997015433146], [-0.61792192822684, -0.3069996966215841], [-0.6741881862142491, -0.36326595460899336], [-0.4924195783169474, -0.18149734671169157], [0.7722524958515369, 1.0]]","[-0.30302257802481647, -0.33571760534674777, -0.12105846642005186, -0.126036297202916]","[0.04, 0.06, 0.08, 0.1]","[0.0, 0.0, 0.0, 0.0]",1.2,0.6,0.0155774
proxy_shift,93,evaluated,2.59101859671,False,"[0.5950702766825979, -0.6299450941021801, 0.6227444400400237, -0.16239494896599438, -0.45009440417133534]","[0.7097878246447702, -0.3673275313748165, 0.26656322880515987, -0.42327033650895296, -0.516953569208841]","[[0.5543267088421423, 0.8652489404473981], [-0.5227886471774444, -0.21186641557218858], [0.11110211300253195, 0.4220243446077878], [-0.5787314523115809, -0.26780922070632507], [-0.6724146850114688, -0.36149245340621305]]","[0.4332521782420734, -0.35538541533303447, 0.5609313888841911, -0.08431163074761226]","[0.04, 0.06, 0.08, 0.1]","[0.0, 0.0, 0.0, 0.0]",1.2,0.6,0.0152039
understated_LH,93,evaluated,2.59101859671,True,"[0.5950702766825979, -0.6299450941021801, 0.6227444400400237, -0.16239494896599438, -0.45009440417133534]","[0.6333094593366554, -0.5424059065263922, 0.5040173696284025, -0.2493534114803139, -0.4723807925171706]","[[0.4778483435340275, 0.7887705751392833], [-0.6978670223290201, -0.3869447907237643], [0.3485562538257746, 0.6594784854310304], [-0.4048145272829418, -0.09389229567768598], [-0.6278419083197985, -0.3169196767145427]]","[0.4332521782420734, -0.35538541533303447, 0.5609313888841911, -0.08431163074761226]","[0.04, 0.06, 0.08, 0.1]","[0.0, 0.0, 0.0, 0.0]",0.12,0.06,0.0442037999999
high_noise,93,evaluated,2.59101859671,True,"[0.5950702766825979, -0.6299450941021801, 0.6227444400400237, -0.16239494896599438, -0.45009440417133534]","[0.6333094593366554, -0.5424059065263922, 0.5040173696284025, -0.2493534114803139, -0.4723807925171706]","[[0.4778483435340275, 0.7887705751392833], [-0.6978670223290201, -0.3869447907237643], [0.3485562538257746, 0.6594784854310304], [-0.4048145272829418, -0.09389229567768598], [-0.6278419083197985, -0.3169196767145427]]","[0.37320702219244045, -0.54832062602653, 0.7028144560440873, -0.07388422515344426]","[0.12, 0.18, 0.24, 0.30000000000000004]","[0.0, 0.0, 0.0, 0.0]",1.2,0.6,0.0411184
bounded_nuisance_bias,93,evaluated,2.59101859671,True,"[0.5950702766825979, -0.6299450941021801, 0.6227444400400237, -0.16239494896599438, -0.45009440417133534]","[0.6333094593366554, -0.5424059065263922, 0.5040173696284025, -0.2493534114803139, -0.4723807925171706]","[[0.4778483435340275, 0.7887705751392833], [-0.6978670223290201, -0.3869447907237643], [0.3485562538257746, 0.6594784854310304], [-0.4048145272829418, -0.09389229567768598], [-0.6278419083197985, -0.3169196767145427]]","[0.3732521782420734, -0.2953854153330345, 0.5009313888841911, -0.024311630747612265]","[0.04, 0.06, 0.08, 0.1]","[0.06, 0.06, 0.06, 0.06]",1.2,0.6,0.0420101
nominal,94,evaluated,2.77188221775,True,"[-0.11280958334099433, 0.10299985327033967, -0.36382229882882133, -0.6487743792151944, 0.505242455792295]","[-0.025163310231657993, 0.07091452123824757, -0.37050589291646596, -0.5958020753537481, 0.6255234626914887]","[[-0.19147624329683668, 0.1411496228335207], [-0.09539841182693112, 0.23722745430342626], [-0.5368188259816447, -0.20419295985128727], [-0.7621150084189268, -0.4294891422885694], [0.45921052962631004, 0.7918363957566674]]","[-0.021366775695119716, 0.045523785675637446, -0.1828759046159535, -0.33846330335864466]","[0.04, 0.06, 0.08, 0.1]","[0.0, 0.0, 0.0, 0.0]",1.2,0.6,0.0114537000002
extrapolation,94,evaluated,2.77188221775,True,"[-0.7, -0.5499999999999999, -0.39999999999999997, -0.25, 0.95]","[-0.6123537268906636, -0.582085332032092, -0.4066835940876446, -0.19702769613855362, 1.0]","[[-0.7786666599558423, -0.4460407938254849], [-0.7483982650972707, -0.4157723989669133], [-0.5729965271528232, -0.2403706610224659], [-0.36334062920373233, -0.030714763073374923], [0.8336870669348213, 1.0]]","[-0.23049882631859375, -0.2587088172186798, -0.1962925248561871, -0.2067211343673463]","[0.04, 0.06, 0.08, 0.1]","[0.0, 0.0, 0.0, 0.0]",1.2,0.6,0.0102890000001
proxy_shift,94,evaluated,2.77188221775,False,"[-0.11280958334099433, 0.10299985327033967, -0.36382229882882133, -0.6487743792151944, 0.505242455792295]","[0.15012923598701466, 0.006743857174063339, -0.3838730810917552, -0.48985746763085525, 0.866085476489876]","[[-0.016183697078164028, 0.31644216905219336], [-0.15956907589111535, 0.17305679023924203], [-0.5501860141569339, -0.21756014802657653], [-0.6561704006960339, -0.32354453456567656], [0.6997725434246973, 1.0]]","[-0.021366775695119716, 0.045523785675637446, -0.1828759046159535, -0.33846330335864466]","[0.04, 0.06, 0.08, 0.1]","[0.0, 0.0, 0.0, 0.0]",1.2,0.6,0.00665220000019
understated_LH,94,evaluated,2.77188221775,True,"[-0.11280958334099433, 0.10299985327033967, -0.36382229882882133, -0.6487743792151944, 0.505242455792295]","[-0.025163310231657993, 0.07091452123824757, -0.37050589291646596, -0.5958020753537481, 0.6255234626914887]","[[-0.19147624329683668, 0.1411496228335207], [-0.09539841182693112, 0.23722745430342626], [-0.5368188259816447, -0.20419295985128727], [-0.7621150084189268, -0.4294891422885694], [0.45921052962631004, 0.7918363957566674]]","[-0.021366775695119716, 0.045523785675637446, -0.1828759046159535, -0.33846330335864466]","[0.04, 0.06, 0.08, 0.1]","[0.0, 0.0, 0.0, 0.0]",0.12,0.06,0.0130435000001
high_noise,94,evaluated,2.77188221775,True,"[-0.11280958334099433, 0.10299985327033967, -0.36382229882882133, -0.6487743792151944, 0.505242455792295]","[-0.025163310231657993, 0.07091452123824757, -0.37050589291646596, -0.5958020753537481, 0.6255234626914887]","[[-0.19147624329683668, 0.1411496228335207], [-0.09539841182693112, 0.23722745430342626], [-0.5368188259816447, -0.20419295985128727], [-0.7621150084189268, -0.4294891422885694], [0.45921052962631004, 0.7918363957566674]]","[0.06363557166769282, 0.00660615123827786, -0.19146095432832771, -0.48940557209333724]","[0.12, 0.18, 0.24, 0.30000000000000004]","[0.0, 0.0, 0.0, 0.0]",1.2,0.6,0.00957659999995
bounded_nuisance_bias,94,evaluated,2.77188221775,True,"[-0.11280958334099433, 0.10299985327033967, -0.36382229882882133, -0.6487743792151944, 0.505242455792295]","[-0.025163310231657993, 0.07091452123824757, -0.37050589291646596, -0.5958020753537481, 0.6255234626914887]","[[-0.19147624329683668, 0.1411496228335207], [-0.09539841182693112, 0.23722745430342626], [-0.5368188259816447, -0.20419295985128727], [-0.7621150084189268, -0.4294891422885694], [0.45921052962631004, 0.7918363957566674]]","[-0.08136677569511971, 0.10552378567563744, -0.2428759046159535, -0.27846330335864466]","[0.04, 0.06, 0.08, 0.1]","[0.06, 0.06, 0.06, 0.06]",1.2,0.6,0.0106971
nominal,95,evaluated,2.46931835622,True,"[0.6726445269180352, 0.08198511674666553, 0.049414877203297514, 0.7615590553651355, -0.2693383579428327]","[0.7841706349339828, 0.13870899732895448, 0.050749158856959166, 0.7740661849327403, -0.27498210704661163]","[[0.6360115335609005, 0.9323297363070651], [-0.009450104044127855, 0.2868680987020368], [-0.09740994251612317, 0.1989082602300415], [0.625907083559658, 0.9222252863058226], [-0.42314120841969394, -0.1268230056735293]]","[0.5722114379910674, -0.007671610966037606, 0.07855360319448348, 0.5168066740116638]","[0.04, 0.06, 0.08, 0.1]","[0.0, 0.0, 0.0, 0.0]",1.2,0.6,0.0127723000001
extrapolation,95,evaluated,2.46931835622,True,"[-0.7, -0.5499999999999999, -0.39999999999999997, -0.25, 0.95]","[-0.5884738919840524, -0.493276119417711, -0.3986657183463383, -0.2374928704323952, 0.944356250896221]","[[-0.7366329933571347, -0.4403147906109701], [-0.6414352207907933, -0.3451170180446287], [-0.5468248197194207, -0.25050661697325594], [-0.3856519718054775, -0.08933376905931287], [0.7961971495231387, 1.0]]","[-0.2401104760375899, -0.2981291488244262, -0.1438278721542001, -0.24537041765000872]","[0.04, 0.06, 0.08, 0.1]","[0.0, 0.0, 0.0, 0.0]",1.2,0.6,0.0108911999998
proxy_shift,95,evaluated,2.46931835622,False,"[0.6726445269180352, 0.08198511674666553, 0.049414877203297514, 0.7615590553651355, -0.2693383579428327]","[1.0, 0.2521567584935323, 0.05341772216428246, 0.7990804440679499, -0.28626960525416956]","[[0.8518408986269177, 1.0], [0.10399765712044998, 0.40031585986661467], [-0.09474137920879987, 0.20157682353736478], [0.6509213426948676, 0.9472395454410322], [-0.43442870662725186, -0.13811050388108723]]","[0.5722114379910674, -0.007671610966037606, 0.07855360319448348, 0.5168066740116638]","[0.04, 0.06, 0.08, 0.1]","[0.0, 0.0, 0.0, 0.0]",1.2,0.6,0.0102152000002
understated_LH,95,evaluated,2.46931835622,True,"[0.6726445269180352, 0.08198511674666553, 0.049414877203297514, 0.7615590553651355, -0.2693383579428327]","[0.7841706349339828, 0.13870899732895448, 0.050749158856959166, 0.7740661849327403, -0.27498210704661163]","[[0.6360115335609005, 0.9323297363070651], [-0.009450104044127855, 0.2868680987020368], [-0.09740994251612317, 0.1989082602300415], [0.625907083559658, 0.9222252863058226], [-0.42314120841969394, -0.1268230056735293]]","[0.5722114379910674, -0.007671610966037606, 0.07855360319448348, 0.5168066740116638]","[0.04, 0.06, 0.08, 0.1]","[0.0, 0.0, 0.0, 0.0]",0.12,0.06,0.0195586
high_noise,95,evaluated,2.46931835622,True,"[0.6726445269180352, 0.08198511674666553, 0.049414877203297514, 0.7615590553651355, -0.2693383579428327]","[0.7841706349339828, 0.13870899732895448, 0.050749158856959166, 0.7740661849327403, -0.27498210704661163]","[[0.6360115335609005, 0.9323297363070651], [-0.009450104044127855, 0.2868680987020368], [-0.09740994251612317, 0.1989082602300415], [0.625907083559658, 0.9222252863058226], [-0.42314120841969394, -0.1268230056735293]]","[0.6379904859158877, -0.1254299086148901, 0.17489785888608328, 0.2885658387116463]","[0.12, 0.18, 0.24, 0.30000000000000004]","[0.0, 0.0, 0.0, 0.0]",1.2,0.6,0.0138711999998
bounded_nuisance_bias,95,evaluated,2.46931835622,True,"[0.6726445269180352, 0.08198511674666553, 0.049414877203297514, 0.7615590553651355, -0.2693383579428327]","[0.7841706349339828, 0.13870899732895448, 0.050749158856959166, 0.7740661849327403, -0.27498210704661163]","[[0.6360115335609005, 0.9323297363070651], [-0.009450104044127855, 0.2868680987020368], [-0.09740994251612317, 0.1989082602300415], [0.625907083559658, 0.9222252863058226], [-0.42314120841969394, -0.1268230056735293]]","[0.5122114379910674, 0.05232838903396239, 0.018553603194483487, 0.5768066740116637]","[0.04, 0.06, 0.08, 0.1]","[0.06, 0.06, 0.06, 0.06]",1.2,0.6,0.0108459
nominal,96,evaluated,2.54668405934,True,"[0.02284764606805878, -0.7044318439104352, 0.17156241522170246, -0.39712717331702, -0.19420365367646952]","[0.07299299405844506, -0.6943948797726419, 0.13082171020204147, -0.36067829572556936, -0.19612261328584965]","[[-0.07980804950172149, 0.2257940376186116], [-0.8471959233328085, -0.5415938362124754], [-0.021979333358125075, 0.283622753762208], [-0.513479339285736, -0.20787725216540281], [-0.34892365684601623, -0.0433215697256831]]","[0.03180809317538016, -0.3382231392774973, 0.09371808912884337, -0.18155570864082515]","[0.04, 0.06, 0.08, 0.1]","[0.0, 0.0, 0.0, 0.0]",1.2,0.6,0.032876
extrapolation,96,evaluated,2.54668405934,True,"[-0.7, -0.5499999999999999, -0.39999999999999997, -0.25, 0.95]","[-0.6498546520096137, -0.5399630358622066, -0.44074070501966095, -0.21355112240854937, 0.9480810403906198]","[[-0.8026556955697802, -0.4970536084494471], [-0.6927640794223732, -0.38716199230204007], [-0.5935417485798276, -0.2879396614594944], [-0.3663521659687159, -0.06075007884838282], [0.7952799968304533, 1.0]]","[-0.2550570989447105, -0.30368129974575286, -0.21004945869918923, -0.12184240218664312]","[0.04, 0.06, 0.08, 0.1]","[0.0, 0.0, 0.0, 0.0]",1.2,0.6,0.00913450000007
proxy_shift,96,evaluated,2.54668405934,True,"[0.02284764606805878, -0.7044318439104352, 0.17156241522170246, -0.39712717331702, -0.19420365367646952]","[0.17328369003921762, -0.6743209514970553, 0.04934030016271951, -0.2877805405426681, -0.19996053250460988]","[[0.02048264647905107, 0.32608473359938417], [-0.8271219950572218, -0.5215199079368887], [-0.10346074339744704, 0.20214134372288606], [-0.44058158410283466, -0.13497949698250156], [-0.3527615760647764, -0.04715948894444333]]","[0.03180809317538016, -0.3382231392774973, 0.09371808912884337, -0.18155570864082515]","[0.04, 0.06, 0.08, 0.1]","[0.0, 0.0, 0.0, 0.0]",1.2,0.6,0.0353019000001
understated_LH,96,evaluated,2.54668405934,True,"[0.02284764606805878, -0.7044318439104352, 0.17156241522170246, -0.39712717331702, -0.19420365367646952]","[0.07299299405844506, -0.6943948797726419, 0.13082171020204147, -0.36067829572556936, -0.19612261328584965]","[[-0.07980804950172149, 0.2257940376186116], [-0.8471959233328085, -0.5415938362124754], [-0.021979333358125075, 0.283622753762208], [-0.513479339285736, -0.20787725216540281], [-0.34892365684601623, -0.0433215697256831]]","[0.03180809317538016, -0.3382231392774973, 0.09371808912884337, -0.18155570864082515]","[0.04, 0.06, 0.08, 0.1]","[0.0, 0.0, 0.0, 0.0]",0.12,0.06,0.0685591000001
high_noise,96,evaluated,2.54668405934,True,"[0.02284764606805878, -0.7044318439104352, 0.17156241522170246, -0.39712717331702, -0.19420365367646952]","[0.07299299405844506, -0.6943948797726419, 0.13082171020204147, -0.36067829572556936, -0.19612261328584965]","[[-0.07980804950172149, 0.2257940376186116], [-0.8471959233328085, -0.5415938362124754], [-0.021979333358125075, 0.283622753762208], [-0.513479339285736, -0.20787725216540281], [-0.34892365684601623, -0.0433215697256831]]","[0.06769389528595918, -0.46708573876900306, 0.05761917173046489, -0.16274051301411138]","[0.12, 0.18, 0.24, 0.30000000000000004]","[0.0, 0.0, 0.0, 0.0]",1.2,0.6,0.0488673
bounded_nuisance_bias,96,evaluated,2.54668405934,True,"[0.02284764606805878, -0.7044318439104352, 0.17156241522170246, -0.39712717331702, -0.19420365367646952]","[0.07299299405844506, -0.6943948797726419, 0.13082171020204147, -0.36067829572556936, -0.19612261328584965]","[[-0.07980804950172149, 0.2257940376186116], [-0.8471959233328085, -0.5415938362124754], [-0.021979333358125075, 0.283622753762208], [-0.513479339285736, -0.20787725216540281], [-0.34892365684601623, -0.0433215697256831]]","[-0.02819190682461984, -0.2782231392774973, 0.03371808912884337, -0.12155570864082516]","[0.04, 0.06, 0.08, 0.1]","[0.06, 0.06, 0.06, 0.06]",1.2,0.6,0.0343974
nominal,97,evaluated,2.57382889229,True,"[-0.3858471151964075, -0.6009500982464946, -0.6352173599635909, -0.6368682922515738, 0.2647916413261471]","[-0.4168746939685092, -0.5612335069888005, -0.6949897723256553, -0.6290531409171691, 0.37326548347896793]","[[-0.5713044275059252, -0.2624449604310931], [-0.7156632405262165, -0.4068037734513844], [-0.8494195058630714, -0.5405600387882392], [-0.7834828744545852, -0.47462340737975306], [0.21883574994155186, 0.527695217016384]]","[-0.18685817091915533, -0.18895727699397302, -0.05829638345552912, -0.16288625281387192]","[0.04, 0.06, 0.08, 0.1]","[0.0, 0.0, 0.0, 0.0]",1.2,0.6,0.00741259999995
extrapolation,97,evaluated,2.57382889229,True,"[-0.7, -0.5499999999999999, -0.39999999999999997, -0.25, 0.95]","[-0.7310275787721016, -0.5102834087423058, -0.45977241236206434, -0.2421848486655953, 1.0]","[[-0.8854573123095176, -0.5765978452346855], [-0.6647131422797219, -0.35585367520488975], [-0.6142021458994804, -0.3053426788246483], [-0.3966145822030114, -0.08775511512817924], [0.8455702664625839, 1.0]]","[-0.2730133006929278, -0.1759795242208177, 0.00978370420289118, -0.03369564396555845]","[0.04, 0.06, 0.08, 0.1]","[0.0, 0.0, 0.0, 0.0]",1.2,0.6,0.00888089999989
proxy_shift,97,evaluated,2.57382889229,False,"[-0.3858471151964075, -0.6009500982464946, -0.6352173599635909, -0.6368682922515738, 0.2647916413261471]","[-0.47892985151271245, -0.48180032447341226, -0.814534597049784, -0.6134228382483597, 0.5902131677846096]","[[-0.6333595850501286, -0.3245001179752964], [-0.6362300580108283, -0.3273705909359962], [-0.9689643305872001, -0.660104863512368], [-0.7678525717857758, -0.4589931047109437], [0.43578343424719357, 0.7446429013220257]]","[-0.18685817091915533, -0.18895727699397302, -0.05829638345552912, -0.16288625281387192]","[0.04, 0.06, 0.08, 0.1]","[0.0, 0.0, 0.0, 0.0]",1.2,0.6,0.00831280000011
understated_LH,97,evaluated,2.57382889229,True,"[-0.3858471151964075, -0.6009500982464946, -0.6352173599635909, -0.6368682922515738, 0.2647916413261471]","[-0.4168746939685092, -0.5612335069888005, -0.6949897723256553, -0.6290531409171691, 0.37326548347896793]","[[-0.5713044275059252, -0.2624449604310931], [-0.7156632405262165, -0.4068037734513844], [-0.8494195058630714, -0.5405600387882392], [-0.7834828744545852, -0.47462340737975306], [0.21883574994155186, 0.527695217016384]]","[-0.18685817091915533, -0.18895727699397302, -0.05829638345552912, -0.16288625281387192]","[0.04, 0.06, 0.08, 0.1]","[0.0, 0.0, 0.0, 0.0]",0.12,0.06,0.00818320000008
high_noise,97,evaluated,2.57382889229,True,"[-0.3858471151964075, -0.6009500982464946, -0.6352173599635909, -0.6368682922515738, 0.2647916413261471]","[-0.4168746939685092, -0.5612335069888005, -0.6949897723256553, -0.6290531409171691, 0.37326548347896793]","[[-0.5713044275059252, -0.2624449604310931], [-0.7156632405262165, -0.4068037734513844], [-0.8494195058630714, -0.5405600387882392], [-0.7834828744545852, -0.47462340737975306], [0.21883574994155186, 0.527695217016384]]","[-0.18688477230501088, -0.062416325435608544, 0.3452710249502532, 0.032222459255011215]","[0.12, 0.18, 0.24, 0.30000000000000004]","[0.0, 0.0, 0.0, 0.0]",1.2,0.6,0.00679029999992
bounded_nuisance_bias,97,evaluated,2.57382889229,True,"[-0.3858471151964075, -0.6009500982464946, -0.6352173599635909, -0.6368682922515738, 0.2647916413261471]","[-0.4168746939685092, -0.5612335069888005, -0.6949897723256553, -0.6290531409171691, 0.37326548347896793]","[[-0.5713044275059252, -0.2624449604310931], [-0.7156632405262165, -0.4068037734513844], [-0.8494195058630714, -0.5405600387882392], [-0.7834828744545852, -0.47462340737975306], [0.21883574994155186, 0.527695217016384]]","[-0.24685817091915532, -0.12895727699397302, -0.11829638345552912, -0.10288625281387193]","[0.04, 0.06, 0.08, 0.1]","[0.06, 0.06, 0.06, 0.06]",1.2,0.6,0.0064754
nominal,98,evaluated,2.68239743825,True,"[0.7253955670422718, -0.6072604049601532, -0.15447003598823073, 0.10198092115997626, -0.11465496801528641]","[0.7676340170560914, -0.5652151632516431, -0.139713233224139, 0.10409372209344939, -0.1199497911859569]","[[0.6066901707610511, 0.9285778633511316], [-0.7261590095466833, -0.4042713169566029], [-0.3006570795191792, 0.021230613070901183], [-0.0568501242015908, 0.2650375683884896], [-0.2808936374809971, 0.040994055109083286]]","[0.6153983912048978, -0.19738465181059828, -0.12146506722657739, 0.07470977119739758]","[0.04, 0.06, 0.08, 0.1]","[0.0, 0.0, 0.0, 0.0]",1.2,0.6,0.0460679
extrapolation,98,evaluated,2.68239743825,True,"[-0.7, -0.5499999999999999, -0.39999999999999997, -0.25, 0.95]","[-0.6577615499861804, -0.5079547582914898, -0.3852431972359082, -0.24788719906652687, 0.9447051768293294]","[[-0.8187053962812206, -0.4968177036911402], [-0.66889860458653, -0.3470109119964496], [-0.5461870435309484, -0.22429935094086803], [-0.40883104536156706, -0.08694335277148668], [0.7837613305342892, 1.0]]","[-0.250698567625839, -0.1829079686642171, -0.22794134323910054, -0.12084881398277936]","[0.04, 0.06, 0.08, 0.1]","[0.0, 0.0, 0.0, 0.0]",1.2,0.6,0.0117534000001
proxy_shift,98,evaluated,2.68239743825,True,"[0.7253955670422718, -0.6072604049601532, -0.15447003598823073, 0.10198092115997626, -0.11465496801528641]","[0.8521109170837305, -0.4811246798346228, -0.11019962769595555, 0.10831932396039565, -0.1305394375272979]","[[0.6911670707886903, 1.0], [-0.642068526129663, -0.3201808335395826], [-0.27114347399099575, 0.05074421859908464], [-0.05262452233464454, 0.26926317025543584], [-0.2914832838223381, 0.03040440876774228]]","[0.6153983912048978, -0.19738465181059828, -0.12146506722657739, 0.07470977119739758]","[0.04, 0.06, 0.08, 0.1]","[0.0, 0.0, 0.0, 0.0]",1.2,0.6,0.0491256999999
understated_LH,98,evaluated,2.68239743825,True,"[0.7253955670422718, -0.6072604049601532, -0.15447003598823073, 0.10198092115997626, -0.11465496801528641]","[0.7676340170560914, -0.5652151632516431, -0.139713233224139, 0.10409372209344939, -0.1199497911859569]","[[0.6066901707610511, 0.9285778633511316], [-0.7261590095466833, -0.4042713169566029], [-0.3006570795191792, 0.021230613070901183], [-0.0568501242015908, 0.2650375683884896], [-0.2808936374809971, 0.040994055109083286]]","[0.6153983912048978, -0.19738465181059828, -0.12146506722657739, 0.07470977119739758]","[0.04, 0.06, 0.08, 0.1]","[0.0, 0.0, 0.0, 0.0]",0.12,0.06,0.0432682000001
high_noise,98,evaluated,2.68239743825,True,"[0.7253955670422718, -0.6072604049601532, -0.15447003598823073, 0.10198092115997626, -0.11465496801528641]","[0.7676340170560914, -0.5652151632516431, -0.139713233224139, 0.10409372209344939, -0.1199497911859569]","[[0.6066901707610511, 0.9285778633511316], [-0.7261590095466833, -0.4042713169566029], [-0.3006570795191792, 0.021230613070901183], [-0.0568501242015908, 0.2650375683884896], [-0.2808936374809971, 0.040994055109083286]]","[0.6600012559532198, -0.0847005891390325, -0.19334775370477847, 0.09551214323183885]","[0.12, 0.18, 0.24, 0.30000000000000004]","[0.0, 0.0, 0.0, 0.0]",1.2,0.6,0.0404282
bounded_nuisance_bias,98,evaluated,2.68239743825,True,"[0.7253955670422718, -0.6072604049601532, -0.15447003598823073, 0.10198092115997626, -0.11465496801528641]","[0.7676340170560914, -0.5652151632516431, -0.139713233224139, 0.10409372209344939, -0.1199497911859569]","[[0.6066901707610511, 0.9285778633511316], [-0.7261590095466833, -0.4042713169566029], [-0.3006570795191792, 0.021230613070901183], [-0.0568501242015908, 0.2650375683884896], [-0.2808936374809971, 0.040994055109083286]]","[0.5553983912048979, -0.13738465181059828, -0.1814650672265774, 0.13470977119739758]","[0.04, 0.06, 0.08, 0.1]","[0.06, 0.06, 0.06, 0.06]",1.2,0.6,0.0455640999999
nominal,99,evaluated,2.59270279666,True,"[-0.7249818843884186, 0.40252639769039145, 0.06180439719878206, -0.206480594010503, 0.3527296809722058]","[-0.7003220904653258, 0.4650604609648929, 0.11169179390721055, -0.1376528381469405, 0.40193693598410185]","[[-0.8558842582648638, -0.5447599226657878], [0.30949829316535493, 0.6206226287644309], [-0.04387037389232744, 0.26725396170674853], [-0.2932150059464785, 0.017909329652597505], [0.24637476818456386, 0.5574991037836399]]","[-0.3250700300289045, 0.2647004259197679, -0.025812779828003556, -0.27498715616822234]","[0.04, 0.06, 0.08, 0.1]","[0.0, 0.0, 0.0, 0.0]",1.2,0.6,0.0583176
extrapolation,99,evaluated,2.59270279666,True,"[-0.7, -0.5499999999999999, -0.39999999999999997, -0.25, 0.95]","[-0.6753402060769071, -0.4874659367254985, -0.35011260329157146, -0.18117224413643748, 0.999207255011896]","[[-0.8309023738764452, -0.5197780382773691], [-0.6430281045250364, -0.3319037689259605], [-0.5056747710911095, -0.19455043549203346], [-0.3367344119359755, -0.02561007633689949], [0.843645087212358, 1.0]]","[-0.32076051920326804, -0.2646736629457479, -0.2560413532012042, -0.2951390704727996]","[0.04, 0.06, 0.08, 0.1]","[0.0, 0.0, 0.0, 0.0]",1.2,0.6,0.0115377999998
proxy_shift,99,evaluated,2.59270279666,False,"[-0.7249818843884186, 0.40252639769039145, 0.06180439719878206, -0.206480594010503, 0.3527296809722058]","[-0.6510025026191403, 0.5901285875138957, 0.21146658732406753, 2.6735801845478857e-06, 0.5003514460078939]","[[-0.8065646704186783, -0.49544033481960226], [0.4345664197143577, 0.7456907553134338], [0.05590441952452954, 0.36702875512360555], [-0.15555949421935344, 0.15556484137972254], [0.3447892782083559, 0.655913613807432]]","[-0.3250700300289045, 0.2647004259197679, -0.025812779828003556, -0.27498715616822234]","[0.04, 0.06, 0.08, 0.1]","[0.0, 0.0, 0.0, 0.0]",1.2,0.6,0.0436568999999
understated_LH,99,evaluated,2.59270279666,True,"[-0.7249818843884186, 0.40252639769039145, 0.06180439719878206, -0.206480594010503, 0.3527296809722058]","[-0.7003220904653258, 0.4650604609648929, 0.11169179390721055, -0.1376528381469405, 0.40193693598410185]","[[-0.8558842582648638, -0.5447599226657878], [0.30949829316535493, 0.6206226287644309], [-0.04387037389232744, 0.26725396170674853], [-0.2932150059464785, 0.017909329652597505], [0.24637476818456386, 0.5574991037836399]]","[-0.3250700300289045, 0.2647004259197679, -0.025812779828003556, -0.27498715616822234]","[0.04, 0.06, 0.08, 0.1]","[0.0, 0.0, 0.0, 0.0]",0.12,0.06,0.0471181999999
high_noise,99,evaluated,2.59270279666,True,"[-0.7249818843884186, 0.40252639769039145, 0.06180439719878206, -0.206480594010503, 0.3527296809722058]","[-0.7003220904653258, 0.4650604609648929, 0.11169179390721055, -0.1376528381469405, 0.40193693598410185]","[[-0.8558842582648638, -0.5447599226657878], [0.30949829316535493, 0.6206226287644309], [-0.04387037389232744, 0.26725396170674853], [-0.2932150059464785, 0.017909329652597505], [0.24637476818456386, 0.5574991037836399]]","[-0.42059106843544053, 0.21385310002827207, -0.153895486230412, -0.6027652971138215]","[0.12, 0.18, 0.24, 0.30000000000000004]","[0.0, 0.0, 0.0, 0.0]",1.2,0.6,0.035766
bounded_nuisance_bias,99,evaluated,2.59270279666,True,"[-0.7249818843884186, 0.40252639769039145, 0.06180439719878206, -0.206480594010503, 0.3527296809722058]","[-0.7003220904653258, 0.4650604609648929, 0.11169179390721055, -0.1376528381469405, 0.40193693598410185]","[[-0.8558842582648638, -0.5447599226657878], [0.30949829316535493, 0.6206226287644309], [-0.04387037389232744, 0.26725396170674853], [-0.2932150059464785, 0.017909329652597505], [0.24637476818456386, 0.5574991037836399]]","[-0.3850700300289045, 0.3247004259197679, -0.08581277982800356, -0.21498715616822234]","[0.04, 0.06, 0.08, 0.1]","[0.06, 0.06, 0.06, 0.06]",1.2,0.6,0.0571838000001
nominal,100,evaluated,2.44387709409,True,"[0.7991612682625231, -0.5906663618940835, -0.25245417449355156, 0.455930799956886, -0.0317532333839351]","[0.8464047796163352, -0.5010420094184775, -0.28053799178615946, 0.44553087209602266, -0.08835864069893398]","[[0.6997721539711492, 0.9930374052615212], [-0.6476746350636635, -0.3544093837732916], [-0.4271706174313454, -0.13390536614097354], [0.29889824645083674, 0.5921634977412086], [-0.2349912663441199, 0.05827398494625194]]","[0.6842127106406949, -0.11250849930094642, -0.1316289539932081, 0.3253585678914559]","[0.04, 0.06, 0.08, 0.1]","[0.0, 0.0, 0.0, 0.0]",1.2,0.6,0.0535898999999
extrapolation,100,evaluated,2.44387709409,True,"[-0.7, -0.5499999999999999, -0.39999999999999997, -0.25, 0.95]","[-0.6527564886461878, -0.46037564752439397, -0.42808381729260786, -0.26039992786086336, 0.8933945926850011]","[[-0.7993891142913738, -0.5061238630010019], [-0.6070082731695798, -0.31374302187920805], [-0.5747164429377938, -0.28145119164742194], [-0.4070325535060493, -0.11376730221567743], [0.7467619670398151, 1.0]]","[-0.25988167012410823, -0.10202470748645404, -0.1912763823628433, -0.1418117803874735]","[0.04, 0.06, 0.08, 0.1]","[0.0, 0.0, 0.0, 0.0]",1.2,0.6,0.0124291
proxy_shift,100,evaluated,2.44387709409,False,"[0.7991612682625231, -0.5906663618940835, -0.25245417449355156, 0.455930799956886, -0.0317532333839351]","[0.9408918023239595, -0.3217933044672657, -0.33670562637137524, 0.424731016374296, -0.20156945532893175]","[[0.7942591766787737, 1.0], [-0.4684259301124516, -0.17516067882207975], [-0.48333825201656117, -0.19007300072618932], [0.2780983907291101, 0.5713636420194819], [-0.34820208097411764, -0.05493682968374583]]","[0.6842127106406949, -0.11250849930094642, -0.1316289539932081, 0.3253585678914559]","[0.04, 0.06, 0.08, 0.1]","[0.0, 0.0, 0.0, 0.0]",1.2,0.6,0.0564161
understated_LH,100,evaluated,2.44387709409,True,"[0.7991612682625231, -0.5906663618940835, -0.25245417449355156, 0.455930799956886, -0.0317532333839351]","[0.8464047796163352, -0.5010420094184775, -0.28053799178615946, 0.44553087209602266, -0.08835864069893398]","[[0.6997721539711492, 0.9930374052615212], [-0.6476746350636635, -0.3544093837732916], [-0.4271706174313454, -0.13390536614097354], [0.29889824645083674, 0.5921634977412086], [-0.2349912663441199, 0.05827398494625194]]","[0.6842127106406949, -0.11250849930094642, -0.1316289539932081, 0.3253585678914559]","[0.04, 0.06, 0.08, 0.1]","[0.0, 0.0, 0.0, 0.0]",0.12,0.06,0.042557
high_noise,100,evaluated,2.44387709409,True,"[0.7991612682625231, -0.5906663618940835, -0.25245417449355156, 0.455930799956886, -0.0317532333839351]","[0.8464047796163352, -0.5010420094184775, -0.28053799178615946, 0.44553087209602266, -0.08835864069893398]","[[0.6997721539711492, 0.9930374052615212], [-0.6476746350636635, -0.3544093837732916], [-0.4271706174313454, -0.13390536614097354], [0.29889824645083674, 0.5921634977412086], [-0.2349912663441199, 0.05827398494625194]]","[0.7104493703924784, 0.16194208572614538, -0.13018171871889472, 0.3042350071165089]","[0.12, 0.18, 0.24, 0.30000000000000004]","[0.0, 0.0, 0.0, 0.0]",1.2,0.6,0.0413633000001
bounded_nuisance_bias,100,evaluated,2.44387709409,True,"[0.7991612682625231, -0.5906663618940835, -0.25245417449355156, 0.455930799956886, -0.0317532333839351]","[0.8464047796163352, -0.5010420094184775, -0.28053799178615946, 0.44553087209602266, -0.08835864069893398]","[[0.6997721539711492, 0.9930374052615212], [-0.6476746350636635, -0.3544093837732916], [-0.4271706174313454, -0.13390536614097354], [0.29889824645083674, 0.5921634977412086], [-0.2349912663441199, 0.05827398494625194]]","[0.624212710640695, -0.05250849930094642, -0.1916289539932081, 0.3853585678914559]","[0.04, 0.06, 0.08, 0.1]","[0.06, 0.06, 0.06, 0.06]",1.2,0.6,0.0521954000001
nominal,101,evaluated,2.44594779211,True,"[-0.10456621561012958, -0.2515359048680319, 0.7698448863640965, 0.7413641417359846, -0.6177073865343273]","[-0.09714661984223817, -0.18016340570792444, 0.8395910104221846, 0.7547738525698556, -0.6236120976342849]","[[-0.24390348736865403, 0.0496102476841777], [-0.3269202732343403, -0.03340653818150857], [0.6928341428957687, 0.9863478779486006], [0.6080169850434398, 0.9015307200962714], [-0.7703689651607009, -0.47685523010786907]]","[-0.09700354407837396, -0.12220950796252285, 0.6730215147688557, 0.6216697924133313]","[0.04, 0.06, 0.08, 0.1]","[0.0, 0.0, 0.0, 0.0]",1.2,0.6,0.0101278
extrapolation,101,evaluated,2.44594779211,True,"[-0.7, -0.5499999999999999, -0.39999999999999997, -0.25, 0.95]","[-0.6925804042321085, -0.4786275008398925, -0.3302538759419119, -0.236590289166129, 0.9440952889000424]","[[-0.8393372717585244, -0.5458235367056927], [-0.6253843683663083, -0.3318706333134766], [-0.4770107434683278, -0.18349700841549604], [-0.3833471566925449, -0.08983342163971314], [0.7973384213736265, 1.0]]","[-0.31054404274640346, -0.22951905847303758, -0.15868376176788676, -0.11928492982383948]","[0.04, 0.06, 0.08, 0.1]","[0.0, 0.0, 0.0, 0.0]",1.2,0.6,0.0125212
proxy_shift,101,evaluated,2.44594779211,False,"[-0.10456621561012958, -0.2515359048680319, 0.7698448863640965, 0.7413641417359846, -0.6177073865343273]","[-0.08230742830645538, -0.03741840738770946, 0.9790832585383608, 0.7815932742375976, -0.6354215198342001]","[[-0.22906429583287125, 0.06444943921996049], [-0.18417527491412533, 0.1093384601387064], [0.8323263910119449, 1.0], [0.6348364067111818, 0.9283501417640134], [-0.7821783873606161, -0.4886646523077843]]","[-0.09700354407837396, -0.12220950796252285, 0.6730215147688557, 0.6216697924133313]","[0.04, 0.06, 0.08, 0.1]","[0.0, 0.0, 0.0, 0.0]",1.2,0.6,0.00803350000001
understated_LH,101,evaluated,2.44594779211,True,"[-0.10456621561012958, -0.2515359048680319, 0.7698448863640965, 0.7413641417359846, -0.6177073865343273]","[-0.09714661984223817, -0.18016340570792444, 0.8395910104221846, 0.7547738525698556, -0.6236120976342849]","[[-0.24390348736865403, 0.0496102476841777], [-0.3269202732343403, -0.03340653818150857], [0.6928341428957687, 0.9863478779486006], [0.6080169850434398, 0.9015307200962714], [-0.7703689651607009, -0.47685523010786907]]","[-0.09700354407837396, -0.12220950796252285, 0.6730215147688557, 0.6216697924133313]","[0.04, 0.06, 0.08, 0.1]","[0.0, 0.0, 0.0, 0.0]",0.12,0.06,0.0120654
high_noise,101,evaluated,2.44594779211,True,"[-0.10456621561012958, -0.2515359048680319, 0.7698448863640965, 0.7413641417359846, -0.6177073865343273]","[-0.09714661984223817, -0.18016340570792444, 0.8395910104221846, 0.7547738525698556, -0.6236120976342849]","[[-0.24390348736865403, 0.0496102476841777], [-0.3269202732343403, -0.03340653818150857], [0.6928341428957687, 0.9863478779486006], [0.6080169850434398, 0.9015307200962714], [-0.7703689651607009, -0.47685523010786907]]","[-0.17209162957118085, -0.10274762490859807, 0.7396539912330822, 0.6455999327656523]","[0.12, 0.18, 0.24, 0.30000000000000004]","[0.0, 0.0, 0.0, 0.0]",1.2,0.6,0.010481
bounded_nuisance_bias,101,evaluated,2.44594779211,True,"[-0.10456621561012958, -0.2515359048680319, 0.7698448863640965, 0.7413641417359846, -0.6177073865343273]","[-0.09714661984223817, -0.18016340570792444, 0.8395910104221846, 0.7547738525698556, -0.6236120976342849]","[[-0.24390348736865403, 0.0496102476841777], [-0.3269202732343403, -0.03340653818150857], [0.6928341428957687, 0.9863478779486006], [0.6080169850434398, 0.9015307200962714], [-0.7703689651607009, -0.47685523010786907]]","[-0.15700354407837397, -0.06220950796252285, 0.6130215147688558, 0.6816697924133313]","[0.04, 0.06, 0.08, 0.1]","[0.06, 0.06, 0.06, 0.06]",1.2,0.6,0.0126361
nominal,102,evaluated,2.5358512773,True,"[-0.16056822220390754, 0.7201436502787195, -0.45849339756989527, 0.678818574426977, 0.06210754756906556]","[-0.024002506056357925, 0.7153255435815471, -0.43945673193085294, 0.669833422051266, 0.04030664874844151]","[[-0.17615358269454742, 0.12814857058183157], [0.5631744669433576, 0.8674766202197366], [-0.5916078085690424, -0.28730565529266344], [0.5176823454130765, 0.8219844986894554], [-0.111844427889748, 0.192457725386631]]","[-0.1566792028612826, 0.5653085489305233, -0.27210074784910376, 0.5475952905073664]","[0.04, 0.06, 0.08, 0.1]","[0.0, 0.0, 0.0, 0.0]",1.2,0.6,0.0405911
extrapolation,102,evaluated,2.5358512773,True,"[-0.7, -0.5499999999999999, -0.39999999999999997, -0.25, 0.95]","[-0.5634342838524503, -0.5548181066971724, -0.38096333436095764, -0.2589851523757111, 0.9281991011793759]","[[-0.7155853604906398, -0.4112832072142608], [-0.7069691833353619, -0.40266703005898286], [-0.5331144109991471, -0.22881225772276814], [-0.4111362290139006, -0.10683407573752163], [0.7760480245411864, 1.0]]","[-0.3410729157334551, -0.261609704347736, -0.2520695679917224, -0.1291842512449417]","[0.04, 0.06, 0.08, 0.1]","[0.0, 0.0, 0.0, 0.0]",1.2,0.6,0.0116235999999
proxy_shift,102,evaluated,2.5358512773,False,"[-0.16056822220390754, 0.7201436502787195, -0.45849339756989527, 0.678818574426977, 0.06210754756906556]","[0.24912892623874128, 0.7056893301872021, -0.4013834006527683, 0.6518631172998437, -0.0032951488928065764]","[[0.09697784960055178, 0.4012800028769308], [0.5535382535490126, 0.8578404068253916], [-0.5535344772909578, -0.2492323240145788], [0.4997120406616542, 0.8040141939380332], [-0.15544622553099607, 0.14885592774538292]]","[-0.1566792028612826, 0.5653085489305233, -0.27210074784910376, 0.5475952905073664]","[0.04, 0.06, 0.08, 0.1]","[0.0, 0.0, 0.0, 0.0]",1.2,0.6,0.0421211
understated_LH,102,evaluated,2.5358512773,True,"[-0.16056822220390754, 0.7201436502787195, -0.45849339756989527, 0.678818574426977, 0.06210754756906556]","[-0.024002506056357925, 0.7153255435815471, -0.43945673193085294, 0.669833422051266, 0.04030664874844151]","[[-0.17615358269454742, 0.12814857058183157], [0.5631744669433576, 0.8674766202197366], [-0.5916078085690424, -0.28730565529266344], [0.5176823454130765, 0.8219844986894554], [-0.111844427889748, 0.192457725386631]]","[-0.1566792028612826, 0.5653085489305233, -0.27210074784910376, 0.5475952905073664]","[0.04, 0.06, 0.08, 0.1]","[0.0, 0.0, 0.0, 0.0]",0.12,0.06,0.0737196999999
high_noise,102,evaluated,2.5358512773,True,"[-0.16056822220390754, 0.7201436502787195, -0.45849339756989527, 0.678818574426977, 0.06210754756906556]","[-0.024002506056357925, 0.7153255435815471, -0.43945673193085294, 0.669833422051266, 0.04030664874844151]","[[-0.17615358269454742, 0.12814857058183157], [0.5631744669433576, 0.8674766202197366], [-0.5916078085690424, -0.28730565529266344], [0.5176823454130765, 0.8219844986894554], [-0.111844427889748, 0.192457725386631]]","[-0.2928250343281928, 0.5205891402350511, -0.3922398838325487, 0.551726788017483]","[0.12, 0.18, 0.24, 0.30000000000000004]","[0.0, 0.0, 0.0, 0.0]",1.2,0.6,0.0450351
bounded_nuisance_bias,102,evaluated,2.5358512773,True,"[-0.16056822220390754, 0.7201436502787195, -0.45849339756989527, 0.678818574426977, 0.06210754756906556]","[-0.024002506056357925, 0.7153255435815471, -0.43945673193085294, 0.669833422051266, 0.04030664874844151]","[[-0.17615358269454742, 0.12814857058183157], [0.5631744669433576, 0.8674766202197366], [-0.5916078085690424, -0.28730565529266344], [0.5176823454130765, 0.8219844986894554], [-0.111844427889748, 0.192457725386631]]","[-0.2166792028612826, 0.6253085489305232, -0.33210074784910376, 0.6075952905073665]","[0.04, 0.06, 0.08, 0.1]","[0.06, 0.06, 0.06, 0.06]",1.2,0.6,0.0394947
nominal,103,evaluated,2.67055721159,True,"[0.027919425495238293, 0.3398489163744858, -0.5611705517797468, -0.35475898650074833, 0.3515343728307925]","[-0.028443999490628112, 0.3232582573820861, -0.6638544976071692, -0.4145261424695127, 0.41933466563587113]","[[-0.18867743218586008, 0.13178943320460385], [0.16302482468685411, 0.48349169007731807], [-0.8240879303024011, -0.5036210649119373], [-0.5747595751647446, -0.25429270977428076], [0.25910123294063914, 0.5795680983311031]]","[-0.009061878655549437, 0.29527473319181136, -0.22245635987382248, -0.18680687619040073]","[0.04, 0.06, 0.08, 0.1]","[0.0, 0.0, 0.0, 0.0]",1.2,0.6,0.00899790000017
extrapolation,103,evaluated,2.67055721159,True,"[-0.7, -0.5499999999999999, -0.39999999999999997, -0.25, 0.95]","[-0.7563634249858664, -0.5665906589923997, -0.5026839458274223, -0.30976715596876436, 1.0]","[[-0.9165968576810983, -0.5961299922906345], [-0.7268240916876316, -0.40635722629716775], [-0.6629173785226542, -0.3424505131321903], [-0.4700005886639963, -0.1495337232735324], [0.8397665673047681, 1.0]]","[-0.29904738224868765, -0.18253380242115375, -0.17222774526141002, -0.14295766584086317]","[0.04, 0.06, 0.08, 0.1]","[0.0, 0.0, 0.0, 0.0]",1.2,0.6,0.00956559999986
proxy_shift,103,evaluated,2.67055721159,False,"[0.027919425495238293, 0.3398489163744858, -0.5611705517797468, -0.35475898650074833, 0.3515343728307925]","[-0.14117084946236091, 0.2900769393972867, -0.8692223892620138, -0.5340604544070415, 0.5549352512460285]","[[-0.30140428215759285, 0.01906258323287105], [0.12984350670205472, 0.4503103720925187], [-1.0, -0.7089889565667818], [-0.6942938871022735, -0.3738270217118096], [0.39470181855079656, 0.7151686839412604]]","[-0.009061878655549437, 0.29527473319181136, -0.22245635987382248, -0.18680687619040073]","[0.04, 0.06, 0.08, 0.1]","[0.0, 0.0, 0.0, 0.0]",1.2,0.6,0.0089468000001
understated_LH,103,evaluated,2.67055721159,True,"[0.027919425495238293, 0.3398489163744858, -0.5611705517797468, -0.35475898650074833, 0.3515343728307925]","[-0.028443999490628112, 0.3232582573820861, -0.6638544976071692, -0.4145261424695127, 0.41933466563587113]","[[-0.18867743218586008, 0.13178943320460385], [0.16302482468685411, 0.48349169007731807], [-0.8240879303024011, -0.5036210649119373], [-0.5747595751647446, -0.25429270977428076], [0.25910123294063914, 0.5795680983311031]]","[-0.009061878655549437, 0.29527473319181136, -0.22245635987382248, -0.18680687619040073]","[0.04, 0.06, 0.08, 0.1]","[0.0, 0.0, 0.0, 0.0]",0.12,0.06,0.0132530999999
high_noise,103,evaluated,2.67055721159,True,"[0.027919425495238293, 0.3398489163744858, -0.5611705517797468, -0.35475898650074833, 0.3515343728307925]","[-0.028443999490628112, 0.3232582573820861, -0.6638544976071692, -0.4145261424695127, 0.41933466563587113]","[[-0.18867743218586008, 0.13178943320460385], [0.16302482468685411, 0.48349169007731807], [-0.8240879303024011, -0.5036210649119373], [-0.5747595751647446, -0.25429270977428076], [0.25910123294063914, 0.5795680983311031]]","[-0.06115664315292475, 0.4087071283495038, -0.1829118503966426, -0.21022220787212703]","[0.12, 0.18, 0.24, 0.30000000000000004]","[0.0, 0.0, 0.0, 0.0]",1.2,0.6,0.00951240000018
bounded_nuisance_bias,103,evaluated,2.67055721159,True,"[0.027919425495238293, 0.3398489163744858, -0.5611705517797468, -0.35475898650074833, 0.3515343728307925]","[-0.028443999490628112, 0.3232582573820861, -0.6638544976071692, -0.4145261424695127, 0.41933466563587113]","[[-0.18867743218586008, 0.13178943320460385], [0.16302482468685411, 0.48349169007731807], [-0.8240879303024011, -0.5036210649119373], [-0.5747595751647446, -0.25429270977428076], [0.25910123294063914, 0.5795680983311031]]","[-0.06906187865554944, 0.35527473319181135, -0.28245635987382245, -0.12680687619040074]","[0.04, 0.06, 0.08, 0.1]","[0.06, 0.06, 0.06, 0.06]",1.2,0.6,0.0088530999999
nominal,104,evaluated,2.38798199912,True,"[-0.3878577080527048, 0.03787658294684737, 0.13393751317809477, -0.5133656761859104, 0.5727283954583022]","[-0.3833718993247455, 0.11346159904148187, 0.14084187445852453, -0.49651316829114484, 0.6011226593008097]","[[-0.5266508192722337, -0.24009297937725732], [-0.029817320906006334, 0.2567405189889701], [-0.002437045488963674, 0.28412079440601273], [-0.639792088238633, -0.35323424834365663], [0.45784373935332145, 0.7444015792482979]]","[-0.19174402095363188, 0.03155190175275288, 0.11466293246265823, -0.14439709369899595]","[0.04, 0.06, 0.08, 0.1]","[0.0, 0.0, 0.0, 0.0]",1.2,0.6,0.0151977
extrapolation,104,evaluated,2.38798199912,True,"[-0.7, -0.5499999999999999, -0.39999999999999997, -0.25, 0.95]","[-0.6955141912720406, -0.4744149839053654, -0.3930956387195702, -0.2331474921052344, 0.9783942638425074]","[[-0.8387931112195288, -0.5522352713245524], [-0.6176939038528536, -0.3311360639578772], [-0.5363745586670584, -0.249816718772082], [-0.3764264120527226, -0.08986857215774618], [0.8351153438950192, 1.0]]","[-0.27715947663077817, -0.23085443867607433, -0.1630813526750983, -0.046690983233194844]","[0.04, 0.06, 0.08, 0.1]","[0.0, 0.0, 0.0, 0.0]",1.2,0.6,0.0122082
proxy_shift,104,evaluated,2.38798199912,False,"[-0.3878577080527048, 0.03787658294684737, 0.13393751317809477, -0.5133656761859104, 0.5727283954583022]","[-0.3744002818688269, 0.26463163123075084, 0.15465059701938405, -0.4628081525016136, 0.6579111869858245]","[[-0.5176792018163151, -0.2311213619213387], [0.12135271128326264, 0.40791055117823904], [0.011371677071895847, 0.29792951696687225], [-0.6060870724491019, -0.3195292325541254], [0.5146322670383363, 0.8011901069333127]]","[-0.19174402095363188, 0.03155190175275288, 0.11466293246265823, -0.14439709369899595]","[0.04, 0.06, 0.08, 0.1]","[0.0, 0.0, 0.0, 0.0]",1.2,0.6,0.0102161
understated_LH,104,evaluated,2.38798199912,True,"[-0.3878577080527048, 0.03787658294684737, 0.13393751317809477, -0.5133656761859104, 0.5727283954583022]","[-0.3833718993247455, 0.11346159904148187, 0.14084187445852453, -0.49651316829114484, 0.6011226593008097]","[[-0.5266508192722337, -0.24009297937725732], [-0.029817320906006334, 0.2567405189889701], [-0.002437045488963674, 0.28412079440601273], [-0.639792088238633, -0.35323424834365663], [0.45784373935332145, 0.7444015792482979]]","[-0.19174402095363188, 0.03155190175275288, 0.11466293246265823, -0.14439709369899595]","[0.04, 0.06, 0.08, 0.1]","[0.0, 0.0, 0.0, 0.0]",0.12,0.06,0.0183352000001
high_noise,104,evaluated,2.38798199912,True,"[-0.3878577080527048, 0.03787658294684737, 0.13393751317809477, -0.5133656761859104, 0.5727283954583022]","[-0.3833718993247455, 0.11346159904148187, 0.14084187445852453, -0.49651316829114484, 0.6011226593008097]","[[-0.5266508192722337, -0.24009297937725732], [-0.029817320906006334, 0.2567405189889701], [-0.002437045488963674, 0.28412079440601273], [-0.639792088238633, -0.35323424834365663], [0.45784373935332145, 0.7444015792482979]]","[-0.2000629742151882, 0.04834302440060415, 0.17250022711246157, 0.02472093983461443]","[0.12, 0.18, 0.24, 0.30000000000000004]","[0.0, 0.0, 0.0, 0.0]",1.2,0.6,0.0131744
bounded_nuisance_bias,104,evaluated,2.38798199912,True,"[-0.3878577080527048, 0.03787658294684737, 0.13393751317809477, -0.5133656761859104, 0.5727283954583022]","[-0.3833718993247455, 0.11346159904148187, 0.14084187445852453, -0.49651316829114484, 0.6011226593008097]","[[-0.5266508192722337, -0.24009297937725732], [-0.029817320906006334, 0.2567405189889701], [-0.002437045488963674, 0.28412079440601273], [-0.639792088238633, -0.35323424834365663], [0.45784373935332145, 0.7444015792482979]]","[-0.2517440209536319, 0.09155190175275288, 0.05466293246265823, -0.08439709369899595]","[0.04, 0.06, 0.08, 0.1]","[0.06, 0.06, 0.06, 0.06]",1.2,0.6,0.0155081
nominal,105,evaluated,2.59039501468,True,"[-0.7143547635143062, -0.09701189394568155, -0.27814126019278496, 0.6481174365594695, 0.533176758841224]","[-0.597785515227973, -0.0048380788023596605, -0.32325638290883274, 0.665723221175142, 0.5615918336168592]","[[-0.7532092161085941, -0.4423618143473518], [-0.16026177968298083, 0.15058562207826148], [-0.4786800837894539, -0.16783268202821158], [0.5102995202945209, 0.8211469220557632], [0.406168132736238, 0.7170155344974803]]","[-0.2813072528241501, -0.009510585131510742, -0.160036379614618, 0.5839449379018842]","[0.04, 0.06, 0.08, 0.1]","[0.0, 0.0, 0.0, 0.0]",1.2,0.6,0.0360843000001
extrapolation,105,evaluated,2.59039501468,True,"[-0.7, -0.5499999999999999, -0.39999999999999997, -0.25, 0.95]","[-0.5834307517136668, -0.45782618485667803, -0.4451151227160478, -0.2323942153843275, 0.9784150747756352]","[[-0.738854452594288, -0.4280070508330456], [-0.6132498857372992, -0.30240248397605685], [-0.600538823596669, -0.2896914218354266], [-0.38781791626494866, -0.07697051450370634], [0.822991373895014, 1.0]]","[-0.27878521316224053, -0.19337684103418024, -0.20836039168543616, -0.062192387505522986]","[0.04, 0.06, 0.08, 0.1]","[0.0, 0.0, 0.0, 0.0]",1.2,0.6,0.00995919999991
proxy_shift,105,evaluated,2.59039501468,False,"[-0.7143547635143062, -0.09701189394568155, -0.27814126019278496, 0.6481174365594695, 0.533176758841224]","[-0.3646470186553067, 0.1795095514842841, -0.4134866283409284, 0.700934790406487, 0.6184219831681295]","[[-0.5200707195359279, -0.20922331777468553], [0.024085850603662945, 0.33493325236490523], [-0.5689103292215496, -0.25806292746030723], [0.5455110895258658, 0.8563584912871082], [0.4629982822875083, 0.7738456840487506]]","[-0.2813072528241501, -0.009510585131510742, -0.160036379614618, 0.5839449379018842]","[0.04, 0.06, 0.08, 0.1]","[0.0, 0.0, 0.0, 0.0]",1.2,0.6,0.0436970999999
understated_LH,105,evaluated,2.59039501468,True,"[-0.7143547635143062, -0.09701189394568155, -0.27814126019278496, 0.6481174365594695, 0.533176758841224]","[-0.597785515227973, -0.0048380788023596605, -0.32325638290883274, 0.665723221175142, 0.5615918336168592]","[[-0.7532092161085941, -0.4423618143473518], [-0.16026177968298083, 0.15058562207826148], [-0.4786800837894539, -0.16783268202821158], [0.5102995202945209, 0.8211469220557632], [0.406168132736238, 0.7170155344974803]]","[-0.2813072528241501, -0.009510585131510742, -0.160036379614618, 0.5839449379018842]","[0.04, 0.06, 0.08, 0.1]","[0.0, 0.0, 0.0, 0.0]",0.12,0.06,0.016586
high_noise,105,evaluated,2.59039501468,True,"[-0.7143547635143062, -0.09701189394568155, -0.27814126019278496, 0.6481174365594695, 0.533176758841224]","[-0.597785515227973, -0.0048380788023596605, -0.32325638290883274, 0.665723221175142, 0.5615918336168592]","[[-0.7532092161085941, -0.4423618143473518], [-0.16026177968298083, 0.15058562207826148], [-0.4786800837894539, -0.16783268202821158], [0.5102995202945209, 0.8211469220557632], [0.406168132736238, 0.7170155344974803]]","[-0.2928776791486311, 0.08223573280012875, -0.1927571629854904, 0.7220601628908382]","[0.12, 0.18, 0.24, 0.30000000000000004]","[0.0, 0.0, 0.0, 0.0]",1.2,0.6,0.0471447
bounded_nuisance_bias,105,evaluated,2.59039501468,True,"[-0.7143547635143062, -0.09701189394568155, -0.27814126019278496, 0.6481174365594695, 0.533176758841224]","[-0.597785515227973, -0.0048380788023596605, -0.32325638290883274, 0.665723221175142, 0.5615918336168592]","[[-0.7532092161085941, -0.4423618143473518], [-0.16026177968298083, 0.15058562207826148], [-0.4786800837894539, -0.16783268202821158], [0.5102995202945209, 0.8211469220557632], [0.406168132736238, 0.7170155344974803]]","[-0.3413072528241501, 0.050489414868489256, -0.220036379614618, 0.6439449379018842]","[0.04, 0.06, 0.08, 0.1]","[0.06, 0.06, 0.06, 0.06]",1.2,0.6,0.0393941
nominal,106,evaluated,2.70752500995,True,"[-0.6649376231578801, 0.5688702884521779, -0.5848949680383119, -0.6672338001436412, 0.16546417190046347]","[-0.763270057945625, 0.5917254408590945, -0.49602620605271597, -0.7850354284444458, 0.07506823976433889]","[[-0.9257215585428061, -0.6008185573484438], [0.42927394026191334, 0.7541769414562757], [-0.6584777066498971, -0.3335747054555348], [-0.947486929041627, -0.6225839278472647], [-0.08738326083284227, 0.23751974036152007]]","[-0.27404418198048136, 0.31245963860510395, -0.11396658900567244, -0.08287852843325458]","[0.04, 0.06, 0.08, 0.1]","[0.0, 0.0, 0.0, 0.0]",1.2,0.6,0.0427984
extrapolation,106,evaluated,2.70752500995,True,"[-0.7, -0.5499999999999999, -0.39999999999999997, -0.25, 0.95]","[-0.7983324347877448, -0.5271448475930833, -0.3111312380144041, -0.36780162830080465, 0.8596040678638753]","[[-0.960783935384926, -0.6358809341905637], [-0.6895963481902645, -0.36469334699590217], [-0.4735827386115853, -0.14867973741722296], [-0.5302531288979858, -0.2053501277036235], [0.6971525672666942, 1.0]]","[-0.2807242208930086, -0.36519655599130196, -0.05766024527364666, 0.05265146843669277]","[0.04, 0.06, 0.08, 0.1]","[0.0, 0.0, 0.0, 0.0]",1.2,0.6,0.0127751999999
proxy_shift,106,evaluated,2.70752500995,False,"[-0.6649376231578801, 0.5688702884521779, -0.5848949680383119, -0.6672338001436412, 0.16546417190046347]","[-0.9599349275211149, 0.6374357456729276, -0.3182886820815243, -1.0, -0.10572362450791029]","[[-1.0, -0.7974834269239337], [0.47498424507574644, 0.7998872462701088], [-0.48074018267870544, -0.1558371814843431], [-1.0, -0.8375484994028188], [-0.26817512510509145, 0.05672787608927088]]","[-0.27404418198048136, 0.31245963860510395, -0.11396658900567244, -0.08287852843325458]","[0.04, 0.06, 0.08, 0.1]","[0.0, 0.0, 0.0, 0.0]",1.2,0.6,0.0422014999999
understated_LH,106,evaluated,2.70752500995,True,"[-0.6649376231578801, 0.5688702884521779, -0.5848949680383119, -0.6672338001436412, 0.16546417190046347]","[-0.763270057945625, 0.5917254408590945, -0.49602620605271597, -0.7850354284444458, 0.07506823976433889]","[[-0.9257215585428061, -0.6008185573484438], [0.42927394026191334, 0.7541769414562757], [-0.6584777066498971, -0.3335747054555348], [-0.947486929041627, -0.6225839278472647], [-0.08738326083284227, 0.23751974036152007]]","[-0.27404418198048136, 0.31245963860510395, -0.11396658900567244, -0.08287852843325458]","[0.04, 0.06, 0.08, 0.1]","[0.0, 0.0, 0.0, 0.0]",0.12,0.06,0.0417555000001
high_noise,106,evaluated,2.70752500995,True,"[-0.6649376231578801, 0.5688702884521779, -0.5848949680383119, -0.6672338001436412, 0.16546417190046347]","[-0.763270057945625, 0.5917254408590945, -0.49602620605271597, -0.7850354284444458, 0.07506823976433889]","[[-0.9257215585428061, -0.6008185573484438], [0.42927394026191334, 0.7541769414562757], [-0.6584777066498971, -0.3335747054555348], [-0.947486929041627, -0.6225839278472647], [-0.08738326083284227, 0.23751974036152007]]","[-0.2894926237664984, 0.06056652662249984, 0.1547129204470341, 0.284924408440131]","[0.12, 0.18, 0.24, 0.30000000000000004]","[0.0, 0.0, 0.0, 0.0]",1.2,0.6,0.0399964000001
bounded_nuisance_bias,106,evaluated,2.70752500995,True,"[-0.6649376231578801, 0.5688702884521779, -0.5848949680383119, -0.6672338001436412, 0.16546417190046347]","[-0.763270057945625, 0.5917254408590945, -0.49602620605271597, -0.7850354284444458, 0.07506823976433889]","[[-0.9257215585428061, -0.6008185573484438], [0.42927394026191334, 0.7541769414562757], [-0.6584777066498971, -0.3335747054555348], [-0.947486929041627, -0.6225839278472647], [-0.08738326083284227, 0.23751974036152007]]","[-0.33404418198048136, 0.37245963860510395, -0.17396658900567244, -0.02287852843325458]","[0.04, 0.06, 0.08, 0.1]","[0.06, 0.06, 0.06, 0.06]",1.2,0.6,0.0458239000002
nominal,107,evaluated,2.5174820276,True,"[-0.3262373741390054, 0.3704180414522984, 0.21643915819883075, -0.7652248403657101, -0.6648396736320898]","[-0.44488217514189166, 0.3643650559949809, 0.1729139144804557, -0.6951491928593054, -0.6429028808973494]","[[-0.5959310967980378, -0.2938332534857455], [0.21331613433883478, 0.5154139776511271], [0.021864992824309565, 0.3239628361366018], [-0.8461981145154516, -0.5441002712031593], [-0.7939518025534955, -0.49185395924120323]]","[-0.2210159128394774, 0.29155023056710044, 0.1102847286705667, -0.4352761797143667]","[0.04, 0.06, 0.08, 0.1]","[0.0, 0.0, 0.0, 0.0]",1.2,0.6,0.0654256
extrapolation,107,evaluated,2.5174820276,True,"[-0.7, -0.5499999999999999, -0.39999999999999997, -0.25, 0.95]","[-0.8186448010028862, -0.5560529854573174, -0.443525243718375, -0.17992435249359529, 0.9719367927347404]","[[-0.9696937226590323, -0.66759587934674], [-0.7071019071134635, -0.40500406380117127], [-0.5945741653745211, -0.29247632206222884], [-0.3309732741497414, -0.028875430837449145], [0.8208878710785943, 1.0]]","[-0.33020273564160824, -0.21111345193428555, -0.22563253900927727, -0.2830619923887586]","[0.04, 0.06, 0.08, 0.1]","[0.0, 0.0, 0.0, 0.0]",1.2,0.6,0.0094630000001
proxy_shift,107,evaluated,2.5174820276,False,"[-0.3262373741390054, 0.3704180414522984, 0.21643915819883075, -0.7652248403657101, -0.6648396736320898]","[-0.6821717771476641, 0.3522590850803459, 0.08586342704370564, -0.554997897846496, -0.5990292954278685]","[[-0.8332206988038102, -0.5311228554915179], [0.20121016342419978, 0.5033080067364921], [-0.0651854946124405, 0.23691234869985178], [-0.7060468195026421, -0.40394897619034986], [-0.7500782170840147, -0.4479803737717224]]","[-0.2210159128394774, 0.29155023056710044, 0.1102847286705667, -0.4352761797143667]","[0.04, 0.06, 0.08, 0.1]","[0.0, 0.0, 0.0, 0.0]",1.2,0.6,0.0428262999999
understated_LH,107,evaluated,2.5174820276,True,"[-0.3262373741390054, 0.3704180414522984, 0.21643915819883075, -0.7652248403657101, -0.6648396736320898]","[-0.44488217514189166, 0.3643650559949809, 0.1729139144804557, -0.6951491928593054, -0.6429028808973494]","[[-0.5959310967980378, -0.2938332534857455], [0.21331613433883478, 0.5154139776511271], [0.021864992824309565, 0.3239628361366018], [-0.8461981145154516, -0.5441002712031593], [-0.7939518025534955, -0.49185395924120323]]","[-0.2210159128394774, 0.29155023056710044, 0.1102847286705667, -0.4352761797143667]","[0.04, 0.06, 0.08, 0.1]","[0.0, 0.0, 0.0, 0.0]",0.12,0.06,0.009861
high_noise,107,evaluated,2.5174820276,True,"[-0.3262373741390054, 0.3704180414522984, 0.21643915819883075, -0.7652248403657101, -0.6648396736320898]","[-0.44488217514189166, 0.3643650559949809, 0.1729139144804557, -0.6951491928593054, -0.6429028808973494]","[[-0.5959310967980378, -0.2938332534857455], [0.21331613433883478, 0.5154139776511271], [0.021864992824309565, 0.3239628361366018], [-0.8461981145154516, -0.5441002712031593], [-0.7939518025534955, -0.49185395924120323]]","[-0.3354213841226938, 0.3478233266985292, 0.04301965065201216, -0.738900164491884]","[0.12, 0.18, 0.24, 0.30000000000000004]","[0.0, 0.0, 0.0, 0.0]",1.2,0.6,0.0109929
bounded_nuisance_bias,107,evaluated,2.5174820276,True,"[-0.3262373741390054, 0.3704180414522984, 0.21643915819883075, -0.7652248403657101, -0.6648396736320898]","[-0.44488217514189166, 0.3643650559949809, 0.1729139144804557, -0.6951491928593054, -0.6429028808973494]","[[-0.5959310967980378, -0.2938332534857455], [0.21331613433883478, 0.5154139776511271], [0.021864992824309565, 0.3239628361366018], [-0.8461981145154516, -0.5441002712031593], [-0.7939518025534955, -0.49185395924120323]]","[-0.2810159128394774, 0.35155023056710044, 0.0502847286705667, -0.3752761797143667]","[0.04, 0.06, 0.08, 0.1]","[0.06, 0.06, 0.06, 0.06]",1.2,0.6,0.0636305
nominal,108,evaluated,2.57971533102,True,"[0.10054430093386169, 0.2940377011765636, -0.5249198605886849, -0.12399420905128511, 0.37052180785950983]","[0.10553495877318486, 0.36406933345497366, -0.5581069143010373, -0.06060233724303046, 0.32111694926931655]","[[-0.04924796108822346, 0.2603178786345932], [0.20928641359356534, 0.518852253316382], [-0.7128898341624457, -0.40332399443962896], [-0.2153852571044388, 0.09418058261837786], [0.16633402940790823, 0.4758998691307249]]","[0.02339046965733735, 0.3157470677602682, -0.303034647778582, -0.041066880114588554]","[0.04, 0.06, 0.08, 0.1]","[0.0, 0.0, 0.0, 0.0]",1.2,0.6,0.0418385999999
extrapolation,108,evaluated,2.57971533102,True,"[-0.7, -0.5499999999999999, -0.39999999999999997, -0.25, 0.95]","[-0.6950093421606768, -0.47996836772158985, -0.4331870537123524, -0.18660812819174535, 0.9005951414098067]","[[-0.8497922620220851, -0.5402264222992684], [-0.6347512875829981, -0.32518544786018155], [-0.5879699735737607, -0.2784041338509441], [-0.3413910480531537, -0.03182520833033703], [0.7458122215483983, 1.0]]","[-0.3129688578380634, -0.12586300385962937, -0.2627449894375044, -0.10253272384729364]","[0.04, 0.06, 0.08, 0.1]","[0.0, 0.0, 0.0, 0.0]",1.2,0.6,0.00823620000006
proxy_shift,108,evaluated,2.57971533102,False,"[0.10054430093386169, 0.2940377011765636, -0.5249198605886849, -0.12399420905128511, 0.37052180785950983]","[0.11551627445183121, 0.5041325980117939, -0.6244810217257422, 0.06618140637347883, 0.2223072320889299]","[[-0.03926664540957711, 0.27029919431323957], [0.34934967815038553, 0.6589155178732022], [-0.7792639415871505, -0.4696981018643338], [-0.0886015134879295, 0.22096432623488715], [0.06752431222752159, 0.37709015195033824]]","[0.02339046965733735, 0.3157470677602682, -0.303034647778582, -0.041066880114588554]","[0.04, 0.06, 0.08, 0.1]","[0.0, 0.0, 0.0, 0.0]",1.2,0.6,0.0395271
understated_LH,108,evaluated,2.57971533102,True,"[0.10054430093386169, 0.2940377011765636, -0.5249198605886849, -0.12399420905128511, 0.37052180785950983]","[0.10553495877318486, 0.36406933345497366, -0.5581069143010373, -0.06060233724303046, 0.32111694926931655]","[[-0.04924796108822346, 0.2603178786345932], [0.20928641359356534, 0.518852253316382], [-0.7128898341624457, -0.40332399443962896], [-0.2153852571044388, 0.09418058261837786], [0.16633402940790823, 0.4758998691307249]]","[0.02339046965733735, 0.3157470677602682, -0.303034647778582, -0.041066880114588554]","[0.04, 0.06, 0.08, 0.1]","[0.0, 0.0, 0.0, 0.0]",0.12,0.06,0.0111445
high_noise,108,evaluated,2.57971533102,True,"[0.10054430093386169, 0.2940377011765636, -0.5249198605886849, -0.12399420905128511, 0.37052180785950983]","[0.10553495877318486, 0.36406933345497366, -0.5581069143010373, -0.06060233724303046, 0.32111694926931655]","[[-0.04924796108822346, 0.2603178786345932], [0.20928641359356534, 0.518852253316382], [-0.7128898341624457, -0.40332399443962896], [-0.2153852571044388, 0.09418058261837786], [0.16633402940790823, 0.4758998691307249]]","[-0.05654724601878933, 0.5425210600410094, -0.4445246266535908, 0.01636767219082419]","[0.12, 0.18, 0.24, 0.30000000000000004]","[0.0, 0.0, 0.0, 0.0]",1.2,0.6,0.0662338
bounded_nuisance_bias,108,evaluated,2.57971533102,True,"[0.10054430093386169, 0.2940377011765636, -0.5249198605886849, -0.12399420905128511, 0.37052180785950983]","[0.10553495877318486, 0.36406933345497366, -0.5581069143010373, -0.06060233724303046, 0.32111694926931655]","[[-0.04924796108822346, 0.2603178786345932], [0.20928641359356534, 0.518852253316382], [-0.7128898341624457, -0.40332399443962896], [-0.2153852571044388, 0.09418058261837786], [0.16633402940790823, 0.4758998691307249]]","[-0.03660953034266265, 0.37574706776026817, -0.363034647778582, 0.018933119885411444]","[0.04, 0.06, 0.08, 0.1]","[0.06, 0.06, 0.06, 0.06]",1.2,0.6,0.0435712000001
nominal,109,evaluated,2.55367808156,True,"[-0.4013120404299098, 0.7325112421727966, -0.5467251166895133, 0.25105788704435916, -0.5658231821091807]","[-0.5057503151916375, 0.7350202622550417, -0.5787770248989015, 0.189343537459081, -0.5610016047636317]","[[-0.6589710000850398, -0.35252963029823514], [0.5817995773616393, 0.888240947148444], [-0.7319977097923038, -0.42555634000549913], [0.036122852565678654, 0.34256422235248335], [-0.714222289657034, -0.40778091987022935]]","[-0.1895114580807842, 0.6192518742135753, -0.24518374357475756, 0.22524367732285222]","[0.04, 0.06, 0.08, 0.1]","[0.0, 0.0, 0.0, 0.0]",1.2,0.6,0.0176853
extrapolation,109,evaluated,2.55367808156,True,"[-0.7, -0.5499999999999999, -0.39999999999999997, -0.25, 0.95]","[-0.8044382747617276, -0.5474909799177549, -0.4320519082093882, -0.31171434958527816, 0.954821577345549]","[[-0.9576589596551299, -0.6512175898683252], [-0.7007116648111572, -0.3942702950243525], [-0.5852725931027906, -0.27883122331598587], [-0.4649350344786805, -0.1584936646918758], [0.8016008924521466, 1.0]]","[-0.2700396399610436, -0.22047668706296264, -0.19882117952679815, -0.07555007369791675]","[0.04, 0.06, 0.08, 0.1]","[0.0, 0.0, 0.0, 0.0]",1.2,0.6,0.0117287999999
proxy_shift,109,evaluated,2.55367808156,False,"[-0.4013120404299098, 0.7325112421727966, -0.5467251166895133, 0.25105788704435916, -0.5658231821091807]","[-0.7146268647150928, 0.7400383024195317, -0.642880841317678, 0.06591483828852462, -0.5513584500725337]","[[-0.8678475496084952, -0.5614061798216905], [0.5868176175261294, 0.8932589873129341], [-0.7961015262110803, -0.4896601564242756], [-0.08730584660487772, 0.21913552318192697], [-0.704579134965936, -0.39813776517913135]]","[-0.1895114580807842, 0.6192518742135753, -0.24518374357475756, 0.22524367732285222]","[0.04, 0.06, 0.08, 0.1]","[0.0, 0.0, 0.0, 0.0]",1.2,0.6,0.0595264999999
understated_LH,109,evaluated,2.55367808156,True,"[-0.4013120404299098, 0.7325112421727966, -0.5467251166895133, 0.25105788704435916, -0.5658231821091807]","[-0.5057503151916375, 0.7350202622550417, -0.5787770248989015, 0.189343537459081, -0.5610016047636317]","[[-0.6589710000850398, -0.35252963029823514], [0.5817995773616393, 0.888240947148444], [-0.7319977097923038, -0.42555634000549913], [0.036122852565678654, 0.34256422235248335], [-0.714222289657034, -0.40778091987022935]]","[-0.1895114580807842, 0.6192518742135753, -0.24518374357475756, 0.22524367732285222]","[0.04, 0.06, 0.08, 0.1]","[0.0, 0.0, 0.0, 0.0]",0.12,0.06,0.0120652000001
high_noise,109,evaluated,2.55367808156,True,"[-0.4013120404299098, 0.7325112421727966, -0.5467251166895133, 0.25105788704435916, -0.5658231821091807]","[-0.5057503151916375, 0.7350202622550417, -0.5787770248989015, 0.189343537459081, -0.5610016047636317]","[[-0.6589710000850398, -0.35252963029823514], [0.5817995773616393, 0.888240947148444], [-0.7319977097923038, -0.42555634000549913], [0.036122852565678654, 0.34256422235248335], [-0.714222289657034, -0.40778091987022935]]","[-0.18359073800287135, 0.65679850008765, -0.25882610262835387, 0.33664352992701874]","[0.12, 0.18, 0.24, 0.30000000000000004]","[0.0, 0.0, 0.0, 0.0]",1.2,0.6,0.0130417
bounded_nuisance_bias,109,evaluated,2.55367808156,True,"[-0.4013120404299098, 0.7325112421727966, -0.5467251166895133, 0.25105788704435916, -0.5658231821091807]","[-0.5057503151916375, 0.7350202622550417, -0.5787770248989015, 0.189343537459081, -0.5610016047636317]","[[-0.6589710000850398, -0.35252963029823514], [0.5817995773616393, 0.888240947148444], [-0.7319977097923038, -0.42555634000549913], [0.036122852565678654, 0.34256422235248335], [-0.714222289657034, -0.40778091987022935]]","[-0.2495114580807842, 0.6792518742135754, -0.3051837435747575, 0.2852436773228522]","[0.04, 0.06, 0.08, 0.1]","[0.06, 0.06, 0.06, 0.06]",1.2,0.6,0.0196040000001
nominal,110,evaluated,2.50280491935,True,"[0.2289167364339988, 0.010702059231636696, 0.42353869199152383, 0.47672229036548663, 0.5862144513869929]","[0.31395019740413393, -0.062019821774126266, 0.4492551520546413, 0.46581430088944414, 0.5762989988139228]","[[0.16378190224320505, 0.4641184925650628], [-0.21218811693505515, 0.08814847338680262], [0.2990868568937124, 0.5994234472155702], [0.31564600572851526, 0.6159825960503731], [0.4261307036529939, 0.7264672939748517]]","[0.12873997063639048, -0.01809525670101196, 0.24721024611830336, 0.3181795448395944]","[0.04, 0.06, 0.08, 0.1]","[0.0, 0.0, 0.0, 0.0]",1.2,0.6,0.0166495000001
extrapolation,110,evaluated,2.50280491935,True,"[-0.7, -0.5499999999999999, -0.39999999999999997, -0.25, 0.95]","[-0.6149665390298649, -0.6227218810057629, -0.3742835399368825, -0.2609079894760425, 0.9400845474269298]","[[-0.7651348341907938, -0.464798243868936], [-0.7728901761666918, -0.472553585844834], [-0.5244518350978113, -0.22411524477595363], [-0.4110762846369714, -0.1107396943151136], [0.7899162522660009, 1.0]]","[-0.29733093288988666, -0.2638008524615332, -0.25272847616077815, -0.16728307201909223]","[0.04, 0.06, 0.08, 0.1]","[0.0, 0.0, 0.0, 0.0]",1.2,0.6,0.0134073000002
proxy_shift,110,evaluated,2.50280491935,False,"[0.2289167364339988, 0.010702059231636696, 0.42353869199152383, 0.47672229036548663, 0.5862144513869929]","[0.48401711934440417, -0.2074635837856522, 0.5006880721808762, 0.4439983219373592, 0.5564680936677825]","[[0.3338488241834753, 0.6341854145053331], [-0.3576318789465811, -0.0572952886247233], [0.3505197770199473, 0.6508563673418051], [0.29383002677643033, 0.5941666170982881], [0.4062997985068536, 0.7066363888287114]]","[0.12873997063639048, -0.01809525670101196, 0.24721024611830336, 0.3181795448395944]","[0.04, 0.06, 0.08, 0.1]","[0.0, 0.0, 0.0, 0.0]",1.2,0.6,0.0119235
understated_LH,110,evaluated,2.50280491935,True,"[0.2289167364339988, 0.010702059231636696, 0.42353869199152383, 0.47672229036548663, 0.5862144513869929]","[0.31395019740413393, -0.062019821774126266, 0.4492551520546413, 0.46581430088944414, 0.5762989988139228]","[[0.16378190224320505, 0.4641184925650628], [-0.21218811693505515, 0.08814847338680262], [0.2990868568937124, 0.5994234472155702], [0.31564600572851526, 0.6159825960503731], [0.4261307036529939, 0.7264672939748517]]","[0.12873997063639048, -0.01809525670101196, 0.24721024611830336, 0.3181795448395944]","[0.04, 0.06, 0.08, 0.1]","[0.0, 0.0, 0.0, 0.0]",0.12,0.06,0.00980229999982
high_noise,110,evaluated,2.50280491935,True,"[0.2289167364339988, 0.010702059231636696, 0.42353869199152383, 0.47672229036548663, 0.5862144513869929]","[0.31395019740413393, -0.062019821774126266, 0.4492551520546413, 0.46581430088944414, 0.5762989988139228]","[[0.16378190224320505, 0.4641184925650628], [-0.21218811693505515, 0.08814847338680262], [0.2990868568937124, 0.5994234472155702], [0.31564600572851526, 0.6159825960503731], [0.4261307036529939, 0.7264672939748517]]","[0.08007810485661725, -0.0671969616240784, 0.12575329379674702, 0.24611340080140992]","[0.12, 0.18, 0.24, 0.30000000000000004]","[0.0, 0.0, 0.0, 0.0]",1.2,0.6,0.00882430000001
bounded_nuisance_bias,110,evaluated,2.50280491935,True,"[0.2289167364339988, 0.010702059231636696, 0.42353869199152383, 0.47672229036548663, 0.5862144513869929]","[0.31395019740413393, -0.062019821774126266, 0.4492551520546413, 0.46581430088944414, 0.5762989988139228]","[[0.16378190224320505, 0.4641184925650628], [-0.21218811693505515, 0.08814847338680262], [0.2990868568937124, 0.5994234472155702], [0.31564600572851526, 0.6159825960503731], [0.4261307036529939, 0.7264672939748517]]","[0.06873997063639048, 0.04190474329898804, 0.18721024611830336, 0.3781795448395944]","[0.04, 0.06, 0.08, 0.1]","[0.06, 0.06, 0.06, 0.06]",1.2,0.6,0.0163108000002
nominal,111,evaluated,2.48294228996,True,"[0.33002674503812846, 0.610391869830198, -0.779307254218889, -0.2659580044369655, 0.24422291246594674]","[0.3456988056312433, 0.5738421605813713, -0.7990802386031676, -0.3633970642781468, 0.23090603468381488]","[[0.19672226823369177, 0.4946753430287948], [0.42486562318381976, 0.7228186979789228], [-0.948056776000719, -0.6501037012056161], [-0.5123736016756983, -0.21442052688059526], [0.08192949728626336, 0.3798825720813664]]","[0.21949875730289056, 0.5430167168833884, -0.5703191270168522, -0.0943837269902478]","[0.04, 0.06, 0.08, 0.1]","[0.0, 0.0, 0.0, 0.0]",1.2,0.6,0.0495452
extrapolation,111,evaluated,2.48294228996,True,"[-0.7, -0.5499999999999999, -0.39999999999999997, -0.25, 0.95]","[-0.6843279394068851, -0.5865497092488267, -0.41977298438427846, -0.3474390598411813, 0.9366831222178681]","[[-0.8333044768044366, -0.5353514020093335], [-0.7355262466463781, -0.43757317185127514], [-0.5687495217818299, -0.27079644698672695], [-0.4964155972387328, -0.19846252244362977], [0.7877065848203166, 1.0]]","[-0.2841925854521251, -0.17424187544117203, -0.476930713428974, -0.08727902236529639]","[0.04, 0.06, 0.08, 0.1]","[0.0, 0.0, 0.0, 0.0]",1.2,0.6,0.0159803000001
proxy_shift,111,evaluated,2.48294228996,False,"[0.33002674503812846, 0.610391869830198, -0.779307254218889, -0.2659580044369655, 0.24422291246594674]","[0.3770429268174729, 0.5007427420837178, -0.8386262073717246, -0.5582751839605093, 0.20427227911955118]","[[0.2280663894199214, 0.5260194642150244], [0.3517662046861663, 0.6497192794812694], [-0.9876027447692761, -0.689649669974173], [-0.7072517213580609, -0.40929864656295784], [0.055295741721999664, 0.3532488165171027]]","[0.21949875730289056, 0.5430167168833884, -0.5703191270168522, -0.0943837269902478]","[0.04, 0.06, 0.08, 0.1]","[0.0, 0.0, 0.0, 0.0]",1.2,0.6,0.0474176
understated_LH,111,evaluated,2.48294228996,True,"[0.33002674503812846, 0.610391869830198, -0.779307254218889, -0.2659580044369655, 0.24422291246594674]","[0.3456988056312433, 0.5738421605813713, -0.7990802386031676, -0.3633970642781468, 0.23090603468381488]","[[0.19672226823369177, 0.4946753430287948], [0.42486562318381976, 0.7228186979789228], [-0.948056776000719, -0.6501037012056161], [-0.5123736016756983, -0.21442052688059526], [0.08192949728626336, 0.3798825720813664]]","[0.21949875730289056, 0.5430167168833884, -0.5703191270168522, -0.0943837269902478]","[0.04, 0.06, 0.08, 0.1]","[0.0, 0.0, 0.0, 0.0]",0.12,0.06,0.0296921000001
high_noise,111,evaluated,2.48294228996,True,"[0.33002674503812846, 0.610391869830198, -0.779307254218889, -0.2659580044369655, 0.24422291246594674]","[0.3456988056312433, 0.5738421605813713, -0.7990802386031676, -0.3633970642781468, 0.23090603468381488]","[[0.19672226823369177, 0.4946753430287948], [0.42486562318381976, 0.7228186979789228], [-0.948056776000719, -0.6501037012056161], [-0.5123736016756983, -0.21442052688059526], [0.08192949728626336, 0.3798825720813664]]","[0.1971135863986404, 0.6730329660010441, -1.1401805538748002, -0.006441771720840567]","[0.12, 0.18, 0.24, 0.30000000000000004]","[0.0, 0.0, 0.0, 0.0]",1.2,0.6,0.0535431999999
bounded_nuisance_bias,111,evaluated,2.48294228996,True,"[0.33002674503812846, 0.610391869830198, -0.779307254218889, -0.2659580044369655, 0.24422291246594674]","[0.3456988056312433, 0.5738421605813713, -0.7990802386031676, -0.3633970642781468, 0.23090603468381488]","[[0.19672226823369177, 0.4946753430287948], [0.42486562318381976, 0.7228186979789228], [-0.948056776000719, -0.6501037012056161], [-0.5123736016756983, -0.21442052688059526], [0.08192949728626336, 0.3798825720813664]]","[0.15949875730289056, 0.6030167168833884, -0.6303191270168522, -0.034383726990247804]","[0.04, 0.06, 0.08, 0.1]","[0.06, 0.06, 0.06, 0.06]",1.2,0.6,0.0469303
nominal,112,evaluated,2.63734063343,True,"[0.560261157674599, -0.12919869659951966, 0.18033903164739407, 0.060128822654671454, -0.726163423254657]","[0.5640075297370083, -0.17154571697582643, 0.0981538902627961, -0.07511747082131245, -0.8117865425312009]","[[0.4057670917310364, 0.7222479677429802], [-0.3297861549817983, -0.01330527896985459], [-0.06008654774317575, 0.25639432826876796], [-0.2333579088272843, 0.08312296718465939], [-0.9700269805371727, -0.653546104525229]]","[0.3925370962072389, 0.017639488675193146, 0.12749485783287354, 0.10208971328659613]","[0.04, 0.06, 0.08, 0.1]","[0.0, 0.0, 0.0, 0.0]",1.2,0.6,0.0115063000001
extrapolation,112,evaluated,2.63734063343,True,"[-0.7, -0.5499999999999999, -0.39999999999999997, -0.25, 0.95]","[-0.6962536279375907, -0.5923470203763067, -0.48218514138459795, -0.38524629347598394, 0.8643768807234561]","[[-0.8544940659435626, -0.5380131899316188], [-0.7505874583822786, -0.43410658237033484], [-0.6404255793905698, -0.32394470337862613], [-0.5434867314819558, -0.2270058554700121], [0.7061364427174842, 1.0]]","[-0.31078736783718514, -0.14909898432599944, -0.18246521105621882, -0.06632222290035782]","[0.04, 0.06, 0.08, 0.1]","[0.0, 0.0, 0.0, 0.0]",1.2,0.6,0.0143141999999
proxy_shift,112,evaluated,2.63734063343,False,"[0.560261157674599, -0.12919869659951966, 0.18033903164739407, 0.060128822654671454, -0.726163423254657]","[0.5715002738618269, -0.25623975772843993, -0.06621639250639982, -0.34561005777328024, -0.9830327810842887]","[[0.413259835855855, 0.7297407118677988], [-0.41448019573441175, -0.09799931972246809], [-0.22445683051237167, 0.09202404549957202], [-0.5038504957792521, -0.1873696197673084], [-1.0, -0.8247923430783168]]","[0.3925370962072389, 0.017639488675193146, 0.12749485783287354, 0.10208971328659613]","[0.04, 0.06, 0.08, 0.1]","[0.0, 0.0, 0.0, 0.0]",1.2,0.6,0.0166185
understated_LH,112,evaluated,2.63734063343,True,"[0.560261157674599, -0.12919869659951966, 0.18033903164739407, 0.060128822654671454, -0.726163423254657]","[0.5640075297370083, -0.17154571697582643, 0.0981538902627961, -0.07511747082131245, -0.8117865425312009]","[[0.4057670917310364, 0.7222479677429802], [-0.3297861549817983, -0.01330527896985459], [-0.06008654774317575, 0.25639432826876796], [-0.2333579088272843, 0.08312296718465939], [-0.9700269805371727, -0.653546104525229]]","[0.3925370962072389, 0.017639488675193146, 0.12749485783287354, 0.10208971328659613]","[0.04, 0.06, 0.08, 0.1]","[0.0, 0.0, 0.0, 0.0]",0.12,0.06,0.0122131000001
high_noise,112,evaluated,2.63734063343,True,"[0.560261157674599, -0.12919869659951966, 0.18033903164739407, 0.060128822654671454, -0.726163423254657]","[0.5640075297370083, -0.17154571697582643, 0.0981538902627961, -0.07511747082131245, -0.8117865425312009]","[[0.4057670917310364, 0.7222479677429802], [-0.3297861549817983, -0.01330527896985459], [-0.06008654774317575, 0.25639432826876796], [-0.2333579088272843, 0.08312296718465939], [-0.9700269805371727, -0.653546104525229]]","[0.31696236053286875, 0.1979415200231942, 0.14656443572043587, 0.23194526748588057]","[0.12, 0.18, 0.24, 0.30000000000000004]","[0.0, 0.0, 0.0, 0.0]",1.2,0.6,0.00679919999993
bounded_nuisance_bias,112,evaluated,2.63734063343,True,"[0.560261157674599, -0.12919869659951966, 0.18033903164739407, 0.060128822654671454, -0.726163423254657]","[0.5640075297370083, -0.17154571697582643, 0.0981538902627961, -0.07511747082131245, -0.8117865425312009]","[[0.4057670917310364, 0.7222479677429802], [-0.3297861549817983, -0.01330527896985459], [-0.06008654774317575, 0.25639432826876796], [-0.2333579088272843, 0.08312296718465939], [-0.9700269805371727, -0.653546104525229]]","[0.3325370962072389, 0.07763948867519314, 0.06749485783287354, 0.16208971328659613]","[0.04, 0.06, 0.08, 0.1]","[0.06, 0.06, 0.06, 0.06]",1.2,0.6,0.0101359999999
nominal,113,evaluated,2.54843724629,True,"[-0.7390629593285573, 0.30392080753594275, -0.10242768532219393, 0.7521953186383081, -0.6207027441363921]","[-0.7202435814086771, 0.3410586546589989, -0.11195715080854891, 0.8303158717185039, -0.6218102016234068]","[[-0.8731498161860775, -0.5673373466312767], [0.18815241988159853, 0.4939648894363993], [-0.2648633855859493, 0.04094908396885148], [0.6774096369411035, 0.9832221064959042], [-0.7747164364008072, -0.46890396684600644]]","[-0.2550734703316867, 0.2765377886249151, -0.016463480516215906, 0.4283548002189501]","[0.04, 0.06, 0.08, 0.1]","[0.0, 0.0, 0.0, 0.0]",1.2,0.6,0.0476478999999
extrapolation,113,evaluated,2.54843724629,True,"[-0.7, -0.5499999999999999, -0.39999999999999997, -0.25, 0.95]","[-0.6811806220801198, -0.5128621528769438, -0.40952946548635494, -0.17187944691980422, 0.9488925425129853]","[[-0.8340868568575202, -0.5282743873027194], [-0.6657683876543442, -0.3599559180995434], [-0.5624357002637553, -0.25662323070895454], [-0.3247856816972046, -0.018973212142403828], [0.7959863077355849, 1.0]]","[-0.24849991208999778, -0.17277505307264035, -0.15015429853903822, -0.3239517301784505]","[0.04, 0.06, 0.08, 0.1]","[0.0, 0.0, 0.0, 0.0]",1.2,0.6,0.00951710000004
proxy_shift,113,evaluated,2.54843724629,False,"[-0.7390629593285573, 0.30392080753594275, -0.10242768532219393, 0.7521953186383081, -0.6207027441363921]","[-0.6826048255689166, 0.41533434890511123, -0.1310160817812589, 0.9865569778788954, -0.6240251165974362]","[[-0.835511060346317, -0.5296985907915162], [0.26242811412771083, 0.5682405836825116], [-0.2839223165586593, 0.0218901529961415], [0.833650743101495, 1.0], [-0.7769313513748366, -0.4711188818200358]]","[-0.2550734703316867, 0.2765377886249151, -0.016463480516215906, 0.4283548002189501]","[0.04, 0.06, 0.08, 0.1]","[0.0, 0.0, 0.0, 0.0]",1.2,0.6,0.0664910999999
understated_LH,113,evaluated,2.54843724629,True,"[-0.7390629593285573, 0.30392080753594275, -0.10242768532219393, 0.7521953186383081, -0.6207027441363921]","[-0.7202435814086771, 0.3410586546589989, -0.11195715080854891, 0.8303158717185039, -0.6218102016234068]","[[-0.8731498161860775, -0.5673373466312767], [0.18815241988159853, 0.4939648894363993], [-0.2648633855859493, 0.04094908396885148], [0.6774096369411035, 0.9832221064959042], [-0.7747164364008072, -0.46890396684600644]]","[-0.2550734703316867, 0.2765377886249151, -0.016463480516215906, 0.4283548002189501]","[0.04, 0.06, 0.08, 0.1]","[0.0, 0.0, 0.0, 0.0]",0.12,0.06,0.0561809000001
high_noise,113,evaluated,2.54843724629,True,"[-0.7390629593285573, 0.30392080753594275, -0.10242768532219393, 0.7521953186383081, -0.6207027441363921]","[-0.7202435814086771, 0.3410586546589989, -0.11195715080854891, 0.8303158717185039, -0.6218102016234068]","[[-0.8731498161860775, -0.5673373466312767], [0.18815241988159853, 0.4939648894363993], [-0.2648633855859493, 0.04094908396885148], [0.6774096369411035, 0.9832221064959042], [-0.7747164364008072, -0.46890396684600644]]","[-0.20607329451168224, 0.4094876824796343, 0.06722792240570759, 0.04295133986204902]","[0.12, 0.18, 0.24, 0.30000000000000004]","[0.0, 0.0, 0.0, 0.0]",1.2,0.6,0.0513244000001
bounded_nuisance_bias,113,evaluated,2.54843724629,True,"[-0.7390629593285573, 0.30392080753594275, -0.10242768532219393, 0.7521953186383081, -0.6207027441363921]","[-0.7202435814086771, 0.3410586546589989, -0.11195715080854891, 0.8303158717185039, -0.6218102016234068]","[[-0.8731498161860775, -0.5673373466312767], [0.18815241988159853, 0.4939648894363993], [-0.2648633855859493, 0.04094908396885148], [0.6774096369411035, 0.9832221064959042], [-0.7747164364008072, -0.46890396684600644]]","[-0.3150734703316867, 0.3365377886249151, -0.0764634805162159, 0.4883548002189501]","[0.04, 0.06, 0.08, 0.1]","[0.06, 0.06, 0.06, 0.06]",1.2,0.6,0.0477484
nominal,114,evaluated,2.62211932268,True,"[0.6866051259659665, 0.7954492488024747, -0.2409309727009733, 0.45054105860557714, 0.4315392243959242]","[0.5935781307351767, 0.6558835237121747, -0.1695654766511197, 0.4609858743661988, 0.5006672398047012]","[[0.4362509713744971, 0.7509052900958564], [0.4985563643514951, 0.8132106830728544], [-0.3268926360117994, -0.012238317290440032], [0.3036587150055191, 0.6183130337268785], [0.34334008044402153, 0.6579943991653808]]","[0.5285530698814869, 0.7784345224140018, -0.1587645484320407, 0.3755804124384999]","[0.04, 0.06, 0.08, 0.1]","[0.0, 0.0, 0.0, 0.0]",1.2,0.6,0.0464930000001
extrapolation,114,evaluated,2.62211932268,True,"[-0.7, -0.5499999999999999, -0.39999999999999997, -0.25, 0.95]","[-0.7930269952307897, -0.6895657250903, -0.3286345039501464, -0.23955518423937835, 1.0]","[[-0.9503541545914693, -0.63569983587011], [-0.8468928844509797, -0.5322385657296204], [-0.485961663310826, -0.1713073445894667], [-0.39688234360005803, -0.08222802487869868], [0.8426728406393204, 1.0]]","[-0.2978379853989152, -0.12790687909360926, -0.22362028489344785, -0.08689039637167656]","[0.04, 0.06, 0.08, 0.1]","[0.0, 0.0, 0.0, 0.0]",1.2,0.6,0.0137784999999
proxy_shift,114,evaluated,2.62211932268,False,"[0.6866051259659665, 0.7954492488024747, -0.2409309727009733, 0.45054105860557714, 0.4315392243959242]","[0.4075241402735972, 0.37675207353157464, -0.02683448455141252, 0.4818755058874421, 0.6389232706222552]","[[0.25019698091291753, 0.5648512996342768], [0.21942491417089496, 0.5340792328922543], [-0.1841616439120922, 0.13049267480926716], [0.32454834652676245, 0.6392026652481217], [0.48159611126157553, 0.7962504299829348]]","[0.5285530698814869, 0.7784345224140018, -0.1587645484320407, 0.3755804124384999]","[0.04, 0.06, 0.08, 0.1]","[0.0, 0.0, 0.0, 0.0]",1.2,0.6,0.00952949999987
understated_LH,114,evaluated,2.62211932268,True,"[0.6866051259659665, 0.7954492488024747, -0.2409309727009733, 0.45054105860557714, 0.4315392243959242]","[0.5935781307351767, 0.6558835237121747, -0.1695654766511197, 0.4609858743661988, 0.5006672398047012]","[[0.4362509713744971, 0.7509052900958564], [0.4985563643514951, 0.8132106830728544], [-0.3268926360117994, -0.012238317290440032], [0.3036587150055191, 0.6183130337268785], [0.34334008044402153, 0.6579943991653808]]","[0.5285530698814869, 0.7784345224140018, -0.1587645484320407, 0.3755804124384999]","[0.04, 0.06, 0.08, 0.1]","[0.0, 0.0, 0.0, 0.0]",0.12,0.06,0.0120449999999
high_noise,114,evaluated,2.62211932268,True,"[0.6866051259659665, 0.7954492488024747, -0.2409309727009733, 0.45054105860557714, 0.4315392243959242]","[0.5935781307351767, 0.6558835237121747, -0.1695654766511197, 0.4609858743661988, 0.5006672398047012]","[[0.4362509713744971, 0.7509052900958564], [0.4985563643514951, 0.8132106830728544], [-0.3268926360117994, -0.012238317290440032], [0.3036587150055191, 0.6183130337268785], [0.34334008044402153, 0.6579943991653808]]","[0.4788770990836565, 1.0011207642267832, -0.22200511821893643, 0.46429961969514677]","[0.12, 0.18, 0.24, 0.30000000000000004]","[0.0, 0.0, 0.0, 0.0]",1.2,0.6,0.0606897
bounded_nuisance_bias,114,evaluated,2.62211932268,True,"[0.6866051259659665, 0.7954492488024747, -0.2409309727009733, 0.45054105860557714, 0.4315392243959242]","[0.5935781307351767, 0.6558835237121747, -0.1695654766511197, 0.4609858743661988, 0.5006672398047012]","[[0.4362509713744971, 0.7509052900958564], [0.4985563643514951, 0.8132106830728544], [-0.3268926360117994, -0.012238317290440032], [0.3036587150055191, 0.6183130337268785], [0.34334008044402153, 0.6579943991653808]]","[0.46855306988148687, 0.8384345224140017, -0.21876454843204068, 0.4355804124384999]","[0.04, 0.06, 0.08, 0.1]","[0.06, 0.06, 0.06, 0.06]",1.2,0.6,0.0448187999998
nominal,115,evaluated,2.45531490877,True,"[0.651045185665212, 0.43749371516154456, -0.7972212592976942, 0.35172261085810663, -0.4649714999315018]","[0.5936589308192324, 0.3746632756768376, -0.7538990837407954, 0.3477936750928866, -0.5617479721828175]","[[0.44634003629308383, 0.7409778253453809], [0.22734438115068906, 0.5219821702029861], [-0.9012179782669439, -0.6065801892146468], [0.20047478056673806, 0.49511256961903516], [-0.709066866708966, -0.4144290776566689]]","[0.5108056987171854, 0.37273120012541, -0.28279860090142284, 0.4671395719259275]","[0.04, 0.06, 0.08, 0.1]","[0.0, 0.0, 0.0, 0.0]",1.2,0.6,0.0440229000001
extrapolation,115,evaluated,2.45531490877,True,"[-0.7, -0.5499999999999999, -0.39999999999999997, -0.25, 0.95]","[-0.7573862548459795, -0.6128304394847068, -0.3566778244431012, -0.25392893576522, 0.8532235277486843]","[[-0.9047051493721281, -0.610067360319831], [-0.7601493340108554, -0.4655115449585583], [-0.5039967189692498, -0.20935892991695265], [-0.40124783029136857, -0.10661004123907147], [0.7059046332225357, 1.0]]","[-0.27997936281529684, -0.1864352542132719, -0.1871343662056667, 0.08774336691441059]","[0.04, 0.06, 0.08, 0.1]","[0.0, 0.0, 0.0, 0.0]",1.2,0.6,0.0125136000001
proxy_shift,115,evaluated,2.45531490877,False,"[0.651045185665212, 0.43749371516154456, -0.7972212592976942, 0.35172261085810663, -0.4649714999315018]","[0.47888642112727314, 0.2490023967074237, -0.667254732626998, 0.33993580356244657, -0.755300916685449]","[[0.3315675266011246, 0.6262053156534217], [0.10168350218127514, 0.39632129123357224], [-0.8145736271531465, -0.5199358381008494], [0.19261690903629802, 0.4872546980885951], [-0.9026198112115975, -0.6079820221593004]]","[0.5108056987171854, 0.37273120012541, -0.28279860090142284, 0.4671395719259275]","[0.04, 0.06, 0.08, 0.1]","[0.0, 0.0, 0.0, 0.0]",1.2,0.6,0.0073433
understated_LH,115,evaluated,2.45531490877,True,"[0.651045185665212, 0.43749371516154456, -0.7972212592976942, 0.35172261085810663, -0.4649714999315018]","[0.5936589308192324, 0.3746632756768376, -0.7538990837407954, 0.3477936750928866, -0.5617479721828175]","[[0.44634003629308383, 0.7409778253453809], [0.22734438115068906, 0.5219821702029861], [-0.9012179782669439, -0.6065801892146468], [0.20047478056673806, 0.49511256961903516], [-0.709066866708966, -0.4144290776566689]]","[0.5108056987171854, 0.37273120012541, -0.28279860090142284, 0.4671395719259275]","[0.04, 0.06, 0.08, 0.1]","[0.0, 0.0, 0.0, 0.0]",0.12,0.06,0.0566750999999
high_noise,115,evaluated,2.45531490877,True,"[0.651045185665212, 0.43749371516154456, -0.7972212592976942, 0.35172261085810663, -0.4649714999315018]","[0.5936589308192324, 0.3746632756768376, -0.7538990837407954, 0.3477936750928866, -0.5617479721828175]","[[0.44634003629308383, 0.7409778253453809], [0.22734438115068906, 0.5219821702029861], [-0.9012179782669439, -0.6065801892146468], [0.20047478056673806, 0.49511256961903516], [-0.709066866708966, -0.4144290776566689]]","[0.49684697308659176, 0.4783606916988661, -0.2730673333127563, 0.9051263057547487]","[0.12, 0.18, 0.24, 0.30000000000000004]","[0.0, 0.0, 0.0, 0.0]",1.2,0.6,0.0376893
bounded_nuisance_bias,115,evaluated,2.45531490877,True,"[0.651045185665212, 0.43749371516154456, -0.7972212592976942, 0.35172261085810663, -0.4649714999315018]","[0.5936589308192324, 0.3746632756768376, -0.7538990837407954, 0.3477936750928866, -0.5617479721828175]","[[0.44634003629308383, 0.7409778253453809], [0.22734438115068906, 0.5219821702029861], [-0.9012179782669439, -0.6065801892146468], [0.20047478056673806, 0.49511256961903516], [-0.709066866708966, -0.4144290776566689]]","[0.4508056987171854, 0.43273120012541, -0.34279860090142283, 0.5271395719259275]","[0.04, 0.06, 0.08, 0.1]","[0.06, 0.06, 0.06, 0.06]",1.2,0.6,0.0472328000001
nominal,116,evaluated,2.55016839761,False,"[0.3154234292934732, -0.6617301396308326, -0.11958402898982412, 0.22897768684179676, 0.32109313960786023]","[0.37323757822893766, -0.643445737545064, -0.09983695165283107, 0.12631962166439747, 0.5621772679974661]","[[0.22022747437205348, 0.5262476820858218], [-0.7964558414019481, -0.4904356336881798], [-0.25284705550971526, 0.05317315220405311], [-0.02669048219248671, 0.27932972552128166], [0.40916716414058196, 0.7151873718543503]]","[0.195459297542342, -0.26587745184588096, -0.031224242809662225, 0.2470775002741014]","[0.04, 0.06, 0.08, 0.1]","[0.0, 0.0, 0.0, 0.0]",1.2,0.6,0.00647819999995
extrapolation,116,evaluated,2.55016839761,True,"[-0.7, -0.5499999999999999, -0.39999999999999997, -0.25, 0.95]","[-0.6421858510645355, -0.5317155979142313, -0.3802529226630069, -0.3526580651773993, 1.0]","[[-0.7951959549214197, -0.48917574720765133], [-0.6847257017711155, -0.3787054940573471], [-0.5332630265198911, -0.22724281880612274], [-0.5056681690342835, -0.1996479613205151], [0.8469898961431158, 1.0]]","[-0.2966423419579184, -0.23945540137613378, -0.15576392741259948, -0.037288346152402604]","[0.04, 0.06, 0.08, 0.1]","[0.0, 0.0, 0.0, 0.0]",1.2,0.6,0.0184024
proxy_shift,116,evaluated,2.55016839761,False,"[0.3154234292934732, -0.6617301396308326, -0.11958402898982412, 0.22897768684179676, 0.32109313960786023]","[0.4888658760998664, -0.6068769333735266, -0.06034279697884497, -0.07899650869040103, 1.0]","[[0.33585577224298224, 0.6418759799567506], [-0.7598870372304107, -0.45386682951664237], [-0.21335290083572916, 0.09266730687803922], [-0.23200661254728522, 0.07401359516648315], [0.8469898961431158, 1.0]]","[0.195459297542342, -0.26587745184588096, -0.031224242809662225, 0.2470775002741014]","[0.04, 0.06, 0.08, 0.1]","[0.0, 0.0, 0.0, 0.0]",1.2,0.6,0.00538690000008
understated_LH,116,evaluated,2.55016839761,False,"[0.3154234292934732, -0.6617301396308326, -0.11958402898982412, 0.22897768684179676, 0.32109313960786023]","[0.37323757822893766, -0.643445737545064, -0.09983695165283107, 0.12631962166439747, 0.5621772679974661]","[[0.22022747437205348, 0.5262476820858218], [-0.7964558414019481, -0.4904356336881798], [-0.25284705550971526, 0.05317315220405311], [-0.02669048219248671, 0.27932972552128166], [0.40916716414058196, 0.7151873718543503]]","[0.195459297542342, -0.26587745184588096, -0.031224242809662225, 0.2470775002741014]","[0.04, 0.06, 0.08, 0.1]","[0.0, 0.0, 0.0, 0.0]",0.12,0.06,0.00629330000015
high_noise,116,evaluated,2.55016839761,False,"[0.3154234292934732, -0.6617301396308326, -0.11958402898982412, 0.22897768684179676, 0.32109313960786023]","[0.37323757822893766, -0.643445737545064, -0.09983695165283107, 0.12631962166439747, 0.5621772679974661]","[[0.22022747437205348, 0.5262476820858218], [-0.7964558414019481, -0.4904356336881798], [-0.25284705550971526, 0.05317315220405311], [-0.02669048219248671, 0.27932972552128166], [0.40916716414058196, 0.7151873718543503]]","[0.1481746136265053, -0.2662882545981486, 0.04124790236513878, 0.4350008079692963]","[0.12, 0.18, 0.24, 0.30000000000000004]","[0.0, 0.0, 0.0, 0.0]",1.2,0.6,0.00544690000015
bounded_nuisance_bias,116,evaluated,2.55016839761,False,"[0.3154234292934732, -0.6617301396308326, -0.11958402898982412, 0.22897768684179676, 0.32109313960786023]","[0.37323757822893766, -0.643445737545064, -0.09983695165283107, 0.12631962166439747, 0.5621772679974661]","[[0.22022747437205348, 0.5262476820858218], [-0.7964558414019481, -0.4904356336881798], [-0.25284705550971526, 0.05317315220405311], [-0.02669048219248671, 0.27932972552128166], [0.40916716414058196, 0.7151873718543503]]","[0.135459297542342, -0.20587745184588097, -0.09122424280966222, 0.3070775002741014]","[0.04, 0.06, 0.08, 0.1]","[0.06, 0.06, 0.06, 0.06]",1.2,0.6,0.00539789999993
nominal,117,evaluated,2.4144726243,True,"[0.34665558089121595, -0.5111314799086943, -0.7473584785850307, 0.3205986342293927, -0.6688362806513697]","[0.3986499583021756, -0.5413714332930496, -0.8252112559149589, 0.2607436032240571, -0.6360525163351103]","[[0.25378160084399537, 0.5435183157603558], [-0.6862397907512299, -0.3965030758348694], [-0.9700796133731391, -0.6803428984567788], [0.11587524576587688, 0.4056119606822373], [-0.7809208737932904, -0.49118415887693007]]","[0.22628531064835355, -0.19744773435103738, -0.24481867011787792, 0.18426633180817478]","[0.04, 0.06, 0.08, 0.1]","[0.0, 0.0, 0.0, 0.0]",1.2,0.6,0.0488287000001
extrapolation,117,evaluated,2.4144726243,True,"[-0.7, -0.5499999999999999, -0.39999999999999997, -0.25, 0.95]","[-0.6480056225890403, -0.5802399533843552, -0.47785277732992826, -0.3098550310053356, 0.9827837643162594]","[[-0.7928739800472204, -0.5031372651308601], [-0.7251083108425354, -0.43537159592617497], [-0.6227211347881085, -0.33298441987174804], [-0.45472338846351584, -0.1649866735471554], [0.8379154068580792, 1.0]]","[-0.2907590654152839, -0.20839546333191636, -0.15596699162073902, -0.1701778940103864]","[0.04, 0.06, 0.08, 0.1]","[0.0, 0.0, 0.0, 0.0]",1.2,0.6,0.0100049999999
proxy_shift,117,evaluated,2.4144726243,False,"[0.34665558089121595, -0.5111314799086943, -0.7473584785850307, 0.3205986342293927, -0.6688362806513697]","[0.5026387131240949, -0.6018513400617601, -0.9809168105748155, 0.14103354121338593, -0.5704849877025915]","[[0.3577703556659147, 0.6475070705822752], [-0.7467196975199404, -0.4569829826035799], [-1.0, -0.8360484531166352], [-0.003834816244794287, 0.2859018986715661], [-0.7153533451607716, -0.42561663024441126]]","[0.22628531064835355, -0.19744773435103738, -0.24481867011787792, 0.18426633180817478]","[0.04, 0.06, 0.08, 0.1]","[0.0, 0.0, 0.0, 0.0]",1.2,0.6,0.0529277000001
understated_LH,117,evaluated,2.4144726243,True,"[0.34665558089121595, -0.5111314799086943, -0.7473584785850307, 0.3205986342293927, -0.6688362806513697]","[0.3986499583021756, -0.5413714332930496, -0.8252112559149589, 0.2607436032240571, -0.6360525163351103]","[[0.25378160084399537, 0.5435183157603558], [-0.6862397907512299, -0.3965030758348694], [-0.9700796133731391, -0.6803428984567788], [0.11587524576587688, 0.4056119606822373], [-0.7809208737932904, -0.49118415887693007]]","[0.22628531064835355, -0.19744773435103738, -0.24481867011787792, 0.18426633180817478]","[0.04, 0.06, 0.08, 0.1]","[0.0, 0.0, 0.0, 0.0]",0.12,0.06,0.0135006
high_noise,117,evaluated,2.4144726243,True,"[0.34665558089121595, -0.5111314799086943, -0.7473584785850307, 0.3205986342293927, -0.6688362806513697]","[0.3986499583021756, -0.5413714332930496, -0.8252112559149589, 0.2607436032240571, -0.6360525163351103]","[[0.25378160084399537, 0.5435183157603558], [-0.6862397907512299, -0.3965030758348694], [-0.9700796133731391, -0.6803428984567788], [0.11587524576587688, 0.4056119606822373], [-0.7809208737932904, -0.49118415887693007]]","[0.19076717981778574, -0.1357386610148702, -0.17275265335935602, 0.10641054378740196]","[0.12, 0.18, 0.24, 0.30000000000000004]","[0.0, 0.0, 0.0, 0.0]",1.2,0.6,0.0694227000001
bounded_nuisance_bias,117,evaluated,2.4144726243,True,"[0.34665558089121595, -0.5111314799086943, -0.7473584785850307, 0.3205986342293927, -0.6688362806513697]","[0.3986499583021756, -0.5413714332930496, -0.8252112559149589, 0.2607436032240571, -0.6360525163351103]","[[0.25378160084399537, 0.5435183157603558], [-0.6862397907512299, -0.3965030758348694], [-0.9700796133731391, -0.6803428984567788], [0.11587524576587688, 0.4056119606822373], [-0.7809208737932904, -0.49118415887693007]]","[0.16628531064835356, -0.13744773435103738, -0.3048186701178779, 0.24426633180817478]","[0.04, 0.06, 0.08, 0.1]","[0.06, 0.06, 0.06, 0.06]",1.2,0.6,0.0501380999999
nominal,118,evaluated,2.6428920916,False,"[-0.17653976397322868, 0.799038894045216, 0.6469235687208019, 0.416334233479726, -0.4086033290797513]","[-0.14132212287969417, 0.7534831508106086, 0.5498340272151588, 0.4233572403618076, -0.1497117322300735]","[[-0.2998956483759123, 0.01725140261652397], [0.5949096253143904, 0.9120566763068267], [0.39126050171894067, 0.708407552711377], [0.2647837148655895, 0.5819307658580257], [-0.3082852577262917, 0.00886179326614464]]","[-0.08119407298626691, 0.6887862694103669, 0.6101950113418588, 0.41620893923733904]","[0.04, 0.06, 0.08, 0.1]","[0.0, 0.0, 0.0, 0.0]",1.2,0.6,0.00575279999998
extrapolation,118,evaluated,2.6428920916,True,"[-0.7, -0.5499999999999999, -0.39999999999999997, -0.25, 0.95]","[-0.6647823589064654, -0.5955557432346074, -0.49708954150564305, -0.24297699311791834, 1.0]","[[-0.8233558844026836, -0.5062088334102472], [-0.7541292687308255, -0.4369822177383892], [-0.6556630670018612, -0.33851601600942494], [-0.4015505186141365, -0.0844034676217002], [0.8414264745037818, 1.0]]","[-0.25762010108144673, -0.2214260132758632, -0.0955121610205597, -0.016841859040641838]","[0.04, 0.06, 0.08, 0.1]","[0.0, 0.0, 0.0, 0.0]",1.2,0.6,0.00876000000017
proxy_shift,118,evaluated,2.6428920916,False,"[-0.17653976397322868, 0.799038894045216, 0.6469235687208019, 0.416334233479726, -0.4086033290797513]","[-0.07088684069262519, 0.6623716643413938, 0.3556549442038726, 0.4374032541259709, 0.36807146146928205]","[[-0.22946036618884333, 0.08768668480359296], [0.5037981388451757, 0.820945189837612], [0.19708141870765447, 0.5142284697000907], [0.27882972862975275, 0.5959767796221891], [0.2094979359730639, 0.5266449869655002]]","[-0.08119407298626691, 0.6887862694103669, 0.6101950113418588, 0.41620893923733904]","[0.04, 0.06, 0.08, 0.1]","[0.0, 0.0, 0.0, 0.0]",1.2,0.6,0.0388086
understated_LH,118,evaluated,2.6428920916,False,"[-0.17653976397322868, 0.799038894045216, 0.6469235687208019, 0.416334233479726, -0.4086033290797513]","[-0.14132212287969417, 0.7534831508106086, 0.5498340272151588, 0.4233572403618076, -0.1497117322300735]","[[-0.2998956483759123, 0.01725140261652397], [0.5949096253143904, 0.9120566763068267], [0.39126050171894067, 0.708407552711377], [0.2647837148655895, 0.5819307658580257], [-0.3082852577262917, 0.00886179326614464]]","[-0.08119407298626691, 0.6887862694103669, 0.6101950113418588, 0.41620893923733904]","[0.04, 0.06, 0.08, 0.1]","[0.0, 0.0, 0.0, 0.0]",0.12,0.06,0.00675279999996
high_noise,118,evaluated,2.6428920916,False,"[-0.17653976397322868, 0.799038894045216, 0.6469235687208019, 0.416334233479726, -0.4086033290797513]","[-0.14132212287969417, 0.7534831508106086, 0.5498340272151588, 0.4233572403618076, -0.1497117322300735]","[[-0.2998956483759123, 0.01725140261652397], [0.5949096253143904, 0.9120566763068267], [0.39126050171894067, 0.708407552711377], [0.2647837148655895, 0.5819307658580257], [-0.3082852577262917, 0.00886179326614464]]","[-0.050434275149160275, 0.7244342428586404, 0.8031706893007393, 0.6450252211560554]","[0.12, 0.18, 0.24, 0.30000000000000004]","[0.0, 0.0, 0.0, 0.0]",1.2,0.6,0.00634379999997
bounded_nuisance_bias,118,evaluated,2.6428920916,False,"[-0.17653976397322868, 0.799038894045216, 0.6469235687208019, 0.416334233479726, -0.4086033290797513]","[-0.14132212287969417, 0.7534831508106086, 0.5498340272151588, 0.4233572403618076, -0.1497117322300735]","[[-0.2998956483759123, 0.01725140261652397], [0.5949096253143904, 0.9120566763068267], [0.39126050171894067, 0.708407552711377], [0.2647837148655895, 0.5819307658580257], [-0.3082852577262917, 0.00886179326614464]]","[-0.1411940729862669, 0.7487862694103669, 0.5501950113418588, 0.47620893923733904]","[0.04, 0.06, 0.08, 0.1]","[0.06, 0.06, 0.06, 0.06]",1.2,0.6,0.00584659999981
nominal,119,evaluated,2.56711280334,True,"[0.602263436438359, 0.007655278629589146, -0.0830435933021404, 0.3382793654468981, 0.0431214286549233]","[0.6959806853613535, -0.0824253031583698, -0.05187579542493871, 0.4220304057188763, -0.05603987487991778]","[[0.541953917160936, 0.850007453561771], [-0.23645207135878726, 0.07160146504204767], [-0.2059025636253562, 0.10215097277547876], [0.2680036375184588, 0.5760571739192938], [-0.21006664308033524, 0.09798689332049969]]","[0.4868140503487628, -0.07962368126333101, -0.05681027806037117, 0.24381398772109808]","[0.04, 0.06, 0.08, 0.1]","[0.0, 0.0, 0.0, 0.0]",1.2,0.6,0.0482958
extrapolation,119,evaluated,2.56711280334,True,"[-0.7, -0.5499999999999999, -0.39999999999999997, -0.25, 0.95]","[-0.6062827510770055, -0.6400805817879589, -0.36883220212279827, -0.16624895972802176, 0.8508386964651589]","[[-0.760309519277423, -0.45225598287658797], [-0.7941073499883764, -0.4860538135875414], [-0.5228589703232157, -0.2148054339223808], [-0.3202757279284392, -0.012222191527604287], [0.6968119282647414, 1.0]]","[-0.256360385575415, -0.3234844294283534, -0.2010529935956463, -0.12473351027318753]","[0.04, 0.06, 0.08, 0.1]","[0.0, 0.0, 0.0, 0.0]",1.2,0.6,0.0103022000001
proxy_shift,119,evaluated,2.56711280334,False,"[0.602263436438359, 0.007655278629589146, -0.0830435933021404, 0.3382793654468981, 0.0431214286549233]","[0.8834151832073424, -0.26258646673428765, 0.010459800329464641, 0.5895324862628328, -0.25436248194959993]","[[0.7293884150069249, 1.0], [-0.41661323493470515, -0.10855969853387018], [-0.14356696787095283, 0.1644865685298821], [0.43550571806241534, 0.7435592544632503], [-0.40838925015001737, -0.10033571374918246]]","[0.4868140503487628, -0.07962368126333101, -0.05681027806037117, 0.24381398772109808]","[0.04, 0.06, 0.08, 0.1]","[0.0, 0.0, 0.0, 0.0]",1.2,0.6,0.0387109000001
understated_LH,119,evaluated,2.56711280334,True,"[0.602263436438359, 0.007655278629589146, -0.0830435933021404, 0.3382793654468981, 0.0431214286549233]","[0.6959806853613535, -0.0824253031583698, -0.05187579542493871, 0.4220304057188763, -0.05603987487991778]","[[0.541953917160936, 0.850007453561771], [-0.23645207135878726, 0.07160146504204767], [-0.2059025636253562, 0.10215097277547876], [0.2680036375184588, 0.5760571739192938], [-0.21006664308033524, 0.09798689332049969]]","[0.4868140503487628, -0.07962368126333101, -0.05681027806037117, 0.24381398772109808]","[0.04, 0.06, 0.08, 0.1]","[0.0, 0.0, 0.0, 0.0]",0.12,0.06,0.0615294000002
high_noise,119,evaluated,2.56711280334,True,"[0.602263436438359, 0.007655278629589146, -0.0830435933021404, 0.3382793654468981, 0.0431214286549233]","[0.6959806853613535, -0.0824253031583698, -0.05187579542493871, 0.4220304057188763, -0.05603987487991778]","[[0.541953917160936, 0.850007453561771], [-0.23645207135878726, 0.07160146504204767], [-0.2059025636253562, 0.10215097277547876], [0.2680036375184588, 0.5760571739192938], [-0.21006664308033524, 0.09798689332049969]]","[0.5200932791979328, -0.248092540120038, -0.07491626525166381, 0.25684696717472305]","[0.12, 0.18, 0.24, 0.30000000000000004]","[0.0, 0.0, 0.0, 0.0]",1.2,0.6,0.0407637000001
bounded_nuisance_bias,119,evaluated,2.56711280334,True,"[0.602263436438359, 0.007655278629589146, -0.0830435933021404, 0.3382793654468981, 0.0431214286549233]","[0.6959806853613535, -0.0824253031583698, -0.05187579542493871, 0.4220304057188763, -0.05603987487991778]","[[0.541953917160936, 0.850007453561771], [-0.23645207135878726, 0.07160146504204767], [-0.2059025636253562, 0.10215097277547876], [0.2680036375184588, 0.5760571739192938], [-0.21006664308033524, 0.09798689332049969]]","[0.4268140503487628, -0.019623681263331014, -0.11681027806037117, 0.3038139877210981]","[0.04, 0.06, 0.08, 0.1]","[0.06, 0.06, 0.06, 0.06]",1.2,0.6,0.0434275
nominal,120,evaluated,2.68247137387,True,"[-0.6591700077467361, 0.7735480046241621, 0.3520151667197955, -0.5971165889491961, -0.3278502562036025]","[-0.7389260735019963, 0.7703470696774852, 0.3358068311853651, -0.585786248000564, -0.19964089964615966]","[[-0.899874355933965, -0.5779777910700277], [0.6093987872455164, 0.931295352109454], [0.17485854875339635, 0.4967551136173338], [-0.7467345304325328, -0.42483796556859527], [-0.3605891820781284, -0.03869261721419093]]","[-0.2798338124170818, 0.5945791713372339, 0.27630765632819, -0.36762395577786444]","[0.04, 0.06, 0.08, 0.1]","[0.0, 0.0, 0.0, 0.0]",1.2,0.6,0.0467434
extrapolation,120,evaluated,2.68247137387,True,"[-0.7, -0.5499999999999999, -0.39999999999999997, -0.25, 0.95]","[-0.7797560657552602, -0.5532009349466768, -0.4162083355344304, -0.2386696590513679, 1.0]","[[-0.940704348187229, -0.6188077833232914], [-0.7141492173786455, -0.39225265251470803], [-0.5771566179663992, -0.25526005310246164], [-0.3996179414833366, -0.07772137661939915], [0.8390517175680312, 1.0]]","[-0.28768333750288977, -0.28831258607467003, -0.1640758469839169, -0.24756846864784376]","[0.04, 0.06, 0.08, 0.1]","[0.0, 0.0, 0.0, 0.0]",1.2,0.6,0.0114306999999
proxy_shift,120,evaluated,2.68247137387,False,"[-0.6591700077467361, 0.7735480046241621, 0.3520151667197955, -0.5971165889491961, -0.3278502562036025]","[-0.898438205012517, 0.7639451997841316, 0.3033901601165042, -0.5631255661032998, 0.05677781346872596]","[[-1.0, -0.7374899225805482], [0.6029969173521628, 0.9248934822161003], [0.14244187768453548, 0.46433844254847295], [-0.7240738485352685, -0.40217728367133104], [-0.10417046896324278, 0.2177260959006947]]","[-0.2798338124170818, 0.5945791713372339, 0.27630765632819, -0.36762395577786444]","[0.04, 0.06, 0.08, 0.1]","[0.0, 0.0, 0.0, 0.0]",1.2,0.6,0.0459385000001
understated_LH,120,evaluated,2.68247137387,True,"[-0.6591700077467361, 0.7735480046241621, 0.3520151667197955, -0.5971165889491961, -0.3278502562036025]","[-0.7389260735019963, 0.7703470696774852, 0.3358068311853651, -0.585786248000564, -0.19964089964615966]","[[-0.899874355933965, -0.5779777910700277], [0.6093987872455164, 0.931295352109454], [0.17485854875339635, 0.4967551136173338], [-0.7467345304325328, -0.42483796556859527], [-0.3605891820781284, -0.03869261721419093]]","[-0.2798338124170818, 0.5945791713372339, 0.27630765632819, -0.36762395577786444]","[0.04, 0.06, 0.08, 0.1]","[0.0, 0.0, 0.0, 0.0]",0.12,0.06,0.0565957000001
high_noise,120,evaluated,2.68247137387,True,"[-0.6591700077467361, 0.7735480046241621, 0.3520151667197955, -0.5971165889491961, -0.3278502562036025]","[-0.7389260735019963, 0.7703470696774852, 0.3358068311853651, -0.585786248000564, -0.19964089964615966]","[[-0.899874355933965, -0.5779777910700277], [0.6093987872455164, 0.931295352109454], [0.17485854875339635, 0.4967551136173338], [-0.7467345304325328, -0.42483796556859527], [-0.3605891820781284, -0.03869261721419093]]","[-0.3092004874228613, 0.4964539991878938, 0.33215596236035616, -0.600260893073552]","[0.12, 0.18, 0.24, 0.30000000000000004]","[0.0, 0.0, 0.0, 0.0]",1.2,0.6,0.0470223999998
bounded_nuisance_bias,120,evaluated,2.68247137387,True,"[-0.6591700077467361, 0.7735480046241621, 0.3520151667197955, -0.5971165889491961, -0.3278502562036025]","[-0.7389260735019963, 0.7703470696774852, 0.3358068311853651, -0.585786248000564, -0.19964089964615966]","[[-0.899874355933965, -0.5779777910700277], [0.6093987872455164, 0.931295352109454], [0.17485854875339635, 0.4967551136173338], [-0.7467345304325328, -0.42483796556859527], [-0.3605891820781284, -0.03869261721419093]]","[-0.33983381241708177, 0.654579171337234, 0.21630765632819, -0.30762395577786444]","[0.04, 0.06, 0.08, 0.1]","[0.06, 0.06, 0.06, 0.06]",1.2,0.6,0.0478962
nominal,121,evaluated,2.48608512956,True,"[-0.5959460583259104, 0.20809244320142328, -0.7728016777088634, -0.29363600940192336, 0.5105870391285561]","[-0.6431549578467716, 0.2688390588425502, -0.738321082970626, -0.34617669850658533, 0.5417044925080583]","[[-0.7923200656206545, -0.49398985007288865], [0.11967395106866732, 0.41800416661643314], [-0.887486190744509, -0.5891559751967431], [-0.4953418062804682, -0.19701159073270244], [0.3925393847341754, 0.6908696002819412]]","[-0.23653596747154915, 0.1802535887955657, -0.2625360127275533, -0.07076228242701482]","[0.04, 0.06, 0.08, 0.1]","[0.0, 0.0, 0.0, 0.0]",1.2,0.6,0.00939749999998
extrapolation,121,evaluated,2.48608512956,True,"[-0.7, -0.5499999999999999, -0.39999999999999997, -0.25, 0.95]","[-0.7472088995208611, -0.489253384358873, -0.3655194052617625, -0.302540689104662, 0.9811174533795022]","[[-0.896374007294744, -0.5980437917469782], [-0.6384184921327559, -0.3400882765849901], [-0.5146845130356454, -0.21635429748787963], [-0.45170579687854484, -0.15337558133077908], [0.8319523456056193, 1.0]]","[-0.25851384380625975, -0.1968426166005495, -0.17002173602312542, -0.051697308591106744]","[0.04, 0.06, 0.08, 0.1]","[0.0, 0.0, 0.0, 0.0]",1.2,0.6,0.0175185999999
proxy_shift,121,evaluated,2.48608512956,False,"[-0.5959460583259104, 0.20809244320142328, -0.7728016777088634, -0.29363600940192336, 0.5105870391285561]","[-0.737572756888494, 0.39033229012480414, -0.6693598934941511, -0.45125807671590934, 0.6039393992670627]","[[-0.8867378646623769, -0.5884076491146111], [0.24116718235092124, 0.539497397898687], [-0.8185250012680341, -0.5201947857202682], [-0.6004231844897923, -0.3020929689420264], [0.4547742914931798, 0.7531045070409457]]","[-0.23653596747154915, 0.1802535887955657, -0.2625360127275533, -0.07076228242701482]","[0.04, 0.06, 0.08, 0.1]","[0.0, 0.0, 0.0, 0.0]",1.2,0.6,0.00693010000009
understated_LH,121,evaluated,2.48608512956,True,"[-0.5959460583259104, 0.20809244320142328, -0.7728016777088634, -0.29363600940192336, 0.5105870391285561]","[-0.6431549578467716, 0.2688390588425502, -0.738321082970626, -0.34617669850658533, 0.5417044925080583]","[[-0.7923200656206545, -0.49398985007288865], [0.11967395106866732, 0.41800416661643314], [-0.887486190744509, -0.5891559751967431], [-0.4953418062804682, -0.19701159073270244], [0.3925393847341754, 0.6908696002819412]]","[-0.23653596747154915, 0.1802535887955657, -0.2625360127275533, -0.07076228242701482]","[0.04, 0.06, 0.08, 0.1]","[0.0, 0.0, 0.0, 0.0]",0.12,0.06,0.0111057000001
high_noise,121,evaluated,2.48608512956,True,"[-0.5959460583259104, 0.20809244320142328, -0.7728016777088634, -0.29363600940192336, 0.5105870391285561]","[-0.6431549578467716, 0.2688390588425502, -0.738321082970626, -0.34617669850658533, 0.5417044925080583]","[[-0.7923200656206545, -0.49398985007288865], [0.11967395106866732, 0.41800416661643314], [-0.887486190744509, -0.5891559751967431], [-0.4953418062804682, -0.19701159073270244], [0.3925393847341754, 0.6908696002819412]]","[-0.20756365508406863, 0.2650683555944666, -0.21857948477380418, 0.0883431003907717]","[0.12, 0.18, 0.24, 0.30000000000000004]","[0.0, 0.0, 0.0, 0.0]",1.2,0.6,0.00739869999984
bounded_nuisance_bias,121,evaluated,2.48608512956,True,"[-0.5959460583259104, 0.20809244320142328, -0.7728016777088634, -0.29363600940192336, 0.5105870391285561]","[-0.6431549578467716, 0.2688390588425502, -0.738321082970626, -0.34617669850658533, 0.5417044925080583]","[[-0.7923200656206545, -0.49398985007288865], [0.11967395106866732, 0.41800416661643314], [-0.887486190744509, -0.5891559751967431], [-0.4953418062804682, -0.19701159073270244], [0.3925393847341754, 0.6908696002819412]]","[-0.29653596747154914, 0.2402535887955657, -0.3225360127275533, -0.010762282427014824]","[0.04, 0.06, 0.08, 0.1]","[0.06, 0.06, 0.06, 0.06]",1.2,0.6,0.00783850000016
nominal,122,evaluated,2.71316445319,True,"[-0.01930300315961786, -0.6274677318804036, 0.186788085042488, 0.4552526093225664, 0.7066708304493996]","[0.061204860333804983, -0.5613788297710959, 0.07293968078135213, 0.5364207203054339, 0.6675594856442866]","[[-0.10158500685754171, 0.22399472752515168], [-0.7241686969624426, -0.3985889625797492], [-0.08985018640999456, 0.23572954797269882], [0.37363085311408717, 0.6992105874967806], [0.5047696184529399, 0.8303493528356333]]","[-0.0934739936694296, -0.33302079656179573, 0.14932108380599465, 0.38187568110898606]","[0.04, 0.06, 0.08, 0.1]","[0.0, 0.0, 0.0, 0.0]",1.2,0.6,0.00907440000015
extrapolation,122,evaluated,2.71316445319,True,"[-0.7, -0.5499999999999999, -0.39999999999999997, -0.25, 0.95]","[-0.6194921365065771, -0.4839110978906922, -0.5138484042611359, -0.16883188901713253, 0.9108886551948869]","[[-0.7822820036979238, -0.4567022693152304], [-0.6467009650820389, -0.3211212306993455], [-0.6766382714524826, -0.3510585370697892], [-0.3316217562084792, -0.006042021825785837], [0.7480987880035402, 1.0]]","[-0.355003973552953, -0.3139048837988949, -0.16521870383365003, -0.0847023659730553]","[0.04, 0.06, 0.08, 0.1]","[0.0, 0.0, 0.0, 0.0]",1.2,0.6,0.00854240000012
proxy_shift,122,evaluated,2.71316445319,False,"[-0.01930300315961786, -0.6274677318804036, 0.186788085042488, 0.4552526093225664, 0.7066708304493996]","[0.22222058732065067, -0.4292010255524804, -0.15475712774091965, 0.6987569422711688, 0.5893367960340606]","[[0.05943072012930398, 0.38501045451199734], [-0.5919908927438271, -0.2664111583611337], [-0.31754699493226635, 0.00803273945042704], [0.5359670750798221, 0.8615468094625155], [0.42654692884271395, 0.7521266632254073]]","[-0.0934739936694296, -0.33302079656179573, 0.14932108380599465, 0.38187568110898606]","[0.04, 0.06, 0.08, 0.1]","[0.0, 0.0, 0.0, 0.0]",1.2,0.6,0.0473465999999
understated_LH,122,evaluated,2.71316445319,True,"[-0.01930300315961786, -0.6274677318804036, 0.186788085042488, 0.4552526093225664, 0.7066708304493996]","[0.061204860333804983, -0.5613788297710959, 0.07293968078135213, 0.5364207203054339, 0.6675594856442866]","[[-0.10158500685754171, 0.22399472752515168], [-0.7241686969624426, -0.3985889625797492], [-0.08985018640999456, 0.23572954797269882], [0.37363085311408717, 0.6992105874967806], [0.5047696184529399, 0.8303493528356333]]","[-0.0934739936694296, -0.33302079656179573, 0.14932108380599465, 0.38187568110898606]","[0.04, 0.06, 0.08, 0.1]","[0.0, 0.0, 0.0, 0.0]",0.12,0.06,0.00944759999993
high_noise,122,evaluated,2.71316445319,True,"[-0.01930300315961786, -0.6274677318804036, 0.186788085042488, 0.4552526093225664, 0.7066708304493996]","[0.061204860333804983, -0.5613788297710959, 0.07293968078135213, 0.5364207203054339, 0.6675594856442866]","[[-0.10158500685754171, 0.22399472752515168], [-0.7241686969624426, -0.3985889625797492], [-0.08985018640999456, 0.23572954797269882], [0.37363085311408717, 0.6992105874967806], [0.5047696184529399, 0.8303493528356333]]","[-0.25748194077533554, -0.48233056415958564, 0.2028836761386945, 0.4749709491628755]","[0.12, 0.18, 0.24, 0.30000000000000004]","[0.0, 0.0, 0.0, 0.0]",1.2,0.6,0.0122019
bounded_nuisance_bias,122,evaluated,2.71316445319,True,"[-0.01930300315961786, -0.6274677318804036, 0.186788085042488, 0.4552526093225664, 0.7066708304493996]","[0.061204860333804983, -0.5613788297710959, 0.07293968078135213, 0.5364207203054339, 0.6675594856442866]","[[-0.10158500685754171, 0.22399472752515168], [-0.7241686969624426, -0.3985889625797492], [-0.08985018640999456, 0.23572954797269882], [0.37363085311408717, 0.6992105874967806], [0.5047696184529399, 0.8303493528356333]]","[-0.1534739936694296, -0.27302079656179573, 0.08932108380599466, 0.44187568110898606]","[0.04, 0.06, 0.08, 0.1]","[0.06, 0.06, 0.06, 0.06]",1.2,0.6,0.0125319000001
nominal,123,evaluated,2.56467364499,True,"[-0.2975183393504972, -0.5156632398363479, 0.5535848915113328, 0.22263353660577478, 0.4933650112362482]","[-0.23133788547396655, -0.5478815703680264, 0.5392883138173007, 0.23323342811503636, 0.5879903952905767]","[[-0.38521830417351577, -0.07745746677441731], [-0.7017619890675757, -0.39400115166847716], [0.3854078951177514, 0.69316873251685], [0.07935300941548712, 0.3871138468145856], [0.43410997659102746, 0.741870813990126]]","[-0.226633296926595, -0.2275680691531109, 0.25045603396317184, 0.06121417680769771]","[0.04, 0.06, 0.08, 0.1]","[0.0, 0.0, 0.0, 0.0]",1.2,0.6,0.00978310000005
extrapolation,123,evaluated,2.56467364499,True,"[-0.7, -0.5499999999999999, -0.39999999999999997, -0.25, 0.95]","[-0.6338195461234692, -0.5822183305316785, -0.41429657769403205, -0.23940010849073842, 1.0]","[[-0.7876999648230185, -0.47993912742392], [-0.7360987492312278, -0.4283379118321292], [-0.5681769963935813, -0.2604161589944828], [-0.39328052719028767, -0.08551968979118918], [0.8461195813004507, 1.0]]","[-0.34767744199126, -0.2371926983268578, -0.3656317705765121, -0.21848565264224562]","[0.04, 0.06, 0.08, 0.1]","[0.0, 0.0, 0.0, 0.0]",1.2,0.6,0.00981709999996
proxy_shift,123,evaluated,2.56467364499,False,"[-0.2975183393504972, -0.5156632398363479, 0.5535848915113328, 0.22263353660577478, 0.4933650112362482]","[-0.09897697772090519, -0.6123182314313836, 0.5106951584292365, 0.25443321113355954, 0.777241163399234]","[[-0.25285739642045446, 0.05490344097864405], [-0.7661986501309329, -0.45843781273183437], [0.35681473972968725, 0.6645755771287858], [0.1005527924340103, 0.4083136298331088], [0.6233607446996847, 0.9311215820987833]]","[-0.226633296926595, -0.2275680691531109, 0.25045603396317184, 0.06121417680769771]","[0.04, 0.06, 0.08, 0.1]","[0.0, 0.0, 0.0, 0.0]",1.2,0.6,0.0079369
understated_LH,123,evaluated,2.56467364499,True,"[-0.2975183393504972, -0.5156632398363479, 0.5535848915113328, 0.22263353660577478, 0.4933650112362482]","[-0.23133788547396655, -0.5478815703680264, 0.5392883138173007, 0.23323342811503636, 0.5879903952905767]","[[-0.38521830417351577, -0.07745746677441731], [-0.7017619890675757, -0.39400115166847716], [0.3854078951177514, 0.69316873251685], [0.07935300941548712, 0.3871138468145856], [0.43410997659102746, 0.741870813990126]]","[-0.226633296926595, -0.2275680691531109, 0.25045603396317184, 0.06121417680769771]","[0.04, 0.06, 0.08, 0.1]","[0.0, 0.0, 0.0, 0.0]",0.12,0.06,0.0130689999999
high_noise,123,evaluated,2.56467364499,True,"[-0.2975183393504972, -0.5156632398363479, 0.5535848915113328, 0.22263353660577478, 0.4933650112362482]","[-0.23133788547396655, -0.5478815703680264, 0.5392883138173007, 0.23323342811503636, 0.5879903952905767]","[[-0.38521830417351577, -0.07745746677441731], [-0.7017619890675757, -0.39400115166847716], [0.3854078951177514, 0.69316873251685], [0.07935300941548712, 0.3871138468145856], [0.43410997659102746, 0.741870813990126]]","[-0.375988180909115, -0.22345346580682657, -0.09680750718985226, -0.1132571284767935]","[0.12, 0.18, 0.24, 0.30000000000000004]","[0.0, 0.0, 0.0, 0.0]",1.2,0.6,0.00738230000002
bounded_nuisance_bias,123,evaluated,2.56467364499,True,"[-0.2975183393504972, -0.5156632398363479, 0.5535848915113328, 0.22263353660577478, 0.4933650112362482]","[-0.23133788547396655, -0.5478815703680264, 0.5392883138173007, 0.23323342811503636, 0.5879903952905767]","[[-0.38521830417351577, -0.07745746677441731], [-0.7017619890675757, -0.39400115166847716], [0.3854078951177514, 0.69316873251685], [0.07935300941548712, 0.3871138468145856], [0.43410997659102746, 0.741870813990126]]","[-0.286633296926595, -0.1675680691531109, 0.19045603396317184, 0.12121417680769771]","[0.04, 0.06, 0.08, 0.1]","[0.06, 0.06, 0.06, 0.06]",1.2,0.6,0.0077917000001
nominal,124,evaluated,2.50572058013,True,"[-0.48544260330553685, 0.2862068550959902, 0.5397985876343143, -0.4017119162623919, -0.693389382855399]","[-0.5168808064306224, 0.31296054620736347, 0.5309669915856957, -0.38121242340227524, -0.7132564961686616]","[[-0.6672240412386339, -0.36653757162261097], [0.16261731139935204, 0.4633037810153749], [0.3806237567776843, 0.6813102263937072], [-0.5315556582102867, -0.2308691885942638], [-0.863599730976673, -0.5629132613606502]]","[-0.21567386119052956, 0.21638844509988509, 0.4570471971171967, -0.04526004685921209]","[0.04, 0.06, 0.08, 0.1]","[0.0, 0.0, 0.0, 0.0]",1.2,0.6,0.00683060000006
extrapolation,124,evaluated,2.50572058013,True,"[-0.7, -0.5499999999999999, -0.39999999999999997, -0.25, 0.95]","[-0.7314382031250855, -0.5232463088886267, -0.4088315960486185, -0.22950050713988335, 0.9301328866867373]","[[-0.8817814379330968, -0.5810949683170741], [-0.6735895436966381, -0.37290307408061524], [-0.55917483085663, -0.2584883612406071], [-0.3798437419478948, -0.07915727233187192], [0.779789651878726, 1.0]]","[-0.26810465553842455, -0.21915997712889013, -0.146246710026992, 0.016105363798062128]","[0.04, 0.06, 0.08, 0.1]","[0.0, 0.0, 0.0, 0.0]",1.2,0.6,0.0104458000001
proxy_shift,124,evaluated,2.50572058013,True,"[-0.48544260330553685, 0.2862068550959902, 0.5397985876343143, -0.4017119162623919, -0.693389382855399]","[-0.5797572126807934, 0.36646792843011006, 0.5133037994884586, -0.34021343768204193, -0.7529907227951868]","[[-0.7301004474888049, -0.42941397787278196], [0.21612469362209863, 0.5168111632381215], [0.3629605646804472, 0.66364703429647], [-0.49055667249005336, -0.1898702028740305], [-0.9033339576031982, -0.6026474879871753]]","[-0.21567386119052956, 0.21638844509988509, 0.4570471971171967, -0.04526004685921209]","[0.04, 0.06, 0.08, 0.1]","[0.0, 0.0, 0.0, 0.0]",1.2,0.6,0.00716680000005
understated_LH,124,evaluated,2.50572058013,True,"[-0.48544260330553685, 0.2862068550959902, 0.5397985876343143, -0.4017119162623919, -0.693389382855399]","[-0.5168808064306224, 0.31296054620736347, 0.5309669915856957, -0.38121242340227524, -0.7132564961686616]","[[-0.6672240412386339, -0.36653757162261097], [0.16261731139935204, 0.4633037810153749], [0.3806237567776843, 0.6813102263937072], [-0.5315556582102867, -0.2308691885942638], [-0.863599730976673, -0.5629132613606502]]","[-0.21567386119052956, 0.21638844509988509, 0.4570471971171967, -0.04526004685921209]","[0.04, 0.06, 0.08, 0.1]","[0.0, 0.0, 0.0, 0.0]",0.12,0.06,0.00709519999987
high_noise,124,evaluated,2.50572058013,True,"[-0.48544260330553685, 0.2862068550959902, 0.5397985876343143, -0.4017119162623919, -0.693389382855399]","[-0.5168808064306224, 0.31296054620736347, 0.5309669915856957, -0.38121242340227524, -0.7132564961686616]","[[-0.6672240412386339, -0.36653757162261097], [0.16261731139935204, 0.4633037810153749], [0.3806237567776843, 0.6813102263937072], [-0.5315556582102867, -0.2308691885942638], [-0.863599730976673, -0.5629132613606502]]","[-0.2058831722673786, 0.2565684908421048, 0.5485537770632126, 0.24945068073691223]","[0.12, 0.18, 0.24, 0.30000000000000004]","[0.0, 0.0, 0.0, 0.0]",1.2,0.6,0.00584370000001
bounded_nuisance_bias,124,evaluated,2.50572058013,True,"[-0.48544260330553685, 0.2862068550959902, 0.5397985876343143, -0.4017119162623919, -0.693389382855399]","[-0.5168808064306224, 0.31296054620736347, 0.5309669915856957, -0.38121242340227524, -0.7132564961686616]","[[-0.6672240412386339, -0.36653757162261097], [0.16261731139935204, 0.4633037810153749], [0.3806237567776843, 0.6813102263937072], [-0.5315556582102867, -0.2308691885942638], [-0.863599730976673, -0.5629132613606502]]","[-0.27567386119052956, 0.2763884450998851, 0.3970471971171967, 0.01473995314078791]","[0.04, 0.06, 0.08, 0.1]","[0.06, 0.06, 0.06, 0.06]",1.2,0.6,0.00691080000001
nominal,125,evaluated,2.42722721573,True,"[0.0974343882825387, 0.6824759094305966, -0.34522581955326026, -0.13174326423886773, -0.18357241775704458]","[0.06655152892359906, 0.7359367326891246, -0.3974166665576264, -0.0857847851425093, -0.15906553734423642]","[[-0.07908210402016791, 0.21218516186736602], [0.5903030997453577, 0.8815703656328916], [-0.5430502995013934, -0.25178303361385945], [-0.23141841808627628, 0.05984884780125767], [-0.3046991702880034, -0.013431904400469458]]","[0.09111224339006875, 0.583955232227348, -0.13092077631710364, 0.06561250889326037]","[0.04, 0.06, 0.08, 0.1]","[0.0, 0.0, 0.0, 0.0]",1.2,0.6,0.0489085000002
extrapolation,125,evaluated,2.42722721573,True,"[-0.7, -0.5499999999999999, -0.39999999999999997, -0.25, 0.95]","[-0.7308828593589396, -0.49653917674147185, -0.4521908470043661, -0.20404152090364158, 0.9745068804128081]","[[-0.8765164923027066, -0.5852492264151726], [-0.6421728096852388, -0.3509055437977049], [-0.5978244799481331, -0.30655721406059916], [-0.34967515384740855, -0.058407887959874616], [0.8288732474690411, 1.0]]","[-0.24319642758545224, -0.20451232351694584, -0.15153954453101354, 0.008201581134887365]","[0.04, 0.06, 0.08, 0.1]","[0.0, 0.0, 0.0, 0.0]",1.2,0.6,0.00956000000019
proxy_shift,125,evaluated,2.42722721573,False,"[0.0974343882825387, 0.6824759094305966, -0.34522581955326026, -0.13174326423886773, -0.18357241775704458]","[0.00478581020571979, 0.8428583792061808, -0.5017983605663587, 0.006132173050207579, -0.11005177651862011]","[[-0.1408478227380472, 0.15041944314948674], [0.6972247462624138, 0.9884920121499478], [-0.6474319935101257, -0.35616472762259177], [-0.1395014598935594, 0.15176580599397455], [-0.25568540946238705, 0.03558185642514686]]","[0.09111224339006875, 0.583955232227348, -0.13092077631710364, 0.06561250889326037]","[0.04, 0.06, 0.08, 0.1]","[0.0, 0.0, 0.0, 0.0]",1.2,0.6,0.0489790000001
understated_LH,125,evaluated,2.42722721573,True,"[0.0974343882825387, 0.6824759094305966, -0.34522581955326026, -0.13174326423886773, -0.18357241775704458]","[0.06655152892359906, 0.7359367326891246, -0.3974166665576264, -0.0857847851425093, -0.15906553734423642]","[[-0.07908210402016791, 0.21218516186736602], [0.5903030997453577, 0.8815703656328916], [-0.5430502995013934, -0.25178303361385945], [-0.23141841808627628, 0.05984884780125767], [-0.3046991702880034, -0.013431904400469458]]","[0.09111224339006875, 0.583955232227348, -0.13092077631710364, 0.06561250889326037]","[0.04, 0.06, 0.08, 0.1]","[0.0, 0.0, 0.0, 0.0]",0.12,0.06,0.0143077999999
high_noise,125,evaluated,2.42722721573,True,"[0.0974343882825387, 0.6824759094305966, -0.34522581955326026, -0.13174326423886773, -0.18357241775704458]","[0.06655152892359906, 0.7359367326891246, -0.3974166665576264, -0.0857847851425093, -0.15906553734423642]","[[-0.07908210402016791, 0.21218516186736602], [0.5903030997453577, 0.8815703656328916], [-0.5430502995013934, -0.25178303361385945], [-0.23141841808627628, 0.05984884780125767], [-0.3046991702880034, -0.013431904400469458]]","[0.1507193882191643, 0.6534305851934562, -0.04999986537913079, 0.34451567116303516]","[0.12, 0.18, 0.24, 0.30000000000000004]","[0.0, 0.0, 0.0, 0.0]",1.2,0.6,0.0786533
bounded_nuisance_bias,125,evaluated,2.42722721573,True,"[0.0974343882825387, 0.6824759094305966, -0.34522581955326026, -0.13174326423886773, -0.18357241775704458]","[0.06655152892359906, 0.7359367326891246, -0.3974166665576264, -0.0857847851425093, -0.15906553734423642]","[[-0.07908210402016791, 0.21218516186736602], [0.5903030997453577, 0.8815703656328916], [-0.5430502995013934, -0.25178303361385945], [-0.23141841808627628, 0.05984884780125767], [-0.3046991702880034, -0.013431904400469458]]","[0.031112243390068753, 0.6439552322273481, -0.19092077631710364, 0.12561250889326037]","[0.04, 0.06, 0.08, 0.1]","[0.06, 0.06, 0.06, 0.06]",1.2,0.6,0.0476111
nominal,126,evaluated,2.50479526072,True,"[-0.3311868892338179, 0.19623511568525076, 0.6236334555914242, -0.05663484969791044, 0.6053857056198084]","[-0.37593644305425955, 0.24609958760341574, 0.6425439663637823, 0.003959730368056115, 0.6419307832174987]","[[-0.5262241586974753, -0.22564872741104383], [0.09581187196020002, 0.39638730324663146], [0.49225625072056656, 0.792831682006998], [-0.1463279852751596, 0.15424744601127183], [0.491643067574283, 0.7922184988607145]]","[-0.12690175659230601, 0.028015141040363845, 0.5100460770720008, -0.0724569445707725]","[0.04, 0.06, 0.08, 0.1]","[0.0, 0.0, 0.0, 0.0]",1.2,0.6,0.0316009000001
extrapolation,126,evaluated,2.50479526072,True,"[-0.7, -0.5499999999999999, -0.39999999999999997, -0.25, 0.95]","[-0.7447495538204416, -0.5001355280818349, -0.38108948922764196, -0.18940541993403345, 0.9865450775976903]","[[-0.8950372694636574, -0.5944618381772259], [-0.6504232437250507, -0.3498478124386192], [-0.5313772048708577, -0.23080177358442625], [-0.3396931355772492, -0.039117704290817734], [0.8362573619544745, 1.0]]","[-0.23409504973212725, -0.3405283945591877, -0.17280960236272397, -0.1706882866121177]","[0.04, 0.06, 0.08, 0.1]","[0.0, 0.0, 0.0, 0.0]",1.2,0.6,0.0119256
proxy_shift,126,evaluated,2.50479526072,False,"[-0.3311868892338179, 0.19623511568525076, 0.6236334555914242, -0.05663484969791044, 0.6053857056198084]","[-0.4654355506951428, 0.34582853143974573, 0.6803649879084983, 0.12514889049998923, 0.7150209384128793]","[[-0.6157232663383585, -0.3151478350519271], [0.19554081579653002, 0.4961162470829614], [0.5300772722652826, 0.8306527035517141], [-0.02513882514322649, 0.275436606143205], [0.5647332227696635, 0.865308654056095]]","[-0.12690175659230601, 0.028015141040363845, 0.5100460770720008, -0.0724569445707725]","[0.04, 0.06, 0.08, 0.1]","[0.0, 0.0, 0.0, 0.0]",1.2,0.6,0.0104467000001
understated_LH,126,evaluated,2.50479526072,True,"[-0.3311868892338179, 0.19623511568525076, 0.6236334555914242, -0.05663484969791044, 0.6053857056198084]","[-0.37593644305425955, 0.24609958760341574, 0.6425439663637823, 0.003959730368056115, 0.6419307832174987]","[[-0.5262241586974753, -0.22564872741104383], [0.09581187196020002, 0.39638730324663146], [0.49225625072056656, 0.792831682006998], [-0.1463279852751596, 0.15424744601127183], [0.491643067574283, 0.7922184988607145]]","[-0.12690175659230601, 0.028015141040363845, 0.5100460770720008, -0.0724569445707725]","[0.04, 0.06, 0.08, 0.1]","[0.0, 0.0, 0.0, 0.0]",0.12,0.06,0.0182465
high_noise,126,evaluated,2.50479526072,True,"[-0.3311868892338179, 0.19623511568525076, 0.6236334555914242, -0.05663484969791044, 0.6053857056198084]","[-0.37593644305425955, 0.24609958760341574, 0.6425439663637823, 0.003959730368056115, 0.6419307832174987]","[[-0.5262241586974753, -0.22564872741104383], [0.09581187196020002, 0.39638730324663146], [0.49225625072056656, 0.792831682006998], [-0.1463279852751596, 0.15424744601127183], [0.491643067574283, 0.7922184988607145]]","[-0.04909185605656051, -0.17454164807801156, 0.5484268723465529, -0.15133351779500792]","[0.12, 0.18, 0.24, 0.30000000000000004]","[0.0, 0.0, 0.0, 0.0]",1.2,0.6,0.0413039
bounded_nuisance_bias,126,evaluated,2.50479526072,True,"[-0.3311868892338179, 0.19623511568525076, 0.6236334555914242, -0.05663484969791044, 0.6053857056198084]","[-0.37593644305425955, 0.24609958760341574, 0.6425439663637823, 0.003959730368056115, 0.6419307832174987]","[[-0.5262241586974753, -0.22564872741104383], [0.09581187196020002, 0.39638730324663146], [0.49225625072056656, 0.792831682006998], [-0.1463279852751596, 0.15424744601127183], [0.491643067574283, 0.7922184988607145]]","[-0.186901756592306, 0.08801514104036384, 0.4500460770720008, -0.012456944570772496]","[0.04, 0.06, 0.08, 0.1]","[0.06, 0.06, 0.06, 0.06]",1.2,0.6,0.0302789
nominal,127,evaluated,2.62553453469,True,"[0.20697196363562997, 0.24345006564053917, -0.18004817451048127, 0.6653255230728365, -0.7247777941470157]","[0.1282274530373988, 0.3343391736699839, -0.1266623703598963, 0.7385865601532726, -0.7122634313902766]","[[-0.029304619043776126, 0.2857595251185737], [0.17680710158880897, 0.4918712457511588], [-0.2841944424410712, 0.03086970172127862], [0.5810544880720977, 0.8961186322344475], [-0.8697955034714515, -0.5547313593091017]]","[0.15658306611040573, 0.05460634029520227, -0.2181211491887537, 0.37611091407257724]","[0.04, 0.06, 0.08, 0.1]","[0.0, 0.0, 0.0, 0.0]",1.2,0.6,0.00972499999989
extrapolation,127,evaluated,2.62553453469,True,"[-0.7, -0.5499999999999999, -0.39999999999999997, -0.25, 0.95]","[-0.7787445105982311, -0.4591108919705552, -0.346614195849415, -0.17673896291956398, 0.9625143627567391]","[[-0.936276582679406, -0.6212124385170562], [-0.6166429640517301, -0.3015788198893803], [-0.5041462679305899, -0.18908212376824007], [-0.3342710350007389, -0.019206890838389057], [0.8049822906755641, 1.0]]","[-0.25345133019032884, -0.34849407942723604, -0.3118174480258319, -0.2871318152667677]","[0.04, 0.06, 0.08, 0.1]","[0.0, 0.0, 0.0, 0.0]",1.2,0.6,0.0116235
proxy_shift,127,evaluated,2.62553453469,False,"[0.20697196363562997, 0.24345006564053917, -0.18004817451048127, 0.6653255230728365, -0.7247777941470157]","[-0.029261568159063556, 0.5161173897288732, -0.019890762058726308, 0.8851086343141445, -0.6872347058767984]","[[-0.18679364024023848, 0.12827050392211137], [0.3585853176476983, 0.6736494618100481], [-0.17742283413990123, 0.13764131002244862], [0.7275765622329696, 1.0], [-0.8447667779579733, -0.5297026337956234]]","[0.15658306611040573, 0.05460634029520227, -0.2181211491887537, 0.37611091407257724]","[0.04, 0.06, 0.08, 0.1]","[0.0, 0.0, 0.0, 0.0]",1.2,0.6,0.00703670000007
understated_LH,127,evaluated,2.62553453469,True,"[0.20697196363562997, 0.24345006564053917, -0.18004817451048127, 0.6653255230728365, -0.7247777941470157]","[0.1282274530373988, 0.3343391736699839, -0.1266623703598963, 0.7385865601532726, -0.7122634313902766]","[[-0.029304619043776126, 0.2857595251185737], [0.17680710158880897, 0.4918712457511588], [-0.2841944424410712, 0.03086970172127862], [0.5810544880720977, 0.8961186322344475], [-0.8697955034714515, -0.5547313593091017]]","[0.15658306611040573, 0.05460634029520227, -0.2181211491887537, 0.37611091407257724]","[0.04, 0.06, 0.08, 0.1]","[0.0, 0.0, 0.0, 0.0]",0.12,0.06,0.0111913999999
high_noise,127,evaluated,2.62553453469,True,"[0.20697196363562997, 0.24345006564053917, -0.18004817451048127, 0.6653255230728365, -0.7247777941470157]","[0.1282274530373988, 0.3343391736699839, -0.1266623703598963, 0.7385865601532726, -0.7122634313902766]","[[-0.029304619043776126, 0.2857595251185737], [0.17680710158880897, 0.4918712457511588], [-0.2841944424410712, 0.03086970172127862], [0.5810544880720977, 0.8961186322344475], [-0.8697955034714515, -0.5547313593091017]]","[0.1956804057297481, -0.16388181855926992, -0.4577560452404176, 0.06434728353904184]","[0.12, 0.18, 0.24, 0.30000000000000004]","[0.0, 0.0, 0.0, 0.0]",1.2,0.6,0.0119672000001
bounded_nuisance_bias,127,evaluated,2.62553453469,True,"[0.20697196363562997, 0.24345006564053917, -0.18004817451048127, 0.6653255230728365, -0.7247777941470157]","[0.1282274530373988, 0.3343391736699839, -0.1266623703598963, 0.7385865601532726, -0.7122634313902766]","[[-0.029304619043776126, 0.2857595251185737], [0.17680710158880897, 0.4918712457511588], [-0.2841944424410712, 0.03086970172127862], [0.5810544880720977, 0.8961186322344475], [-0.8697955034714515, -0.5547313593091017]]","[0.09658306611040574, 0.11460634029520227, -0.2781211491887537, 0.43611091407257724]","[0.04, 0.06, 0.08, 0.1]","[0.06, 0.06, 0.06, 0.06]",1.2,0.6,0.00981969999998
nominal,128,evaluated,2.45682541212,True,"[0.7771035390197332, -0.5871694503489698, 0.3912868121163302, 0.37248818091971225, 0.7193572737076701]","[0.7750044468627607, -0.5858679748956238, 0.34854103862362995, 0.3055237514144561, 0.7966084750623984]","[[0.6275949221353898, 0.9224139715901316], [-0.7332774996229947, -0.43845845016825286], [0.201131513896259, 0.4959505633510009], [0.15811422668708514, 0.45293327614182705], [0.6491989503350275, 0.9440179997897693]]","[0.6417987311309077, -0.24724905282312518, 0.3239637313821751, 0.0355729655858594]","[0.04, 0.06, 0.08, 0.1]","[0.0, 0.0, 0.0, 0.0]",1.2,0.6,0.00592950000009
extrapolation,128,evaluated,2.45682541212,True,"[-0.7, -0.5499999999999999, -0.39999999999999997, -0.25, 0.95]","[-0.7020990921569724, -0.5486985245466539, -0.4427457734927003, -0.31696442950525616, 1.0]","[[-0.8495086168843433, -0.5546895674296015], [-0.6961080492740248, -0.40128899981928295], [-0.5901552982200713, -0.2953362487653293], [-0.4643739542326271, -0.1695549047778852], [0.852590475272629, 1.0]]","[-0.2786303653880303, -0.23762777164067664, -0.14873996668847106, -0.36079417644343087]","[0.04, 0.06, 0.08, 0.1]","[0.0, 0.0, 0.0, 0.0]",1.2,0.6,0.011835
proxy_shift,128,evaluated,2.45682541212,False,"[0.7771035390197332, -0.5871694503489698, 0.3912868121163302, 0.37248818091971225, 0.7193572737076701]","[0.7708062625488157, -0.5832650239889319, 0.2630494916382293, 0.17159489240394382, 0.9511108777718549]","[[0.6233967378214447, 0.9182157872761867], [-0.7306745487163029, -0.4358554992615609], [0.11563996691085837, 0.4104590163656003], [0.024185367676572866, 0.3190044171313148], [0.8037013530444839, 1.0]]","[0.6417987311309077, -0.24724905282312518, 0.3239637313821751, 0.0355729655858594]","[0.04, 0.06, 0.08, 0.1]","[0.0, 0.0, 0.0, 0.0]",1.2,0.6,0.00550240000007
understated_LH,128,evaluated,2.45682541212,True,"[0.7771035390197332, -0.5871694503489698, 0.3912868121163302, 0.37248818091971225, 0.7193572737076701]","[0.7750044468627607, -0.5858679748956238, 0.34854103862362995, 0.3055237514144561, 0.7966084750623984]","[[0.6275949221353898, 0.9224139715901316], [-0.7332774996229947, -0.43845845016825286], [0.201131513896259, 0.4959505633510009], [0.15811422668708514, 0.45293327614182705], [0.6491989503350275, 0.9440179997897693]]","[0.6417987311309077, -0.24724905282312518, 0.3239637313821751, 0.0355729655858594]","[0.04, 0.06, 0.08, 0.1]","[0.0, 0.0, 0.0, 0.0]",0.12,0.06,0.00628669999992
high_noise,128,evaluated,2.45682541212,True,"[0.7771035390197332, -0.5871694503489698, 0.3912868121163302, 0.37248818091971225, 0.7193572737076701]","[0.7750044468627607, -0.5858679748956238, 0.34854103862362995, 0.3055237514144561, 0.7966084750623984]","[[0.6275949221353898, 0.9224139715901316], [-0.7332774996229947, -0.43845845016825286], [0.201131513896259, 0.4959505633510009], [0.15811422668708514, 0.45293327614182705], [0.6491989503350275, 0.9440179997897693]]","[0.6305380003548471, -0.24400459610447853, 0.41048379800523294, -0.42351538730100247]","[0.12, 0.18, 0.24, 0.30000000000000004]","[0.0, 0.0, 0.0, 0.0]",1.2,0.6,0.00565970000002
bounded_nuisance_bias,128,evaluated,2.45682541212,True,"[0.7771035390197332, -0.5871694503489698, 0.3912868121163302, 0.37248818091971225, 0.7193572737076701]","[0.7750044468627607, -0.5858679748956238, 0.34854103862362995, 0.3055237514144561, 0.7966084750623984]","[[0.6275949221353898, 0.9224139715901316], [-0.7332774996229947, -0.43845845016825286], [0.201131513896259, 0.4959505633510009], [0.15811422668708514, 0.45293327614182705], [0.6491989503350275, 0.9440179997897693]]","[0.5817987311309076, -0.18724905282312518, 0.2639637313821751, 0.0955729655858594]","[0.04, 0.06, 0.08, 0.1]","[0.06, 0.06, 0.06, 0.06]",1.2,0.6,0.00559670000007
nominal,129,evaluated,2.61466886061,True,"[0.35690569882927337, -0.7999295559165511, -0.07190812359635257, -0.14619607814629254, 0.0501579591945307]","[0.3170979353736973, -0.8543400300794477, -0.068070295800533, -0.18987041791416856, 0.12324264060686466]","[[0.1602178037371582, 0.47397806701023637], [-1.0, -0.6974598984429086], [-0.2249504274370721, 0.0888098358360061], [-0.34675054955070767, -0.032990286277629455], [-0.03363749102967445, 0.28012277224340376]]","[0.22482352788259846, -0.38745302966579587, -0.07121216025544139, 0.1961596567878762]","[0.04, 0.06, 0.08, 0.1]","[0.0, 0.0, 0.0, 0.0]",1.2,0.6,0.0446554999999
extrapolation,129,evaluated,2.61466886061,True,"[-0.7, -0.5499999999999999, -0.39999999999999997, -0.25, 0.95]","[-0.739807763455576, -0.6044104741628965, -0.3961621722041804, -0.293674339767876, 1.0]","[[-0.8966878950921151, -0.5829276318190368], [-0.7612906057994356, -0.44753034252635737], [-0.5530423038407195, -0.23928204056764127], [-0.45055447140441507, -0.1367942081313369], [0.8431198683634609, 1.0]]","[-0.30053439477200916, -0.33871148444452037, -0.22161851956937434, 0.14621531569604465]","[0.04, 0.06, 0.08, 0.1]","[0.0, 0.0, 0.0, 0.0]",1.2,0.6,0.0127418999998
proxy_shift,129,evaluated,2.61466886061,False,"[0.35690569882927337, -0.7999295559165511, -0.07190812359635257, -0.14619607814629254, 0.0501579591945307]","[0.2374824084625452, -0.9631609784052408, -0.06039464020889387, -0.27721909744992057, 0.2694120034315326]","[[0.0806022768260061, 0.39436254009908434], [-1.0, -0.8062808467687017], [-0.21727477184543298, 0.09648549142764523], [-0.4340992290864597, -0.12033896581338147], [0.1125318717949935, 0.42629213506807173]]","[0.22482352788259846, -0.38745302966579587, -0.07121216025544139, 0.1961596567878762]","[0.04, 0.06, 0.08, 0.1]","[0.0, 0.0, 0.0, 0.0]",1.2,0.6,0.0059933
understated_LH,129,evaluated,2.61466886061,True,"[0.35690569882927337, -0.7999295559165511, -0.07190812359635257, -0.14619607814629254, 0.0501579591945307]","[0.3170979353736973, -0.8543400300794477, -0.068070295800533, -0.18987041791416856, 0.12324264060686466]","[[0.1602178037371582, 0.47397806701023637], [-1.0, -0.6974598984429086], [-0.2249504274370721, 0.0888098358360061], [-0.34675054955070767, -0.032990286277629455], [-0.03363749102967445, 0.28012277224340376]]","[0.22482352788259846, -0.38745302966579587, -0.07121216025544139, 0.1961596567878762]","[0.04, 0.06, 0.08, 0.1]","[0.0, 0.0, 0.0, 0.0]",0.12,0.06,0.0500098
high_noise,129,evaluated,2.61466886061,True,"[0.35690569882927337, -0.7999295559165511, -0.07190812359635257, -0.14619607814629254, 0.0501579591945307]","[0.3170979353736973, -0.8543400300794477, -0.068070295800533, -0.18987041791416856, 0.12324264060686466]","[[0.1602178037371582, 0.47397806701023637], [-1.0, -0.6974598984429086], [-0.2249504274370721, 0.0888098358360061], [-0.34675054955070767, -0.032990286277629455], [-0.03363749102967445, 0.28012277224340376]]","[0.1697547383385802, -0.5863759985548367, -0.13044919939419009, 0.7510902881799657]","[0.12, 0.18, 0.24, 0.30000000000000004]","[0.0, 0.0, 0.0, 0.0]",1.2,0.6,0.0407734999999
bounded_nuisance_bias,129,evaluated,2.61466886061,True,"[0.35690569882927337, -0.7999295559165511, -0.07190812359635257, -0.14619607814629254, 0.0501579591945307]","[0.3170979353736973, -0.8543400300794477, -0.068070295800533, -0.18987041791416856, 0.12324264060686466]","[[0.1602178037371582, 0.47397806701023637], [-1.0, -0.6974598984429086], [-0.2249504274370721, 0.0888098358360061], [-0.34675054955070767, -0.032990286277629455], [-0.03363749102967445, 0.28012277224340376]]","[0.16482352788259846, -0.32745302966579587, -0.13121216025544138, 0.2561596567878762]","[0.04, 0.06, 0.08, 0.1]","[0.06, 0.06, 0.06, 0.06]",1.2,0.6,0.0458412999999
nominal,130,evaluated,2.60091475362,True,"[0.09320262883270625, 0.0022038448965723267, -0.6194108249457453, -0.4575480023028602, 0.6710065184570613]","[0.17213992331879813, -0.030048796973775237, -0.6545981342918232, -0.5363346758487824, 0.6701963447173974]","[[0.0160850381016375, 0.3281948085359587], [-0.18610368219093587, 0.12600608824338538], [-0.8106530195089838, -0.49854324907466263], [-0.692389561065943, -0.38027979063162176], [0.5141414595002368, 0.826251229934558]]","[0.12023517677821412, 0.05838350499694949, -0.2905164342740985, -0.42872674234624003]","[0.04, 0.06, 0.08, 0.1]","[0.0, 0.0, 0.0, 0.0]",1.2,0.6,0.00745290000009
extrapolation,130,evaluated,2.60091475362,True,"[-0.7, -0.5499999999999999, -0.39999999999999997, -0.25, 0.95]","[-0.6210627055139081, -0.5822526418703475, -0.4351873093460779, -0.3287866735459221, 0.9491898262603361]","[[-0.7771175907310687, -0.4650078202967475], [-0.7383075270875081, -0.42619775665318693], [-0.5912421945632386, -0.27913242412891726], [-0.48484155876308277, -0.1727317883287615], [0.7931349410431755, 1.0]]","[-0.2112924195278078, -0.1821902590206923, -0.22597087032464194, -0.34825299328792536]","[0.04, 0.06, 0.08, 0.1]","[0.0, 0.0, 0.0, 0.0]",1.2,0.6,0.0130772
proxy_shift,130,evaluated,2.60091475362,False,"[0.09320262883270625, 0.0022038448965723267, -0.6194108249457453, -0.4575480023028602, 0.6710065184570613]","[0.3300145122909819, -0.09455408071447036, -0.7249727529839791, -0.6939080229406265, 0.6685759972380698]","[[0.17395962707382126, 0.4860693975081425], [-0.25060896593163096, 0.06150080450269027], [-0.8810276382011397, -0.5689178677668185], [-0.8499629081577871, -0.5378531377234659], [0.5125211120209092, 0.8246308824552304]]","[0.12023517677821412, 0.05838350499694949, -0.2905164342740985, -0.42872674234624003]","[0.04, 0.06, 0.08, 0.1]","[0.0, 0.0, 0.0, 0.0]",1.2,0.6,0.00565930000016
understated_LH,130,evaluated,2.60091475362,True,"[0.09320262883270625, 0.0022038448965723267, -0.6194108249457453, -0.4575480023028602, 0.6710065184570613]","[0.17213992331879813, -0.030048796973775237, -0.6545981342918232, -0.5363346758487824, 0.6701963447173974]","[[0.0160850381016375, 0.3281948085359587], [-0.18610368219093587, 0.12600608824338538], [-0.8106530195089838, -0.49854324907466263], [-0.692389561065943, -0.38027979063162176], [0.5141414595002368, 0.826251229934558]]","[0.12023517677821412, 0.05838350499694949, -0.2905164342740985, -0.42872674234624003]","[0.04, 0.06, 0.08, 0.1]","[0.0, 0.0, 0.0, 0.0]",0.12,0.06,0.00814429999991
high_noise,130,evaluated,2.60091475362,True,"[0.09320262883270625, 0.0022038448965723267, -0.6194108249457453, -0.4575480023028602, 0.6710065184570613]","[0.17213992331879813, -0.030048796973775237, -0.6545981342918232, -0.5363346758487824, 0.6701963447173974]","[[0.0160850381016375, 0.3281948085359587], [-0.18610368219093587, 0.12600608824338538], [-0.8106530195089838, -0.49854324907466263], [-0.692389561065943, -0.38027979063162176], [0.5141414595002368, 0.826251229934558]]","[0.24365033772259853, 0.1725029869555648, -0.35845817492338244, -0.862732728922091]","[0.12, 0.18, 0.24, 0.30000000000000004]","[0.0, 0.0, 0.0, 0.0]",1.2,0.6,0.00675219999994
bounded_nuisance_bias,130,evaluated,2.60091475362,True,"[0.09320262883270625, 0.0022038448965723267, -0.6194108249457453, -0.4575480023028602, 0.6710065184570613]","[0.17213992331879813, -0.030048796973775237, -0.6545981342918232, -0.5363346758487824, 0.6701963447173974]","[[0.0160850381016375, 0.3281948085359587], [-0.18610368219093587, 0.12600608824338538], [-0.8106530195089838, -0.49854324907466263], [-0.692389561065943, -0.38027979063162176], [0.5141414595002368, 0.826251229934558]]","[0.06023517677821412, 0.1183835049969495, -0.3505164342740985, -0.36872674234624003]","[0.04, 0.06, 0.08, 0.1]","[0.06, 0.06, 0.06, 0.06]",1.2,0.6,0.00646809999989
nominal,131,evaluated,2.73160853652,True,"[0.4094287912645398, -0.06106097397206223, 0.1360115986850925, 0.6267706768139127, 0.2028892222872989]","[0.5195785132167404, 0.062230233864905254, 0.11249488526365128, 0.6113058027555891, 0.17758698694441966]","[[0.3556820010254377, 0.6834750254080432], [-0.10166627832639746, 0.22612674605620797], [-0.051401626927651434, 0.276391397454954], [0.44740929056428635, 0.7752023149468918], [0.013690474753116938, 0.3414834991357224]]","[0.28737240649657003, 0.033169893286923095, 0.05180179375341609, 0.36041141920940223]","[0.04, 0.06, 0.08, 0.1]","[0.0, 0.0, 0.0, 0.0]",1.2,0.6,0.0421658
extrapolation,131,evaluated,2.73160853652,True,"[-0.7, -0.5499999999999999, -0.39999999999999997, -0.25, 0.95]","[-0.5898502780477993, -0.4267087921630325, -0.4235167134214412, -0.26546487405832364, 0.9246977646571207]","[[-0.7537467902391021, -0.4259537658564966], [-0.5906053043543352, -0.26281227997172973], [-0.5874132256127439, -0.2596202012301385], [-0.4293613862496264, -0.10156836186702092], [0.760801252465818, 1.0]]","[-0.2815744487970565, -0.17056205509256459, -0.2273549119507018, -0.2647534312730765]","[0.04, 0.06, 0.08, 0.1]","[0.0, 0.0, 0.0, 0.0]",1.2,0.6,0.0140191999999
proxy_shift,131,evaluated,2.73160853652,False,"[0.4094287912645398, -0.06106097397206223, 0.1360115986850925, 0.6267706768139127, 0.2028892222872989]","[0.7398779571211418, 0.30881264953884024, 0.06546145842076884, 0.5803760546389418, 0.12698251625866125]","[[0.575981444929839, 0.9037744693124445], [0.14491613734753753, 0.472709161730143], [-0.09843505377053388, 0.22935797061207155], [0.4164795424476391, 0.7442725668302446], [-0.03691399593264147, 0.29087902844996394]]","[0.28737240649657003, 0.033169893286923095, 0.05180179375341609, 0.36041141920940223]","[0.04, 0.06, 0.08, 0.1]","[0.0, 0.0, 0.0, 0.0]",1.2,0.6,0.0454635999999
understated_LH,131,evaluated,2.73160853652,True,"[0.4094287912645398, -0.06106097397206223, 0.1360115986850925, 0.6267706768139127, 0.2028892222872989]","[0.5195785132167404, 0.062230233864905254, 0.11249488526365128, 0.6113058027555891, 0.17758698694441966]","[[0.3556820010254377, 0.6834750254080432], [-0.10166627832639746, 0.22612674605620797], [-0.051401626927651434, 0.276391397454954], [0.44740929056428635, 0.7752023149468918], [0.013690474753116938, 0.3414834991357224]]","[0.28737240649657003, 0.033169893286923095, 0.05180179375341609, 0.36041141920940223]","[0.04, 0.06, 0.08, 0.1]","[0.0, 0.0, 0.0, 0.0]",0.12,0.06,0.0163024000001
high_noise,131,evaluated,2.73160853652,True,"[0.4094287912645398, -0.06106097397206223, 0.1360115986850925, 0.6267706768139127, 0.2028892222872989]","[0.5195785132167404, 0.062230233864905254, 0.11249488526365128, 0.6113058027555891, 0.17758698694441966]","[[0.3556820010254377, 0.6834750254080432], [-0.10166627832639746, 0.22612674605620797], [-0.051401626927651434, 0.276391397454954], [0.44740929056428635, 0.7752023149468918], [0.013690474753116938, 0.3414834991357224]]","[0.2702235089024571, 0.17054578310179389, -0.01890803014798749, 0.09340455666324932]","[0.12, 0.18, 0.24, 0.30000000000000004]","[0.0, 0.0, 0.0, 0.0]",1.2,0.6,0.0452123
bounded_nuisance_bias,131,evaluated,2.73160853652,True,"[0.4094287912645398, -0.06106097397206223, 0.1360115986850925, 0.6267706768139127, 0.2028892222872989]","[0.5195785132167404, 0.062230233864905254, 0.11249488526365128, 0.6113058027555891, 0.17758698694441966]","[[0.3556820010254377, 0.6834750254080432], [-0.10166627832639746, 0.22612674605620797], [-0.051401626927651434, 0.276391397454954], [0.44740929056428635, 0.7752023149468918], [0.013690474753116938, 0.3414834991357224]]","[0.22737240649657003, 0.0931698932869231, -0.008198206246583906, 0.4204114192094022]","[0.04, 0.06, 0.08, 0.1]","[0.06, 0.06, 0.06, 0.06]",1.2,0.6,0.0468503
nominal,132,evaluated,2.4866663338,True,"[-0.22192742252012287, 0.6524041480685185, 0.6991210092691971, -0.5551830823294628, -0.3516890790329429]","[-0.20080036063121628, 0.6386237849742129, 0.65174230185583, -0.45246812324492963, -0.2781657204322922]","[[-0.3500003406592944, -0.051600380603138124], [0.48942380494613474, 0.787823765002291], [0.5025423218277518, 0.8009422818839083], [-0.6016681032730078, -0.30326814321685147], [-0.42736570046037037, -0.12896574040421405]]","[-0.11671539255131973, 0.3922315852301882, 0.600334970592011, -0.39979915958032364]","[0.04, 0.06, 0.08, 0.1]","[0.0, 0.0, 0.0, 0.0]",1.2,0.6,0.0627503000001
extrapolation,132,evaluated,2.4866663338,True,"[-0.7, -0.5499999999999999, -0.39999999999999997, -0.25, 0.95]","[-0.6788729381110934, -0.5637803630943056, -0.44737870741336705, -0.14728504091546685, 1.0]","[[-0.8280729181391715, -0.5296729580830153], [-0.7129803431223838, -0.4145803830662274], [-0.5965786874414452, -0.2981787273852889], [-0.296485020943545, 0.0019149391126113136], [0.8508000199719219, 1.0]]","[-0.27133447329917354, -0.36615025533602574, -0.15776869064998134, -0.2904077866540989]","[0.04, 0.06, 0.08, 0.1]","[0.0, 0.0, 0.0, 0.0]",1.2,0.6,0.00811820000013
proxy_shift,132,evaluated,2.4866663338,False,"[-0.22192742252012287, 0.6524041480685185, 0.6991210092691971, -0.5551830823294628, -0.3516890790329429]","[-0.15854623685340308, 0.6110630587856017, 0.5569848870290959, -0.24703820507586333, -0.1311190032309908]","[[-0.30774621688148124, -0.009346256825324917], [0.4618630787575236, 0.76026303881368], [0.4077849070010177, 0.706184867057174], [-0.3962381851039415, -0.09783822504778517], [-0.28031898325906895, 0.018080976797087367]]","[-0.11671539255131973, 0.3922315852301882, 0.600334970592011, -0.39979915958032364]","[0.04, 0.06, 0.08, 0.1]","[0.0, 0.0, 0.0, 0.0]",1.2,0.6,0.0357160000001
understated_LH,132,evaluated,2.4866663338,True,"[-0.22192742252012287, 0.6524041480685185, 0.6991210092691971, -0.5551830823294628, -0.3516890790329429]","[-0.20080036063121628, 0.6386237849742129, 0.65174230185583, -0.45246812324492963, -0.2781657204322922]","[[-0.3500003406592944, -0.051600380603138124], [0.48942380494613474, 0.787823765002291], [0.5025423218277518, 0.8009422818839083], [-0.6016681032730078, -0.30326814321685147], [-0.42736570046037037, -0.12896574040421405]]","[-0.11671539255131973, 0.3922315852301882, 0.600334970592011, -0.39979915958032364]","[0.04, 0.06, 0.08, 0.1]","[0.0, 0.0, 0.0, 0.0]",0.12,0.06,0.00647630000003
high_noise,132,evaluated,2.4866663338,True,"[-0.22192742252012287, 0.6524041480685185, 0.6991210092691971, -0.5551830823294628, -0.3516890790329429]","[-0.20080036063121628, 0.6386237849742129, 0.65174230185583, -0.45246812324492963, -0.2781657204322922]","[[-0.3500003406592944, -0.051600380603138124], [0.48942380494613474, 0.787823765002291], [0.5025423218277518, 0.8009422818839083], [-0.6016681032730078, -0.30326814321685147], [-0.42736570046037037, -0.12896574040421405]]","[-0.11338433914966681, 0.13843107455813675, 0.6687975892920484, -0.7181147328885215]","[0.12, 0.18, 0.24, 0.30000000000000004]","[0.0, 0.0, 0.0, 0.0]",1.2,0.6,0.00909820000015
bounded_nuisance_bias,132,evaluated,2.4866663338,True,"[-0.22192742252012287, 0.6524041480685185, 0.6991210092691971, -0.5551830823294628, -0.3516890790329429]","[-0.20080036063121628, 0.6386237849742129, 0.65174230185583, -0.45246812324492963, -0.2781657204322922]","[[-0.3500003406592944, -0.051600380603138124], [0.48942380494613474, 0.787823765002291], [0.5025423218277518, 0.8009422818839083], [-0.6016681032730078, -0.30326814321685147], [-0.42736570046037037, -0.12896574040421405]]","[-0.17671539255131974, 0.4522315852301882, 0.5403349705920111, -0.33979915958032364]","[0.04, 0.06, 0.08, 0.1]","[0.06, 0.06, 0.06, 0.06]",1.2,0.6,0.0613758
nominal,133,evaluated,2.64102111211,True,"[-0.5971452720842616, 0.5705375188653059, -0.0353188791810618, 0.5201802784057334, -0.6169881950725178]","[-0.5001240769118264, 0.44325948660304076, -0.12380647002579374, 0.5285712556745357, -0.6294615043090503]","[[-0.6585853436384522, -0.3416628101852005], [0.28479821987641485, 0.6017207533296667], [-0.2822677367524196, 0.034654796700832144], [0.3701099889479098, 0.6870325224011615], [-0.7879227710356762, -0.4710002375824245]]","[-0.2450605221568921, 0.46504440628652627, -0.08418863581587209, 0.2845468970408225]","[0.04, 0.06, 0.08, 0.1]","[0.0, 0.0, 0.0, 0.0]",1.2,0.6,0.00584830000003
extrapolation,133,evaluated,2.64102111211,True,"[-0.7, -0.5499999999999999, -0.39999999999999997, -0.25, 0.95]","[-0.6029788048275647, -0.6772780322622651, -0.4884875908447319, -0.24160902273119775, 0.9375266907634674]","[[-0.7614400715541906, -0.44451753810093886], [-0.835739298988891, -0.5188167655356393], [-0.6469488575713578, -0.33002632411810606], [-0.40007028945782364, -0.08314775600457186], [0.7790654240368415, 1.0]]","[-0.26674810169811125, -0.21418202316255097, -0.25537153527521694, -0.23998752661529754]","[0.04, 0.06, 0.08, 0.1]","[0.0, 0.0, 0.0, 0.0]",1.2,0.6,0.00983589999987
proxy_shift,133,evaluated,2.64102111211,False,"[-0.5971452720842616, 0.5705375188653059, -0.0353188791810618, 0.5201802784057334, -0.6169881950725178]","[-0.306081686566956, 0.18870342207851049, -0.3007816517152576, 0.5453532102121402, -0.6544081227821154]","[[-0.46454295329358186, -0.1476204198403301], [0.030242155351884598, 0.3471646888051364], [-0.4592429184418835, -0.14232038498863173], [0.38689194348551437, 0.7038144769387661], [-0.8128693895087412, -0.4959468560554895]]","[-0.2450605221568921, 0.46504440628652627, -0.08418863581587209, 0.2845468970408225]","[0.04, 0.06, 0.08, 0.1]","[0.0, 0.0, 0.0, 0.0]",1.2,0.6,0.00729220000017
understated_LH,133,evaluated,2.64102111211,True,"[-0.5971452720842616, 0.5705375188653059, -0.0353188791810618, 0.5201802784057334, -0.6169881950725178]","[-0.5001240769118264, 0.44325948660304076, -0.12380647002579374, 0.5285712556745357, -0.6294615043090503]","[[-0.6585853436384522, -0.3416628101852005], [0.28479821987641485, 0.6017207533296667], [-0.2822677367524196, 0.034654796700832144], [0.3701099889479098, 0.6870325224011615], [-0.7879227710356762, -0.4710002375824245]]","[-0.2450605221568921, 0.46504440628652627, -0.08418863581587209, 0.2845468970408225]","[0.04, 0.06, 0.08, 0.1]","[0.0, 0.0, 0.0, 0.0]",0.12,0.06,0.00767059999998
high_noise,133,evaluated,2.64102111211,True,"[-0.5971452720842616, 0.5705375188653059, -0.0353188791810618, 0.5201802784057334, -0.6169881950725178]","[-0.5001240769118264, 0.44325948660304076, -0.12380647002579374, 0.5285712556745357, -0.6294615043090503]","[[-0.6585853436384522, -0.3416628101852005], [0.28479821987641485, 0.6017207533296667], [-0.2822677367524196, 0.034654796700832144], [0.3701099889479098, 0.6870325224011615], [-0.7879227710356762, -0.4710002375824245]]","[-0.23255672555311455, 0.5151803599614242, -0.21093170636630595, 0.0670718438102274]","[0.12, 0.18, 0.24, 0.30000000000000004]","[0.0, 0.0, 0.0, 0.0]",1.2,0.6,0.00553530000002
bounded_nuisance_bias,133,evaluated,2.64102111211,True,"[-0.5971452720842616, 0.5705375188653059, -0.0353188791810618, 0.5201802784057334, -0.6169881950725178]","[-0.5001240769118264, 0.44325948660304076, -0.12380647002579374, 0.5285712556745357, -0.6294615043090503]","[[-0.6585853436384522, -0.3416628101852005], [0.28479821987641485, 0.6017207533296667], [-0.2822677367524196, 0.034654796700832144], [0.3701099889479098, 0.6870325224011615], [-0.7879227710356762, -0.4710002375824245]]","[-0.3050605221568921, 0.5250444062865263, -0.1441886358158721, 0.3445468970408225]","[0.04, 0.06, 0.08, 0.1]","[0.06, 0.06, 0.06, 0.06]",1.2,0.6,0.00683879999997
nominal,134,evaluated,2.65659170882,True,"[-0.23249211854112972, -0.3092493277162742, -0.4681081518417292, -0.011189396932681617, 0.40986961415796697]","[-0.13690629156202466, -0.2653159382465018, -0.49062668086841466, -0.10824523634410789, 0.4046579193464668]","[[-0.29630179409131846, 0.022489210967269135], [-0.4247114407757956, -0.105920435717208], [-0.6500221833977085, -0.33123117833912086], [-0.2676407388734017, 0.05115026618518591], [0.24526241681717298, 0.5640534218757606]]","[-0.16828735149512142, -0.22845065948979734, -0.1610664690174147, 0.03485901350254604]","[0.04, 0.06, 0.08, 0.1]","[0.0, 0.0, 0.0, 0.0]",1.2,0.6,0.0100112
extrapolation,134,evaluated,2.65659170882,True,"[-0.7, -0.5499999999999999, -0.39999999999999997, -0.25, 0.95]","[-0.604414173020895, -0.5060666105302275, -0.4225185290266854, -0.34705583941142626, 0.9447883051884998]","[[-0.7638096755501887, -0.44501867049160115], [-0.6654621130595213, -0.3466711080009337], [-0.5819140315559792, -0.2631230264973916], [-0.5064513419407201, -0.18766033688213246], [0.785392802659206, 1.0]]","[-0.3180078559255664, -0.31084160686792306, -0.13793915045858096, -0.08971490911896013]","[0.04, 0.06, 0.08, 0.1]","[0.0, 0.0, 0.0, 0.0]",1.2,0.6,0.0153851999999
proxy_shift,134,evaluated,2.65659170882,False,"[-0.23249211854112972, -0.3092493277162742, -0.4681081518417292, -0.011189396932681617, 0.40986961415796697]","[0.0542653623961854, -0.17744915930695698, -0.5356637389217855, -0.30235691516696045, 0.3942345297234664]","[[-0.1051301401331084, 0.2136608649254792], [-0.3368446618362508, -0.018053656777663185], [-0.6950592414510793, -0.37626823639249174], [-0.46175241769625425, -0.14296141263766665], [0.2348390271941726, 0.5536300322527602]]","[-0.16828735149512142, -0.22845065948979734, -0.1610664690174147, 0.03485901350254604]","[0.04, 0.06, 0.08, 0.1]","[0.0, 0.0, 0.0, 0.0]",1.2,0.6,0.00754370000004
understated_LH,134,evaluated,2.65659170882,True,"[-0.23249211854112972, -0.3092493277162742, -0.4681081518417292, -0.011189396932681617, 0.40986961415796697]","[-0.13690629156202466, -0.2653159382465018, -0.49062668086841466, -0.10824523634410789, 0.4046579193464668]","[[-0.29630179409131846, 0.022489210967269135], [-0.4247114407757956, -0.105920435717208], [-0.6500221833977085, -0.33123117833912086], [-0.2676407388734017, 0.05115026618518591], [0.24526241681717298, 0.5640534218757606]]","[-0.16828735149512142, -0.22845065948979734, -0.1610664690174147, 0.03485901350254604]","[0.04, 0.06, 0.08, 0.1]","[0.0, 0.0, 0.0, 0.0]",0.12,0.06,0.0122726000002
high_noise,134,evaluated,2.65659170882,True,"[-0.23249211854112972, -0.3092493277162742, -0.4681081518417292, -0.011189396932681617, 0.40986961415796697]","[-0.13690629156202466, -0.2653159382465018, -0.49062668086841466, -0.10824523634410789, 0.4046579193464668]","[[-0.29630179409131846, 0.022489210967269135], [-0.4247114407757956, -0.105920435717208], [-0.6500221833977085, -0.33123117833912086], [-0.2676407388734017, 0.05115026618518591], [0.24526241681717298, 0.5640534218757606]]","[-0.2583030633462542, -0.37163387322564345, -0.05294476993457664, 0.11792919526462581]","[0.12, 0.18, 0.24, 0.30000000000000004]","[0.0, 0.0, 0.0, 0.0]",1.2,0.6,0.00853360000019
bounded_nuisance_bias,134,evaluated,2.65659170882,True,"[-0.23249211854112972, -0.3092493277162742, -0.4681081518417292, -0.011189396932681617, 0.40986961415796697]","[-0.13690629156202466, -0.2653159382465018, -0.49062668086841466, -0.10824523634410789, 0.4046579193464668]","[[-0.29630179409131846, 0.022489210967269135], [-0.4247114407757956, -0.105920435717208], [-0.6500221833977085, -0.33123117833912086], [-0.2676407388734017, 0.05115026618518591], [0.24526241681717298, 0.5640534218757606]]","[-0.22828735149512142, -0.16845065948979734, -0.2210664690174147, 0.09485901350254604]","[0.04, 0.06, 0.08, 0.1]","[0.06, 0.06, 0.06, 0.06]",1.2,0.6,0.0100289
nominal,135,evaluated,2.41423625193,True,"[-0.37216241495450575, -0.031905523812239656, -0.15696302362079018, 0.3103518752538341, -0.7498304563926395]","[-0.4062033587096863, 0.04826987812779769, -0.27585915023449725, 0.2714094507362274, -0.6640630098343139]","[[-0.5510575338252113, -0.26134918359416137], [-0.09658429698772726, 0.19312405324332266], [-0.4207133253500222, -0.1310049751189723], [0.12655527562070246, 0.41626362585175236], [-0.8089171849498389, -0.5192088347187889]]","[-0.20699609964642787, 0.011474055754122425, -0.10657496935657974, 0.1533806664726765]","[0.04, 0.06, 0.08, 0.1]","[0.0, 0.0, 0.0, 0.0]",1.2,0.6,0.00679370000012
extrapolation,135,evaluated,2.41423625193,True,"[-0.7, -0.5499999999999999, -0.39999999999999997, -0.25, 0.95]","[-0.7340409437551805, -0.4698245980599626, -0.5188961266137071, -0.2889424245176067, 1.0]","[[-0.8788951188707055, -0.5891867686396555], [-0.6146787731754875, -0.3249704229444376], [-0.6637503017292321, -0.37404195149818215], [-0.43379659963313166, -0.14408824940208176], [0.855145824884475, 1.0]]","[-0.29825010960515536, -0.20893801869345377, -0.21178837241935983, -0.19297594462169537]","[0.04, 0.06, 0.08, 0.1]","[0.0, 0.0, 0.0, 0.0]",1.2,0.6,0.0136648
proxy_shift,135,evaluated,2.41423625193,False,"[-0.37216241495450575, -0.031905523812239656, -0.15696302362079018, 0.3103518752538341, -0.7498304563926395]","[-0.4742852462200474, 0.20862068200787237, -0.5136514034619115, 0.19352460170101393, -0.4925281167176626]","[[-0.6191394213355723, -0.32943107110452247], [0.06376650689234742, 0.3534748571233973], [-0.6585055785774365, -0.36879722834638656], [0.04867042658548898, 0.3383787768165389], [-0.6373822918331875, -0.34767394160213766]]","[-0.20699609964642787, 0.011474055754122425, -0.10657496935657974, 0.1533806664726765]","[0.04, 0.06, 0.08, 0.1]","[0.0, 0.0, 0.0, 0.0]",1.2,0.6,0.00763580000012
understated_LH,135,evaluated,2.41423625193,True,"[-0.37216241495450575, -0.031905523812239656, -0.15696302362079018, 0.3103518752538341, -0.7498304563926395]","[-0.4062033587096863, 0.04826987812779769, -0.27585915023449725, 0.2714094507362274, -0.6640630098343139]","[[-0.5510575338252113, -0.26134918359416137], [-0.09658429698772726, 0.19312405324332266], [-0.4207133253500222, -0.1310049751189723], [0.12655527562070246, 0.41626362585175236], [-0.8089171849498389, -0.5192088347187889]]","[-0.20699609964642787, 0.011474055754122425, -0.10657496935657974, 0.1533806664726765]","[0.04, 0.06, 0.08, 0.1]","[0.0, 0.0, 0.0, 0.0]",0.12,0.06,0.00923540000008
high_noise,135,evaluated,2.41423625193,True,"[-0.37216241495450575, -0.031905523812239656, -0.15696302362079018, 0.3103518752538341, -0.7498304563926395]","[-0.4062033587096863, 0.04826987812779769, -0.27585915023449725, 0.2714094507362274, -0.6640630098343139]","[[-0.5510575338252113, -0.26134918359416137], [-0.09658429698772726, 0.19312405324332266], [-0.4207133253500222, -0.1310049751189723], [0.12655527562070246, 0.41626362585175236], [-0.8089171849498389, -0.5192088347187889]]","[-0.2574963188567385, 0.07209801836721481, -0.14615171419529946, 0.02992877722928572]","[0.12, 0.18, 0.24, 0.30000000000000004]","[0.0, 0.0, 0.0, 0.0]",1.2,0.6,0.00614919999998
bounded_nuisance_bias,135,evaluated,2.41423625193,True,"[-0.37216241495450575, -0.031905523812239656, -0.15696302362079018, 0.3103518752538341, -0.7498304563926395]","[-0.4062033587096863, 0.04826987812779769, -0.27585915023449725, 0.2714094507362274, -0.6640630098343139]","[[-0.5510575338252113, -0.26134918359416137], [-0.09658429698772726, 0.19312405324332266], [-0.4207133253500222, -0.1310049751189723], [0.12655527562070246, 0.41626362585175236], [-0.8089171849498389, -0.5192088347187889]]","[-0.2669960996464279, 0.07147405575412243, -0.16657496935657973, 0.2133806664726765]","[0.04, 0.06, 0.08, 0.1]","[0.06, 0.06, 0.06, 0.06]",1.2,0.6,0.00671320000015
nominal,136,evaluated,2.45221229429,True,"[-0.7198881852747286, -0.42318238947421566, -0.7741493624373845, 0.6609545784442541, -0.20283598606501307]","[-0.704141952934451, -0.3475478708557121, -0.8325227707987708, 0.5776236275846017, -0.24646999216415044]","[[-0.8512746905918427, -0.5570092152770594], [-0.49468060851310375, -0.20041513319832044], [-0.9796555084561624, -0.6853900331413791], [0.4304908899272101, 0.7247563652419934], [-0.3936027298215421, -0.09933725450675879]]","[-0.25017967913843847, -0.24099553141088936, -0.1678045094969069, 0.5548204129588982]","[0.04, 0.06, 0.08, 0.1]","[0.0, 0.0, 0.0, 0.0]",1.2,0.6,0.0416754
extrapolation,136,evaluated,2.45221229429,True,"[-0.7, -0.5499999999999999, -0.39999999999999997, -0.25, 0.95]","[-0.6842537676597223, -0.47436548138149637, -0.45837340836138624, -0.3333309508596523, 0.9063659939008626]","[[-0.831386505317114, -0.5371210300023307], [-0.621498219038888, -0.3272327437241047], [-0.6055061460187778, -0.3112406707039946], [-0.48046368851704396, -0.18619821320226065], [0.7592332562434709, 1.0]]","[-0.2467184677630439, -0.28006109815469193, -0.07510706264313892, -0.1040606205375807]","[0.04, 0.06, 0.08, 0.1]","[0.0, 0.0, 0.0, 0.0]",1.2,0.6,0.0155055
proxy_shift,136,evaluated,2.45221229429,False,"[-0.7198881852747286, -0.42318238947421566, -0.7741493624373845, 0.6609545784442541, -0.20283598606501307]","[-0.6726494882538957, -0.19627883361870502, -0.9492695875215433, 0.4109617258652971, -0.3337380043624252]","[[-0.8197822259112874, -0.525516750596504], [-0.34341157127609667, -0.04914609596131336], [-1.0, -0.8021368498641517], [0.26382898820790546, 0.5580944635226888], [-0.48087074201981683, -0.18660526670503352]]","[-0.25017967913843847, -0.24099553141088936, -0.1678045094969069, 0.5548204129588982]","[0.04, 0.06, 0.08, 0.1]","[0.0, 0.0, 0.0, 0.0]",1.2,0.6,0.0417472000001
understated_LH,136,evaluated,2.45221229429,True,"[-0.7198881852747286, -0.42318238947421566, -0.7741493624373845, 0.6609545784442541, -0.20283598606501307]","[-0.704141952934451, -0.3475478708557121, -0.8325227707987708, 0.5776236275846017, -0.24646999216415044]","[[-0.8512746905918427, -0.5570092152770594], [-0.49468060851310375, -0.20041513319832044], [-0.9796555084561624, -0.6853900331413791], [0.4304908899272101, 0.7247563652419934], [-0.3936027298215421, -0.09933725450675879]]","[-0.25017967913843847, -0.24099553141088936, -0.1678045094969069, 0.5548204129588982]","[0.04, 0.06, 0.08, 0.1]","[0.0, 0.0, 0.0, 0.0]",0.12,0.06,0.0140911000001
high_noise,136,evaluated,2.45221229429,True,"[-0.7198881852747286, -0.42318238947421566, -0.7741493624373845, 0.6609545784442541, -0.20283598606501307]","[-0.704141952934451, -0.3475478708557121, -0.8325227707987708, 0.5776236275846017, -0.24646999216415044]","[[-0.8512746905918427, -0.5570092152770594], [-0.49468060851310375, -0.20041513319832044], [-0.9796555084561624, -0.6853900331413791], [0.4304908899272101, 0.7247563652419934], [-0.3936027298215421, -0.09933725450675879]]","[-0.19761661466452624, -0.32261772772027336, 0.06598136521681519, 0.6091991718837368]","[0.12, 0.18, 0.24, 0.30000000000000004]","[0.0, 0.0, 0.0, 0.0]",1.2,0.6,0.0625292999998
bounded_nuisance_bias,136,evaluated,2.45221229429,True,"[-0.7198881852747286, -0.42318238947421566, -0.7741493624373845, 0.6609545784442541, -0.20283598606501307]","[-0.704141952934451, -0.3475478708557121, -0.8325227707987708, 0.5776236275846017, -0.24646999216415044]","[[-0.8512746905918427, -0.5570092152770594], [-0.49468060851310375, -0.20041513319832044], [-0.9796555084561624, -0.6853900331413791], [0.4304908899272101, 0.7247563652419934], [-0.3936027298215421, -0.09933725450675879]]","[-0.31017967913843847, -0.18099553141088937, -0.2278045094969069, 0.6148204129588981]","[0.04, 0.06, 0.08, 0.1]","[0.06, 0.06, 0.06, 0.06]",1.2,0.6,0.0413503
nominal,137,evaluated,2.63379685436,True,"[-0.7056165679157959, 0.012880169942498298, -0.20037452924165344, 0.21801117297723982, 0.3435567751797488]","[-0.7332336222055745, -0.061080616974121066, -0.2879059542523522, 0.24445218791173334, 0.35554796602963445]","[[-0.8912614334674565, -0.5752058109436926], [-0.21910842823600304, 0.09694719428776091], [-0.4459337655142342, -0.12987814299047024], [0.08642437664985136, 0.4024799991736153], [0.19752015476775248, 0.5135757772915164]]","[-0.2716704363265991, -0.01909711226637122, -0.2608623160268769, 0.24028958313205945]","[0.04, 0.06, 0.08, 0.1]","[0.0, 0.0, 0.0, 0.0]",1.2,0.6,0.0100204999999
extrapolation,137,evaluated,2.63379685436,True,"[-0.7, -0.5499999999999999, -0.39999999999999997, -0.25, 0.95]","[-0.7276170542897786, -0.6239607869166193, -0.4875314250106988, -0.22355898506550648, 0.9619911908498856]","[[-0.8856448655516607, -0.5695892430278966], [-0.7819885981785013, -0.4659329756547373], [-0.6455592362725808, -0.3295036137488168], [-0.38158679632738846, -0.0655311738036245], [0.8039633795880037, 1.0]]","[-0.2706689178523017, -0.26612498386519445, -0.34468258407252905, -0.036025782117158026]","[0.04, 0.06, 0.08, 0.1]","[0.0, 0.0, 0.0, 0.0]",1.2,0.6,0.00812659999997
proxy_shift,137,evaluated,2.63379685436,False,"[-0.7056165679157959, 0.012880169942498298, -0.20037452924165344, 0.21801117297723982, 0.3435567751797488]","[-0.7884677307851318, -0.2090021908073598, -0.46296880427374987, 0.29733421778072044, 0.3795303477294058]","[[-0.9464955420470138, -0.6304399195232497], [-0.36703000206924175, -0.050974379545477816], [-0.6209966155356319, -0.3049409930118679], [0.13930640651883847, 0.4553620290426024], [0.22150253646752383, 0.5375581589912878]]","[-0.2716704363265991, -0.01909711226637122, -0.2608623160268769, 0.24028958313205945]","[0.04, 0.06, 0.08, 0.1]","[0.0, 0.0, 0.0, 0.0]",1.2,0.6,0.00824699999998
understated_LH,137,evaluated,2.63379685436,True,"[-0.7056165679157959, 0.012880169942498298, -0.20037452924165344, 0.21801117297723982, 0.3435567751797488]","[-0.7332336222055745, -0.061080616974121066, -0.2879059542523522, 0.24445218791173334, 0.35554796602963445]","[[-0.8912614334674565, -0.5752058109436926], [-0.21910842823600304, 0.09694719428776091], [-0.4459337655142342, -0.12987814299047024], [0.08642437664985136, 0.4024799991736153], [0.19752015476775248, 0.5135757772915164]]","[-0.2716704363265991, -0.01909711226637122, -0.2608623160268769, 0.24028958313205945]","[0.04, 0.06, 0.08, 0.1]","[0.0, 0.0, 0.0, 0.0]",0.12,0.06,0.0169039999998
high_noise,137,evaluated,2.63379685436,True,"[-0.7056165679157959, 0.012880169942498298, -0.20037452924165344, 0.21801117297723982, 0.3435567751797488]","[-0.7332336222055745, -0.061080616974121066, -0.2879059542523522, 0.24445218791173334, 0.35554796602963445]","[[-0.8912614334674565, -0.5752058109436926], [-0.21910842823600304, 0.09694719428776091], [-0.4459337655142342, -0.12987814299047024], [0.08642437664985136, 0.4024799991736153], [0.19752015476775248, 0.5135757772915164]]","[-0.2670082720312024, -0.0728470799967602, -0.566227484171935, 0.43073801889774344]","[0.12, 0.18, 0.24, 0.30000000000000004]","[0.0, 0.0, 0.0, 0.0]",1.2,0.6,0.0150229000001
bounded_nuisance_bias,137,evaluated,2.63379685436,True,"[-0.7056165679157959, 0.012880169942498298, -0.20037452924165344, 0.21801117297723982, 0.3435567751797488]","[-0.7332336222055745, -0.061080616974121066, -0.2879059542523522, 0.24445218791173334, 0.35554796602963445]","[[-0.8912614334674565, -0.5752058109436926], [-0.21910842823600304, 0.09694719428776091], [-0.4459337655142342, -0.12987814299047024], [0.08642437664985136, 0.4024799991736153], [0.19752015476775248, 0.5135757772915164]]","[-0.3316704363265991, 0.04090288773362878, -0.32086231602687687, 0.30028958313205945]","[0.04, 0.06, 0.08, 0.1]","[0.06, 0.06, 0.06, 0.06]",1.2,0.6,0.0116129
nominal,138,evaluated,2.74511462886,True,"[-0.32546805802919715, 0.6705432118166617, 0.51798034011421, -0.3706550172993314, 0.44820737041859227]","[-0.3437083324645647, 0.7316426692472295, 0.5191877549344636, -0.32660017161088256, 0.46782813060216927]","[[-0.5084152101959292, -0.17900145473320023], [0.566935791515865, 0.896349546978594], [0.35448087720309907, 0.6838946326658281], [-0.49130704934224706, -0.16189329387951806], [0.30312125287080477, 0.6325350083335337]]","[-0.14168363168398104, 0.5597021865969939, 0.4442921568289837, -0.13145419193110236]","[0.04, 0.06, 0.08, 0.1]","[0.0, 0.0, 0.0, 0.0]",1.2,0.6,0.0524148000002
extrapolation,138,evaluated,2.74511462886,True,"[-0.7, -0.5499999999999999, -0.39999999999999997, -0.25, 0.95]","[-0.7182402744353675, -0.48890054256943205, -0.3987925851797465, -0.20594515431155114, 0.9696207601835769]","[[-0.882947152166732, -0.553533396704003], [-0.6536074203007965, -0.32419366483806755], [-0.563499462911111, -0.23408570744838197], [-0.37065203204291564, -0.04123827658018664], [0.8049138824522124, 1.0]]","[-0.25118163390565185, -0.2167622001670243, -0.1389871370629921, -0.0815267241062538]","[0.04, 0.06, 0.08, 0.1]","[0.0, 0.0, 0.0, 0.0]",1.2,0.6,0.0107381
proxy_shift,138,evaluated,2.74511462886,False,"[-0.32546805802919715, 0.6705432118166617, 0.51798034011421, -0.3706550172993314, 0.44820737041859227]","[-0.3801888813352999, 0.8538415841083653, 0.5216025845749706, -0.2384904802339849, 0.5070696509693232]","[[-0.5448957590666643, -0.21548200360393538], [0.6891347063770008, 1.0], [0.35689570684360605, 0.686309462306335], [-0.4031973579653494, -0.0737836025026204], [0.3423627732379587, 0.6717765287006877]]","[-0.14168363168398104, 0.5597021865969939, 0.4442921568289837, -0.13145419193110236]","[0.04, 0.06, 0.08, 0.1]","[0.0, 0.0, 0.0, 0.0]",1.2,0.6,0.0475290000002
understated_LH,138,evaluated,2.74511462886,True,"[-0.32546805802919715, 0.6705432118166617, 0.51798034011421, -0.3706550172993314, 0.44820737041859227]","[-0.3437083324645647, 0.7316426692472295, 0.5191877549344636, -0.32660017161088256, 0.46782813060216927]","[[-0.5084152101959292, -0.17900145473320023], [0.566935791515865, 0.896349546978594], [0.35448087720309907, 0.6838946326658281], [-0.49130704934224706, -0.16189329387951806], [0.30312125287080477, 0.6325350083335337]]","[-0.14168363168398104, 0.5597021865969939, 0.4442921568289837, -0.13145419193110236]","[0.04, 0.06, 0.08, 0.1]","[0.0, 0.0, 0.0, 0.0]",0.12,0.06,0.0501612999999
high_noise,138,evaluated,2.74511462886,True,"[-0.32546805802919715, 0.6705432118166617, 0.51798034011421, -0.3706550172993314, 0.44820737041859227]","[-0.3437083324645647, 0.7316426692472295, 0.5191877549344636, -0.32660017161088256, 0.46782813060216927]","[[-0.5084152101959292, -0.17900145473320023], [0.566935791515865, 0.896349546978594], [0.35448087720309907, 0.6838946326658281], [-0.49130704934224706, -0.16189329387951806], [0.30312125287080477, 0.6325350083335337]]","[-0.09804689949528464, 0.6046777862629452, 0.5503178827029995, -0.03200764014360993]","[0.12, 0.18, 0.24, 0.30000000000000004]","[0.0, 0.0, 0.0, 0.0]",1.2,0.6,0.0441483
bounded_nuisance_bias,138,evaluated,2.74511462886,True,"[-0.32546805802919715, 0.6705432118166617, 0.51798034011421, -0.3706550172993314, 0.44820737041859227]","[-0.3437083324645647, 0.7316426692472295, 0.5191877549344636, -0.32660017161088256, 0.46782813060216927]","[[-0.5084152101959292, -0.17900145473320023], [0.566935791515865, 0.896349546978594], [0.35448087720309907, 0.6838946326658281], [-0.49130704934224706, -0.16189329387951806], [0.30312125287080477, 0.6325350083335337]]","[-0.20168363168398104, 0.6197021865969938, 0.3842921568289837, -0.07145419193110236]","[0.04, 0.06, 0.08, 0.1]","[0.06, 0.06, 0.06, 0.06]",1.2,0.6,0.0513293000001
nominal,139,evaluated,2.52497278592,True,"[0.33925685080547785, 0.6156274229319525, 0.5362407037831158, 0.20734613607335062, 0.2871589761224447]","[0.2509164303011112, 0.6476389715178478, 0.5223030960003439, 0.1367151534597838, 0.2444501716314837]","[[0.09941806314600318, 0.4024147974562192], [0.49614060436273977, 0.7991373386729558], [0.37080472884523585, 0.6738014631554519], [-0.014783213695324232, 0.2882135206148918], [0.09295180447637566, 0.39594853878659175]]","[0.31260841178245713, 0.4937035020074077, 0.5812814536293441, 0.12636071698181298]","[0.04, 0.06, 0.08, 0.1]","[0.0, 0.0, 0.0, 0.0]",1.2,0.6,0.00798610000015
extrapolation,139,evaluated,2.52497278592,True,"[-0.7, -0.5499999999999999, -0.39999999999999997, -0.25, 0.95]","[-0.7883404205043666, -0.5179884514141047, -0.41393760778277194, -0.3206309826135668, 0.907291195509039]","[[-0.9398387876594746, -0.6368420533492586], [-0.6694868185692127, -0.36649008425899665], [-0.56543597493788, -0.2624392406276639], [-0.4721293497686748, -0.16913261545845878], [0.755792828353931, 1.0]]","[-0.1984742619463647, -0.22862208891151486, -0.018729196358668765, -0.14219469070556193]","[0.04, 0.06, 0.08, 0.1]","[0.0, 0.0, 0.0, 0.0]",1.2,0.6,0.0138714
proxy_shift,139,evaluated,2.52497278592,False,"[0.33925685080547785, 0.6156274229319525, 0.5362407037831158, 0.20734613607335062, 0.2871589761224447]","[0.07423558929237783, 0.7116620686896383, 0.4944278804347999, -0.004546811767349779, 0.15903256264956175]","[[-0.0772627778627302, 0.22573395644748587], [0.5601637015345303, 0.8631604358447463], [0.3429295132796919, 0.6459262475899079], [-0.1560451789224578, 0.14695155538775825], [0.0075341954944537215, 0.3105309298046698]]","[0.31260841178245713, 0.4937035020074077, 0.5812814536293441, 0.12636071698181298]","[0.04, 0.06, 0.08, 0.1]","[0.0, 0.0, 0.0, 0.0]",1.2,0.6,0.0493486
understated_LH,139,evaluated,2.52497278592,True,"[0.33925685080547785, 0.6156274229319525, 0.5362407037831158, 0.20734613607335062, 0.2871589761224447]","[0.2509164303011112, 0.6476389715178478, 0.5223030960003439, 0.1367151534597838, 0.2444501716314837]","[[0.09941806314600318, 0.4024147974562192], [0.49614060436273977, 0.7991373386729558], [0.37080472884523585, 0.6738014631554519], [-0.014783213695324232, 0.2882135206148918], [0.09295180447637566, 0.39594853878659175]]","[0.31260841178245713, 0.4937035020074077, 0.5812814536293441, 0.12636071698181298]","[0.04, 0.06, 0.08, 0.1]","[0.0, 0.0, 0.0, 0.0]",0.12,0.06,0.0080089999999
high_noise,139,evaluated,2.52497278592,True,"[0.33925685080547785, 0.6156274229319525, 0.5362407037831158, 0.20734613607335062, 0.2871589761224447]","[0.2509164303011112, 0.6476389715178478, 0.5223030960003439, 0.1367151534597838, 0.2444501716314837]","[[0.09941806314600318, 0.4024147974562192], [0.49614060436273977, 0.7991373386729558], [0.37080472884523585, 0.6738014631554519], [-0.014783213695324232, 0.2882135206148918], [0.09295180447637566, 0.39594853878659175]]","[0.4616598878897278, 0.5149593241843778, 0.9278230609120064, 0.10447133557068913]","[0.12, 0.18, 0.24, 0.30000000000000004]","[0.0, 0.0, 0.0, 0.0]",1.2,0.6,0.00683770000001
bounded_nuisance_bias,139,evaluated,2.52497278592,True,"[0.33925685080547785, 0.6156274229319525, 0.5362407037831158, 0.20734613607335062, 0.2871589761224447]","[0.2509164303011112, 0.6476389715178478, 0.5223030960003439, 0.1367151534597838, 0.2444501716314837]","[[0.09941806314600318, 0.4024147974562192], [0.49614060436273977, 0.7991373386729558], [0.37080472884523585, 0.6738014631554519], [-0.014783213695324232, 0.2882135206148918], [0.09295180447637566, 0.39594853878659175]]","[0.25260841178245713, 0.5537035020074077, 0.5212814536293442, 0.18636071698181297]","[0.04, 0.06, 0.08, 0.1]","[0.06, 0.06, 0.06, 0.06]",1.2,0.6,0.00903860000017
nominal,140,evaluated,2.73813494891,True,"[0.7383642429760873, -0.741880170173531, -0.742688744626348, -0.043521446952675236, 0.054391964634579515]","[0.8213478246091636, -0.7180074081975392, -0.7832926039349349, -0.14602041170454066, 0.1671582775907547]","[[0.657059727674486, 0.9856359215438412], [-0.8822955051322168, -0.5537193112628616], [-0.9475807008696125, -0.6190045070002573], [-0.31030850863921833, 0.01826768523013697], [0.0028701806560770537, 0.33144637452543235]]","[0.61054798662174, -0.2658368046655859, -0.3386206621830202, -0.11093722175677057]","[0.04, 0.06, 0.08, 0.1]","[0.0, 0.0, 0.0, 0.0]",1.2,0.6,0.0514913
extrapolation,140,evaluated,2.73813494891,True,"[-0.7, -0.5499999999999999, -0.39999999999999997, -0.25, 0.95]","[-0.6170164183669237, -0.5261272380240081, -0.4406038593085868, -0.35249896475186543, 1.0]","[[-0.7813045153016013, -0.45272832143224606], [-0.6904153349586857, -0.36183914108933046], [-0.6048919562432644, -0.2763157623739092], [-0.5167870616865431, -0.1882108678171878], [0.8357119030653224, 1.0]]","[-0.2690250857556075, -0.2250745586304794, -0.2504833868256096, -0.21664258848862178]","[0.04, 0.06, 0.08, 0.1]","[0.0, 0.0, 0.0, 0.0]",1.2,0.6,0.0159460999998
proxy_shift,140,evaluated,2.73813494891,False,"[0.7383642429760873, -0.741880170173531, -0.742688744626348, -0.043521446952675236, 0.054391964634579515]","[0.9873149878753161, -0.6702618842455554, -0.8645003225521086, -0.3510183412082715, 0.3926909035031051]","[[0.8230268909406385, 1.0], [-0.834549981180233, -0.5059737873108778], [-1.0, -0.700212225617431], [-0.5153064381429492, -0.1867302442735939], [0.22840280656842746, 0.5569790004377827]]","[0.61054798662174, -0.2658368046655859, -0.3386206621830202, -0.11093722175677057]","[0.04, 0.06, 0.08, 0.1]","[0.0, 0.0, 0.0, 0.0]",1.2,0.6,0.0590202000001
understated_LH,140,evaluated,2.73813494891,True,"[0.7383642429760873, -0.741880170173531, -0.742688744626348, -0.043521446952675236, 0.054391964634579515]","[0.8213478246091636, -0.7180074081975392, -0.7832926039349349, -0.14602041170454066, 0.1671582775907547]","[[0.657059727674486, 0.9856359215438412], [-0.8822955051322168, -0.5537193112628616], [-0.9475807008696125, -0.6190045070002573], [-0.31030850863921833, 0.01826768523013697], [0.0028701806560770537, 0.33144637452543235]]","[0.61054798662174, -0.2658368046655859, -0.3386206621830202, -0.11093722175677057]","[0.04, 0.06, 0.08, 0.1]","[0.0, 0.0, 0.0, 0.0]",0.12,0.06,0.0499358
high_noise,140,evaluated,2.73813494891,True,"[0.7383642429760873, -0.741880170173531, -0.742688744626348, -0.043521446952675236, 0.054391964634579515]","[0.8213478246091636, -0.7180074081975392, -0.7832926039349349, -0.14602041170454066, 0.1671582775907547]","[[0.657059727674486, 0.9856359215438412], [-0.8822955051322168, -0.5537193112628616], [-0.9475807008696125, -0.6190045070002573], [-0.31030850863921833, 0.01826768523013697], [0.0028701806560770537, 0.33144637452543235]]","[0.618497815110525, -0.23748592192654477, -0.4555874358342395, -0.2817223987340141]","[0.12, 0.18, 0.24, 0.30000000000000004]","[0.0, 0.0, 0.0, 0.0]",1.2,0.6,0.0503748000001
bounded_nuisance_bias,140,evaluated,2.73813494891,True,"[0.7383642429760873, -0.741880170173531, -0.742688744626348, -0.043521446952675236, 0.054391964634579515]","[0.8213478246091636, -0.7180074081975392, -0.7832926039349349, -0.14602041170454066, 0.1671582775907547]","[[0.657059727674486, 0.9856359215438412], [-0.8822955051322168, -0.5537193112628616], [-0.9475807008696125, -0.6190045070002573], [-0.31030850863921833, 0.01826768523013697], [0.0028701806560770537, 0.33144637452543235]]","[0.55054798662174, -0.2058368046655859, -0.3986206621830202, -0.05093722175677057]","[0.04, 0.06, 0.08, 0.1]","[0.06, 0.06, 0.06, 0.06]",1.2,0.6,0.0470371000001
nominal,141,evaluated,2.6889498802,True,"[0.1857122329374299, 0.047477863228768014, -0.6636017733863127, -0.11205718393156405, -0.6009141772471205]","[0.11979234133333677, 0.11475451538717363, -0.6670768937917412, -0.13950465227069905, -0.5065709960087227]","[[-0.041544651478486266, 0.28112933414515984], [-0.04658247742464941, 0.27609150819899664], [-0.8284138866035642, -0.5057399009799182], [-0.3008416450825221, 0.021832340541123985], [-0.6679079888205457, -0.3452340031968997]]","[0.05810368413456447, 0.024818707910402842, -0.26280382479448544, -0.13981040074352916]","[0.04, 0.06, 0.08, 0.1]","[0.0, 0.0, 0.0, 0.0]",1.2,0.6,0.0377002
extrapolation,141,evaluated,2.6889498802,True,"[-0.7, -0.5499999999999999, -0.39999999999999997, -0.25, 0.95]","[-0.765919891604093, -0.4827233478415943, -0.40347512040542854, -0.277447468339135, 1.0]","[[-0.927256884415916, -0.60458289879227], [-0.6440603406534173, -0.3213863550297713], [-0.5648121132172516, -0.2421381275936055], [-0.43878446115095804, -0.11611047552731193], [0.838663007188177, 1.0]]","[-0.33667036566667535, -0.24359425427588882, -0.18875295485513555, -0.20759313412579244]","[0.04, 0.06, 0.08, 0.1]","[0.0, 0.0, 0.0, 0.0]",1.2,0.6,0.0134231
proxy_shift,141,evaluated,2.6889498802,False,"[0.1857122329374299, 0.047477863228768014, -0.6636017733863127, -0.11205718393156405, -0.6009141772471205]","[-0.012047441874849463, 0.24930781970398486, -0.6740271346025983, -0.19439958894896903, -0.31788463353192703]","[[-0.1733844346866725, 0.14928955093697358], [0.08797082689216182, 0.41064481251580787], [-0.8353641274144213, -0.5126901417907753], [-0.35573658176079204, -0.03306259613714599], [-0.4792216263437501, -0.156547640720104]]","[0.05810368413456447, 0.024818707910402842, -0.26280382479448544, -0.13981040074352916]","[0.04, 0.06, 0.08, 0.1]","[0.0, 0.0, 0.0, 0.0]",1.2,0.6,0.0461339999999
understated_LH,141,evaluated,2.6889498802,True,"[0.1857122329374299, 0.047477863228768014, -0.6636017733863127, -0.11205718393156405, -0.6009141772471205]","[0.11979234133333677, 0.11475451538717363, -0.6670768937917412, -0.13950465227069905, -0.5065709960087227]","[[-0.041544651478486266, 0.28112933414515984], [-0.04658247742464941, 0.27609150819899664], [-0.8284138866035642, -0.5057399009799182], [-0.3008416450825221, 0.021832340541123985], [-0.6679079888205457, -0.3452340031968997]]","[0.05810368413456447, 0.024818707910402842, -0.26280382479448544, -0.13981040074352916]","[0.04, 0.06, 0.08, 0.1]","[0.0, 0.0, 0.0, 0.0]",0.12,0.06,0.014754
high_noise,141,evaluated,2.6889498802,True,"[0.1857122329374299, 0.047477863228768014, -0.6636017733863127, -0.11205718393156405, -0.6009141772471205]","[0.11979234133333677, 0.11475451538717363, -0.6670768937917412, -0.13950465227069905, -0.5065709960087227]","[[-0.041544651478486266, 0.28112933414515984], [-0.04658247742464941, 0.27609150819899664], [-0.8284138866035642, -0.5057399009799182], [-0.3008416450825221, 0.021832340541123985], [-0.6679079888205457, -0.3452340031968997]]","[-0.06923704719878615, 0.016130199358625148, -0.2563097345047566, -0.29249666899511406]","[0.12, 0.18, 0.24, 0.30000000000000004]","[0.0, 0.0, 0.0, 0.0]",1.2,0.6,0.0469188
bounded_nuisance_bias,141,evaluated,2.6889498802,True,"[0.1857122329374299, 0.047477863228768014, -0.6636017733863127, -0.11205718393156405, -0.6009141772471205]","[0.11979234133333677, 0.11475451538717363, -0.6670768937917412, -0.13950465227069905, -0.5065709960087227]","[[-0.041544651478486266, 0.28112933414515984], [-0.04658247742464941, 0.27609150819899664], [-0.8284138866035642, -0.5057399009799182], [-0.3008416450825221, 0.021832340541123985], [-0.6679079888205457, -0.3452340031968997]]","[-0.0018963158654355244, 0.08481870791040284, -0.32280382479448544, -0.07981040074352916]","[0.04, 0.06, 0.08, 0.1]","[0.06, 0.06, 0.06, 0.06]",1.2,0.6,0.0373441000002
nominal,142,evaluated,2.50603904087,True,"[0.44433453354813945, 0.12091784951011653, 0.37398187740092137, -0.040186560482710965, 0.5040024460453731]","[0.44804193091785177, 0.14897631459717015, 0.39006553299109664, -0.034090975097164786, 0.5028461270296812]","[[0.2976795884657434, 0.5984042733699602], [-0.0013860278549382432, 0.29933865704927853], [0.23970319053898825, 0.540427875443205], [-0.1844533175492732, 0.1162713673549436], [0.35248378457757285, 0.6532084694817897]]","[0.40980884934280326, 0.09587266906623351, 0.33813584175727995, -0.000995718527580302]","[0.04, 0.06, 0.08, 0.1]","[0.0, 0.0, 0.0, 0.0]",1.2,0.6,0.00814400000013
extrapolation,142,evaluated,2.50603904087,True,"[-0.7, -0.5499999999999999, -0.39999999999999997, -0.25, 0.95]","[-0.6962926026302877, -0.5219415349129464, -0.3839163444098247, -0.24390441461445383, 0.948843680984308]","[[-0.8466549450823961, -0.5459302601781792], [-0.6723038773650547, -0.371579192460838], [-0.5342786868619331, -0.2335540019577163], [-0.3942667570665622, -0.09354207216234545], [0.7984813385321996, 1.0]]","[-0.18902182409711324, -0.22031437853888172, -0.12021201807056814, -0.10861827013098291]","[0.04, 0.06, 0.08, 0.1]","[0.0, 0.0, 0.0, 0.0]",1.2,0.6,0.0120035000002
proxy_shift,142,evaluated,2.50603904087,True,"[0.44433453354813945, 0.12091784951011653, 0.37398187740092137, -0.040186560482710965, 0.5040024460453731]","[0.4554567256572764, 0.20509324477127738, 0.42223284417144724, -0.021899804326072435, 0.5005334889982974]","[[0.305094383205168, 0.6058190681093848], [0.054730902319168995, 0.35545558722338577], [0.27187050171933885, 0.5725951866235557], [-0.17226214677818083, 0.12846253812603595], [0.350171146546189, 0.6508958314504059]]","[0.40980884934280326, 0.09587266906623351, 0.33813584175727995, -0.000995718527580302]","[0.04, 0.06, 0.08, 0.1]","[0.0, 0.0, 0.0, 0.0]",1.2,0.6,0.0083302999999
understated_LH,142,evaluated,2.50603904087,True,"[0.44433453354813945, 0.12091784951011653, 0.37398187740092137, -0.040186560482710965, 0.5040024460453731]","[0.44804193091785177, 0.14897631459717015, 0.39006553299109664, -0.034090975097164786, 0.5028461270296812]","[[0.2976795884657434, 0.5984042733699602], [-0.0013860278549382432, 0.29933865704927853], [0.23970319053898825, 0.540427875443205], [-0.1844533175492732, 0.1162713673549436], [0.35248378457757285, 0.6532084694817897]]","[0.40980884934280326, 0.09587266906623351, 0.33813584175727995, -0.000995718527580302]","[0.04, 0.06, 0.08, 0.1]","[0.0, 0.0, 0.0, 0.0]",0.12,0.06,0.00890720000007
high_noise,142,evaluated,2.50603904087,True,"[0.44433453354813945, 0.12091784951011653, 0.37398187740092137, -0.040186560482710965, 0.5040024460453731]","[0.44804193091785177, 0.14897631459717015, 0.39006553299109664, -0.034090975097164786, 0.5028461270296812]","[[0.2976795884657434, 0.5984042733699602], [-0.0013860278549382432, 0.29933865704927853], [0.23970319053898825, 0.540427875443205], [-0.1844533175492732, 0.1162713673549436], [0.35248378457757285, 0.6532084694817897]]","[0.5777652011485768, 0.13374391198847002, 0.4817118056161437, 0.04426774121045389]","[0.12, 0.18, 0.24, 0.30000000000000004]","[0.0, 0.0, 0.0, 0.0]",1.2,0.6,0.0058011000001
bounded_nuisance_bias,142,evaluated,2.50603904087,True,"[0.44433453354813945, 0.12091784951011653, 0.37398187740092137, -0.040186560482710965, 0.5040024460453731]","[0.44804193091785177, 0.14897631459717015, 0.39006553299109664, -0.034090975097164786, 0.5028461270296812]","[[0.2976795884657434, 0.5984042733699602], [-0.0013860278549382432, 0.29933865704927853], [0.23970319053898825, 0.540427875443205], [-0.1844533175492732, 0.1162713673549436], [0.35248378457757285, 0.6532084694817897]]","[0.34980884934280326, 0.1558726690662335, 0.27813584175727996, 0.05900428147241969]","[0.04, 0.06, 0.08, 0.1]","[0.06, 0.06, 0.06, 0.06]",1.2,0.6,0.00694190000013
nominal,143,evaluated,2.45296841514,False,"[-0.445061503187935, 0.47258741939338633, -0.1939368287468769, 0.4749586735002935, 0.6667461022347669]","[-0.4671331377805862, 0.48962932178229557, -0.2820895883043178, 0.4223009473095205, 0.5088050012407961]","[[-0.6143112426889218, -0.3199550328722506], [0.34245121687395996, 0.6368074266906312], [-0.42926769321265346, -0.13491148339598216], [0.2751228424011849, 0.5694790522178561], [0.3616268963324605, 0.6559831061491317]]","[-0.21451578910893557, 0.36022913410337287, -0.009392587254177145, 0.3833164219047698]","[0.04, 0.06, 0.08, 0.1]","[0.0, 0.0, 0.0, 0.0]",1.2,0.6,0.0117857
extrapolation,143,evaluated,2.45296841514,False,"[-0.7, -0.5499999999999999, -0.39999999999999997, -0.25, 0.95]","[-0.7220716345926511, -0.5329580976110907, -0.48815275955744086, -0.302657726190773, 0.7920588990060291]","[[-0.8692497395009867, -0.5748935296843155], [-0.6801362025194263, -0.3857799927027551], [-0.6353308644657765, -0.34097465464910526], [-0.44983583109910863, -0.1554796212824374], [0.6448807940976935, 0.9392370039143647]]","[-0.2799028096821458, -0.22957497822332898, -0.09631393806936962, -0.1005845046553539]","[0.04, 0.06, 0.08, 0.1]","[0.0, 0.0, 0.0, 0.0]",1.2,0.6,0.0111957000001
proxy_shift,143,evaluated,2.45296841514,False,"[-0.445061503187935, 0.47258741939338633, -0.1939368287468769, 0.4749586735002935, 0.6667461022347669]","[-0.5112764069658886, 0.523713126560114, -0.45839510741919964, 0.3169854949279745, 0.19292279925285455]","[[-0.6584545118742242, -0.364098302057553], [0.37653502165177843, 0.6708912314684496], [-0.6055732123275352, -0.31121700251086404], [0.16980739001963888, 0.46416359983631017], [0.045744694344518916, 0.3401009041611902]]","[-0.21451578910893557, 0.36022913410337287, -0.009392587254177145, 0.3833164219047698]","[0.04, 0.06, 0.08, 0.1]","[0.0, 0.0, 0.0, 0.0]",1.2,0.6,0.0371128999998
understated_LH,143,evaluated,2.45296841514,False,"[-0.445061503187935, 0.47258741939338633, -0.1939368287468769, 0.4749586735002935, 0.6667461022347669]","[-0.4671331377805862, 0.48962932178229557, -0.2820895883043178, 0.4223009473095205, 0.5088050012407961]","[[-0.6143112426889218, -0.3199550328722506], [0.34245121687395996, 0.6368074266906312], [-0.42926769321265346, -0.13491148339598216], [0.2751228424011849, 0.5694790522178561], [0.3616268963324605, 0.6559831061491317]]","[-0.21451578910893557, 0.36022913410337287, -0.009392587254177145, 0.3833164219047698]","[0.04, 0.06, 0.08, 0.1]","[0.0, 0.0, 0.0, 0.0]",0.12,0.06,0.0110566999999
high_noise,143,evaluated,2.45296841514,False,"[-0.445061503187935, 0.47258741939338633, -0.1939368287468769, 0.4749586735002935, 0.6667461022347669]","[-0.4671331377805862, 0.48962932178229557, -0.2820895883043178, 0.4223009473095205, 0.5088050012407961]","[[-0.6143112426889218, -0.3199550328722506], [0.34245121687395996, 0.6368074266906312], [-0.42926769321265346, -0.13491148339598216], [0.2751228424011849, 0.5694790522178561], [0.3616268963324605, 0.6559831061491317]]","[-0.2283214084732272, 0.37957917765671484, 0.18197953660708352, 0.444647412594062]","[0.12, 0.18, 0.24, 0.30000000000000004]","[0.0, 0.0, 0.0, 0.0]",1.2,0.6,0.00779719999991
bounded_nuisance_bias,143,evaluated,2.45296841514,False,"[-0.445061503187935, 0.47258741939338633, -0.1939368287468769, 0.4749586735002935, 0.6667461022347669]","[-0.4671331377805862, 0.48962932178229557, -0.2820895883043178, 0.4223009473095205, 0.5088050012407961]","[[-0.6143112426889218, -0.3199550328722506], [0.34245121687395996, 0.6368074266906312], [-0.42926769321265346, -0.13491148339598216], [0.2751228424011849, 0.5694790522178561], [0.3616268963324605, 0.6559831061491317]]","[-0.2745157891089356, 0.42022913410337287, -0.06939258725417714, 0.4433164219047698]","[0.04, 0.06, 0.08, 0.1]","[0.06, 0.06, 0.06, 0.06]",1.2,0.6,0.00961140000004
nominal,144,evaluated,2.50128899461,True,"[0.7058193328602111, 0.15115850133504716, -0.14119876399001063, -0.5689713280639487, 0.1717079041420323]","[0.6156656503386627, 0.13719191005185166, -0.1298131960862553, -0.6438922415742537, 0.19798253533569954]","[[0.46558831066211703, 0.7657429900152084], [-0.01288542962469405, 0.2872692497283974], [-0.279890535762801, 0.020264143590290412], [-0.7939695812507994, -0.49381490189770805], [0.047905195659153826, 0.3480598750122452]]","[0.5843948134309946, 0.09370720670579093, -0.048595288288621065, -0.29179519645034935]","[0.04, 0.06, 0.08, 0.1]","[0.0, 0.0, 0.0, 0.0]",1.2,0.6,0.0458409
extrapolation,144,evaluated,2.50128899461,True,"[-0.7, -0.5499999999999999, -0.39999999999999997, -0.25, 0.95]","[-0.7901536825215484, -0.5639665912831954, -0.38861443209624463, -0.3249209135103051, 0.9762746311936672]","[[-0.9402310221980941, -0.6400763428450027], [-0.7140439309597411, -0.4138892516066497], [-0.5386917717727904, -0.23853709241969892], [-0.47499825318685085, -0.1748435738337594], [0.8261972915171215, 1.0]]","[-0.26155106547690204, -0.24309256185299458, -0.1618571571803067, -0.17878091125963624]","[0.04, 0.06, 0.08, 0.1]","[0.0, 0.0, 0.0, 0.0]",1.2,0.6,0.0142658000002
proxy_shift,144,evaluated,2.50128899461,False,"[0.7058193328602111, 0.15115850133504716, -0.14119876399001063, -0.5689713280639487, 0.1717079041420323]","[0.43535828529556575, 0.1092587274854607, -0.1070420602787446, -0.793734068594864, 0.250531797723034]","[[0.28528094561902007, 0.5854356249721114], [-0.04081861219108501, 0.2593360671620064], [-0.2571193999552903, 0.04303527939780111], [-0.9438114082714096, -0.6436567289183183], [0.10045445804648831, 0.4006091373995797]]","[0.5843948134309946, 0.09370720670579093, -0.048595288288621065, -0.29179519645034935]","[0.04, 0.06, 0.08, 0.1]","[0.0, 0.0, 0.0, 0.0]",1.2,0.6,0.0498075
understated_LH,144,evaluated,2.50128899461,True,"[0.7058193328602111, 0.15115850133504716, -0.14119876399001063, -0.5689713280639487, 0.1717079041420323]","[0.6156656503386627, 0.13719191005185166, -0.1298131960862553, -0.6438922415742537, 0.19798253533569954]","[[0.46558831066211703, 0.7657429900152084], [-0.01288542962469405, 0.2872692497283974], [-0.279890535762801, 0.020264143590290412], [-0.7939695812507994, -0.49381490189770805], [0.047905195659153826, 0.3480598750122452]]","[0.5843948134309946, 0.09370720670579093, -0.048595288288621065, -0.29179519645034935]","[0.04, 0.06, 0.08, 0.1]","[0.0, 0.0, 0.0, 0.0]",0.12,0.06,0.016036
high_noise,144,evaluated,2.50128899461,True,"[0.7058193328602111, 0.15115850133504716, -0.14119876399001063, -0.5689713280639487, 0.1717079041420323]","[0.6156656503386627, 0.13719191005185166, -0.1298131960862553, -0.6438922415742537, 0.19798253533569954]","[[0.46558831066211703, 0.7657429900152084], [-0.01288542962469405, 0.2872692497283974], [-0.279890535762801, 0.020264143590290412], [-0.7939695812507994, -0.49381490189770805], [0.047905195659153826, 0.3480598750122452]]","[0.6072926824771906, 0.08602208299980171, 0.011690397350765519, -0.3868570189696219]","[0.12, 0.18, 0.24, 0.30000000000000004]","[0.0, 0.0, 0.0, 0.0]",1.2,0.6,0.0632642999999
bounded_nuisance_bias,144,evaluated,2.50128899461,True,"[0.7058193328602111, 0.15115850133504716, -0.14119876399001063, -0.5689713280639487, 0.1717079041420323]","[0.6156656503386627, 0.13719191005185166, -0.1298131960862553, -0.6438922415742537, 0.19798253533569954]","[[0.46558831066211703, 0.7657429900152084], [-0.01288542962469405, 0.2872692497283974], [-0.279890535762801, 0.020264143590290412], [-0.7939695812507994, -0.49381490189770805], [0.047905195659153826, 0.3480598750122452]]","[0.5243948134309946, 0.1537072067057909, -0.10859528828862106, -0.23179519645034935]","[0.04, 0.06, 0.08, 0.1]","[0.06, 0.06, 0.06, 0.06]",1.2,0.6,0.0459331000002
nominal,145,evaluated,2.32635282882,False,"[0.06038849002286817, -0.5872698190909041, 0.6585309765477207, -0.6721791052868078, -0.038919062989316466]","[0.09417646562372142, -0.575721753696436, 0.7148666907032727, -0.8186079733700331, -0.02079282476262906]","[[-0.045404704105342614, 0.23375763535278546], [-0.7153029234255, -0.43614058396737193], [0.5752855209742087, 0.8544478604323367], [-0.9581891430990972, -0.679026803640969], [-0.1603739944916931, 0.11878834496643498]]","[0.06822299574186658, -0.2907890861477027, 0.6395228545512751, -0.2971552259535096]","[0.04, 0.06, 0.08, 0.1]","[0.0, 0.0, 0.0, 0.0]",1.2,0.6,0.0378642000001
extrapolation,145,evaluated,2.32635282882,False,"[-0.7, -0.5499999999999999, -0.39999999999999997, -0.25, 0.95]","[-0.6662120243991467, -0.5384519346055318, -0.343664285844448, -0.3964288680832253, 0.9681262382266873]","[[-0.8057931941282108, -0.5266308546700826], [-0.6780331043345957, -0.3988707648764677], [-0.48324545557351206, -0.204083116115384], [-0.5360100378122894, -0.25684769835416127], [0.8285450684976232, 1.0]]","[-0.24210412919002697, -0.28114294681767915, -0.07769464549922572, -0.160645187656677]","[0.04, 0.06, 0.08, 0.1]","[0.0, 0.0, 0.0, 0.0]",1.2,0.6,0.0104093
proxy_shift,145,evaluated,2.32635282882,False,"[0.06038849002286817, -0.5872698190909041, 0.6585309765477207, -0.6721791052868078, -0.038919062989316466]","[0.1617524168254279, -0.5526256229074996, 0.8275381190143766, -1.0, 0.015459651690745757]","[[0.022171247096363866, 0.30133358655449194], [-0.6922067926365636, -0.4130444531784356], [0.6879569492853126, 0.9671192887434406], [-1.0, -0.8604188302709359], [-0.12412151803831828, 0.1550408214198098]]","[0.06822299574186658, -0.2907890861477027, 0.6395228545512751, -0.2971552259535096]","[0.04, 0.06, 0.08, 0.1]","[0.0, 0.0, 0.0, 0.0]",1.2,0.6,0.0469501
understated_LH,145,evaluated,2.32635282882,False,"[0.06038849002286817, -0.5872698190909041, 0.6585309765477207, -0.6721791052868078, -0.038919062989316466]","[0.09417646562372142, -0.575721753696436, 0.7148666907032727, -0.8186079733700331, -0.02079282476262906]","[[-0.045404704105342614, 0.23375763535278546], [-0.7153029234255, -0.43614058396737193], [0.5752855209742087, 0.8544478604323367], [-0.9581891430990972, -0.679026803640969], [-0.1603739944916931, 0.11878834496643498]]","[0.06822299574186658, -0.2907890861477027, 0.6395228545512751, -0.2971552259535096]","[0.04, 0.06, 0.08, 0.1]","[0.0, 0.0, 0.0, 0.0]",0.12,0.06,0.0719222999999
high_noise,145,evaluated,2.32635282882,False,"[0.06038849002286817, -0.5872698190909041, 0.6585309765477207, -0.6721791052868078, -0.038919062989316466]","[0.09417646562372142, -0.575721753696436, 0.7148666907032727, -0.8186079733700331, -0.02079282476262906]","[[-0.045404704105342614, 0.23375763535278546], [-0.7153029234255, -0.43614058396737193], [0.5752855209742087, 0.8544478604323367], [-0.9581891430990972, -0.679026803640969], [-0.1603739944916931, 0.11878834496643498]]","[0.13001473736181268, -0.37457497978306104, 0.8681335635528236, -0.35594560126686364]","[0.12, 0.18, 0.24, 0.30000000000000004]","[0.0, 0.0, 0.0, 0.0]",1.2,0.6,0.0525123999998
bounded_nuisance_bias,145,evaluated,2.32635282882,False,"[0.06038849002286817, -0.5872698190909041, 0.6585309765477207, -0.6721791052868078, -0.038919062989316466]","[0.09417646562372142, -0.575721753696436, 0.7148666907032727, -0.8186079733700331, -0.02079282476262906]","[[-0.045404704105342614, 0.23375763535278546], [-0.7153029234255, -0.43614058396737193], [0.5752855209742087, 0.8544478604323367], [-0.9581891430990972, -0.679026803640969], [-0.1603739944916931, 0.11878834496643498]]","[0.008222995741866579, -0.23078908614770272, 0.5795228545512752, -0.23715522595350963]","[0.04, 0.06, 0.08, 0.1]","[0.06, 0.06, 0.06, 0.06]",1.2,0.6,0.039667
nominal,146,evaluated,2.54630580314,True,"[0.21654231549015224, -0.7070003033645966, -0.5860430540394854, -0.2205545185112726, -0.04795757603062323]","[0.08979655504455247, -0.7151249339537127, -0.5475137016504393, -0.3607987091593641, -0.04077661235829373]","[[-0.0629817931441026, 0.24257490323320754], [-0.8679032821423678, -0.5623465857650576], [-0.7002920498390944, -0.39473535346178423], [-0.5135770573480192, -0.208020360970709], [-0.19355496054694882, 0.11200173583036134]]","[0.12535026905958432, -0.24094943521057888, -0.2921969321760369, -0.09811900733765372]","[0.04, 0.06, 0.08, 0.1]","[0.0, 0.0, 0.0, 0.0]",1.2,0.6,0.0460284999999
extrapolation,146,evaluated,2.54630580314,True,"[-0.7, -0.5499999999999999, -0.39999999999999997, -0.25, 0.95]","[-0.8267457604455997, -0.558124630589116, -0.3614706476109538, -0.39024419064809146, 0.9571809636723294]","[[-0.9795241086342548, -0.6739674122569446], [-0.7109029787777711, -0.4053462824004609], [-0.5142489957996089, -0.20869229942229875], [-0.5430225388367466, -0.2374658424594364], [0.8044026154836743, 1.0]]","[-0.29164229255385804, -0.20595408187911035, -0.23560503810872382, -0.11162958492161194]","[0.04, 0.06, 0.08, 0.1]","[0.0, 0.0, 0.0, 0.0]",1.2,0.6,0.0126133000001
proxy_shift,146,evaluated,2.54630580314,False,"[0.21654231549015224, -0.7070003033645966, -0.5860430540394854, -0.2205545185112726, -0.04795757603062323]","[-0.16369496584664706, -0.7313741951319447, -0.47045499687234704, -0.641287090455547, -0.026414685013634732]","[[-0.3164733140353021, -0.010916617657991984], [-0.8841525433205998, -0.5785958469432896], [-0.6232333450610021, -0.31767664868369194], [-0.7940654386442021, -0.4885087422668919], [-0.1791930332022898, 0.12636366317502035]]","[0.12535026905958432, -0.24094943521057888, -0.2921969321760369, -0.09811900733765372]","[0.04, 0.06, 0.08, 0.1]","[0.0, 0.0, 0.0, 0.0]",1.2,0.6,0.00563260000013
understated_LH,146,evaluated,2.54630580314,True,"[0.21654231549015224, -0.7070003033645966, -0.5860430540394854, -0.2205545185112726, -0.04795757603062323]","[0.08979655504455247, -0.7151249339537127, -0.5475137016504393, -0.3607987091593641, -0.04077661235829373]","[[-0.0629817931441026, 0.24257490323320754], [-0.8679032821423678, -0.5623465857650576], [-0.7002920498390944, -0.39473535346178423], [-0.5135770573480192, -0.208020360970709], [-0.19355496054694882, 0.11200173583036134]]","[0.12535026905958432, -0.24094943521057888, -0.2921969321760369, -0.09811900733765372]","[0.04, 0.06, 0.08, 0.1]","[0.0, 0.0, 0.0, 0.0]",0.12,0.06,0.0597250000001
high_noise,146,evaluated,2.54630580314,True,"[0.21654231549015224, -0.7070003033645966, -0.5860430540394854, -0.2205545185112726, -0.04795757603062323]","[0.08979655504455247, -0.7151249339537127, -0.5475137016504393, -0.3607987091593641, -0.04077661235829373]","[[-0.0629817931441026, 0.24257490323320754], [-0.8679032821423678, -0.5623465857650576], [-0.7002920498390944, -0.39473535346178423], [-0.5135770573480192, -0.208020360970709], [-0.19355496054694882, 0.11200173583036134]]","[0.08806568395186831, -0.1743575989687996, -0.3794070083934846, -0.0588781771808776]","[0.12, 0.18, 0.24, 0.30000000000000004]","[0.0, 0.0, 0.0, 0.0]",1.2,0.6,0.0449593999999
bounded_nuisance_bias,146,evaluated,2.54630580314,True,"[0.21654231549015224, -0.7070003033645966, -0.5860430540394854, -0.2205545185112726, -0.04795757603062323]","[0.08979655504455247, -0.7151249339537127, -0.5475137016504393, -0.3607987091593641, -0.04077661235829373]","[[-0.0629817931441026, 0.24257490323320754], [-0.8679032821423678, -0.5623465857650576], [-0.7002920498390944, -0.39473535346178423], [-0.5135770573480192, -0.208020360970709], [-0.19355496054694882, 0.11200173583036134]]","[0.06535026905958433, -0.18094943521057888, -0.3521969321760369, -0.03811900733765372]","[0.04, 0.06, 0.08, 0.1]","[0.06, 0.06, 0.06, 0.06]",1.2,0.6,0.0422235000001
nominal,147,evaluated,2.42305532399,False,"[0.2935323037429569, -0.1331541257955109, -0.02866727272394287, 0.4550012749944523, -0.5219209441808219]","[0.34968075103497853, -0.09242372765824156, -0.05167955839798136, 0.27677485728087176, -0.5184994421420202]","[[0.20429743159575195, 0.4950640704742051], [-0.23780704709746814, 0.05295959178098503], [-0.19706287783720794, 0.09370376104124523], [0.13139153784164517, 0.42215817672009837], [-0.6638827615812467, -0.3731161227027936]]","[0.2379491257194482, -0.15097752890540117, -0.0015964186854684047, 0.3740576070653058]","[0.04, 0.06, 0.08, 0.1]","[0.0, 0.0, 0.0, 0.0]",1.2,0.6,0.0123414
extrapolation,147,evaluated,2.42305532399,False,"[-0.7, -0.5499999999999999, -0.39999999999999997, -0.25, 0.95]","[-0.6438515527079783, -0.5092696018627306, -0.4230122856740385, -0.42822641771358055, 0.9534215020388017]","[[-0.7892348721472049, -0.4984682332687518], [-0.6546529213019572, -0.36388628242350407], [-0.568395605113265, -0.2776289662348119], [-0.5736097371528072, -0.28284309827435394], [0.8080381825995752, 1.0]]","[-0.23701862052852019, -0.3156540597930046, -0.17664259880873134, -0.09230100600533875]","[0.04, 0.06, 0.08, 0.1]","[0.0, 0.0, 0.0, 0.0]",1.2,0.6,0.015365
proxy_shift,147,evaluated,2.42305532399,False,"[0.2935323037429569, -0.1331541257955109, -0.02866727272394287, 0.4550012749944523, -0.5219209441808219]","[0.4619776456190218, -0.010962931383702884, -0.09770412974605833, -0.0796779781462893, -0.5116564380644167]","[[0.3165943261797952, 0.6073609650582484], [-0.15634625082292947, 0.1344203880555237], [-0.2430874491852849, 0.047679189693168256], [-0.22506129758551588, 0.06570534129293729], [-0.6570397575036433, -0.3662731186251902]]","[0.2379491257194482, -0.15097752890540117, -0.0015964186854684047, 0.3740576070653058]","[0.04, 0.06, 0.08, 0.1]","[0.0, 0.0, 0.0, 0.0]",1.2,0.6,0.0148376000002
understated_LH,147,evaluated,2.42305532399,False,"[0.2935323037429569, -0.1331541257955109, -0.02866727272394287, 0.4550012749944523, -0.5219209441808219]","[0.34968075103497853, -0.09242372765824156, -0.05167955839798136, 0.27677485728087176, -0.5184994421420202]","[[0.20429743159575195, 0.4950640704742051], [-0.23780704709746814, 0.05295959178098503], [-0.19706287783720794, 0.09370376104124523], [0.13139153784164517, 0.42215817672009837], [-0.6638827615812467, -0.3731161227027936]]","[0.2379491257194482, -0.15097752890540117, -0.0015964186854684047, 0.3740576070653058]","[0.04, 0.06, 0.08, 0.1]","[0.0, 0.0, 0.0, 0.0]",0.12,0.06,0.0152373000001
high_noise,147,evaluated,2.42305532399,False,"[0.2935323037429569, -0.1331541257955109, -0.02866727272394287, 0.4550012749944523, -0.5219209441808219]","[0.34968075103497853, -0.09242372765824156, -0.05167955839798136, 0.27677485728087176, -0.5184994421420202]","[[0.20429743159575195, 0.4950640704742051], [-0.23780704709746814, 0.05295959178098503], [-0.19706287783720794, 0.09370376104124523], [0.13139153784164517, 0.42215817672009837], [-0.6638827615812467, -0.3731161227027936]]","[0.3099118846624079, -0.30378564849141043, 0.029118383697068873, 0.45195559505462835]","[0.12, 0.18, 0.24, 0.30000000000000004]","[0.0, 0.0, 0.0, 0.0]",1.2,0.6,0.00963009999987
bounded_nuisance_bias,147,evaluated,2.42305532399,False,"[0.2935323037429569, -0.1331541257955109, -0.02866727272394287, 0.4550012749944523, -0.5219209441808219]","[0.34968075103497853, -0.09242372765824156, -0.05167955839798136, 0.27677485728087176, -0.5184994421420202]","[[0.20429743159575195, 0.4950640704742051], [-0.23780704709746814, 0.05295959178098503], [-0.19706287783720794, 0.09370376104124523], [0.13139153784164517, 0.42215817672009837], [-0.6638827615812467, -0.3731161227027936]]","[0.1779491257194482, -0.09097752890540117, -0.061596418685468404, 0.4340576070653058]","[0.04, 0.06, 0.08, 0.1]","[0.06, 0.06, 0.06, 0.06]",1.2,0.6,0.0135427
nominal,148,evaluated,2.59485203613,True,"[-0.623368305522805, 0.6374363948538306, -0.483783217942376, -0.6116582078806888, -0.5083671742771771]","[-0.602756953261341, 0.6291928176220573, -0.47941171452261455, -0.6778712261171986, -0.43219947604485703]","[[-0.7584480754294061, -0.447065831093276], [0.47350169545399223, 0.7848839397901223], [-0.6351028366906796, -0.32372059235454953], [-0.8335623482852637, -0.5221801039491336], [-0.5878905982129221, -0.276508353876792]]","[-0.2572383441133004, 0.639977714651951, -0.3386048263036102, -0.27659438160805894]","[0.04, 0.06, 0.08, 0.1]","[0.0, 0.0, 0.0, 0.0]",1.2,0.6,0.0589686000001
extrapolation,148,evaluated,2.59485203613,True,"[-0.7, -0.5499999999999999, -0.39999999999999997, -0.25, 0.95]","[-0.679388647738536, -0.5582435772317733, -0.3956284965802385, -0.3162130182365098, 1.0]","[[-0.835079769906601, -0.523697525570471], [-0.7139346993998383, -0.4025524550637083], [-0.5513196187483036, -0.2399373744121735], [-0.47190414040457485, -0.1605218960684448], [0.844308877831935, 1.0]]","[-0.27279377409872935, -0.10363166950562203, -0.3105487561269888, -0.15308718585999043]","[0.04, 0.06, 0.08, 0.1]","[0.0, 0.0, 0.0, 0.0]",1.2,0.6,0.0146875999999
proxy_shift,148,evaluated,2.59485203613,False,"[-0.623368305522805, 0.6374363948538306, -0.483783217942376, -0.6116582078806888, -0.5083671742771771]","[-0.5615342487384131, 0.6127056631585104, -0.47066870768309166, -0.8102972625902184, -0.2798640795802168]","[[-0.7172253709064781, -0.40584312657034805], [0.45701454099044536, 0.7683967853265754], [-0.6263598298511567, -0.31497758551502664], [-0.9659883847582834, -0.6546061404221534], [-0.43555520174828183, -0.12417295741215179]]","[-0.2572383441133004, 0.639977714651951, -0.3386048263036102, -0.27659438160805894]","[0.04, 0.06, 0.08, 0.1]","[0.0, 0.0, 0.0, 0.0]",1.2,0.6,0.0455946
understated_LH,148,evaluated,2.59485203613,True,"[-0.623368305522805, 0.6374363948538306, -0.483783217942376, -0.6116582078806888, -0.5083671742771771]","[-0.602756953261341, 0.6291928176220573, -0.47941171452261455, -0.6778712261171986, -0.43219947604485703]","[[-0.7584480754294061, -0.447065831093276], [0.47350169545399223, 0.7848839397901223], [-0.6351028366906796, -0.32372059235454953], [-0.8335623482852637, -0.5221801039491336], [-0.5878905982129221, -0.276508353876792]]","[-0.2572383441133004, 0.639977714651951, -0.3386048263036102, -0.27659438160805894]","[0.04, 0.06, 0.08, 0.1]","[0.0, 0.0, 0.0, 0.0]",0.12,0.06,0.0614421
high_noise,148,evaluated,2.59485203613,True,"[-0.623368305522805, 0.6374363948538306, -0.483783217942376, -0.6116582078806888, -0.5083671742771771]","[-0.602756953261341, 0.6291928176220573, -0.47941171452261455, -0.6778712261171986, -0.43219947604485703]","[[-0.7584480754294061, -0.447065831093276], [0.47350169545399223, 0.7848839397901223], [-0.6351028366906796, -0.32372059235454953], [-0.8335623482852637, -0.5221801039491336], [-0.5878905982129221, -0.276508353876792]]","[-0.256825892310759, 0.9112143756407067, -0.5757023385575879, -0.3202687533280397]","[0.12, 0.18, 0.24, 0.30000000000000004]","[0.0, 0.0, 0.0, 0.0]",1.2,0.6,0.0452886999999
bounded_nuisance_bias,148,evaluated,2.59485203613,True,"[-0.623368305522805, 0.6374363948538306, -0.483783217942376, -0.6116582078806888, -0.5083671742771771]","[-0.602756953261341, 0.6291928176220573, -0.47941171452261455, -0.6778712261171986, -0.43219947604485703]","[[-0.7584480754294061, -0.447065831093276], [0.47350169545399223, 0.7848839397901223], [-0.6351028366906796, -0.32372059235454953], [-0.8335623482852637, -0.5221801039491336], [-0.5878905982129221, -0.276508353876792]]","[-0.3172383441133004, 0.699977714651951, -0.3986048263036102, -0.21659438160805894]","[0.04, 0.06, 0.08, 0.1]","[0.06, 0.06, 0.06, 0.06]",1.2,0.6,0.0503833
nominal,149,evaluated,2.57515994164,True,"[-0.6580001386348727, 0.16031733630142142, 0.009758686478903877, 0.0572767015106882, -0.5242876948836606]","[-0.6515776381226385, 0.25330324998150444, -0.008676164916911314, 0.0021809823858145033, -0.553849315894449]","[[-0.8060872346208049, -0.49706804162447205], [0.09879365348333802, 0.40781284647967087], [-0.16318576141507773, 0.1458334315812551], [-0.15232861411235193, 0.1566905788839809], [-0.7083589123926154, -0.39933971939628254]]","[-0.19886751084537704, 0.14294016343569166, 0.0026164069961889516, 0.17137689272623205]","[0.04, 0.06, 0.08, 0.1]","[0.0, 0.0, 0.0, 0.0]",1.2,0.6,0.0473648
extrapolation,149,evaluated,2.57515994164,True,"[-0.7, -0.5499999999999999, -0.39999999999999997, -0.25, 0.95]","[-0.6935774994877657, -0.4570140863199169, -0.41843485139581515, -0.3050957191248737, 0.9204383789892115]","[[-0.8480870959859321, -0.5390679029895993], [-0.6115236828180833, -0.3025044898217505], [-0.5729444478939816, -0.26392525489764873], [-0.45960531562304013, -0.15058612262670729], [0.7659287824910451, 1.0]]","[-0.20695668239750695, -0.20021073284079607, -0.19526737447969142, 0.004776685659035773]","[0.04, 0.06, 0.08, 0.1]","[0.0, 0.0, 0.0, 0.0]",1.2,0.6,0.0145047000001
proxy_shift,149,evaluated,2.57515994164,False,"[-0.6580001386348727, 0.16031733630142142, 0.009758686478903877, 0.0572767015106882, -0.5242876948836606]","[-0.6387326370981701, 0.4392750773416704, -0.0455458677085417, -0.10801045586393287, -0.6129725579160257]","[[-0.7932422335963365, -0.48422304060000365], [0.28476548084350395, 0.5937846738398368], [-0.2000554642067081, 0.10896372878962472], [-0.2625200523620993, 0.04649914063423355], [-0.7674821544141921, -0.45846296141785925]]","[-0.19886751084537704, 0.14294016343569166, 0.0026164069961889516, 0.17137689272623205]","[0.04, 0.06, 0.08, 0.1]","[0.0, 0.0, 0.0, 0.0]",1.2,0.6,0.0362163
understated_LH,149,evaluated,2.57515994164,True,"[-0.6580001386348727, 0.16031733630142142, 0.009758686478903877, 0.0572767015106882, -0.5242876948836606]","[-0.6515776381226385, 0.25330324998150444, -0.008676164916911314, 0.0021809823858145033, -0.553849315894449]","[[-0.8060872346208049, -0.49706804162447205], [0.09879365348333802, 0.40781284647967087], [-0.16318576141507773, 0.1458334315812551], [-0.15232861411235193, 0.1566905788839809], [-0.7083589123926154, -0.39933971939628254]]","[-0.19886751084537704, 0.14294016343569166, 0.0026164069961889516, 0.17137689272623205]","[0.04, 0.06, 0.08, 0.1]","[0.0, 0.0, 0.0, 0.0]",0.12,0.06,0.0743947999999
high_noise,149,evaluated,2.57515994164,True,"[-0.6580001386348727, 0.16031733630142142, 0.009758686478903877, 0.0572767015106882, -0.5242876948836606]","[-0.6515776381226385, 0.25330324998150444, -0.008676164916911314, 0.0021809823858145033, -0.553849315894449]","[[-0.8060872346208049, -0.49706804162447205], [0.09879365348333802, 0.40781284647967087], [-0.16318576141507773, 0.1458334315812551], [-0.15232861411235193, 0.1566905788839809], [-0.7083589123926154, -0.39933971939628254]]","[-0.0667808756403909, 0.2210186977540994, -0.003918341963193921, 0.44343026404430363]","[0.12, 0.18, 0.24, 0.30000000000000004]","[0.0, 0.0, 0.0, 0.0]",1.2,0.6,0.040751
bounded_nuisance_bias,149,evaluated,2.57515994164,True,"[-0.6580001386348727, 0.16031733630142142, 0.009758686478903877, 0.0572767015106882, -0.5242876948836606]","[-0.6515776381226385, 0.25330324998150444, -0.008676164916911314, 0.0021809823858145033, -0.553849315894449]","[[-0.8060872346208049, -0.49706804162447205], [0.09879365348333802, 0.40781284647967087], [-0.16318576141507773, 0.1458334315812551], [-0.15232861411235193, 0.1566905788839809], [-0.7083589123926154, -0.39933971939628254]]","[-0.25886751084537707, 0.20294016343569166, -0.057383593003811045, 0.23137689272623205]","[0.04, 0.06, 0.08, 0.1]","[0.06, 0.06, 0.06, 0.06]",1.2,0.6,0.0433116000002
nominal,150,evaluated,2.54810884904,True,"[0.32978126190736434, 0.2687336091732522, -0.7396130025407182, -0.41586994322246906, 0.6132192925872977]","[0.3031190143918973, 0.21230466158095507, -0.713626314347154, -0.5289139182160908, 0.5214229787042899]","[[0.15023248344943876, 0.4560055453343559], [0.05941813063849652, 0.3651911925234136], [-0.8665128452896125, -0.5607397834046954], [-0.6818004491585493, -0.3760273872736323], [0.36853644776183136, 0.6743095096467484]]","[0.28819969491024605, 0.14590726142674096, -0.2430835000179557, -0.2549800105303852]","[0.04, 0.06, 0.08, 0.1]","[0.0, 0.0, 0.0, 0.0]",1.2,0.6,0.00720809999984
extrapolation,150,evaluated,2.54810884904,True,"[-0.7, -0.5499999999999999, -0.39999999999999997, -0.25, 0.95]","[-0.726662247515467, -0.606428947592297, -0.3740133118064357, -0.3630439749936217, 0.8582036861169922]","[[-0.8795487784579256, -0.5737757165730085], [-0.7593154785347556, -0.4535424166498385], [-0.5268998427488942, -0.22112678086397716], [-0.5159305059360803, -0.21015744405116313], [0.7053171551745336, 1.0]]","[-0.21529576644573667, -0.27624822988699493, -0.15542391655171367, -0.18859238749966173]","[0.04, 0.06, 0.08, 0.1]","[0.0, 0.0, 0.0, 0.0]",1.2,0.6,0.0162279000001
proxy_shift,150,evaluated,2.54810884904,False,"[0.32978126190736434, 0.2687336091732522, -0.7396130025407182, -0.41586994322246906, 0.6132192925872977]","[0.2497945193609632, 0.09944676639636083, -0.6616529379600254, -0.7550018682033341, 0.3378303509382744]","[[0.09690798841850465, 0.4026810503034217], [-0.05343976454609772, 0.2523332973388194], [-0.814539468902484, -0.5087664070175669], [-0.9078883991457927, -0.6021153372608756], [0.18494381999581586, 0.4907168818807329]]","[0.28819969491024605, 0.14590726142674096, -0.2430835000179557, -0.2549800105303852]","[0.04, 0.06, 0.08, 0.1]","[0.0, 0.0, 0.0, 0.0]",1.2,0.6,0.00750280000011
understated_LH,150,evaluated,2.54810884904,True,"[0.32978126190736434, 0.2687336091732522, -0.7396130025407182, -0.41586994322246906, 0.6132192925872977]","[0.3031190143918973, 0.21230466158095507, -0.713626314347154, -0.5289139182160908, 0.5214229787042899]","[[0.15023248344943876, 0.4560055453343559], [0.05941813063849652, 0.3651911925234136], [-0.8665128452896125, -0.5607397834046954], [-0.6818004491585493, -0.3760273872736323], [0.36853644776183136, 0.6743095096467484]]","[0.28819969491024605, 0.14590726142674096, -0.2430835000179557, -0.2549800105303852]","[0.04, 0.06, 0.08, 0.1]","[0.0, 0.0, 0.0, 0.0]",0.12,0.06,0.00844600000005
high_noise,150,evaluated,2.54810884904,True,"[0.32978126190736434, 0.2687336091732522, -0.7396130025407182, -0.41586994322246906, 0.6132192925872977]","[0.3031190143918973, 0.21230466158095507, -0.713626314347154, -0.5289139182160908, 0.5214229787042899]","[[0.15023248344943876, 0.4560055453343559], [0.05941813063849652, 0.3651911925234136], [-0.8665128452896125, -0.5607397834046954], [-0.6818004491585493, -0.3760273872736323], [0.36853644776183136, 0.6743095096467484]]","[0.40360816201877275, 0.07191080165275096, -0.16993133312138312, -0.36966478552970866]","[0.12, 0.18, 0.24, 0.30000000000000004]","[0.0, 0.0, 0.0, 0.0]",1.2,0.6,0.00743499999999
bounded_nuisance_bias,150,evaluated,2.54810884904,True,"[0.32978126190736434, 0.2687336091732522, -0.7396130025407182, -0.41586994322246906, 0.6132192925872977]","[0.3031190143918973, 0.21230466158095507, -0.713626314347154, -0.5289139182160908, 0.5214229787042899]","[[0.15023248344943876, 0.4560055453343559], [0.05941813063849652, 0.3651911925234136], [-0.8665128452896125, -0.5607397834046954], [-0.6818004491585493, -0.3760273872736323], [0.36853644776183136, 0.6743095096467484]]","[0.22819969491024605, 0.20590726142674096, -0.3030835000179557, -0.19498001053038522]","[0.04, 0.06, 0.08, 0.1]","[0.06, 0.06, 0.06, 0.06]",1.2,0.6,0.00715280000009
nominal,151,evaluated,2.50882900273,True,"[0.35012734807227686, -0.3407562715896404, -0.4136860003323859, -0.3880772718173118, -0.5252603537885479]","[0.33262610119201635, -0.44507967030016043, -0.42476617628722785, -0.39225127500291496, -0.49383975112446815]","[[0.18209636102846571, 0.483155841355567], [-0.5956094104637111, -0.2945499301366098], [-0.5752959164507785, -0.2742364361236772], [-0.5427810151664656, -0.24172153483936432], [-0.6443694912880188, -0.3433100109609175]]","[0.19823402280151164, -0.18474098940571043, -0.1283813976243121, -0.16370984092195906]","[0.04, 0.06, 0.08, 0.1]","[0.0, 0.0, 0.0, 0.0]",1.2,0.6,0.0125321999999
extrapolation,151,evaluated,2.50882900273,True,"[-0.7, -0.5499999999999999, -0.39999999999999997, -0.25, 0.95]","[-0.7175012468802604, -0.65432339871052, -0.4110801759548419, -0.2541740031856032, 0.9814206026640797]","[[-0.868030987043811, -0.5669715067167098], [-0.8048531388740707, -0.5037936585469693], [-0.5616099161183925, -0.2605504357912913], [-0.4047037433491538, -0.10364426302205254], [0.8308908625005291, 1.0]]","[-0.3216191340022921, -0.254371677440228, -0.12351062948618258, -0.10729466850192232]","[0.04, 0.06, 0.08, 0.1]","[0.0, 0.0, 0.0, 0.0]",1.2,0.6,0.0103033
proxy_shift,151,evaluated,2.50882900273,False,"[0.35012734807227686, -0.3407562715896404, -0.4136860003323859, -0.3880772718173118, -0.5252603537885479]","[0.2976236074314954, -0.6537264677212006, -0.4469265281969117, -0.40059928137412126, -0.4309985457963087]","[[0.14709386726794477, 0.44815334759504605], [-0.8042562078847513, -0.5031967275576499], [-0.5974562683604623, -0.29639678803336106], [-0.5511290215376718, -0.2500695412105706], [-0.5815282859598594, -0.28046880563275806]]","[0.19823402280151164, -0.18474098940571043, -0.1283813976243121, -0.16370984092195906]","[0.04, 0.06, 0.08, 0.1]","[0.0, 0.0, 0.0, 0.0]",1.2,0.6,0.0489760999999
understated_LH,151,evaluated,2.50882900273,True,"[0.35012734807227686, -0.3407562715896404, -0.4136860003323859, -0.3880772718173118, -0.5252603537885479]","[0.33262610119201635, -0.44507967030016043, -0.42476617628722785, -0.39225127500291496, -0.49383975112446815]","[[0.18209636102846571, 0.483155841355567], [-0.5956094104637111, -0.2945499301366098], [-0.5752959164507785, -0.2742364361236772], [-0.5427810151664656, -0.24172153483936432], [-0.6443694912880188, -0.3433100109609175]]","[0.19823402280151164, -0.18474098940571043, -0.1283813976243121, -0.16370984092195906]","[0.04, 0.06, 0.08, 0.1]","[0.0, 0.0, 0.0, 0.0]",0.12,0.06,0.0125922
high_noise,151,evaluated,2.50882900273,True,"[0.35012734807227686, -0.3407562715896404, -0.4136860003323859, -0.3880772718173118, -0.5252603537885479]","[0.33262610119201635, -0.44507967030016043, -0.42476617628722785, -0.39225127500291496, -0.49383975112446815]","[[0.18209636102846571, 0.483155841355567], [-0.5956094104637111, -0.2945499301366098], [-0.5752959164507785, -0.2742364361236772], [-0.5427810151664656, -0.24172153483936432], [-0.6443694912880188, -0.3433100109609175]]","[0.10099575479692749, -0.21498434428616647, 0.008597343403322688, -0.11579917792580367]","[0.12, 0.18, 0.24, 0.30000000000000004]","[0.0, 0.0, 0.0, 0.0]",1.2,0.6,0.0106051
bounded_nuisance_bias,151,evaluated,2.50882900273,True,"[0.35012734807227686, -0.3407562715896404, -0.4136860003323859, -0.3880772718173118, -0.5252603537885479]","[0.33262610119201635, -0.44507967030016043, -0.42476617628722785, -0.39225127500291496, -0.49383975112446815]","[[0.18209636102846571, 0.483155841355567], [-0.5956094104637111, -0.2945499301366098], [-0.5752959164507785, -0.2742364361236772], [-0.5427810151664656, -0.24172153483936432], [-0.6443694912880188, -0.3433100109609175]]","[0.13823402280151165, -0.12474098940571043, -0.1883813976243121, -0.10370984092195906]","[0.04, 0.06, 0.08, 0.1]","[0.06, 0.06, 0.06, 0.06]",1.2,0.6,0.0137178
nominal,152,evaluated,2.61486769575,True,"[-0.4002654427287107, 0.31733336652353716, 0.15743553399711274, 0.1082101210846913, -0.0475542811584706]","[-0.3393799032572821, 0.3025917459266505, 0.1472903617061779, 0.14184654662825957, 0.010130584137090011]","[[-0.4962719650021033, -0.18248784151246095], [0.14569968418182933, 0.4594838076714717], [-0.009601700038643274, 0.3041824234509991], [-0.015045515116561603, 0.29873860837308075], [-0.14676147760773117, 0.16702264588191118]]","[-0.19122381171829136, 0.13213279656936677, 0.05632385610350909, 0.42885905761353355]","[0.04, 0.06, 0.08, 0.1]","[0.0, 0.0, 0.0, 0.0]",1.2,0.6,0.0448128
extrapolation,152,evaluated,2.61486769575,True,"[-0.7, -0.5499999999999999, -0.39999999999999997, -0.25, 0.95]","[-0.6391144605285715, -0.5647416205968866, -0.41014517229093483, -0.21636357445643173, 1.0]","[[-0.7960065222733926, -0.4822223987837503], [-0.7216336823417078, -0.4078495588520654], [-0.567037234035756, -0.25325311054611366], [-0.3732556362012529, -0.05947151271161055], [0.8431079382551788, 1.0]]","[-0.2721282734739082, -0.32772736299750393, -0.23757324850424535, 0.2291701558711697]","[0.04, 0.06, 0.08, 0.1]","[0.0, 0.0, 0.0, 0.0]",1.2,0.6,0.0120028000001
proxy_shift,152,evaluated,2.61486769575,False,"[-0.4002654427287107, 0.31733336652353716, 0.15743553399711274, 0.1082101210846913, -0.0475542811584706]","[-0.21760882431442505, 0.2731085047328772, 0.1270000171243082, 0.20911939771539606, 0.12550031472821124]","[[-0.37450088605924625, -0.06071676256960387], [0.116216442988056, 0.43000056647769835], [-0.02989204462051298, 0.28389207886912937], [0.052227335970574884, 0.36601145946021724], [-0.03139174701660993, 0.2823923764730324]]","[-0.19122381171829136, 0.13213279656936677, 0.05632385610350909, 0.42885905761353355]","[0.04, 0.06, 0.08, 0.1]","[0.0, 0.0, 0.0, 0.0]",1.2,0.6,0.0455893999999
understated_LH,152,evaluated,2.61486769575,True,"[-0.4002654427287107, 0.31733336652353716, 0.15743553399711274, 0.1082101210846913, -0.0475542811584706]","[-0.3393799032572821, 0.3025917459266505, 0.1472903617061779, 0.14184654662825957, 0.010130584137090011]","[[-0.4962719650021033, -0.18248784151246095], [0.14569968418182933, 0.4594838076714717], [-0.009601700038643274, 0.3041824234509991], [-0.015045515116561603, 0.29873860837308075], [-0.14676147760773117, 0.16702264588191118]]","[-0.19122381171829136, 0.13213279656936677, 0.05632385610350909, 0.42885905761353355]","[0.04, 0.06, 0.08, 0.1]","[0.0, 0.0, 0.0, 0.0]",0.12,0.06,0.1101176
high_noise,152,evaluated,2.61486769575,True,"[-0.4002654427287107, 0.31733336652353716, 0.15743553399711274, 0.1082101210846913, -0.0475542811584706]","[-0.3393799032572821, 0.3025917459266505, 0.1472903617061779, 0.14184654662825957, 0.010130584137090011]","[[-0.4962719650021033, -0.18248784151246095], [0.14569968418182933, 0.4594838076714717], [-0.009601700038643274, 0.3041824234509991], [-0.015045515116561603, 0.29873860837308075], [-0.14676147760773117, 0.16702264588191118]]","[-0.1894803586661078, -0.04482192942564123, -0.03482264090498165, 1.149699369355873]","[0.12, 0.18, 0.24, 0.30000000000000004]","[0.0, 0.0, 0.0, 0.0]",1.2,0.6,0.0503200000001
bounded_nuisance_bias,152,evaluated,2.61486769575,True,"[-0.4002654427287107, 0.31733336652353716, 0.15743553399711274, 0.1082101210846913, -0.0475542811584706]","[-0.3393799032572821, 0.3025917459266505, 0.1472903617061779, 0.14184654662825957, 0.010130584137090011]","[[-0.4962719650021033, -0.18248784151246095], [0.14569968418182933, 0.4594838076714717], [-0.009601700038643274, 0.3041824234509991], [-0.015045515116561603, 0.29873860837308075], [-0.14676147760773117, 0.16702264588191118]]","[-0.25122381171829133, 0.19213279656936677, -0.003676143896490909, 0.48885905761353354]","[0.04, 0.06, 0.08, 0.1]","[0.06, 0.06, 0.06, 0.06]",1.2,0.6,0.0420985999999
nominal,153,evaluated,2.67476390675,True,"[-0.6201347166513778, -0.5841840859819215, 0.4290760533384288, -0.033058002249900076, 0.37735435083116764]","[-0.6284530938819989, -0.5218852904808977, 0.46297539020771433, 0.02522827484115417, 0.3305055542444604]","[[-0.7889389282870354, -0.46796725947696244], [-0.6823711248859341, -0.36139945607586127], [0.3024895558026779, 0.6234612246127508], [-0.13525755956388227, 0.1857141092461906], [0.17001971983942393, 0.4909913886494968]]","[-0.253504354291515, -0.19487622655917058, 0.3747003244635721, 0.0481025082924107]","[0.04, 0.06, 0.08, 0.1]","[0.0, 0.0, 0.0, 0.0]",1.2,0.6,0.0501743
extrapolation,153,evaluated,2.67476390675,True,"[-0.7, -0.5499999999999999, -0.39999999999999997, -0.25, 0.95]","[-0.7083183772306211, -0.4877012044989761, -0.36610066313071443, -0.19171372290894576, 0.9031512034132927]","[[-0.8688042116356576, -0.5478325428255846], [-0.6481870389040125, -0.32721537009393964], [-0.5265864975357508, -0.205614828725678], [-0.3521995573139822, -0.031227888503909312], [0.7426653690082563, 1.0]]","[-0.26979364433957376, -0.1859970888643776, -0.12997718540402975, -0.06364053981147558]","[0.04, 0.06, 0.08, 0.1]","[0.0, 0.0, 0.0, 0.0]",1.2,0.6,0.0114366
proxy_shift,153,evaluated,2.67476390675,False,"[-0.6201347166513778, -0.5841840859819215, 0.4290760533384288, -0.033058002249900076, 0.37735435083116764]","[-0.645089848343241, -0.39728769947884995, 0.5307740639462853, 0.14180082902326266, 0.2368079610710458]","[[-0.8055756827482774, -0.48460401393820457], [-0.5577735338838864, -0.2368018650738135], [0.3702882295412489, 0.6912598983513218], [-0.018685005381773784, 0.30228666342829913], [0.07632212666600935, 0.39729379547608223]]","[-0.253504354291515, -0.19487622655917058, 0.3747003244635721, 0.0481025082924107]","[0.04, 0.06, 0.08, 0.1]","[0.0, 0.0, 0.0, 0.0]",1.2,0.6,0.0511365
understated_LH,153,evaluated,2.67476390675,True,"[-0.6201347166513778, -0.5841840859819215, 0.4290760533384288, -0.033058002249900076, 0.37735435083116764]","[-0.6284530938819989, -0.5218852904808977, 0.46297539020771433, 0.02522827484115417, 0.3305055542444604]","[[-0.7889389282870354, -0.46796725947696244], [-0.6823711248859341, -0.36139945607586127], [0.3024895558026779, 0.6234612246127508], [-0.13525755956388227, 0.1857141092461906], [0.17001971983942393, 0.4909913886494968]]","[-0.253504354291515, -0.19487622655917058, 0.3747003244635721, 0.0481025082924107]","[0.04, 0.06, 0.08, 0.1]","[0.0, 0.0, 0.0, 0.0]",0.12,0.06,0.0517326000002
high_noise,153,evaluated,2.67476390675,True,"[-0.6201347166513778, -0.5841840859819215, 0.4290760533384288, -0.033058002249900076, 0.37735435083116764]","[-0.6284530938819989, -0.5218852904808977, 0.46297539020771433, 0.02522827484115417, 0.3305055542444604]","[[-0.7889389282870354, -0.46796725947696244], [-0.6823711248859341, -0.36139945607586127], [0.3024895558026779, 0.6234612246127508], [-0.13525755956388227, 0.1857141092461906], [0.17001971983942393, 0.4909913886494968]]","[-0.2470916429706624, -0.08837040428792586, 0.49874595365551255, 0.18332142866945958]","[0.12, 0.18, 0.24, 0.30000000000000004]","[0.0, 0.0, 0.0, 0.0]",1.2,0.6,0.0422767
bounded_nuisance_bias,153,evaluated,2.67476390675,True,"[-0.6201347166513778, -0.5841840859819215, 0.4290760533384288, -0.033058002249900076, 0.37735435083116764]","[-0.6284530938819989, -0.5218852904808977, 0.46297539020771433, 0.02522827484115417, 0.3305055542444604]","[[-0.7889389282870354, -0.46796725947696244], [-0.6823711248859341, -0.36139945607586127], [0.3024895558026779, 0.6234612246127508], [-0.13525755956388227, 0.1857141092461906], [0.17001971983942393, 0.4909913886494968]]","[-0.313504354291515, -0.1348762265591706, 0.3147003244635721, 0.10810250829241069]","[0.04, 0.06, 0.08, 0.1]","[0.06, 0.06, 0.06, 0.06]",1.2,0.6,0.0463104
nominal,154,evaluated,2.62304091769,True,"[-0.5681281539322907, -0.15998973535099525, 0.02162695131041359, 0.6489926249552493, -0.46042418208902874]","[-0.48539040895262064, -0.11540962029165713, -0.023675613341576744, 0.6575677668474641, -0.4788101866669482]","[[-0.6427728640140528, -0.32800795389118853], [-0.27279207535308925, 0.04197283476977498], [-0.18105806840300886, 0.13370684171985536], [0.500185311786032, 0.8149502219088962], [-0.6361926417283803, -0.3214277316055161]]","[-0.3186918501467909, -0.12682234240653562, 0.06724534606601117, 0.3578689903439499]","[0.04, 0.06, 0.08, 0.1]","[0.0, 0.0, 0.0, 0.0]",1.2,0.6,0.0459784
extrapolation,154,evaluated,2.62304091769,True,"[-0.7, -0.5499999999999999, -0.39999999999999997, -0.25, 0.95]","[-0.6172622550203299, -0.5054198849406618, -0.4453025646519903, -0.24142485810778527, 0.9316139954220806]","[[-0.7746447100817621, -0.45987979995889783], [-0.6628023400020939, -0.3480374298792297], [-0.6026850197134224, -0.2879201095905582], [-0.39880731316921736, -0.08404240304635316], [0.7742315403606485, 1.0]]","[-0.3476458375745703, -0.27775751582124286, -0.13787114222713187, -0.28913401280309114]","[0.04, 0.06, 0.08, 0.1]","[0.0, 0.0, 0.0, 0.0]",1.2,0.6,0.00941109999985
proxy_shift,154,evaluated,2.62304091769,False,"[-0.5681281539322907, -0.15998973535099525, 0.02162695131041359, 0.6489926249552493, -0.46042418208902874]","[-0.31991491899328056, -0.02624939017298092, -0.1142807426455574, 0.6747180506318935, -0.5155821958227871]","[[-0.4772973740547127, -0.16253246393184845], [-0.18363184523441303, 0.1311330648884512], [-0.27166319770698955, 0.04310171241587471], [0.5173355955704614, 0.8321005056933256], [-0.6729646508842192, -0.35819974076135497]]","[-0.3186918501467909, -0.12682234240653562, 0.06724534606601117, 0.3578689903439499]","[0.04, 0.06, 0.08, 0.1]","[0.0, 0.0, 0.0, 0.0]",1.2,0.6,0.00622729999986
understated_LH,154,evaluated,2.62304091769,True,"[-0.5681281539322907, -0.15998973535099525, 0.02162695131041359, 0.6489926249552493, -0.46042418208902874]","[-0.48539040895262064, -0.11540962029165713, -0.023675613341576744, 0.6575677668474641, -0.4788101866669482]","[[-0.6427728640140528, -0.32800795389118853], [-0.27279207535308925, 0.04197283476977498], [-0.18105806840300886, 0.13370684171985536], [0.500185311786032, 0.8149502219088962], [-0.6361926417283803, -0.3214277316055161]]","[-0.3186918501467909, -0.12682234240653562, 0.06724534606601117, 0.3578689903439499]","[0.04, 0.06, 0.08, 0.1]","[0.0, 0.0, 0.0, 0.0]",0.12,0.06,0.00812829999995
high_noise,154,evaluated,2.62304091769,True,"[-0.5681281539322907, -0.15998973535099525, 0.02162695131041359, 0.6489926249552493, -0.46042418208902874]","[-0.48539040895262064, -0.11540962029165713, -0.023675613341576744, 0.6575677668474641, -0.4788101866669482]","[[-0.6427728640140528, -0.32800795389118853], [-0.27279207535308925, 0.04197283476977498], [-0.18105806840300886, 0.13370684171985536], [0.500185311786032, 0.8149502219088962], [-0.6361926417283803, -0.3214277316055161]]","[-0.46798352529593146, -0.20383737404902144, 0.17550306161174736, 0.04210096473776764]","[0.12, 0.18, 0.24, 0.30000000000000004]","[0.0, 0.0, 0.0, 0.0]",1.2,0.6,0.0593189000001
bounded_nuisance_bias,154,evaluated,2.62304091769,True,"[-0.5681281539322907, -0.15998973535099525, 0.02162695131041359, 0.6489926249552493, -0.46042418208902874]","[-0.48539040895262064, -0.11540962029165713, -0.023675613341576744, 0.6575677668474641, -0.4788101866669482]","[[-0.6427728640140528, -0.32800795389118853], [-0.27279207535308925, 0.04197283476977498], [-0.18105806840300886, 0.13370684171985536], [0.500185311786032, 0.8149502219088962], [-0.6361926417283803, -0.3214277316055161]]","[-0.3786918501467909, -0.06682234240653562, 0.0072453460660111685, 0.4178689903439499]","[0.04, 0.06, 0.08, 0.1]","[0.06, 0.06, 0.06, 0.06]",1.2,0.6,0.0458639000001
nominal,155,evaluated,2.62583524508,True,"[0.23934898611457944, -0.7338880174368925, -0.744796746478829, 0.7764797800438887, -0.5062777803851498]","[0.18675129954092992, -0.7777052403976322, -0.770644268189304, 0.8061724668023709, -0.5736863463462014]","[[0.029201184836272653, 0.3443014142455872], [-0.9352553551022895, -0.6201551256929749], [-0.9281943828939613, -0.6130941534846467], [0.6486223520977136, 0.9637225815070282], [-0.7312364610508587, -0.4161362316415441]]","[0.1959022273088827, -0.2926225385196245, -0.35969878298158464, 0.6940557457795037]","[0.04, 0.06, 0.08, 0.1]","[0.0, 0.0, 0.0, 0.0]",1.2,0.6,0.043089
extrapolation,155,evaluated,2.62583524508,True,"[-0.7, -0.5499999999999999, -0.39999999999999997, -0.25, 0.95]","[-0.7525976865736494, -0.5938172229607397, -0.42584752171047496, -0.2203073132415179, 0.8825914340389484]","[[-0.9101478012783067, -0.5950475718689922], [-0.751367337665397, -0.4362671082560824], [-0.5833976364151322, -0.2682974070058177], [-0.37785742794617516, -0.06275719853686063], [0.7250413193342911, 1.0]]","[-0.23789354550608813, -0.2531172146987248, -0.271237393163922, -0.0839583768919312]","[0.04, 0.06, 0.08, 0.1]","[0.0, 0.0, 0.0, 0.0]",1.2,0.6,0.0109889
proxy_shift,155,evaluated,2.62583524508,False,"[0.23934898611457944, -0.7338880174368925, -0.744796746478829, 0.7764797800438887, -0.5062777803851498]","[0.08155592639363088, -0.8653396863191116, -0.822339311610254, 0.865557840319335, -0.7085034782683047]","[[-0.07599418831102639, 0.23910604109828815], [-1.0, -0.7077895716144543], [-0.9798894263149113, -0.6647891969055967], [0.7080077256146777, 1.0], [-0.866053592972962, -0.5509533635636474]]","[0.1959022273088827, -0.2926225385196245, -0.35969878298158464, 0.6940557457795037]","[0.04, 0.06, 0.08, 0.1]","[0.0, 0.0, 0.0, 0.0]",1.2,0.6,0.0478393999999
understated_LH,155,evaluated,2.62583524508,True,"[0.23934898611457944, -0.7338880174368925, -0.744796746478829, 0.7764797800438887, -0.5062777803851498]","[0.18675129954092992, -0.7777052403976322, -0.770644268189304, 0.8061724668023709, -0.5736863463462014]","[[0.029201184836272653, 0.3443014142455872], [-0.9352553551022895, -0.6201551256929749], [-0.9281943828939613, -0.6130941534846467], [0.6486223520977136, 0.9637225815070282], [-0.7312364610508587, -0.4161362316415441]]","[0.1959022273088827, -0.2926225385196245, -0.35969878298158464, 0.6940557457795037]","[0.04, 0.06, 0.08, 0.1]","[0.0, 0.0, 0.0, 0.0]",0.12,0.06,0.0640426999998
high_noise,155,evaluated,2.62583524508,True,"[0.23934898611457944, -0.7338880174368925, -0.744796746478829, 0.7764797800438887, -0.5062777803851498]","[0.18675129954092992, -0.7777052403976322, -0.770644268189304, 0.8061724668023709, -0.5736863463462014]","[[0.029201184836272653, 0.3443014142455872], [-0.9352553551022895, -0.6201551256929749], [-0.9281943828939613, -0.6130941534846467], [0.6486223520977136, 0.9637225815070282], [-0.7312364610508587, -0.4161362316415441]]","[0.26611513629670647, -0.32035696791707413, -0.5181735693094286, 0.7886389919956414]","[0.12, 0.18, 0.24, 0.30000000000000004]","[0.0, 0.0, 0.0, 0.0]",1.2,0.6,0.0415530999999
bounded_nuisance_bias,155,evaluated,2.62583524508,True,"[0.23934898611457944, -0.7338880174368925, -0.744796746478829, 0.7764797800438887, -0.5062777803851498]","[0.18675129954092992, -0.7777052403976322, -0.770644268189304, 0.8061724668023709, -0.5736863463462014]","[[0.029201184836272653, 0.3443014142455872], [-0.9352553551022895, -0.6201551256929749], [-0.9281943828939613, -0.6130941534846467], [0.6486223520977136, 0.9637225815070282], [-0.7312364610508587, -0.4161362316415441]]","[0.1359022273088827, -0.2326225385196245, -0.41969878298158464, 0.7540557457795036]","[0.04, 0.06, 0.08, 0.1]","[0.06, 0.06, 0.06, 0.06]",1.2,0.6,0.0450409
nominal,156,evaluated,2.28183762192,True,"[0.500807546284866, 0.6381905916141897, 0.20541143231490055, -0.4481378706498278, 0.16072462680240185]","[0.5204245726633613, 0.6219907408984209, 0.13646995222631852, -0.4272615001559156, 0.21681986341654857]","[[0.3835143153479328, 0.6573348299787898], [0.4850804835829924, 0.7589009982138494], [-0.0004403050891099991, 0.273380209541747], [-0.5641717574713441, -0.2903512428404871], [0.07990960610112005, 0.35373012073197707]]","[0.3286184559268095, 0.509738823887516, 0.25682975481649933, 0.05934591367595868]","[0.04, 0.06, 0.08, 0.1]","[0.0, 0.0, 0.0, 0.0]",1.2,0.6,0.0484059999999
extrapolation,156,evaluated,2.28183762192,True,"[-0.7, -0.5499999999999999, -0.39999999999999997, -0.25, 0.95]","[-0.6803829736215047, -0.5661998507157687, -0.468941480088582, -0.22912362950608778, 1.0]","[[-0.8172932309369332, -0.5434727163060762], [-0.7031101080311972, -0.42928959340034023], [-0.6058517374040105, -0.33203122277315344], [-0.3660338868215163, -0.09221337219065925], [0.8630897426845715, 1.0]]","[-0.3201085313688706, -0.23461170044845855, -0.07107526153013864, 0.13673037073268682]","[0.04, 0.06, 0.08, 0.1]","[0.0, 0.0, 0.0, 0.0]",1.2,0.6,0.00869069999999
proxy_shift,156,evaluated,2.28183762192,False,"[0.500807546284866, 0.6381905916141897, 0.20541143231490055, -0.4481378706498278, 0.16072462680240185]","[0.5596586254203518, 0.5895910394668832, -0.001413007950845535, -0.38550875916809113, 0.329010336644842]","[[0.42274836810492333, 0.6965688827357803], [0.4526807821514547, 0.7265012967823117], [-0.13832326526627406, 0.135497249364583], [-0.5224190164835196, -0.2485985018526626], [0.1921000793294135, 0.4659205939602705]]","[0.3286184559268095, 0.509738823887516, 0.25682975481649933, 0.05934591367595868]","[0.04, 0.06, 0.08, 0.1]","[0.0, 0.0, 0.0, 0.0]",1.2,0.6,0.0575819000001
understated_LH,156,evaluated,2.28183762192,True,"[0.500807546284866, 0.6381905916141897, 0.20541143231490055, -0.4481378706498278, 0.16072462680240185]","[0.5204245726633613, 0.6219907408984209, 0.13646995222631852, -0.4272615001559156, 0.21681986341654857]","[[0.3835143153479328, 0.6573348299787898], [0.4850804835829924, 0.7589009982138494], [-0.0004403050891099991, 0.273380209541747], [-0.5641717574713441, -0.2903512428404871], [0.07990960610112005, 0.35373012073197707]]","[0.3286184559268095, 0.509738823887516, 0.25682975481649933, 0.05934591367595868]","[0.04, 0.06, 0.08, 0.1]","[0.0, 0.0, 0.0, 0.0]",0.12,0.06,0.01667
high_noise,156,evaluated,2.28183762192,True,"[0.500807546284866, 0.6381905916141897, 0.20541143231490055, -0.4481378706498278, 0.16072462680240185]","[0.5204245726633613, 0.6219907408984209, 0.13646995222631852, -0.4272615001559156, 0.21681986341654857]","[[0.3835143153479328, 0.6573348299787898], [0.4850804835829924, 0.7589009982138494], [-0.0004403050891099991, 0.273380209541747], [-0.5641717574713441, -0.2903512428404871], [0.07990960610112005, 0.35373012073197707]]","[0.23440139318906833, 0.5190154229905989, 0.498679231756222, 0.5953066551413324]","[0.12, 0.18, 0.24, 0.30000000000000004]","[0.0, 0.0, 0.0, 0.0]",1.2,0.6,0.0734129
bounded_nuisance_bias,156,evaluated,2.28183762192,True,"[0.500807546284866, 0.6381905916141897, 0.20541143231490055, -0.4481378706498278, 0.16072462680240185]","[0.5204245726633613, 0.6219907408984209, 0.13646995222631852, -0.4272615001559156, 0.21681986341654857]","[[0.3835143153479328, 0.6573348299787898], [0.4850804835829924, 0.7589009982138494], [-0.0004403050891099991, 0.273380209541747], [-0.5641717574713441, -0.2903512428404871], [0.07990960610112005, 0.35373012073197707]]","[0.2686184559268095, 0.5697388238875161, 0.19682975481649934, 0.11934591367595868]","[0.04, 0.06, 0.08, 0.1]","[0.06, 0.06, 0.06, 0.06]",1.2,0.6,0.0558619999999
nominal,157,evaluated,2.46749094086,True,"[0.06765149377068824, 0.6320508882058073, -0.4947509849531729, -0.32644798213897347, 0.21512018938430066]","[0.10798789539221693, 0.5743722523374452, -0.47082941874845274, -0.29844258003203555, 0.1454394723953608]","[[-0.0400615610591831, 0.256037351843617], [0.42632279588604516, 0.7224217087888452], [-0.6188788751998527, -0.32277996229705275], [-0.4464920364834356, -0.15039312358063553], [-0.0026099840560392107, 0.2934889288467608]]","[0.0467501262978953, 0.5489600416386402, -0.24237795055307296, -0.25168804212528595]","[0.04, 0.06, 0.08, 0.1]","[0.0, 0.0, 0.0, 0.0]",1.2,0.6,0.0434883999999
extrapolation,157,evaluated,2.46749094086,True,"[-0.7, -0.5499999999999999, -0.39999999999999997, -0.25, 0.95]","[-0.6596635983784712, -0.6076786358683621, -0.37607843379527983, -0.22199459789306208, 0.8803192830110601]","[[-0.8077130548298712, -0.5116141419270712], [-0.7557280923197621, -0.45962917941696213], [-0.5241278902466798, -0.2280289773438798], [-0.3700440543444621, -0.07394514144166206], [0.7322698265596601, 1.0]]","[-0.2682137873473393, -0.18936698886936917, -0.21096092071480965, -0.21903973835468413]","[0.04, 0.06, 0.08, 0.1]","[0.0, 0.0, 0.0, 0.0]",1.2,0.6,0.0112647000001
proxy_shift,157,evaluated,2.46749094086,False,"[0.06765149377068824, 0.6320508882058073, -0.4947509849531729, -0.32644798213897347, 0.21512018938430066]","[0.18866069863527432, 0.45901498060072066, -0.42298628633901253, -0.24243177581815975, 0.006078038417481169]","[[0.040611242183874297, 0.33671015508667435], [0.31096552414932066, 0.6070644370521207], [-0.5710357427904126, -0.2749368298876125], [-0.3904812322695598, -0.09438231936675973], [-0.14197141803391886, 0.1541274948688812]]","[0.0467501262978953, 0.5489600416386402, -0.24237795055307296, -0.25168804212528595]","[0.04, 0.06, 0.08, 0.1]","[0.0, 0.0, 0.0, 0.0]",1.2,0.6,0.0467013
understated_LH,157,evaluated,2.46749094086,True,"[0.06765149377068824, 0.6320508882058073, -0.4947509849531729, -0.32644798213897347, 0.21512018938430066]","[0.10798789539221693, 0.5743722523374452, -0.47082941874845274, -0.29844258003203555, 0.1454394723953608]","[[-0.0400615610591831, 0.256037351843617], [0.42632279588604516, 0.7224217087888452], [-0.6188788751998527, -0.32277996229705275], [-0.4464920364834356, -0.15039312358063553], [-0.0026099840560392107, 0.2934889288467608]]","[0.0467501262978953, 0.5489600416386402, -0.24237795055307296, -0.25168804212528595]","[0.04, 0.06, 0.08, 0.1]","[0.0, 0.0, 0.0, 0.0]",0.12,0.06,0.00875870000004
high_noise,157,evaluated,2.46749094086,True,"[0.06765149377068824, 0.6320508882058073, -0.4947509849531729, -0.32644798213897347, 0.21512018938430066]","[0.10798789539221693, 0.5743722523374452, -0.47082941874845274, -0.29844258003203555, 0.1454394723953608]","[[-0.0400615610591831, 0.256037351843617], [0.42632279588604516, 0.7224217087888452], [-0.6188788751998527, -0.32277996229705275], [-0.4464920364834356, -0.15039312358063553], [-0.0026099840560392107, 0.2934889288467608]]","[0.05632255160321674, 0.6487260638999017, -0.2802997919826923, -0.4272675188346542]","[0.12, 0.18, 0.24, 0.30000000000000004]","[0.0, 0.0, 0.0, 0.0]",1.2,0.6,0.0533124999999
bounded_nuisance_bias,157,evaluated,2.46749094086,True,"[0.06765149377068824, 0.6320508882058073, -0.4947509849531729, -0.32644798213897347, 0.21512018938430066]","[0.10798789539221693, 0.5743722523374452, -0.47082941874845274, -0.29844258003203555, 0.1454394723953608]","[[-0.0400615610591831, 0.256037351843617], [0.42632279588604516, 0.7224217087888452], [-0.6188788751998527, -0.32277996229705275], [-0.4464920364834356, -0.15039312358063553], [-0.0026099840560392107, 0.2934889288467608]]","[-0.013249873702104696, 0.6089600416386403, -0.3023779505530729, -0.19168804212528595]","[0.04, 0.06, 0.08, 0.1]","[0.06, 0.06, 0.06, 0.06]",1.2,0.6,0.0444491000001
nominal,158,evaluated,2.52569537962,True,"[-0.6524770523652225, 0.06132651307346548, 0.2197137548018142, -0.16211414864909768, -0.33835627740828383]","[-0.6577109126661557, -0.004250879823234355, 0.21668849553292452, -0.12272344057679341, -0.3136791905793662]","[[-0.80925263544319, -0.5061691898891213], [-0.1557926026002687, 0.1472908429538], [0.06514677275589018, 0.36823021830995883], [-0.2742651633538278, 0.028818282200240936], [-0.4652209133564006, -0.16213746780233187]]","[-0.2616052404752721, 0.09741157814800283, 0.0057516361107165515, -0.1380898782651196]","[0.04, 0.06, 0.08, 0.1]","[0.0, 0.0, 0.0, 0.0]",1.2,0.6,0.0440887999998
extrapolation,158,evaluated,2.52569537962,True,"[-0.7, -0.5499999999999999, -0.39999999999999997, -0.25, 0.95]","[-0.7052338603009332, -0.6155773928966998, -0.40302525926888966, -0.21060929192769573, 0.9746770868289175]","[[-0.8567755830779675, -0.5536921375238988], [-0.7671191156737341, -0.4640356701196654], [-0.554566982045924, -0.2514835364918553], [-0.3621510147047301, -0.059067569150661386], [0.8231353640518831, 1.0]]","[-0.27083690021510143, -0.17976261205780142, -0.33255885698510546, -0.17995568823332753]","[0.04, 0.06, 0.08, 0.1]","[0.0, 0.0, 0.0, 0.0]",1.2,0.6,0.0108906999999
proxy_shift,158,evaluated,2.52569537962,False,"[-0.6524770523652225, 0.06132651307346548, 0.2197137548018142, -0.16211414864909768, -0.33835627740828383]","[-0.6681786332680221, -0.13540566561663403, 0.21063797699514514, -0.04394202443218484, -0.264325016921531]","[[-0.8197203560450564, -0.5166369104909877], [-0.2869473883936684, 0.016136057160400313], [0.059096254218110794, 0.36217969977217945], [-0.19548374720921918, 0.1075996983448495], [-0.41586673969856536, -0.11278329414449664]]","[-0.2616052404752721, 0.09741157814800283, 0.0057516361107165515, -0.1380898782651196]","[0.04, 0.06, 0.08, 0.1]","[0.0, 0.0, 0.0, 0.0]",1.2,0.6,0.0410167
understated_LH,158,evaluated,2.52569537962,True,"[-0.6524770523652225, 0.06132651307346548, 0.2197137548018142, -0.16211414864909768, -0.33835627740828383]","[-0.6577109126661557, -0.004250879823234355, 0.21668849553292452, -0.12272344057679341, -0.3136791905793662]","[[-0.80925263544319, -0.5061691898891213], [-0.1557926026002687, 0.1472908429538], [0.06514677275589018, 0.36823021830995883], [-0.2742651633538278, 0.028818282200240936], [-0.4652209133564006, -0.16213746780233187]]","[-0.2616052404752721, 0.09741157814800283, 0.0057516361107165515, -0.1380898782651196]","[0.04, 0.06, 0.08, 0.1]","[0.0, 0.0, 0.0, 0.0]",0.12,0.06,0.0804189999999
high_noise,158,evaluated,2.52569537962,True,"[-0.6524770523652225, 0.06132651307346548, 0.2197137548018142, -0.16211414864909768, -0.33835627740828383]","[-0.6577109126661557, -0.004250879823234355, 0.21668849553292452, -0.12272344057679341, -0.3136791905793662]","[[-0.80925263544319, -0.5061691898891213], [-0.1557926026002687, 0.1472908429538], [0.06514677275589018, 0.36823021830995883], [-0.2742651633538278, 0.028818282200240936], [-0.4652209133564006, -0.16213746780233187]]","[-0.25727904090547493, 0.21638635403239995, -0.2753660778594944, -0.2355012547317747]","[0.12, 0.18, 0.24, 0.30000000000000004]","[0.0, 0.0, 0.0, 0.0]",1.2,0.6,0.0538070999999
bounded_nuisance_bias,158,evaluated,2.52569537962,True,"[-0.6524770523652225, 0.06132651307346548, 0.2197137548018142, -0.16211414864909768, -0.33835627740828383]","[-0.6577109126661557, -0.004250879823234355, 0.21668849553292452, -0.12272344057679341, -0.3136791905793662]","[[-0.80925263544319, -0.5061691898891213], [-0.1557926026002687, 0.1472908429538], [0.06514677275589018, 0.36823021830995883], [-0.2742651633538278, 0.028818282200240936], [-0.4652209133564006, -0.16213746780233187]]","[-0.3216052404752721, 0.15741157814800283, -0.054248363889283446, -0.0780898782651196]","[0.04, 0.06, 0.08, 0.1]","[0.06, 0.06, 0.06, 0.06]",1.2,0.6,0.0433422999999
nominal,159,evaluated,2.61369373449,True,"[0.7826445678855076, 0.18579050285369492, 0.6792710331495191, 0.28143852765238586, -0.4180553033825041]","[0.8056644035290742, 0.28413030334382955, 0.7795923574174227, 0.36180022419468166, -0.40311236136880696]","[[0.6488427794597957, 0.9624860275983527], [0.1273086792745511, 0.44095192741310796], [0.6227707333481443, 0.9364139814867012], [0.20497860012540323, 0.5186218482639601], [-0.5599339854380854, -0.24629073729952852]]","[0.6818603464093227, 0.10012570084468016, 0.5868754398888197, 0.12105667843871694]","[0.04, 0.06, 0.08, 0.1]","[0.0, 0.0, 0.0, 0.0]",1.2,0.6,0.00970619999998
extrapolation,159,evaluated,2.61369373449,True,"[-0.7, -0.5499999999999999, -0.39999999999999997, -0.25, 0.95]","[-0.6769801643564334, -0.4516601995098653, -0.29967867573209633, -0.1696383034577042, 0.964942942013697]","[[-0.8338017884257118, -0.5201585402871549], [-0.6084818235791437, -0.2948385754405869], [-0.45650029980137474, -0.1428570516628179], [-0.3264599275269826, -0.012816679388425761], [0.8081213179444185, 1.0]]","[-0.2444861502141898, -0.2609540341527254, -0.15110992094369619, -0.20281873160685743]","[0.04, 0.06, 0.08, 0.1]","[0.0, 0.0, 0.0, 0.0]",1.2,0.6,0.0135740000001
proxy_shift,159,evaluated,2.61369373449,False,"[0.7826445678855076, 0.18579050285369492, 0.6792710331495191, 0.28143852765238586, -0.4180553033825041]","[0.8517040748162074, 0.48080990432409887, 0.9802350059532299, 0.5225236172792732, -0.3732264773414128]","[[0.6948824507469289, 1.0], [0.3239882802548204, 0.6376315283933773], [0.8234133818839514, 1.0], [0.36570199320999475, 0.6793452413485517], [-0.5300481014106913, -0.21640485327213435]]","[0.6818603464093227, 0.10012570084468016, 0.5868754398888197, 0.12105667843871694]","[0.04, 0.06, 0.08, 0.1]","[0.0, 0.0, 0.0, 0.0]",1.2,0.6,0.0108960999999
understated_LH,159,evaluated,2.61369373449,True,"[0.7826445678855076, 0.18579050285369492, 0.6792710331495191, 0.28143852765238586, -0.4180553033825041]","[0.8056644035290742, 0.28413030334382955, 0.7795923574174227, 0.36180022419468166, -0.40311236136880696]","[[0.6488427794597957, 0.9624860275983527], [0.1273086792745511, 0.44095192741310796], [0.6227707333481443, 0.9364139814867012], [0.20497860012540323, 0.5186218482639601], [-0.5599339854380854, -0.24629073729952852]]","[0.6818603464093227, 0.10012570084468016, 0.5868754398888197, 0.12105667843871694]","[0.04, 0.06, 0.08, 0.1]","[0.0, 0.0, 0.0, 0.0]",0.12,0.06,0.0121734000002
high_noise,159,evaluated,2.61369373449,True,"[0.7826445678855076, 0.18579050285369492, 0.6792710331495191, 0.28143852765238586, -0.4180553033825041]","[0.8056644035290742, 0.28413030334382955, 0.7795923574174227, 0.36180022419468166, -0.40311236136880696]","[[0.6488427794597957, 0.9624860275983527], [0.1273086792745511, 0.44095192741310796], [0.6227707333481443, 0.9364139814867012], [0.20497860012540323, 0.5186218482639601], [-0.5599339854380854, -0.24629073729952852]]","[0.7388880459809432, 0.056717632539229276, 0.6686555980014273, -0.02208078477499789]","[0.12, 0.18, 0.24, 0.30000000000000004]","[0.0, 0.0, 0.0, 0.0]",1.2,0.6,0.00876219999986
bounded_nuisance_bias,159,evaluated,2.61369373449,True,"[0.7826445678855076, 0.18579050285369492, 0.6792710331495191, 0.28143852765238586, -0.4180553033825041]","[0.8056644035290742, 0.28413030334382955, 0.7795923574174227, 0.36180022419468166, -0.40311236136880696]","[[0.6488427794597957, 0.9624860275983527], [0.1273086792745511, 0.44095192741310796], [0.6227707333481443, 0.9364139814867012], [0.20497860012540323, 0.5186218482639601], [-0.5599339854380854, -0.24629073729952852]]","[0.6218603464093226, 0.16012570084468014, 0.5268754398888198, 0.18105667843871692]","[0.04, 0.06, 0.08, 0.1]","[0.06, 0.06, 0.06, 0.06]",1.2,0.6,0.00999720000004
nominal,160,evaluated,2.75992545479,False,"[0.3903698008040144, 0.236304543270055, 0.08874311380636146, -0.2885581750311218, 0.774654037461739]","[0.3642245729384861, 0.0633426848397384, 0.06839696236649864, -0.24771270376415244, 0.7935744392805371]","[[0.19862904565127312, 0.529820100225699], [-0.10225284244747457, 0.22893821212695137], [-0.09719856492071433, 0.2339924896537116], [-0.4133082310513654, -0.08211717647693947], [0.6279789119933241, 0.95916996656775]]","[0.2850055767293137, 0.11379518251880164, 0.051688923595696476, -0.16718373248601662]","[0.04, 0.06, 0.08, 0.1]","[0.0, 0.0, 0.0, 0.0]",1.2,0.6,0.00568410000005
extrapolation,160,evaluated,2.75992545479,False,"[-0.7, -0.5499999999999999, -0.39999999999999997, -0.25, 0.95]","[-0.7261452278655283, -0.7229618584303166, -0.4203461514398628, -0.20915452873303064, 0.968920401818798]","[[-0.8917407551527412, -0.5605497005783153], [-0.8885573857175295, -0.5573663311431036], [-0.5859416787270758, -0.2547506241526498], [-0.3747500560202436, -0.043559001445817674], [0.8033248745315851, 1.0]]","[-0.2679328781670247, -0.28398949459425216, -0.195919546762535, -0.150278573580531]","[0.04, 0.06, 0.08, 0.1]","[0.0, 0.0, 0.0, 0.0]",1.2,0.6,0.00959649999982
proxy_shift,160,evaluated,2.75992545479,False,"[0.3903698008040144, 0.236304543270055, 0.08874311380636146, -0.2885581750311218, 0.774654037461739]","[0.31193411720742953, -0.2825810320208948, 0.02770465948677299, -0.16602176123021367, 0.8314152429181333]","[[0.14633858992021656, 0.4775296444946425], [-0.44817655930810774, -0.11698550473368183], [-0.13789086780043996, 0.19330018677398597], [-0.33161728851742667, -0.0004262339430007034], [0.6658197156309204, 0.9970107702053462]]","[0.2850055767293137, 0.11379518251880164, 0.051688923595696476, -0.16718373248601662]","[0.04, 0.06, 0.08, 0.1]","[0.0, 0.0, 0.0, 0.0]",1.2,0.6,0.0069175000001
understated_LH,160,evaluated,2.75992545479,False,"[0.3903698008040144, 0.236304543270055, 0.08874311380636146, -0.2885581750311218, 0.774654037461739]","[0.3642245729384861, 0.0633426848397384, 0.06839696236649864, -0.24771270376415244, 0.7935744392805371]","[[0.19862904565127312, 0.529820100225699], [-0.10225284244747457, 0.22893821212695137], [-0.09719856492071433, 0.2339924896537116], [-0.4133082310513654, -0.08211717647693947], [0.6279789119933241, 0.95916996656775]]","[0.2850055767293137, 0.11379518251880164, 0.051688923595696476, -0.16718373248601662]","[0.04, 0.06, 0.08, 0.1]","[0.0, 0.0, 0.0, 0.0]",0.12,0.06,0.00875659999997
high_noise,160,evaluated,2.75992545479,False,"[0.3903698008040144, 0.236304543270055, 0.08874311380636146, -0.2885581750311218, 0.774654037461739]","[0.3642245729384861, 0.0633426848397384, 0.06839696236649864, -0.24771270376415244, 0.7935744392805371]","[[0.19862904565127312, 0.529820100225699], [-0.10225284244747457, 0.22893821212695137], [-0.09719856492071433, 0.2339924896537116], [-0.4133082310513654, -0.08211717647693947], [0.6279789119933241, 0.95916996656775]]","[0.2951398203952644, 0.024316193330297275, 0.04384983007062639, -0.20524087964707863]","[0.12, 0.18, 0.24, 0.30000000000000004]","[0.0, 0.0, 0.0, 0.0]",1.2,0.6,0.00580409999998
bounded_nuisance_bias,160,evaluated,2.75992545479,False,"[0.3903698008040144, 0.236304543270055, 0.08874311380636146, -0.2885581750311218, 0.774654037461739]","[0.3642245729384861, 0.0633426848397384, 0.06839696236649864, -0.24771270376415244, 0.7935744392805371]","[[0.19862904565127312, 0.529820100225699], [-0.10225284244747457, 0.22893821212695137], [-0.09719856492071433, 0.2339924896537116], [-0.4133082310513654, -0.08211717647693947], [0.6279789119933241, 0.95916996656775]]","[0.2250055767293137, 0.17379518251880163, -0.008311076404303522, -0.10718373248601662]","[0.04, 0.06, 0.08, 0.1]","[0.06, 0.06, 0.06, 0.06]",1.2,0.6,0.00583470000015
nominal,161,evaluated,2.43899548802,True,"[-0.14132747520642364, 0.0988817935417925, -0.4648332085828122, -0.17914224039197124, 0.65842513915812]","[-0.1458449292753607, 0.10984397617542419, -0.5195780955108902, -0.17464558784842535, 0.565551340620586]","[[-0.29218465855685993, 0.0004948000061385238], [-0.03649575310607503, 0.25618370545692337], [-0.6659178247923894, -0.373238366229391], [-0.32098531712992456, -0.028305858566926134], [0.4192116113390868, 0.7118910699020852]]","[-0.1271669105689368, 0.0037714053812852866, -0.21603052184491803, -0.15529855309997942]","[0.04, 0.06, 0.08, 0.1]","[0.0, 0.0, 0.0, 0.0]",1.2,0.6,0.0093781999999
extrapolation,161,evaluated,2.43899548802,True,"[-0.7, -0.5499999999999999, -0.39999999999999997, -0.25, 0.95]","[-0.704517454068937, -0.5390378173663682, -0.454744886928078, -0.2455033474564541, 0.857126201462466]","[[-0.8508571833504361, -0.5581777247874378], [-0.6853775466478674, -0.39269808808486906], [-0.6010846162095772, -0.30840515764657883], [-0.3918430767379533, -0.09916361817495489], [0.7107864721809668, 1.0]]","[-0.3213624620195493, -0.2977409534720027, -0.19395157023564835, -0.18869079155259313]","[0.04, 0.06, 0.08, 0.1]","[0.0, 0.0, 0.0, 0.0]",1.2,0.6,0.0100438000002
proxy_shift,161,evaluated,2.43899548802,False,"[-0.14132747520642364, 0.0988817935417925, -0.4648332085828122, -0.17914224039197124, 0.65842513915812]","[-0.15487983741323477, 0.13176834144268756, -0.6290678693670464, -0.16565228276133356, 0.37980374354551794]","[[-0.301219566694734, -0.008540108131735558], [-0.01457138783881165, 0.27810807072418675], [-0.7754075986485456, -0.4827281400855472], [-0.3119920120428328, -0.01931255347983435], [0.23346401426401872, 0.5261434728270171]]","[-0.1271669105689368, 0.0037714053812852866, -0.21603052184491803, -0.15529855309997942]","[0.04, 0.06, 0.08, 0.1]","[0.0, 0.0, 0.0, 0.0]",1.2,0.6,0.00933849999979
understated_LH,161,evaluated,2.43899548802,True,"[-0.14132747520642364, 0.0988817935417925, -0.4648332085828122, -0.17914224039197124, 0.65842513915812]","[-0.1458449292753607, 0.10984397617542419, -0.5195780955108902, -0.17464558784842535, 0.565551340620586]","[[-0.29218465855685993, 0.0004948000061385238], [-0.03649575310607503, 0.25618370545692337], [-0.6659178247923894, -0.373238366229391], [-0.32098531712992456, -0.028305858566926134], [0.4192116113390868, 0.7118910699020852]]","[-0.1271669105689368, 0.0037714053812852866, -0.21603052184491803, -0.15529855309997942]","[0.04, 0.06, 0.08, 0.1]","[0.0, 0.0, 0.0, 0.0]",0.12,0.06,0.0121346000001
high_noise,161,evaluated,2.43899548802,True,"[-0.14132747520642364, 0.0988817935417925, -0.4648332085828122, -0.17914224039197124, 0.65842513915812]","[-0.1458449292753607, 0.10984397617542419, -0.5195780955108902, -0.17464558784842535, 0.565551340620586]","[[-0.29218465855685993, 0.0004948000061385238], [-0.03649575310607503, 0.25618370545692337], [-0.6659178247923894, -0.373238366229391], [-0.32098531712992456, -0.028305858566926134], [0.4192116113390868, 0.7118910699020852]]","[-0.2238918346080354, -0.11321050156272015, -0.21993366231621475, -0.27018013620516573]","[0.12, 0.18, 0.24, 0.30000000000000004]","[0.0, 0.0, 0.0, 0.0]",1.2,0.6,0.0109285000001
bounded_nuisance_bias,161,evaluated,2.43899548802,True,"[-0.14132747520642364, 0.0988817935417925, -0.4648332085828122, -0.17914224039197124, 0.65842513915812]","[-0.1458449292753607, 0.10984397617542419, -0.5195780955108902, -0.17464558784842535, 0.565551340620586]","[[-0.29218465855685993, 0.0004948000061385238], [-0.03649575310607503, 0.25618370545692337], [-0.6659178247923894, -0.373238366229391], [-0.32098531712992456, -0.028305858566926134], [0.4192116113390868, 0.7118910699020852]]","[-0.1871669105689368, 0.06377140538128528, -0.27603052184491805, -0.09529855309997942]","[0.04, 0.06, 0.08, 0.1]","[0.06, 0.06, 0.06, 0.06]",1.2,0.6,0.00979080000002
nominal,162,evaluated,2.80347811775,True,"[0.5146012429274731, -0.4303607896664392, -0.05265888608944491, 0.34334467166200433, 0.3651516404650246]","[0.5053907101027751, -0.4060483651408754, -0.040707435402209634, 0.36139309906575223, 0.4508633154145938]","[[0.3371820230380589, 0.6735993971674914], [-0.5742570522055916, -0.2378396780761591], [-0.20891612246692592, 0.12750125166250664], [0.19318441200103595, 0.5296017861304685], [0.28265462834987753, 0.61907200247931]]","[0.45308042390582076, -0.2873762724726295, -0.12082998083847385, 0.14970595088648186]","[0.04, 0.06, 0.08, 0.1]","[0.0, 0.0, 0.0, 0.0]",1.2,0.6,0.0481898
extrapolation,162,evaluated,2.80347811775,True,"[-0.7, -0.5499999999999999, -0.39999999999999997, -0.25, 0.95]","[-0.7092105328246979, -0.5256875754744361, -0.38804854931276467, -0.2319515725962521, 1.0]","[[-0.8774192198894142, -0.5410018457599817], [-0.6938962625391524, -0.35747888840971986], [-0.5562572363774809, -0.21983986224804838], [-0.40016025966096835, -0.06374288553153581], [0.8317913129352837, 1.0]]","[-0.20812465361741322, -0.32397292145746226, -0.2820665366700612, -0.22291652117832758]","[0.04, 0.06, 0.08, 0.1]","[0.0, 0.0, 0.0, 0.0]",1.2,0.6,0.0110254000001
proxy_shift,162,evaluated,2.80347811775,False,"[0.5146012429274731, -0.4303607896664392, -0.05265888608944491, 0.34334467166200433, 0.3651516404650246]","[0.4869696444533793, -0.3574235160897478, -0.016804534027739078, 0.39748995387324804, 0.6222866653137322]","[[0.31876095738866306, 0.6551783315180956], [-0.5256322031544641, -0.18921482902503153], [-0.18501322109245535, 0.1514041530369772], [0.22928126680853175, 0.5656986409379643], [0.45407797824901597, 0.7904953523784485]]","[0.45308042390582076, -0.2873762724726295, -0.12082998083847385, 0.14970595088648186]","[0.04, 0.06, 0.08, 0.1]","[0.0, 0.0, 0.0, 0.0]",1.2,0.6,0.007791
understated_LH,162,evaluated,2.80347811775,True,"[0.5146012429274731, -0.4303607896664392, -0.05265888608944491, 0.34334467166200433, 0.3651516404650246]","[0.5053907101027751, -0.4060483651408754, -0.040707435402209634, 0.36139309906575223, 0.4508633154145938]","[[0.3371820230380589, 0.6735993971674914], [-0.5742570522055916, -0.2378396780761591], [-0.20891612246692592, 0.12750125166250664], [0.19318441200103595, 0.5296017861304685], [0.28265462834987753, 0.61907200247931]]","[0.45308042390582076, -0.2873762724726295, -0.12082998083847385, 0.14970595088648186]","[0.04, 0.06, 0.08, 0.1]","[0.0, 0.0, 0.0, 0.0]",0.12,0.06,0.0593494999998
high_noise,162,evaluated,2.80347811775,True,"[0.5146012429274731, -0.4303607896664392, -0.05265888608944491, 0.34334467166200433, 0.3651516404650246]","[0.5053907101027751, -0.4060483651408754, -0.040707435402209634, 0.36139309906575223, 0.4508633154145938]","[[0.3371820230380589, 0.6735993971674914], [-0.5742570522055916, -0.2378396780761591], [-0.20891612246692592, 0.12750125166250664], [0.19318441200103595, 0.5296017861304685], [0.28265462834987753, 0.61907200247931]]","[0.5828311166709943, -0.456822115387554, -0.3009630541785963, -0.03362709147017334]","[0.12, 0.18, 0.24, 0.30000000000000004]","[0.0, 0.0, 0.0, 0.0]",1.2,0.6,0.0445462
bounded_nuisance_bias,162,evaluated,2.80347811775,True,"[0.5146012429274731, -0.4303607896664392, -0.05265888608944491, 0.34334467166200433, 0.3651516404650246]","[0.5053907101027751, -0.4060483651408754, -0.040707435402209634, 0.36139309906575223, 0.4508633154145938]","[[0.3371820230380589, 0.6735993971674914], [-0.5742570522055916, -0.2378396780761591], [-0.20891612246692592, 0.12750125166250664], [0.19318441200103595, 0.5296017861304685], [0.28265462834987753, 0.61907200247931]]","[0.39308042390582076, -0.22737627247262948, -0.18082998083847385, 0.20970595088648186]","[0.04, 0.06, 0.08, 0.1]","[0.06, 0.06, 0.06, 0.06]",1.2,0.6,0.0454139000001
nominal,163,evaluated,2.61679424411,True,"[-0.23629353280854948, -0.7348867776376024, 0.3725846567537139, -0.4377693082240088, -0.4228268972843905]","[-0.35628905486201645, -0.7604964835420539, 0.3166014130454785, -0.28883323947454087, -0.42196801273192974]","[[-0.5132967095086804, -0.1992814002153524], [-0.9175041381887179, -0.6034888288953899], [0.15959375839881446, 0.47360906769214256], [-0.4458408941212049, -0.13182558482787682], [-0.5789756673785937, -0.2649603580852657]]","[-0.13420199682471642, -0.26547908796990893, 0.2780193439385829, -0.1801873974873725]","[0.04, 0.06, 0.08, 0.1]","[0.0, 0.0, 0.0, 0.0]",1.2,0.6,0.0397269
extrapolation,163,evaluated,2.61679424411,True,"[-0.7, -0.5499999999999999, -0.39999999999999997, -0.25, 0.95]","[-0.8199955220534669, -0.5756097059044515, -0.45598324370823534, -0.10106393125053212, 0.9508588845524607]","[[-0.977003176700131, -0.6629878674068028], [-0.7326173605511155, -0.41860205125778743], [-0.6129908983548994, -0.2989755890615713], [-0.25807158589719614, 0.055943723396131934], [0.7938512299057967, 1.0]]","[-0.2821762672337303, -0.2258145941713211, -0.17917724804813026, -0.10626840271984539]","[0.04, 0.06, 0.08, 0.1]","[0.0, 0.0, 0.0, 0.0]",1.2,0.6,0.00818480000021
proxy_shift,163,evaluated,2.61679424411,False,"[-0.23629353280854948, -0.7348867776376024, 0.3725846567537139, -0.4377693082240088, -0.4228268972843905]","[-0.5962800989689504, -0.8117158953509569, 0.2046349256290077, 0.009038898024394892, -0.42025024362700825]","[[-0.7532877536156144, -0.43927244432228635], [-0.968723549997621, -0.6547082407042928], [0.04762727098234365, 0.36164258027567175], [-0.14796875662226916, 0.16604655267105894], [-0.5772578982736722, -0.2632425889803442]]","[-0.13420199682471642, -0.26547908796990893, 0.2780193439385829, -0.1801873974873725]","[0.04, 0.06, 0.08, 0.1]","[0.0, 0.0, 0.0, 0.0]",1.2,0.6,0.0435648999999
understated_LH,163,evaluated,2.61679424411,True,"[-0.23629353280854948, -0.7348867776376024, 0.3725846567537139, -0.4377693082240088, -0.4228268972843905]","[-0.35628905486201645, -0.7604964835420539, 0.3166014130454785, -0.28883323947454087, -0.42196801273192974]","[[-0.5132967095086804, -0.1992814002153524], [-0.9175041381887179, -0.6034888288953899], [0.15959375839881446, 0.47360906769214256], [-0.4458408941212049, -0.13182558482787682], [-0.5789756673785937, -0.2649603580852657]]","[-0.13420199682471642, -0.26547908796990893, 0.2780193439385829, -0.1801873974873725]","[0.04, 0.06, 0.08, 0.1]","[0.0, 0.0, 0.0, 0.0]",0.12,0.06,0.0105205999998
high_noise,163,evaluated,2.61679424411,True,"[-0.23629353280854948, -0.7348867776376024, 0.3725846567537139, -0.4377693082240088, -0.4228268972843905]","[-0.35628905486201645, -0.7604964835420539, 0.3166014130454785, -0.28883323947454087, -0.42196801273192974]","[[-0.5132967095086804, -0.1992814002153524], [-0.9175041381887179, -0.6034888288953899], [0.15959375839881446, 0.47360906769214256], [-0.4458408941212049, -0.13182558482787682], [-0.5789756673785937, -0.2649603580852657]]","[-0.15255453129217694, -0.23860827631255122, 0.30366484784232234, -0.13022420292706327]","[0.12, 0.18, 0.24, 0.30000000000000004]","[0.0, 0.0, 0.0, 0.0]",1.2,0.6,0.0459191
bounded_nuisance_bias,163,evaluated,2.61679424411,True,"[-0.23629353280854948, -0.7348867776376024, 0.3725846567537139, -0.4377693082240088, -0.4228268972843905]","[-0.35628905486201645, -0.7604964835420539, 0.3166014130454785, -0.28883323947454087, -0.42196801273192974]","[[-0.5132967095086804, -0.1992814002153524], [-0.9175041381887179, -0.6034888288953899], [0.15959375839881446, 0.47360906769214256], [-0.4458408941212049, -0.13182558482787682], [-0.5789756673785937, -0.2649603580852657]]","[-0.19420199682471642, -0.20547908796990894, 0.2180193439385829, -0.1201873974873725]","[0.04, 0.06, 0.08, 0.1]","[0.06, 0.06, 0.06, 0.06]",1.2,0.6,0.0392383000001
nominal,164,evaluated,2.71116774389,True,"[0.05953292638444696, -0.2319891580900073, -0.0008472903219762795, -0.5486874541399833, -0.345225270328492]","[-0.031185812047568665, -0.2610964812111465, 0.03753340419738992, -0.5205736794960913, -0.3531652257769719]","[[-0.1938558766807682, 0.1314842525856309], [-0.42376654584434603, -0.09842641657794693], [-0.12513666043580962, 0.20020346883058948], [-0.6832437441292909, -0.3579036148628918], [-0.5158352904101715, -0.19049516114377235]]","[0.07576365224292653, -0.1704477521917223, 0.00512730974503872, -0.0731877854414256]","[0.04, 0.06, 0.08, 0.1]","[0.0, 0.0, 0.0, 0.0]",1.2,0.6,0.0497883
extrapolation,164,evaluated,2.71116774389,True,"[-0.7, -0.5499999999999999, -0.39999999999999997, -0.25, 0.95]","[-0.7907187384320156, -0.5791073231211391, -0.36161930548063376, -0.221886225356108, 0.94206004455152]","[[-0.9533888030652151, -0.628048673798816], [-0.7417773877543387, -0.41643725848793955], [-0.5242893701138334, -0.1989492408474342], [-0.3845562899893076, -0.059216160722908445], [0.7793899799183205, 1.0]]","[-0.23401935438491045, -0.28664994817911105, -0.1863645314320424, 0.03445731034337951]","[0.04, 0.06, 0.08, 0.1]","[0.0, 0.0, 0.0, 0.0]",1.2,0.6,0.0118834
proxy_shift,164,evaluated,2.71116774389,False,"[0.05953292638444696, -0.2319891580900073, -0.0008472903219762795, -0.5486874541399833, -0.345225270328492]","[-0.21262328891159993, -0.3193111274534248, 0.11429479323612232, -0.46434613020830734, -0.3690451366739317]","[[-0.3752933535447995, -0.04995322427840038], [-0.4819811920866244, -0.15664106282022527], [-0.04837527139707723, 0.2769648578693219], [-0.627016194841507, -0.3016760655751078], [-0.5317152013071312, -0.20637507204073213]]","[0.07576365224292653, -0.1704477521917223, 0.00512730974503872, -0.0731877854414256]","[0.04, 0.06, 0.08, 0.1]","[0.0, 0.0, 0.0, 0.0]",1.2,0.6,0.0661914999998
understated_LH,164,evaluated,2.71116774389,True,"[0.05953292638444696, -0.2319891580900073, -0.0008472903219762795, -0.5486874541399833, -0.345225270328492]","[-0.031185812047568665, -0.2610964812111465, 0.03753340419738992, -0.5205736794960913, -0.3531652257769719]","[[-0.1938558766807682, 0.1314842525856309], [-0.42376654584434603, -0.09842641657794693], [-0.12513666043580962, 0.20020346883058948], [-0.6832437441292909, -0.3579036148628918], [-0.5158352904101715, -0.19049516114377235]]","[0.07576365224292653, -0.1704477521917223, 0.00512730974503872, -0.0731877854414256]","[0.04, 0.06, 0.08, 0.1]","[0.0, 0.0, 0.0, 0.0]",0.12,0.06,0.0117999000001
high_noise,164,evaluated,2.71116774389,True,"[0.05953292638444696, -0.2319891580900073, -0.0008472903219762795, -0.5486874541399833, -0.345225270328492]","[-0.031185812047568665, -0.2610964812111465, 0.03753340419738992, -0.5205736794960913, -0.3531652257769719]","[[-0.1938558766807682, 0.1314842525856309], [-0.42376654584434603, -0.09842641657794693], [-0.12513666043580962, 0.20020346883058948], [-0.6832437441292909, -0.3579036148628918], [-0.5158352904101715, -0.19049516114377235]]","[0.15372494347310564, -0.2652476485499444, 0.016398246880953867, 0.2582268352453335]","[0.12, 0.18, 0.24, 0.30000000000000004]","[0.0, 0.0, 0.0, 0.0]",1.2,0.6,0.00990130000014
bounded_nuisance_bias,164,evaluated,2.71116774389,True,"[0.05953292638444696, -0.2319891580900073, -0.0008472903219762795, -0.5486874541399833, -0.345225270328492]","[-0.031185812047568665, -0.2610964812111465, 0.03753340419738992, -0.5205736794960913, -0.3531652257769719]","[[-0.1938558766807682, 0.1314842525856309], [-0.42376654584434603, -0.09842641657794693], [-0.12513666043580962, 0.20020346883058948], [-0.6832437441292909, -0.3579036148628918], [-0.5158352904101715, -0.19049516114377235]]","[0.01576365224292653, -0.11044775219172231, -0.054872690254961276, -0.013187785441425598]","[0.04, 0.06, 0.08, 0.1]","[0.06, 0.06, 0.06, 0.06]",1.2,0.6,0.0509278000002
nominal,165,evaluated,2.65798408015,True,"[-0.3261641932887587, -0.7913673489172729, -0.03420191608503287, -0.6818773064863033, 0.47188412225675247]","[-0.3421329244710616, -0.8886556368188713, -0.02075954490477603, -0.75291828844647, 0.4521853379710867]","[[-0.5016119692803068, -0.18265387966181634], [-1.0, -0.729176592009626], [-0.18023858971402126, 0.13871949990446922], [-0.9123973332557153, -0.5934392436372248], [0.29270629316184144, 0.6116643827803319]]","[-0.2370133297782497, -0.2962221567089366, -0.10976542887933982, -0.29760126814803733]","[0.04, 0.06, 0.08, 0.1]","[0.0, 0.0, 0.0, 0.0]",1.2,0.6,0.00874220000014
extrapolation,165,evaluated,2.65798408015,True,"[-0.7, -0.5499999999999999, -0.39999999999999997, -0.25, 0.95]","[-0.7159687311823029, -0.6472882879015983, -0.38655762881974315, -0.32104098196016667, 0.9303012157143342]","[[-0.8754477759915481, -0.5564896863730576], [-0.8067673327108436, -0.4878092430923531], [-0.5460366736289883, -0.2270785840104979], [-0.4805200267694119, -0.16156193715092143], [0.770822170905089, 1.0]]","[-0.3462297381001066, -0.24853043163827862, -0.2815952105474864, -0.15921188258656016]","[0.04, 0.06, 0.08, 0.1]","[0.0, 0.0, 0.0, 0.0]",1.2,0.6,0.014975
proxy_shift,165,evaluated,2.65798408015,False,"[-0.3261641932887587, -0.7913673489172729, -0.03420191608503287, -0.6818773064863033, 0.47188412225675247]","[-0.37407038683566746, -1.0, 0.006125197455737648, -0.8950002523668034, 0.41278776939975514]","[[-0.5335494316449128, -0.21459134202642222], [-1.0, -0.8405209551907548], [-0.1533538473535076, 0.16560424226498288], [-1.0, -0.7355212075575581], [0.2533087245905099, 0.5722668142090004]]","[-0.2370133297782497, -0.2962221567089366, -0.10976542887933982, -0.29760126814803733]","[0.04, 0.06, 0.08, 0.1]","[0.0, 0.0, 0.0, 0.0]",1.2,0.6,0.0104031999999
understated_LH,165,evaluated,2.65798408015,True,"[-0.3261641932887587, -0.7913673489172729, -0.03420191608503287, -0.6818773064863033, 0.47188412225675247]","[-0.3421329244710616, -0.8886556368188713, -0.02075954490477603, -0.75291828844647, 0.4521853379710867]","[[-0.5016119692803068, -0.18265387966181634], [-1.0, -0.729176592009626], [-0.18023858971402126, 0.13871949990446922], [-0.9123973332557153, -0.5934392436372248], [0.29270629316184144, 0.6116643827803319]]","[-0.2370133297782497, -0.2962221567089366, -0.10976542887933982, -0.29760126814803733]","[0.04, 0.06, 0.08, 0.1]","[0.0, 0.0, 0.0, 0.0]",0.12,0.06,0.0107808999999
high_noise,165,evaluated,2.65798408015,True,"[-0.3261641932887587, -0.7913673489172729, -0.03420191608503287, -0.6818773064863033, 0.47188412225675247]","[-0.3421329244710616, -0.8886556368188713, -0.02075954490477603, -0.75291828844647, 0.4521853379710867]","[[-0.5016119692803068, -0.18265387966181634], [-1.0, -0.729176592009626], [-0.18023858971402126, 0.13871949990446922], [-0.9123973332557153, -0.5934392436372248], [0.29270629316184144, 0.6116643827803319]]","[-0.3834728059784628, -0.3147830199854939, -0.2889558499743126, -0.35352503332115764]","[0.12, 0.18, 0.24, 0.30000000000000004]","[0.0, 0.0, 0.0, 0.0]",1.2,0.6,0.00972509999997
bounded_nuisance_bias,165,evaluated,2.65798408015,True,"[-0.3261641932887587, -0.7913673489172729, -0.03420191608503287, -0.6818773064863033, 0.47188412225675247]","[-0.3421329244710616, -0.8886556368188713, -0.02075954490477603, -0.75291828844647, 0.4521853379710867]","[[-0.5016119692803068, -0.18265387966181634], [-1.0, -0.729176592009626], [-0.18023858971402126, 0.13871949990446922], [-0.9123973332557153, -0.5934392436372248], [0.29270629316184144, 0.6116643827803319]]","[-0.2970133297782497, -0.2362221567089366, -0.16976542887933982, -0.23760126814803734]","[0.04, 0.06, 0.08, 0.1]","[0.06, 0.06, 0.06, 0.06]",1.2,0.6,0.00953479999998
nominal,166,evaluated,2.64836389963,True,"[0.5887610064125377, -0.1615392205738534, 0.04544817716656058, 0.7851678217553713, -0.16015492540493648]","[0.5201703604615562, -0.16929084997276508, 0.0537119497766366, 0.7788375847705168, -0.06350114427065756]","[[0.36126852648363283, 0.6790721944394795], [-0.32819268395068846, -0.010389015994841738], [-0.10518988420128675, 0.21261378375455994], [0.6199357507925934, 0.9377394187484401], [-0.2224029782485809, 0.09540068970726578]]","[0.5320451566538834, -0.22098510914874275, 0.005246748187288045, 0.7391281828775365]","[0.04, 0.06, 0.08, 0.1]","[0.0, 0.0, 0.0, 0.0]",1.2,0.6,0.0394684
extrapolation,166,evaluated,2.64836389963,True,"[-0.7, -0.5499999999999999, -0.39999999999999997, -0.25, 0.95]","[-0.7685906459509815, -0.5577516293989117, -0.391736227389924, -0.25633023698485446, 1.0]","[[-0.9274924799289048, -0.6096888119730581], [-0.716653463376835, -0.3988497954209883], [-0.5506380613678473, -0.23283439341200063], [-0.4152320709627778, -0.09742840300693112], [0.8410981660220767, 1.0]]","[-0.19820330399521055, -0.3711400527395131, -0.2146418191549772, -0.048169062671708535]","[0.04, 0.06, 0.08, 0.1]","[0.0, 0.0, 0.0, 0.0]",1.2,0.6,0.0125569000002
proxy_shift,166,evaluated,2.64836389963,False,"[0.5887610064125377, -0.1615392205738534, 0.04544817716656058, 0.7851678217553713, -0.16015492540493648]","[0.38298906855959325, -0.18479410877058847, 0.07023949499678864, 0.7661771108008079, 0.12980641799790027]","[[0.2240872345816699, 0.5418909025375166], [-0.3436959427485118, -0.02589227479266512], [-0.08866233898113471, 0.22914132897471198], [0.6072752768228845, 0.9250789447787312], [-0.029095415980023076, 0.2887082519758236]]","[0.5320451566538834, -0.22098510914874275, 0.005246748187288045, 0.7391281828775365]","[0.04, 0.06, 0.08, 0.1]","[0.0, 0.0, 0.0, 0.0]",1.2,0.6,0.0437804999999
understated_LH,166,evaluated,2.64836389963,True,"[0.5887610064125377, -0.1615392205738534, 0.04544817716656058, 0.7851678217553713, -0.16015492540493648]","[0.5201703604615562, -0.16929084997276508, 0.0537119497766366, 0.7788375847705168, -0.06350114427065756]","[[0.36126852648363283, 0.6790721944394795], [-0.32819268395068846, -0.010389015994841738], [-0.10518988420128675, 0.21261378375455994], [0.6199357507925934, 0.9377394187484401], [-0.2224029782485809, 0.09540068970726578]]","[0.5320451566538834, -0.22098510914874275, 0.005246748187288045, 0.7391281828775365]","[0.04, 0.06, 0.08, 0.1]","[0.0, 0.0, 0.0, 0.0]",0.12,0.06,0.0790643
high_noise,166,evaluated,2.64836389963,True,"[0.5887610064125377, -0.1615392205738534, 0.04544817716656058, 0.7851678217553713, -0.16015492540493648]","[0.5201703604615562, -0.16929084997276508, 0.0537119497766366, 0.7788375847705168, -0.06350114427065756]","[[0.36126852648363283, 0.6790721944394795], [-0.32819268395068846, -0.010389015994841738], [-0.10518988420128675, 0.21261378375455994], [0.6199357507925934, 0.9377394187484401], [-0.2224029782485809, 0.09540068970726578]]","[0.6816385486634623, -0.484765214627769, -0.0400368901226664, 0.9052900575341194]","[0.12, 0.18, 0.24, 0.30000000000000004]","[0.0, 0.0, 0.0, 0.0]",1.2,0.6,0.0384291
bounded_nuisance_bias,166,evaluated,2.64836389963,True,"[0.5887610064125377, -0.1615392205738534, 0.04544817716656058, 0.7851678217553713, -0.16015492540493648]","[0.5201703604615562, -0.16929084997276508, 0.0537119497766366, 0.7788375847705168, -0.06350114427065756]","[[0.36126852648363283, 0.6790721944394795], [-0.32819268395068846, -0.010389015994841738], [-0.10518988420128675, 0.21261378375455994], [0.6199357507925934, 0.9377394187484401], [-0.2224029782485809, 0.09540068970726578]]","[0.4720451566538834, -0.16098510914874276, -0.054753251812711956, 0.7991281828775365]","[0.04, 0.06, 0.08, 0.1]","[0.06, 0.06, 0.06, 0.06]",1.2,0.6,0.0390694
nominal,167,evaluated,2.3957305745,True,"[0.4149615329965479, 0.39711772969770065, -0.07262276848308868, -0.7934612878856119, -0.22571346099224032]","[0.4911248338027429, 0.43402316526787643, -0.0021238707046697114, -0.8308847352978944, -0.16978524198411438]","[[0.347380999332787, 0.6348686682726988], [0.2902793307979205, 0.5777669997378323], [-0.14586770517462563, 0.1416199637652862], [-0.9746285697678503, -0.6871409008279385], [-0.3135290764540703, -0.026041407514158454]]","[0.2058908567911738, 0.3422986846493492, 0.06483247219890882, -0.40149418340853277]","[0.04, 0.06, 0.08, 0.1]","[0.0, 0.0, 0.0, 0.0]",1.2,0.6,0.0479411000001
extrapolation,167,evaluated,2.3957305745,True,"[-0.7, -0.5499999999999999, -0.39999999999999997, -0.25, 0.95]","[-0.6238366991938049, -0.5130945644298242, -0.329501102221581, -0.28742344741228254, 1.0]","[[-0.7675805336637609, -0.480092864723849], [-0.6568383988997801, -0.36935072995986823], [-0.47324493669153694, -0.1857572677516251], [-0.43116728188223846, -0.14367961294232662], [0.856256165530044, 1.0]]","[-0.3677439851668085, -0.18253270054134796, -0.08517608666188244, -0.24554165528909377]","[0.04, 0.06, 0.08, 0.1]","[0.0, 0.0, 0.0, 0.0]",1.2,0.6,0.0206459999999
proxy_shift,167,evaluated,2.3957305745,False,"[0.4149615329965479, 0.39711772969770065, -0.07262276848308868, -0.7934612878856119, -0.22571346099224032]","[0.6434514354151328, 0.5078340364082279, 0.13887392485216823, -0.9057316301224595, -0.05792880396786243]","[[0.4997076009451769, 0.7871952698850888], [0.36409020193827196, 0.6515778708781839], [-0.004869909617787688, 0.2826177593221242], [-1.0, -0.7619877956525036], [-0.20167263843781835, 0.08581503050209349]]","[0.2058908567911738, 0.3422986846493492, 0.06483247219890882, -0.40149418340853277]","[0.04, 0.06, 0.08, 0.1]","[0.0, 0.0, 0.0, 0.0]",1.2,0.6,0.0490698000001
understated_LH,167,evaluated,2.3957305745,True,"[0.4149615329965479, 0.39711772969770065, -0.07262276848308868, -0.7934612878856119, -0.22571346099224032]","[0.4911248338027429, 0.43402316526787643, -0.0021238707046697114, -0.8308847352978944, -0.16978524198411438]","[[0.347380999332787, 0.6348686682726988], [0.2902793307979205, 0.5777669997378323], [-0.14586770517462563, 0.1416199637652862], [-0.9746285697678503, -0.6871409008279385], [-0.3135290764540703, -0.026041407514158454]]","[0.2058908567911738, 0.3422986846493492, 0.06483247219890882, -0.40149418340853277]","[0.04, 0.06, 0.08, 0.1]","[0.0, 0.0, 0.0, 0.0]",0.12,0.06,0.0127173000001
high_noise,167,evaluated,2.3957305745,True,"[0.4149615329965479, 0.39711772969770065, -0.07262276848308868, -0.7934612878856119, -0.22571346099224032]","[0.4911248338027429, 0.43402316526787643, -0.0021238707046697114, -0.8308847352978944, -0.16978524198411438]","[[0.347380999332787, 0.6348686682726988], [0.2902793307979205, 0.5777669997378323], [-0.14586770517462563, 0.1416199637652862], [-0.9746285697678503, -0.6871409008279385], [-0.3135290764540703, -0.026041407514158454]]","[0.016402886457556887, 0.4557332835666532, 0.2784802988751439, -0.6300774939867204]","[0.12, 0.18, 0.24, 0.30000000000000004]","[0.0, 0.0, 0.0, 0.0]",1.2,0.6,0.0500347
bounded_nuisance_bias,167,evaluated,2.3957305745,True,"[0.4149615329965479, 0.39711772969770065, -0.07262276848308868, -0.7934612878856119, -0.22571346099224032]","[0.4911248338027429, 0.43402316526787643, -0.0021238707046697114, -0.8308847352978944, -0.16978524198411438]","[[0.347380999332787, 0.6348686682726988], [0.2902793307979205, 0.5777669997378323], [-0.14586770517462563, 0.1416199637652862], [-0.9746285697678503, -0.6871409008279385], [-0.3135290764540703, -0.026041407514158454]]","[0.1458908567911738, 0.4022986846493492, 0.004832472198908824, -0.34149418340853277]","[0.04, 0.06, 0.08, 0.1]","[0.06, 0.06, 0.06, 0.06]",1.2,0.6,0.0468896
nominal,168,evaluated,2.60939639276,True,"[0.6381946657769308, 0.6550584653926534, -0.7173423034886892, 0.15913762439759505, 0.5274294990354604]","[0.5128165345243809, 0.6008633462686712, -0.6812064889185283, 0.14078421791798051, 0.5555888629029163]","[[0.3562527509588548, 0.6693803180899071], [0.4442995627031451, 0.7574271298341974], [-0.8377702724840544, -0.5246427053530022], [-0.015779565647545596, 0.2973480014835066], [0.3990250793373902, 0.7121526464684425]]","[0.5428256240571412, 0.5953247476117808, -0.32031521242320204, -0.001116507238440298]","[0.04, 0.06, 0.08, 0.1]","[0.0, 0.0, 0.0, 0.0]",1.2,0.6,0.0617896000001
extrapolation,168,evaluated,2.60939639276,True,"[-0.7, -0.5499999999999999, -0.39999999999999997, -0.25, 0.95]","[-0.8253781312525499, -0.6041951191239822, -0.363864185429839, -0.26835340647961453, 0.9781593638674558]","[[-0.981941914818076, -0.6688143476870237], [-0.7607589026895083, -0.447631335558456], [-0.5204279689953651, -0.2073004018643129], [-0.4249171900451406, -0.11178962291408842], [0.8215955803019297, 1.0]]","[-0.23527890483685587, -0.16569080954858464, -0.2362838244423261, -0.23544651692667035]","[0.04, 0.06, 0.08, 0.1]","[0.0, 0.0, 0.0, 0.0]",1.2,0.6,0.0135413
proxy_shift,168,evaluated,2.60939639276,False,"[0.6381946657769308, 0.6550584653926534, -0.7173423034886892, 0.15913762439759505, 0.5274294990354604]","[0.2620602720192812, 0.4924731080207067, -0.6089348597782064, 0.10407740495875147, 0.6119075906378282]","[[0.10549648845375512, 0.4186240555848073], [0.3359093244551806, 0.6490368915862328], [-0.7654986433437325, -0.45237107621268025], [-0.052486378606774645, 0.2606411885242776], [0.45534380707230204, 0.7684713742033543]]","[0.5428256240571412, 0.5953247476117808, -0.32031521242320204, -0.001116507238440298]","[0.04, 0.06, 0.08, 0.1]","[0.0, 0.0, 0.0, 0.0]",1.2,0.6,0.0096016
understated_LH,168,evaluated,2.60939639276,True,"[0.6381946657769308, 0.6550584653926534, -0.7173423034886892, 0.15913762439759505, 0.5274294990354604]","[0.5128165345243809, 0.6008633462686712, -0.6812064889185283, 0.14078421791798051, 0.5555888629029163]","[[0.3562527509588548, 0.6693803180899071], [0.4442995627031451, 0.7574271298341974], [-0.8377702724840544, -0.5246427053530022], [-0.015779565647545596, 0.2973480014835066], [0.3990250793373902, 0.7121526464684425]]","[0.5428256240571412, 0.5953247476117808, -0.32031521242320204, -0.001116507238440298]","[0.04, 0.06, 0.08, 0.1]","[0.0, 0.0, 0.0, 0.0]",0.12,0.06,0.00894719999997
high_noise,168,evaluated,2.60939639276,True,"[0.6381946657769308, 0.6550584653926534, -0.7173423034886892, 0.15913762439759505, 0.5274294990354604]","[0.5128165345243809, 0.6008633462686712, -0.6812064889185283, 0.14078421791798051, 0.5555888629029163]","[[0.3562527509588548, 0.6693803180899071], [0.4442995627031451, 0.7574271298341974], [-0.8377702724840544, -0.5246427053530022], [-0.015779565647545596, 0.2973480014835066], [0.3990250793373902, 0.7121526464684425]]","[0.6182678143834295, 0.7424431285146114, -0.40888286130785423, -0.209509541091781]","[0.12, 0.18, 0.24, 0.30000000000000004]","[0.0, 0.0, 0.0, 0.0]",1.2,0.6,0.00724769999988
bounded_nuisance_bias,168,evaluated,2.60939639276,True,"[0.6381946657769308, 0.6550584653926534, -0.7173423034886892, 0.15913762439759505, 0.5274294990354604]","[0.5128165345243809, 0.6008633462686712, -0.6812064889185283, 0.14078421791798051, 0.5555888629029163]","[[0.3562527509588548, 0.6693803180899071], [0.4442995627031451, 0.7574271298341974], [-0.8377702724840544, -0.5246427053530022], [-0.015779565647545596, 0.2973480014835066], [0.3990250793373902, 0.7121526464684425]]","[0.4828256240571412, 0.6553247476117807, -0.38031521242320204, 0.0588834927615597]","[0.04, 0.06, 0.08, 0.1]","[0.06, 0.06, 0.06, 0.06]",1.2,0.6,0.0626669999999
nominal,169,evaluated,2.54096920751,True,"[-0.7310962092813735, 0.1370998578351733, -0.20778997840787472, 0.23625009567342037, 0.1709841448500662]","[-0.806446206514194, 0.11888302112283845, -0.24169863859864255, 0.19162391054018948, 0.12165475981213719]","[[-0.9589043589647217, -0.6539880540636662], [-0.03357513132768934, 0.27134117357336623], [-0.39415679104917034, -0.08924048614811475], [0.03916575808966169, 0.3440820629907173], [-0.030803392638390603, 0.274112912262665]]","[-0.27758352686418564, -0.04106931049972523, 0.03521931189759073, 0.4936596517646193]","[0.04, 0.06, 0.08, 0.1]","[0.0, 0.0, 0.0, 0.0]",1.2,0.6,0.0233966000001
extrapolation,169,evaluated,2.54096920751,True,"[-0.7, -0.5499999999999999, -0.39999999999999997, -0.25, 0.95]","[-0.7753499972328204, -0.5682168367123348, -0.4339086601907678, -0.2946261851332309, 0.9006706149620709]","[[-0.9278081496833481, -0.6228918447822926], [-0.7206749891628625, -0.415758684261807], [-0.5863668126412955, -0.28145050774024], [-0.4470843375837587, -0.14216803268270312], [0.7482124625115432, 1.0]]","[-0.2722763014630397, -0.3682181365063566, -0.045059703595707934, 0.203915362048857]","[0.04, 0.06, 0.08, 0.1]","[0.0, 0.0, 0.0, 0.0]",1.2,0.6,0.0120184
proxy_shift,169,evaluated,2.54096920751,False,"[-0.7310962092813735, 0.1370998578351733, -0.20778997840787472, 0.23625009567342037, 0.1709841448500662]","[-0.9571462009798349, 0.08244934769816874, -0.30951595898017814, 0.10237154027372772, 0.02299598973627917]","[[-1.0, -0.8046880485293071], [-0.07000880475235906, 0.23490750014869655], [-0.46197411143070594, -0.15705780652965035], [-0.05008661217680008, 0.2548296927242555], [-0.12946216271424862, 0.17545414218680697]]","[-0.27758352686418564, -0.04106931049972523, 0.03521931189759073, 0.4936596517646193]","[0.04, 0.06, 0.08, 0.1]","[0.0, 0.0, 0.0, 0.0]",1.2,0.6,0.0497628000001
understated_LH,169,evaluated,2.54096920751,True,"[-0.7310962092813735, 0.1370998578351733, -0.20778997840787472, 0.23625009567342037, 0.1709841448500662]","[-0.806446206514194, 0.11888302112283845, -0.24169863859864255, 0.19162391054018948, 0.12165475981213719]","[[-0.9589043589647217, -0.6539880540636662], [-0.03357513132768934, 0.27134117357336623], [-0.39415679104917034, -0.08924048614811475], [0.03916575808966169, 0.3440820629907173], [-0.030803392638390603, 0.274112912262665]]","[-0.27758352686418564, -0.04106931049972523, 0.03521931189759073, 0.4936596517646193]","[0.04, 0.06, 0.08, 0.1]","[0.0, 0.0, 0.0, 0.0]",0.12,0.06,0.0133174
high_noise,169,evaluated,2.54096920751,True,"[-0.7310962092813735, 0.1370998578351733, -0.20778997840787472, 0.23625009567342037, 0.1709841448500662]","[-0.806446206514194, 0.11888302112283845, -0.24169863859864255, 0.19162391054018948, 0.12165475981213719]","[[-0.9589043589647217, -0.6539880540636662], [-0.03357513132768934, 0.27134117357336623], [-0.39415679104917034, -0.08924048614811475], [0.03916575808966169, 0.3440820629907173], [-0.030803392638390603, 0.274112912262665]]","[-0.27613612979026503, -0.2990055835124385, 0.3290999047061748, 1.1639903758623333]","[0.12, 0.18, 0.24, 0.30000000000000004]","[0.0, 0.0, 0.0, 0.0]",1.2,0.6,0.0103015
bounded_nuisance_bias,169,evaluated,2.54096920751,True,"[-0.7310962092813735, 0.1370998578351733, -0.20778997840787472, 0.23625009567342037, 0.1709841448500662]","[-0.806446206514194, 0.11888302112283845, -0.24169863859864255, 0.19162391054018948, 0.12165475981213719]","[[-0.9589043589647217, -0.6539880540636662], [-0.03357513132768934, 0.27134117357336623], [-0.39415679104917034, -0.08924048614811475], [0.03916575808966169, 0.3440820629907173], [-0.030803392638390603, 0.274112912262665]]","[-0.33758352686418563, 0.018930689500274767, -0.02478068810240927, 0.5536596517646193]","[0.04, 0.06, 0.08, 0.1]","[0.06, 0.06, 0.06, 0.06]",1.2,0.6,0.0191877
nominal,170,evaluated,2.54353930536,True,"[0.033165954146757715, -0.5349139017751783, 0.5828432300883437, -0.05959503859689197, 0.1277766505790916]","[0.00680076956118561, -0.49628199417490004, 0.5162902821803588, 0.0173035229208703, 0.17322467153699378]","[[-0.145811588760319, 0.15941312788269021], [-0.6488943524964046, -0.34366963585339544], [0.36367792385885417, 0.6689026405018634], [-0.13530883540063432, 0.1699158812423749], [0.020612313215489175, 0.3258370298584984]]","[0.07088311424955185, -0.18449483366683297, 0.4051738922203656, -0.09781763097116858]","[0.04, 0.06, 0.08, 0.1]","[0.0, 0.0, 0.0, 0.0]",1.2,0.6,0.0441186999999
extrapolation,170,evaluated,2.54353930536,True,"[-0.7, -0.5499999999999999, -0.39999999999999997, -0.25, 0.95]","[-0.7263651845855721, -0.5113680923997217, -0.46655294790798485, -0.17310143848223775, 0.9954480209579021]","[[-0.8789775429070767, -0.5737528262640674], [-0.6639804507212264, -0.3587557340782171], [-0.6191653062294895, -0.31394058958648025], [-0.32571379680374235, -0.020489080160733142], [0.8428356626363975, 1.0]]","[-0.22234645239284226, -0.18863635729542952, -0.23844391509058477, -0.19437607840064292]","[0.04, 0.06, 0.08, 0.1]","[0.0, 0.0, 0.0, 0.0]",1.2,0.6,0.00875010000004
proxy_shift,170,evaluated,2.54353930536,False,"[0.033165954146757715, -0.5349139017751783, 0.5828432300883437, -0.05959503859689197, 0.1277766505790916]","[-0.0459295996099586, -0.4190181789743437, 0.383184386364389, 0.17110064595639485, 0.2641207134527981]","[[-0.1985419579314632, 0.106682758711546], [-0.5716305372958483, -0.2664058206528391], [0.2305720280428844, 0.5357967446858936], [0.018488287634890244, 0.32371300427789945], [0.11150835513129348, 0.4167330717743027]]","[0.07088311424955185, -0.18449483366683297, 0.4051738922203656, -0.09781763097116858]","[0.04, 0.06, 0.08, 0.1]","[0.0, 0.0, 0.0, 0.0]",1.2,0.6,0.0464207
understated_LH,170,evaluated,2.54353930536,True,"[0.033165954146757715, -0.5349139017751783, 0.5828432300883437, -0.05959503859689197, 0.1277766505790916]","[0.00680076956118561, -0.49628199417490004, 0.5162902821803588, 0.0173035229208703, 0.17322467153699378]","[[-0.145811588760319, 0.15941312788269021], [-0.6488943524964046, -0.34366963585339544], [0.36367792385885417, 0.6689026405018634], [-0.13530883540063432, 0.1699158812423749], [0.020612313215489175, 0.3258370298584984]]","[0.07088311424955185, -0.18449483366683297, 0.4051738922203656, -0.09781763097116858]","[0.04, 0.06, 0.08, 0.1]","[0.0, 0.0, 0.0, 0.0]",0.12,0.06,0.0140833
high_noise,170,evaluated,2.54353930536,True,"[0.033165954146757715, -0.5349139017751783, 0.5828432300883437, -0.05959503859689197, 0.1277766505790916]","[0.00680076956118561, -0.49628199417490004, 0.5162902821803588, 0.0173035229208703, 0.17322467153699378]","[[-0.145811588760319, 0.15941312788269021], [-0.6488943524964046, -0.34366963585339544], [0.36367792385885417, 0.6689026405018634], [-0.13530883540063432, 0.1699158812423749], [0.020612313215489175, 0.3258370298584984]]","[0.17219020946386737, -0.08326754825769206, 0.31228606203919607, -0.2240697877724544]","[0.12, 0.18, 0.24, 0.30000000000000004]","[0.0, 0.0, 0.0, 0.0]",1.2,0.6,0.0684274999999
bounded_nuisance_bias,170,evaluated,2.54353930536,True,"[0.033165954146757715, -0.5349139017751783, 0.5828432300883437, -0.05959503859689197, 0.1277766505790916]","[0.00680076956118561, -0.49628199417490004, 0.5162902821803588, 0.0173035229208703, 0.17322467153699378]","[[-0.145811588760319, 0.15941312788269021], [-0.6488943524964046, -0.34366963585339544], [0.36367792385885417, 0.6689026405018634], [-0.13530883540063432, 0.1699158812423749], [0.020612313215489175, 0.3258370298584984]]","[0.01088311424955185, -0.12449483366683298, 0.3451738922203656, -0.03781763097116858]","[0.04, 0.06, 0.08, 0.1]","[0.06, 0.06, 0.06, 0.06]",1.2,0.6,0.0422885999999
nominal,171,evaluated,2.63636467634,True,"[-0.7593166912060009, 0.16018246453787144, 0.09413175033290755, 0.5963579374797632, 0.3904799985732941]","[-0.6808628627614556, 0.23398205157726404, 0.16490751551204194, 0.6800500026592906, 0.4165298091322965]","[[-0.839044743341905, -0.5226809821810061], [0.07580017099681458, 0.3921639321577135], [0.006725634931592478, 0.32308939609249143], [0.5218681220788411, 0.8382318832397401], [0.258347928551847, 0.574711689712746]]","[-0.27326042062587813, 0.13179190079635364, -0.016983855904480705, 0.40535077467482644]","[0.04, 0.06, 0.08, 0.1]","[0.0, 0.0, 0.0, 0.0]",1.2,0.6,0.0527282
extrapolation,171,evaluated,2.63636467634,True,"[-0.7, -0.5499999999999999, -0.39999999999999997, -0.25, 0.95]","[-0.6215461715554547, -0.47620041296060733, -0.3292242348208656, -0.16630793482047262, 0.9760498105590023]","[[-0.7797280521359041, -0.4633642909750052], [-0.6343822935410568, -0.31801853238015787], [-0.48740611540131507, -0.17104235424041614], [-0.3244898154009221, -0.008126054240023162], [0.8178679299785528, 1.0]]","[-0.2636389571654864, -0.21126510450999714, -0.26812114203044624, -0.19040682469156656]","[0.04, 0.06, 0.08, 0.1]","[0.0, 0.0, 0.0, 0.0]",1.2,0.6,0.0105748999999
proxy_shift,171,evaluated,2.63636467634,False,"[-0.7593166912060009, 0.16018246453787144, 0.09413175033290755, 0.5963579374797632, 0.3904799985732941]","[-0.5239552058723649, 0.38158122565604924, 0.3064590458703107, 0.8474341330183452, 0.46862943025030124]","[[-0.6821370864528143, -0.3657733252919154], [0.22339934507559978, 0.5397631062364987], [0.14827716528986123, 0.46464092645076016], [0.6892522524378958, 1.0], [0.3104475496698518, 0.6268113108307507]]","[-0.27326042062587813, 0.13179190079635364, -0.016983855904480705, 0.40535077467482644]","[0.04, 0.06, 0.08, 0.1]","[0.0, 0.0, 0.0, 0.0]",1.2,0.6,0.0441642999999
understated_LH,171,evaluated,2.63636467634,True,"[-0.7593166912060009, 0.16018246453787144, 0.09413175033290755, 0.5963579374797632, 0.3904799985732941]","[-0.6808628627614556, 0.23398205157726404, 0.16490751551204194, 0.6800500026592906, 0.4165298091322965]","[[-0.839044743341905, -0.5226809821810061], [0.07580017099681458, 0.3921639321577135], [0.006725634931592478, 0.32308939609249143], [0.5218681220788411, 0.8382318832397401], [0.258347928551847, 0.574711689712746]]","[-0.27326042062587813, 0.13179190079635364, -0.016983855904480705, 0.40535077467482644]","[0.04, 0.06, 0.08, 0.1]","[0.0, 0.0, 0.0, 0.0]",0.12,0.06,0.0122705000001
high_noise,171,evaluated,2.63636467634,True,"[-0.7593166912060009, 0.16018246453787144, 0.09413175033290755, 0.5963579374797632, 0.3904799985732941]","[-0.6808628627614556, 0.23398205157726404, 0.16490751551204194, 0.6800500026592906, 0.4165298091322965]","[[-0.839044743341905, -0.5226809821810061], [0.07580017099681458, 0.3921639321577135], [0.006725634931592478, 0.32308939609249143], [0.5218681220788411, 0.8382318832397401], [0.258347928551847, 0.574711689712746]]","[-0.2545383349568509, 0.18776169177635926, -0.16922613996537328, 0.28703712529169334]","[0.12, 0.18, 0.24, 0.30000000000000004]","[0.0, 0.0, 0.0, 0.0]",1.2,0.6,0.0874331
bounded_nuisance_bias,171,evaluated,2.63636467634,True,"[-0.7593166912060009, 0.16018246453787144, 0.09413175033290755, 0.5963579374797632, 0.3904799985732941]","[-0.6808628627614556, 0.23398205157726404, 0.16490751551204194, 0.6800500026592906, 0.4165298091322965]","[[-0.839044743341905, -0.5226809821810061], [0.07580017099681458, 0.3921639321577135], [0.006725634931592478, 0.32308939609249143], [0.5218681220788411, 0.8382318832397401], [0.258347928551847, 0.574711689712746]]","[-0.33326042062587813, 0.19179190079635364, -0.0769838559044807, 0.46535077467482644]","[0.04, 0.06, 0.08, 0.1]","[0.06, 0.06, 0.06, 0.06]",1.2,0.6,0.0506455
nominal,172,evaluated,2.73961423592,True,"[-0.30539886250658554, -0.052634523017035306, 0.20525588980027631, -0.5023156660322567, -0.48971077426927895]","[-0.40450075771128646, 0.0611937446108653, 0.18262607112610946, -0.39398439621053327, -0.3913202972520242]","[[-0.5688776118666182, -0.24012390355595467], [-0.1031831095444665, 0.2255705987661971], [0.018249216970777665, 0.3470029252814413], [-0.558361250365865, -0.22960754205520148], [-0.555697151407356, -0.22694344309669243]]","[-0.13127143661509605, -0.128201623848402, 0.096329281117471, -0.19569440669786192]","[0.04, 0.06, 0.08, 0.1]","[0.0, 0.0, 0.0, 0.0]",1.2,0.6,0.0420723
extrapolation,172,evaluated,2.73961423592,True,"[-0.7, -0.5499999999999999, -0.39999999999999997, -0.25, 0.95]","[-0.7991018952047009, -0.43617173237209933, -0.4226298186741668, -0.14166873017827653, 1.0]","[[-0.9634787493600326, -0.6347250410493691], [-0.6005485865274311, -0.2717948782167675], [-0.5870066728294986, -0.25825296451883506], [-0.3060455843336083, 0.022708123977055267], [0.8356231458446682, 1.0]]","[-0.24901265867723965, -0.33670202794215004, -0.23146324685200573, -0.10125131558093682]","[0.04, 0.06, 0.08, 0.1]","[0.0, 0.0, 0.0, 0.0]",1.2,0.6,0.00977779999994
proxy_shift,172,evaluated,2.73961423592,False,"[-0.30539886250658554, -0.052634523017035306, 0.20525588980027631, -0.5023156660322567, -0.48971077426927895]","[-0.6027045481206883, 0.2888502798666665, 0.13736643377777571, -0.17732185656708627, -0.19453934321751476]","[[-0.7670814022760201, -0.43832769396535654], [0.12447342571133471, 0.4532271340219983], [-0.027010420377556077, 0.3017432879331075], [-0.3416987107224181, -0.012945002411754475], [-0.3589161973728465, -0.030162489062182968]]","[-0.13127143661509605, -0.128201623848402, 0.096329281117471, -0.19569440669786192]","[0.04, 0.06, 0.08, 0.1]","[0.0, 0.0, 0.0, 0.0]",1.2,0.6,0.0492059000001
understated_LH,172,evaluated,2.73961423592,True,"[-0.30539886250658554, -0.052634523017035306, 0.20525588980027631, -0.5023156660322567, -0.48971077426927895]","[-0.40450075771128646, 0.0611937446108653, 0.18262607112610946, -0.39398439621053327, -0.3913202972520242]","[[-0.5688776118666182, -0.24012390355595467], [-0.1031831095444665, 0.2255705987661971], [0.018249216970777665, 0.3470029252814413], [-0.558361250365865, -0.22960754205520148], [-0.555697151407356, -0.22694344309669243]]","[-0.13127143661509605, -0.128201623848402, 0.096329281117471, -0.19569440669786192]","[0.04, 0.06, 0.08, 0.1]","[0.0, 0.0, 0.0, 0.0]",0.12,0.06,0.0131646
high_noise,172,evaluated,2.73961423592,True,"[-0.30539886250658554, -0.052634523017035306, 0.20525588980027631, -0.5023156660322567, -0.48971077426927895]","[-0.40450075771128646, 0.0611937446108653, 0.18262607112610946, -0.39398439621053327, -0.3913202972520242]","[[-0.5688776118666182, -0.24012390355595467], [-0.1031831095444665, 0.2255705987661971], [0.018249216970777665, 0.3470029252814413], [-0.558361250365865, -0.22960754205520148], [-0.555697151407356, -0.22694344309669243]]","[-0.08329675396957528, -0.32310567973270216, 0.017402787413459464, -0.13569703785973553]","[0.12, 0.18, 0.24, 0.30000000000000004]","[0.0, 0.0, 0.0, 0.0]",1.2,0.6,0.0461230000001
bounded_nuisance_bias,172,evaluated,2.73961423592,True,"[-0.30539886250658554, -0.052634523017035306, 0.20525588980027631, -0.5023156660322567, -0.48971077426927895]","[-0.40450075771128646, 0.0611937446108653, 0.18262607112610946, -0.39398439621053327, -0.3913202972520242]","[[-0.5688776118666182, -0.24012390355595467], [-0.1031831095444665, 0.2255705987661971], [0.018249216970777665, 0.3470029252814413], [-0.558361250365865, -0.22960754205520148], [-0.555697151407356, -0.22694344309669243]]","[-0.19127143661509605, -0.068201623848402, 0.036329281117470996, -0.13569440669786192]","[0.04, 0.06, 0.08, 0.1]","[0.06, 0.06, 0.06, 0.06]",1.2,0.6,0.0387776999999
nominal,173,evaluated,2.52738134953,True,"[0.0800278217317274, 0.008642851604375168, -0.4469724436531012, 0.17381304281990906, -0.5365822814108934]","[0.14946780791755798, -0.07807119337367946, -0.36088738779574236, 0.15809633952793603, -0.46974971030924234]","[[-0.0021750730541554852, 0.30111068888927145], [-0.22971407434539293, 0.07357168759803401], [-0.5125302687674558, -0.2092445068240289], [0.006453458556222563, 0.3097392204996495], [-0.6213925912809558, -0.3181068293375289]]","[0.029242244934980666, 0.09219116488685027, -0.12367657474876281, 0.05671901684898073]","[0.04, 0.06, 0.08, 0.1]","[0.0, 0.0, 0.0, 0.0]",1.2,0.6,0.00858859999994
extrapolation,173,evaluated,2.52738134953,True,"[-0.7, -0.5499999999999999, -0.39999999999999997, -0.25, 0.95]","[-0.6305600138141694, -0.6367140449780546, -0.31391494414264115, -0.26571670329197306, 1.0]","[[-0.7822028947858828, -0.4789171328424559], [-0.788356925949768, -0.48507116400634115], [-0.4655578251143546, -0.16227206317092768], [-0.4173595842636865, -0.11407382232025959], [0.8483571190282866, 1.0]]","[-0.2936957837793933, -0.15226695574093135, -0.10742841817246954, -0.18788210099925937]","[0.04, 0.06, 0.08, 0.1]","[0.0, 0.0, 0.0, 0.0]",1.2,0.6,0.0208955999999
proxy_shift,173,evaluated,2.52738134953,False,"[0.0800278217317274, 0.008642851604375168, -0.4469724436531012, 0.17381304281990906, -0.5365822814108934]","[0.2883477802892192, -0.2514992833297887, -0.1887172760810248, 0.12666293294398995, -0.33608456810594023]","[[0.13670489931750573, 0.43999066126093267], [-0.4031421643015022, -0.09985640235807525], [-0.34036015705273825, -0.03707439510931132], [-0.02497994802772352, 0.2783058139157034], [-0.4877274490776537, -0.18444168713422676]]","[0.029242244934980666, 0.09219116488685027, -0.12367657474876281, 0.05671901684898073]","[0.04, 0.06, 0.08, 0.1]","[0.0, 0.0, 0.0, 0.0]",1.2,0.6,0.0113669
understated_LH,173,evaluated,2.52738134953,True,"[0.0800278217317274, 0.008642851604375168, -0.4469724436531012, 0.17381304281990906, -0.5365822814108934]","[0.14946780791755798, -0.07807119337367946, -0.36088738779574236, 0.15809633952793603, -0.46974971030924234]","[[-0.0021750730541554852, 0.30111068888927145], [-0.22971407434539293, 0.07357168759803401], [-0.5125302687674558, -0.2092445068240289], [0.006453458556222563, 0.3097392204996495], [-0.6213925912809558, -0.3181068293375289]]","[0.029242244934980666, 0.09219116488685027, -0.12367657474876281, 0.05671901684898073]","[0.04, 0.06, 0.08, 0.1]","[0.0, 0.0, 0.0, 0.0]",0.12,0.06,0.0143082
high_noise,173,evaluated,2.52738134953,True,"[0.0800278217317274, 0.008642851604375168, -0.4469724436531012, 0.17381304281990906, -0.5365822814108934]","[0.14946780791755798, -0.07807119337367946, -0.36088738779574236, 0.15809633952793603, -0.46974971030924234]","[[-0.0021750730541554852, 0.30111068888927145], [-0.22971407434539293, 0.07357168759803401], [-0.5125302687674558, -0.2092445068240289], [0.006453458556222563, 0.3097392204996495], [-0.6213925912809558, -0.3181068293375289]]","[-0.012149322623805955, 0.26615725340498747, 0.04546658890629807, -0.05654518514953802]","[0.12, 0.18, 0.24, 0.30000000000000004]","[0.0, 0.0, 0.0, 0.0]",1.2,0.6,0.0106896
bounded_nuisance_bias,173,evaluated,2.52738134953,True,"[0.0800278217317274, 0.008642851604375168, -0.4469724436531012, 0.17381304281990906, -0.5365822814108934]","[0.14946780791755798, -0.07807119337367946, -0.36088738779574236, 0.15809633952793603, -0.46974971030924234]","[[-0.0021750730541554852, 0.30111068888927145], [-0.22971407434539293, 0.07357168759803401], [-0.5125302687674558, -0.2092445068240289], [0.006453458556222563, 0.3097392204996495], [-0.6213925912809558, -0.3181068293375289]]","[-0.03075775506501933, 0.15219116488685025, -0.1836765747487628, 0.11671901684898073]","[0.04, 0.06, 0.08, 0.1]","[0.06, 0.06, 0.06, 0.06]",1.2,0.6,0.00892610000005
nominal,174,evaluated,2.45887764654,True,"[0.624920425344502, -0.30890156430071747, 0.20743007672849179, 0.20756831954264965, 0.514218113217298]","[0.5711214865386317, -0.314541549559055, 0.1659675244256253, 0.1936008775554509, 0.5611202972050046]","[[0.4235888277464622, 0.7186541453308012], [-0.4620742083512245, -0.16700889076688555], [0.018434865633455838, 0.3135001832177947], [0.04606821876328146, 0.34113353634762034], [0.4135876384128351, 0.708652955997174]]","[0.5549686843087689, -0.10403114384310014, 0.14954669228898254, 0.12087264966960767]","[0.04, 0.06, 0.08, 0.1]","[0.0, 0.0, 0.0, 0.0]",1.2,0.6,0.0345202000001
extrapolation,174,evaluated,2.45887764654,True,"[-0.7, -0.5499999999999999, -0.39999999999999997, -0.25, 0.95]","[-0.7537989388058702, -0.5556399852583375, -0.44146255230286646, -0.26396744198719874, 0.9969021839877065]","[[-0.9013315975980397, -0.6062662800137008], [-0.703172644050507, -0.408107326466168], [-0.5889952110950359, -0.293929893510697], [-0.41150010077936816, -0.11643478319502928], [0.849369525195537, 1.0]]","[-0.21014123230175832, -0.18656625819089873, -0.1798195247675889, -0.14784372423930997]","[0.04, 0.06, 0.08, 0.1]","[0.0, 0.0, 0.0, 0.0]",1.2,0.6,0.0118895000001
proxy_shift,174,evaluated,2.45887764654,False,"[0.624920425344502, -0.30890156430071747, 0.20743007672849179, 0.20756831954264965, 0.514218113217298]","[0.4635236089268912, -0.32582152007573, 0.08304241981989227, 0.16566599358105344, 0.6549246651804175]","[[0.3159909501347218, 0.6110562677190606], [-0.47335417886789943, -0.17828886128356056], [-0.06449023897227718, 0.23057507861206172], [0.018133334788883987, 0.31319865237322286], [0.507392006388248, 0.802457323972587]]","[0.5549686843087689, -0.10403114384310014, 0.14954669228898254, 0.12087264966960767]","[0.04, 0.06, 0.08, 0.1]","[0.0, 0.0, 0.0, 0.0]",1.2,0.6,0.00559780000003
understated_LH,174,evaluated,2.45887764654,True,"[0.624920425344502, -0.30890156430071747, 0.20743007672849179, 0.20756831954264965, 0.514218113217298]","[0.5711214865386317, -0.314541549559055, 0.1659675244256253, 0.1936008775554509, 0.5611202972050046]","[[0.4235888277464622, 0.7186541453308012], [-0.4620742083512245, -0.16700889076688555], [0.018434865633455838, 0.3135001832177947], [0.04606821876328146, 0.34113353634762034], [0.4135876384128351, 0.708652955997174]]","[0.5549686843087689, -0.10403114384310014, 0.14954669228898254, 0.12087264966960767]","[0.04, 0.06, 0.08, 0.1]","[0.0, 0.0, 0.0, 0.0]",0.12,0.06,0.0614896
high_noise,174,evaluated,2.45887764654,True,"[0.624920425344502, -0.30890156430071747, 0.20743007672849179, 0.20756831954264965, 0.514218113217298]","[0.5711214865386317, -0.314541549559055, 0.1659675244256253, 0.1936008775554509, 0.5611202972050046]","[[0.4235888277464622, 0.7186541453308012], [-0.4620742083512245, -0.16700889076688555], [0.018434865633455838, 0.3135001832177947], [0.04606821876328146, 0.34113353634762034], [0.4135876384128351, 0.708652955997174]]","[0.6806862197052522, 0.0013363397751023631, 0.17390764275380471, 0.08768520119098772]","[0.12, 0.18, 0.24, 0.30000000000000004]","[0.0, 0.0, 0.0, 0.0]",1.2,0.6,0.0461937
bounded_nuisance_bias,174,evaluated,2.45887764654,True,"[0.624920425344502, -0.30890156430071747, 0.20743007672849179, 0.20756831954264965, 0.514218113217298]","[0.5711214865386317, -0.314541549559055, 0.1659675244256253, 0.1936008775554509, 0.5611202972050046]","[[0.4235888277464622, 0.7186541453308012], [-0.4620742083512245, -0.16700889076688555], [0.018434865633455838, 0.3135001832177947], [0.04606821876328146, 0.34113353634762034], [0.4135876384128351, 0.708652955997174]]","[0.4949686843087689, -0.04403114384310014, 0.08954669228898254, 0.18087264966960767]","[0.04, 0.06, 0.08, 0.1]","[0.06, 0.06, 0.06, 0.06]",1.2,0.6,0.0341931999999
nominal,175,evaluated,2.64648245723,True,"[0.14726831716772237, -0.35024283720721083, -0.3382217087620589, 0.19932634553573314, 0.035789422891634004]","[0.17249377943837343, -0.4036867719601554, -0.3460404775910119, 0.08103506038371894, -0.059703191927144975]","[[0.013704832004290374, 0.3312827268724565], [-0.5624757193942385, -0.24489782452607234], [-0.504829425025095, -0.18725153015692886], [-0.07775388705036412, 0.239824007817802], [-0.21849213936122802, 0.09908575550693809]]","[0.019826848976183864, -0.16863895884825988, -0.09685963894933028, -0.042412083475674794]","[0.04, 0.06, 0.08, 0.1]","[0.0, 0.0, 0.0, 0.0]",1.2,0.6,0.0435226999998
extrapolation,175,evaluated,2.64648245723,True,"[-0.7, -0.5499999999999999, -0.39999999999999997, -0.25, 0.95]","[-0.6747745377293489, -0.6034439347529446, -0.40781876882895296, -0.3682912851520142, 0.8545073851812209]","[[-0.8335634851634319, -0.5159855902952659], [-0.7622328821870277, -0.4446549873188615], [-0.5666077162630361, -0.2490298213948699], [-0.5270802325860973, -0.20950233771793114], [0.6957184377471379, 1.0]]","[-0.34804052849687345, -0.23454427002842038, -0.120244790975473, -0.3051771884045038]","[0.04, 0.06, 0.08, 0.1]","[0.0, 0.0, 0.0, 0.0]",1.2,0.6,0.0199895999999
proxy_shift,175,evaluated,2.64648245723,False,"[0.14726831716772237, -0.35024283720721083, -0.3382217087620589, 0.19932634553573314, 0.035789422891634004]","[0.22294470397967553, -0.5105746414660446, -0.36167801524891796, -0.15554750992030947, -0.25068842156470295]","[[0.06415575654559247, 0.3817336514137586], [-0.6693635889001277, -0.3517856940319615], [-0.520466962683001, -0.2028890678148349], [-0.31433645735439253, 0.003241437513773593], [-0.409477368998786, -0.09189947413061988]]","[0.019826848976183864, -0.16863895884825988, -0.09685963894933028, -0.042412083475674794]","[0.04, 0.06, 0.08, 0.1]","[0.0, 0.0, 0.0, 0.0]",1.2,0.6,0.0438426999999
understated_LH,175,evaluated,2.64648245723,True,"[0.14726831716772237, -0.35024283720721083, -0.3382217087620589, 0.19932634553573314, 0.035789422891634004]","[0.17249377943837343, -0.4036867719601554, -0.3460404775910119, 0.08103506038371894, -0.059703191927144975]","[[0.013704832004290374, 0.3312827268724565], [-0.5624757193942385, -0.24489782452607234], [-0.504829425025095, -0.18725153015692886], [-0.07775388705036412, 0.239824007817802], [-0.21849213936122802, 0.09908575550693809]]","[0.019826848976183864, -0.16863895884825988, -0.09685963894933028, -0.042412083475674794]","[0.04, 0.06, 0.08, 0.1]","[0.0, 0.0, 0.0, 0.0]",0.12,0.06,0.0583477
high_noise,175,evaluated,2.64648245723,True,"[0.14726831716772237, -0.35024283720721083, -0.3382217087620589, 0.19932634553573314, 0.035789422891634004]","[0.17249377943837343, -0.4036867719601554, -0.3460404775910119, 0.08103506038371894, -0.059703191927144975]","[[0.013704832004290374, 0.3312827268724565], [-0.5624757193942385, -0.24489782452607234], [-0.504829425025095, -0.18725153015692886], [-0.07775388705036412, 0.239824007817802], [-0.21849213936122802, 0.09908575550693809]]","[-0.13025420801756293, -0.15922749890510068, 0.04665077909972368, -0.39026646028468237]","[0.12, 0.18, 0.24, 0.30000000000000004]","[0.0, 0.0, 0.0, 0.0]",1.2,0.6,0.0442804000002
bounded_nuisance_bias,175,evaluated,2.64648245723,True,"[0.14726831716772237, -0.35024283720721083, -0.3382217087620589, 0.19932634553573314, 0.035789422891634004]","[0.17249377943837343, -0.4036867719601554, -0.3460404775910119, 0.08103506038371894, -0.059703191927144975]","[[0.013704832004290374, 0.3312827268724565], [-0.5624757193942385, -0.24489782452607234], [-0.504829425025095, -0.18725153015692886], [-0.07775388705036412, 0.239824007817802], [-0.21849213936122802, 0.09908575550693809]]","[-0.040173151023816134, -0.10863895884825989, -0.15685963894933028, 0.017587916524325203]","[0.04, 0.06, 0.08, 0.1]","[0.06, 0.06, 0.06, 0.06]",1.2,0.6,0.0427776000001
nominal,176,evaluated,2.41135605194,True,"[0.7610024369222381, -0.7446423699867636, -0.633843426239235, 0.6649639819898931, -0.6517316657128647]","[0.7644620083110556, -0.6970640655358769, -0.5780298250894037, 0.6047288476198188, -0.6919823434203988]","[[0.6197806451949146, 0.9091433714271966], [-0.8417454286520178, -0.5523827024197359], [-0.7227111882055447, -0.4333484619732627], [0.46004748450367783, 0.7494102107359598], [-0.8366637065365398, -0.5473009803042578]]","[0.567576785239913, -0.3570239916133093, -0.2978838905428505, 0.43367869708951223]","[0.04, 0.06, 0.08, 0.1]","[0.0, 0.0, 0.0, 0.0]",1.2,0.6,0.0387542999999
extrapolation,176,evaluated,2.41135605194,True,"[-0.7, -0.5499999999999999, -0.39999999999999997, -0.25, 0.95]","[-0.6965404286111825, -0.5024216955491132, -0.3441863988501687, -0.3102351343700743, 0.9097493222924659]","[[-0.8412217917273235, -0.5518590654950415], [-0.6471030586652542, -0.3577403324329722], [-0.48886776196630966, -0.19950503573402775], [-0.4549164974862152, -0.1655537712539333], [0.7650679591763249, 1.0]]","[-0.3357620896139054, -0.31583624737510235, -0.23010508149531725, -0.22920282130758013]","[0.04, 0.06, 0.08, 0.1]","[0.0, 0.0, 0.0, 0.0]",1.2,0.6,0.0209944999999
proxy_shift,176,evaluated,2.41135605194,False,"[0.7610024369222381, -0.7446423699867636, -0.633843426239235, 0.6649639819898931, -0.6517316657128647]","[0.7713811510886907, -0.6019074566341036, -0.4664026227897412, 0.4842585788796703, -0.772483698835467]","[[0.6266997879725497, 0.9160625142048316], [-0.7465888197502446, -0.4572260935179626], [-0.6110839859058822, -0.3217212596736002], [0.3395772157635293, 0.6289399419958113], [-0.917165061951608, -0.627802335719326]]","[0.567576785239913, -0.3570239916133093, -0.2978838905428505, 0.43367869708951223]","[0.04, 0.06, 0.08, 0.1]","[0.0, 0.0, 0.0, 0.0]",1.2,0.6,0.00956399999995
understated_LH,176,evaluated,2.41135605194,True,"[0.7610024369222381, -0.7446423699867636, -0.633843426239235, 0.6649639819898931, -0.6517316657128647]","[0.7644620083110556, -0.6970640655358769, -0.5780298250894037, 0.6047288476198188, -0.6919823434203988]","[[0.6197806451949146, 0.9091433714271966], [-0.8417454286520178, -0.5523827024197359], [-0.7227111882055447, -0.4333484619732627], [0.46004748450367783, 0.7494102107359598], [-0.8366637065365398, -0.5473009803042578]]","[0.567576785239913, -0.3570239916133093, -0.2978838905428505, 0.43367869708951223]","[0.04, 0.06, 0.08, 0.1]","[0.0, 0.0, 0.0, 0.0]",0.12,0.06,0.0317156999999
high_noise,176,evaluated,2.41135605194,True,"[0.7610024369222381, -0.7446423699867636, -0.633843426239235, 0.6649639819898931, -0.6517316657128647]","[0.7644620083110556, -0.6970640655358769, -0.5780298250894037, 0.6047288476198188, -0.6919823434203988]","[[0.6197806451949146, 0.9091433714271966], [-0.8417454286520178, -0.5523827024197359], [-0.7227111882055447, -0.4333484619732627], [0.46004748450367783, 0.7494102107359598], [-0.8366637065365398, -0.5473009803042578]]","[0.4420526060121022, -0.510196486363514, -0.37409405353348507, 0.23777305447435199]","[0.12, 0.18, 0.24, 0.30000000000000004]","[0.0, 0.0, 0.0, 0.0]",1.2,0.6,0.0427190999999
bounded_nuisance_bias,176,evaluated,2.41135605194,True,"[0.7610024369222381, -0.7446423699867636, -0.633843426239235, 0.6649639819898931, -0.6517316657128647]","[0.7644620083110556, -0.6970640655358769, -0.5780298250894037, 0.6047288476198188, -0.6919823434203988]","[[0.6197806451949146, 0.9091433714271966], [-0.8417454286520178, -0.5523827024197359], [-0.7227111882055447, -0.4333484619732627], [0.46004748450367783, 0.7494102107359598], [-0.8366637065365398, -0.5473009803042578]]","[0.5075767852399129, -0.2970239916133093, -0.3578838905428505, 0.49367869708951223]","[0.04, 0.06, 0.08, 0.1]","[0.06, 0.06, 0.06, 0.06]",1.2,0.6,0.0398303999998
nominal,177,evaluated,2.72887207675,True,"[-0.6048511592800807, -0.6240228213708777, -0.06301505865404933, -0.5700690546302205, -0.752139949194313]","[-0.5956078547880415, -0.5501371406297474, -0.043037252514114846, -0.5312822214267181, -0.678095527703115]","[[-0.7593401793932502, -0.43187553018283276], [-0.7138694652349561, -0.3864048160245387], [-0.20676957711932353, 0.12069507209109386], [-0.6950145460319268, -0.3675498968215094], [-0.8418278523083237, -0.5143632030979063]]","[-0.13816111625373806, -0.293246042451898, 0.021122028127674303, -0.24770525163266405]","[0.04, 0.06, 0.08, 0.1]","[0.0, 0.0, 0.0, 0.0]",1.2,0.6,0.00882180000008
extrapolation,177,evaluated,2.72887207675,True,"[-0.7, -0.5499999999999999, -0.39999999999999997, -0.25, 0.95]","[-0.6907566955079607, -0.4761143192588696, -0.38002219386006547, -0.21121316679649754, 1.0]","[[-0.8544890201131694, -0.527024370902752], [-0.6398466438640783, -0.3123819946536609], [-0.5437545184652741, -0.21628986925485677], [-0.37494549140170624, -0.04748084219128884], [0.8362676753947913, 1.0]]","[-0.15800389815042692, -0.27490369410687243, -0.13426020596504806, -0.13440743696862975]","[0.04, 0.06, 0.08, 0.1]","[0.0, 0.0, 0.0, 0.0]",1.2,0.6,0.0117349
proxy_shift,177,evaluated,2.72887207675,False,"[-0.6048511592800807, -0.6240228213708777, -0.06301505865404933, -0.5700690546302205, -0.752139949194313]","[-0.5771212458039628, -0.4023657791474868, -0.003081640234245897, -0.4537085550197132, -0.5300066847207189]","[[-0.7408535704091715, -0.41338892119875414], [-0.5660981037526955, -0.23863345454227808], [-0.1668139648394546, 0.1606506843709628], [-0.6174408796249219, -0.2899762304145045], [-0.6937390093259276, -0.3662743601155102]]","[-0.13816111625373806, -0.293246042451898, 0.021122028127674303, -0.24770525163266405]","[0.04, 0.06, 0.08, 0.1]","[0.0, 0.0, 0.0, 0.0]",1.2,0.6,0.0452295
understated_LH,177,evaluated,2.72887207675,True,"[-0.6048511592800807, -0.6240228213708777, -0.06301505865404933, -0.5700690546302205, -0.752139949194313]","[-0.5956078547880415, -0.5501371406297474, -0.043037252514114846, -0.5312822214267181, -0.678095527703115]","[[-0.7593401793932502, -0.43187553018283276], [-0.7138694652349561, -0.3864048160245387], [-0.20676957711932353, 0.12069507209109386], [-0.6950145460319268, -0.3675498968215094], [-0.8418278523083237, -0.5143632030979063]]","[-0.13816111625373806, -0.293246042451898, 0.021122028127674303, -0.24770525163266405]","[0.04, 0.06, 0.08, 0.1]","[0.0, 0.0, 0.0, 0.0]",0.12,0.06,0.00831689999995
high_noise,177,evaluated,2.72887207675,True,"[-0.6048511592800807, -0.6240228213708777, -0.06301505865404933, -0.5700690546302205, -0.752139949194313]","[-0.5956078547880415, -0.5501371406297474, -0.043037252514114846, -0.5312822214267181, -0.678095527703115]","[[-0.7593401793932502, -0.43187553018283276], [-0.7138694652349561, -0.3864048160245387], [-0.20676957711932353, 0.12069507209109386], [-0.6950145460319268, -0.3675498968215094], [-0.8418278523083237, -0.5143632030979063]]","[0.09183108744540808, -0.364553430665643, 0.13660161619757813, -0.25402012556992354]","[0.12, 0.18, 0.24, 0.30000000000000004]","[0.0, 0.0, 0.0, 0.0]",1.2,0.6,0.0074098
bounded_nuisance_bias,177,evaluated,2.72887207675,True,"[-0.6048511592800807, -0.6240228213708777, -0.06301505865404933, -0.5700690546302205, -0.752139949194313]","[-0.5956078547880415, -0.5501371406297474, -0.043037252514114846, -0.5312822214267181, -0.678095527703115]","[[-0.7593401793932502, -0.43187553018283276], [-0.7138694652349561, -0.3864048160245387], [-0.20676957711932353, 0.12069507209109386], [-0.6950145460319268, -0.3675498968215094], [-0.8418278523083237, -0.5143632030979063]]","[-0.19816111625373806, -0.233246042451898, -0.038877971872325695, -0.18770525163266405]","[0.04, 0.06, 0.08, 0.1]","[0.06, 0.06, 0.06, 0.06]",1.2,0.6,0.00770179999995
nominal,178,evaluated,2.57206320546,True,"[0.061067842811597606, -0.21725621169723153, -0.7170995316434511, 0.6782739692290809, 0.7213019198784028]","[0.058790747003000306, -0.1070971791252715, -0.7089535355651027, 0.6955865719835184, 0.7694746307083205]","[[-0.09553304532458523, 0.21311453933058583], [-0.26142097145285703, 0.04722661320231403], [-0.8632773278926882, -0.5546297432375171], [0.5412627796559328, 0.8499103643111039], [0.6151508383807349, 0.923798423035906]]","[0.08217987527191922, -0.09878117932358801, -0.36231410669782815, 0.5616561567374665]","[0.04, 0.06, 0.08, 0.1]","[0.0, 0.0, 0.0, 0.0]",1.2,0.6,0.00748120000003
extrapolation,178,evaluated,2.57206320546,True,"[-0.7, -0.5499999999999999, -0.39999999999999997, -0.25, 0.95]","[-0.7022770958085972, -0.4398409674280399, -0.3918540039216516, -0.23268739724556253, 0.9981727108299177]","[[-0.8566008881361827, -0.5479533034810117], [-0.5941647597556254, -0.2855171751004544], [-0.5461777962492371, -0.23753021159406607], [-0.38701118957314806, -0.078363604917977], [0.8438489185023321, 1.0]]","[-0.22857961484273795, -0.22183753076155874, -0.27832390919673455, -0.11457489800011367]","[0.04, 0.06, 0.08, 0.1]","[0.0, 0.0, 0.0, 0.0]",1.2,0.6,0.0125699999999
proxy_shift,178,evaluated,2.57206320546,False,"[0.061067842811597606, -0.21725621169723153, -0.7170995316434511, 0.6782739692290809, 0.7213019198784028]","[0.054236555385805706, 0.11322088601864855, -0.6926615434084059, 0.7302117774923933, 0.865820052368156]","[[-0.10008723694177982, 0.20856034771339124], [-0.04110290630893698, 0.2675446783462341], [-0.8469853357359914, -0.5383377510808204], [0.5758879851648078, 0.8845355698199788], [0.7114962600405704, 1.0]]","[0.08217987527191922, -0.09878117932358801, -0.36231410669782815, 0.5616561567374665]","[0.04, 0.06, 0.08, 0.1]","[0.0, 0.0, 0.0, 0.0]",1.2,0.6,0.00753280000004
understated_LH,178,evaluated,2.57206320546,True,"[0.061067842811597606, -0.21725621169723153, -0.7170995316434511, 0.6782739692290809, 0.7213019198784028]","[0.058790747003000306, -0.1070971791252715, -0.7089535355651027, 0.6955865719835184, 0.7694746307083205]","[[-0.09553304532458523, 0.21311453933058583], [-0.26142097145285703, 0.04722661320231403], [-0.8632773278926882, -0.5546297432375171], [0.5412627796559328, 0.8499103643111039], [0.6151508383807349, 0.923798423035906]]","[0.08217987527191922, -0.09878117932358801, -0.36231410669782815, 0.5616561567374665]","[0.04, 0.06, 0.08, 0.1]","[0.0, 0.0, 0.0, 0.0]",0.12,0.06,0.0110368999999
high_noise,178,evaluated,2.57206320546,True,"[0.061067842811597606, -0.21725621169723153, -0.7170995316434511, 0.6782739692290809, 0.7213019198784028]","[0.058790747003000306, -0.1070971791252715, -0.7089535355651027, 0.6955865719835184, 0.7694746307083205]","[[-0.09553304532458523, 0.21311453933058583], [-0.26142097145285703, 0.04722661320231403], [-0.8632773278926882, -0.5546297432375171], [0.5412627796559328, 0.8499103643111039], [0.6151508383807349, 0.923798423035906]]","[0.17102064558644334, -0.06395624084670558, -0.5349619250912974, 0.5950063607372392]","[0.12, 0.18, 0.24, 0.30000000000000004]","[0.0, 0.0, 0.0, 0.0]",1.2,0.6,0.0102076999999
bounded_nuisance_bias,178,evaluated,2.57206320546,True,"[0.061067842811597606, -0.21725621169723153, -0.7170995316434511, 0.6782739692290809, 0.7213019198784028]","[0.058790747003000306, -0.1070971791252715, -0.7089535355651027, 0.6955865719835184, 0.7694746307083205]","[[-0.09553304532458523, 0.21311453933058583], [-0.26142097145285703, 0.04722661320231403], [-0.8632773278926882, -0.5546297432375171], [0.5412627796559328, 0.8499103643111039], [0.6151508383807349, 0.923798423035906]]","[0.022179875271919225, -0.038781179323588016, -0.42231410669782815, 0.6216561567374665]","[0.04, 0.06, 0.08, 0.1]","[0.06, 0.06, 0.06, 0.06]",1.2,0.6,0.00756610000008
nominal,179,evaluated,2.50173718301,True,"[-0.283686627576328, -0.27348211540747813, 0.5284238750260235, 0.6215112303315096, 0.2985094298715165]","[-0.23241687175678274, -0.3624060918247899, 0.4199998751964264, 0.6135058370558805, 0.3097672065183284]","[[-0.3825211027373876, -0.08231264077617792], [-0.5125103228053947, -0.21230186084418506], [0.2698956442158216, 0.5701041061770312], [0.46340160607527564, 0.7636100680364852], [0.15966297553772357, 0.4598714374989332]]","[-0.23012446032146294, -0.029883511357115658, 0.2673759433255572, 0.3864217156616973]","[0.04, 0.06, 0.08, 0.1]","[0.0, 0.0, 0.0, 0.0]",1.2,0.6,0.0407333999999
extrapolation,179,evaluated,2.50173718301,True,"[-0.7, -0.5499999999999999, -0.39999999999999997, -0.25, 0.95]","[-0.6487302441804547, -0.6389239764173117, -0.5084239998295971, -0.25800539327562905, 0.9612577766468119]","[[-0.7988344751610594, -0.49862601319984984], [-0.7890282073979165, -0.48881974543670687], [-0.6585282308102018, -0.35831976884899225], [-0.40810962425623387, -0.10790116229502422], [0.8111535456662071, 1.0]]","[-0.35705591457535524, -0.12748198234695352, -0.3254479191993124, -0.2336178853656644]","[0.04, 0.06, 0.08, 0.1]","[0.0, 0.0, 0.0, 0.0]",1.2,0.6,0.00924080000004
proxy_shift,179,evaluated,2.50173718301,False,"[-0.283686627576328, -0.27348211540747813, 0.5284238750260235, 0.6215112303315096, 0.2985094298715165]","[-0.1298773601176922, -0.5402540446594134, 0.20315187553723213, 0.5974950505046224, 0.3322827598119522]","[[-0.279981591098297, 0.020226870862912638], [-0.6903582756400182, -0.3901498136788086], [0.053047644556627305, 0.35325610651783695], [0.44739081952401755, 0.7475992814852273], [0.18217852883134739, 0.48238699079255704]]","[-0.23012446032146294, -0.029883511357115658, 0.2673759433255572, 0.3864217156616973]","[0.04, 0.06, 0.08, 0.1]","[0.0, 0.0, 0.0, 0.0]",1.2,0.6,0.0551665
understated_LH,179,evaluated,2.50173718301,True,"[-0.283686627576328, -0.27348211540747813, 0.5284238750260235, 0.6215112303315096, 0.2985094298715165]","[-0.23241687175678274, -0.3624060918247899, 0.4199998751964264, 0.6135058370558805, 0.3097672065183284]","[[-0.3825211027373876, -0.08231264077617792], [-0.5125103228053947, -0.21230186084418506], [0.2698956442158216, 0.5701041061770312], [0.46340160607527564, 0.7636100680364852], [0.15966297553772357, 0.4598714374989332]]","[-0.23012446032146294, -0.029883511357115658, 0.2673759433255572, 0.3864217156616973]","[0.04, 0.06, 0.08, 0.1]","[0.0, 0.0, 0.0, 0.0]",0.12,0.06,0.0155909
high_noise,179,evaluated,2.50173718301,True,"[-0.283686627576328, -0.27348211540747813, 0.5284238750260235, 0.6215112303315096, 0.2985094298715165]","[-0.23241687175678274, -0.3624060918247899, 0.4199998751964264, 0.6135058370558805, 0.3097672065183284]","[[-0.3825211027373876, -0.08231264077617792], [-0.5125103228053947, -0.21230186084418506], [0.2698956442158216, 0.5701041061770312], [0.46340160607527564, 0.7636100680364852], [0.15966297553772357, 0.4598714374989332]]","[-0.3982362894721734, 0.19365252394897728, 0.0004801049269324009, 0.18168594493036844]","[0.12, 0.18, 0.24, 0.30000000000000004]","[0.0, 0.0, 0.0, 0.0]",1.2,0.6,0.0520107999998
bounded_nuisance_bias,179,evaluated,2.50173718301,True,"[-0.283686627576328, -0.27348211540747813, 0.5284238750260235, 0.6215112303315096, 0.2985094298715165]","[-0.23241687175678274, -0.3624060918247899, 0.4199998751964264, 0.6135058370558805, 0.3097672065183284]","[[-0.3825211027373876, -0.08231264077617792], [-0.5125103228053947, -0.21230186084418506], [0.2698956442158216, 0.5701041061770312], [0.46340160607527564, 0.7636100680364852], [0.15966297553772357, 0.4598714374989332]]","[-0.29012446032146294, 0.03011648864288434, 0.2073759433255572, 0.4464217156616973]","[0.04, 0.06, 0.08, 0.1]","[0.06, 0.06, 0.06, 0.06]",1.2,0.6,0.0393876999999
nominal,180,evaluated,2.60395175596,True,"[0.5894325352592471, -0.7886927560793726, -0.20751580621302235, -0.234656544941512, 0.6238460937368837]","[0.6873187251362003, -0.7249991219054301, -0.14766218395035738, -0.23551525894648737, 0.6098923007196464]","[[0.5310816197787852, 0.8435558304936154], [-0.8812362272628452, -0.5687620165480151], [-0.30389928930777244, 0.008574921407057678], [-0.3917523643039024, -0.07927815358907231], [0.4536551953622313, 0.7661294060770615]]","[0.4502909245505575, -0.19176691988194056, -0.10476793989520328, -0.08617276273004018]","[0.04, 0.06, 0.08, 0.1]","[0.0, 0.0, 0.0, 0.0]",1.2,0.6,0.0469049000001
extrapolation,180,evaluated,2.60395175596,True,"[-0.7, -0.5499999999999999, -0.39999999999999997, -0.25, 0.95]","[-0.6021138101230468, -0.4863063658260575, -0.340146377737335, -0.2508587140049754, 0.9360462069827626]","[[-0.7583509154804619, -0.4458767047656317], [-0.6425434711834725, -0.3300692604686425], [-0.4963834830947501, -0.18390927237991997], [-0.4070958193623905, -0.09462160864756033], [0.7798091016253476, 1.0]]","[-0.2805978106916338, -0.14441214528194002, -0.18517729911586206, -0.09314794399029934]","[0.04, 0.06, 0.08, 0.1]","[0.0, 0.0, 0.0, 0.0]",1.2,0.6,0.0157219
proxy_shift,180,evaluated,2.60395175596,False,"[0.5894325352592471, -0.7886927560793726, -0.20751580621302235, -0.234656544941512, 0.6238460937368837]","[0.8830911048901066, -0.5976118535575453, -0.02795493942502747, -0.23723268695643812, 0.581984714685172]","[[0.7268539995326915, 1.0], [-0.7538489589149604, -0.44137474820013023], [-0.18419204478244253, 0.1282821659323876], [-0.39346979231385315, -0.08099558159902306], [0.4257476093277569, 0.7382218200425871]]","[0.4502909245505575, -0.19176691988194056, -0.10476793989520328, -0.08617276273004018]","[0.04, 0.06, 0.08, 0.1]","[0.0, 0.0, 0.0, 0.0]",1.2,0.6,0.0418638000001
understated_LH,180,evaluated,2.60395175596,True,"[0.5894325352592471, -0.7886927560793726, -0.20751580621302235, -0.234656544941512, 0.6238460937368837]","[0.6873187251362003, -0.7249991219054301, -0.14766218395035738, -0.23551525894648737, 0.6098923007196464]","[[0.5310816197787852, 0.8435558304936154], [-0.8812362272628452, -0.5687620165480151], [-0.30389928930777244, 0.008574921407057678], [-0.3917523643039024, -0.07927815358907231], [0.4536551953622313, 0.7661294060770615]]","[0.4502909245505575, -0.19176691988194056, -0.10476793989520328, -0.08617276273004018]","[0.04, 0.06, 0.08, 0.1]","[0.0, 0.0, 0.0, 0.0]",0.12,0.06,0.0531891999999
high_noise,180,evaluated,2.60395175596,True,"[0.5894325352592471, -0.7886927560793726, -0.20751580621302235, -0.234656544941512, 0.6238460937368837]","[0.6873187251362003, -0.7249991219054301, -0.14766218395035738, -0.23551525894648737, 0.6098923007196464]","[[0.5310816197787852, 0.8435558304936154], [-0.8812362272628452, -0.5687620165480151], [-0.30389928930777244, 0.008574921407057678], [-0.3917523643039024, -0.07927815358907231], [0.4536551953622313, 0.7661294060770615]]","[0.43509530316729, -0.002091210445820668, -0.09112253812692743, -0.009968650710638835]","[0.12, 0.18, 0.24, 0.30000000000000004]","[0.0, 0.0, 0.0, 0.0]",1.2,0.6,0.0440134999999
bounded_nuisance_bias,180,evaluated,2.60395175596,True,"[0.5894325352592471, -0.7886927560793726, -0.20751580621302235, -0.234656544941512, 0.6238460937368837]","[0.6873187251362003, -0.7249991219054301, -0.14766218395035738, -0.23551525894648737, 0.6098923007196464]","[[0.5310816197787852, 0.8435558304936154], [-0.8812362272628452, -0.5687620165480151], [-0.30389928930777244, 0.008574921407057678], [-0.3917523643039024, -0.07927815358907231], [0.4536551953622313, 0.7661294060770615]]","[0.3902909245505575, -0.13176691988194056, -0.16476793989520327, -0.026172762730040183]","[0.04, 0.06, 0.08, 0.1]","[0.06, 0.06, 0.06, 0.06]",1.2,0.6,0.0490414999999
nominal,181,evaluated,2.80371257131,True,"[-0.753750587456827, -0.7510324159819025, -0.504528320106369, 0.44833713721669954, -0.21901334709003728]","[-0.6930246404762825, -0.7521712040415123, -0.5947059400954737, 0.43311970188038906, -0.2740983005898564]","[[-0.8612473947550765, -0.5248018861974886], [-0.9203939583203062, -0.5839484497627183], [-0.7629286943742677, -0.42648318581667977], [0.2648969476015951, 0.601342456159183], [-0.44232105486865037, -0.10587554631106244]]","[-0.2949596837314764, -0.3119016119188196, -0.3409889359141993, 0.32482222119493054]","[0.04, 0.06, 0.08, 0.1]","[0.0, 0.0, 0.0, 0.0]",1.2,0.6,0.051254
extrapolation,181,evaluated,2.80371257131,True,"[-0.7, -0.5499999999999999, -0.39999999999999997, -0.25, 0.95]","[-0.6392740530194555, -0.5511387880596097, -0.4901776199891046, -0.2652174353363105, 0.8949150465001808]","[[-0.8074968072982495, -0.47105129874066154], [-0.7193615423384037, -0.38291603378081573], [-0.6584003742678985, -0.3219548657103106], [-0.43344018961510444, -0.09699468105751652], [0.7266922922213869, 1.0]]","[-0.28615131568483376, -0.26974706928636216, -0.3066365915871843, -0.1357319177173889]","[0.04, 0.06, 0.08, 0.1]","[0.0, 0.0, 0.0, 0.0]",1.2,0.6,0.00964320000003
proxy_shift,181,evaluated,2.80371257131,False,"[-0.753750587456827, -0.7510324159819025, -0.504528320106369, 0.44833713721669954, -0.21901334709003728]","[-0.5715727465151937, -0.7544487801607317, -0.7750611800736829, 0.402684831207768, -0.38426820758949454]","[[-0.7397955007939877, -0.4033499922363998], [-0.9226715344395257, -0.5862260258819377], [-0.9432839343524768, -0.6068384257948889], [0.23446207692897403, 0.570907585486562], [-0.5524909618682885, -0.21604545331070057]]","[-0.2949596837314764, -0.3119016119188196, -0.3409889359141993, 0.32482222119493054]","[0.04, 0.06, 0.08, 0.1]","[0.0, 0.0, 0.0, 0.0]",1.2,0.6,0.0399045000001
understated_LH,181,evaluated,2.80371257131,True,"[-0.753750587456827, -0.7510324159819025, -0.504528320106369, 0.44833713721669954, -0.21901334709003728]","[-0.6930246404762825, -0.7521712040415123, -0.5947059400954737, 0.43311970188038906, -0.2740983005898564]","[[-0.8612473947550765, -0.5248018861974886], [-0.9203939583203062, -0.5839484497627183], [-0.7629286943742677, -0.42648318581667977], [0.2648969476015951, 0.601342456159183], [-0.44232105486865037, -0.10587554631106244]]","[-0.2949596837314764, -0.3119016119188196, -0.3409889359141993, 0.32482222119493054]","[0.04, 0.06, 0.08, 0.1]","[0.0, 0.0, 0.0, 0.0]",0.12,0.06,0.0114954999999
high_noise,181,evaluated,2.80371257131,True,"[-0.753750587456827, -0.7510324159819025, -0.504528320106369, 0.44833713721669954, -0.21901334709003728]","[-0.6930246404762825, -0.7521712040415123, -0.5947059400954737, 0.43311970188038906, -0.2740983005898564]","[[-0.8612473947550765, -0.5248018861974886], [-0.9203939583203062, -0.5839484497627183], [-0.7629286943742677, -0.42648318581667977], [0.2648969476015951, 0.601342456159183], [-0.44232105486865037, -0.10587554631106244]]","[-0.32126231510114395, -0.37289575049154405, -0.5702621190885679, 0.31585838576015274]","[0.12, 0.18, 0.24, 0.30000000000000004]","[0.0, 0.0, 0.0, 0.0]",1.2,0.6,0.0580414000001
bounded_nuisance_bias,181,evaluated,2.80371257131,True,"[-0.753750587456827, -0.7510324159819025, -0.504528320106369, 0.44833713721669954, -0.21901334709003728]","[-0.6930246404762825, -0.7521712040415123, -0.5947059400954737, 0.43311970188038906, -0.2740983005898564]","[[-0.8612473947550765, -0.5248018861974886], [-0.9203939583203062, -0.5839484497627183], [-0.7629286943742677, -0.42648318581667977], [0.2648969476015951, 0.601342456159183], [-0.44232105486865037, -0.10587554631106244]]","[-0.3549596837314764, -0.2519016119188196, -0.4009889359141993, 0.38482222119493054]","[0.04, 0.06, 0.08, 0.1]","[0.06, 0.06, 0.06, 0.06]",1.2,0.6,0.0504636000001
nominal,182,evaluated,2.69413632129,True,"[0.44373480220612005, -0.40692277121922377, 0.7522280462577833, -0.1818792682625675, 0.4997965129414481]","[0.3908458922685311, -0.42343842144263477, 0.7220704860666601, -0.26790797187759985, 0.4265909988607796]","[[0.22919771299117106, 0.5524940715458911], [-0.5850866007199949, -0.2617902421652747], [0.5604223067893, 0.8837186653440202], [-0.42955615115495993, -0.1062597926002398], [0.2649428195834196, 0.5882391781381396]]","[0.34167996361807584, -0.19865994027398695, 0.5927100064115877, -0.1768111159571048]","[0.04, 0.06, 0.08, 0.1]","[0.0, 0.0, 0.0, 0.0]",1.2,0.6,0.0391331000001
extrapolation,182,evaluated,2.69413632129,True,"[-0.7, -0.5499999999999999, -0.39999999999999997, -0.25, 0.95]","[-0.752888909937589, -0.566515650223411, -0.43015756019112306, -0.33602870361503234, 0.8767944859193315]","[[-0.914537089214949, -0.5912407306602289], [-0.7281638295007711, -0.4048674709460509], [-0.5918057394684831, -0.268509380913763], [-0.4976768828923924, -0.1743805243376723], [0.7151463066419714, 1.0]]","[-0.2566310901122676, -0.24343212006347248, -0.22038093141612283, -0.2088575754666824]","[0.04, 0.06, 0.08, 0.1]","[0.0, 0.0, 0.0, 0.0]",1.2,0.6,0.0144054
proxy_shift,182,evaluated,2.69413632129,False,"[0.44373480220612005, -0.40692277121922377, 0.7522280462577833, -0.1818792682625675, 0.4997965129414481]","[0.2850680723933532, -0.4564697218894568, 0.661755365684414, -0.4399653791076646, 0.2801799706994426]","[[0.12341989311599313, 0.44671625167071327], [-0.6181179011668169, -0.2948215426120967], [0.5001071864070539, 0.823403544961774], [-0.6016135583850246, -0.27831719983030456], [0.11853179142208256, 0.44182814997680264]]","[0.34167996361807584, -0.19865994027398695, 0.5927100064115877, -0.1768111159571048]","[0.04, 0.06, 0.08, 0.1]","[0.0, 0.0, 0.0, 0.0]",1.2,0.6,0.0401468
understated_LH,182,evaluated,2.69413632129,True,"[0.44373480220612005, -0.40692277121922377, 0.7522280462577833, -0.1818792682625675, 0.4997965129414481]","[0.3908458922685311, -0.42343842144263477, 0.7220704860666601, -0.26790797187759985, 0.4265909988607796]","[[0.22919771299117106, 0.5524940715458911], [-0.5850866007199949, -0.2617902421652747], [0.5604223067893, 0.8837186653440202], [-0.42955615115495993, -0.1062597926002398], [0.2649428195834196, 0.5882391781381396]]","[0.34167996361807584, -0.19865994027398695, 0.5927100064115877, -0.1768111159571048]","[0.04, 0.06, 0.08, 0.1]","[0.0, 0.0, 0.0, 0.0]",0.12,0.06,0.00886660000015
high_noise,182,evaluated,2.69413632129,True,"[0.44373480220612005, -0.40692277121922377, 0.7522280462577833, -0.1818792682625675, 0.4997965129414481]","[0.3908458922685311, -0.42343842144263477, 0.7220704860666601, -0.26790797187759985, 0.4265909988607796]","[[0.22919771299117106, 0.5524940715458911], [-0.5850866007199949, -0.2617902421652747], [0.5604223067893, 0.8837186653440202], [-0.42955615115495993, -0.1062597926002398], [0.2649428195834196, 0.5882391781381396]]","[0.3744177833935407, -0.207024180400932, 0.535948143579342, -0.3320262668904696]","[0.12, 0.18, 0.24, 0.30000000000000004]","[0.0, 0.0, 0.0, 0.0]",1.2,0.6,0.0397306
bounded_nuisance_bias,182,evaluated,2.69413632129,True,"[0.44373480220612005, -0.40692277121922377, 0.7522280462577833, -0.1818792682625675, 0.4997965129414481]","[0.3908458922685311, -0.42343842144263477, 0.7220704860666601, -0.26790797187759985, 0.4265909988607796]","[[0.22919771299117106, 0.5524940715458911], [-0.5850866007199949, -0.2617902421652747], [0.5604223067893, 0.8837186653440202], [-0.42955615115495993, -0.1062597926002398], [0.2649428195834196, 0.5882391781381396]]","[0.28167996361807585, -0.13865994027398695, 0.5327100064115877, -0.1168111159571048]","[0.04, 0.06, 0.08, 0.1]","[0.06, 0.06, 0.06, 0.06]",1.2,0.6,0.0412388
nominal,183,evaluated,2.76767494086,True,"[-0.6452877696611815, 0.32380151142730695, 0.5457866235089628, 0.0477383647160069, 0.4315675265353611]","[-0.679203455962354, 0.33668800070163724, 0.6314531754844269, 0.05092698196921421, 0.5165308021320094]","[[-0.8452639524141667, -0.5131429595105412], [0.1706275042498245, 0.5027484971534499], [0.46539267903261416, 0.7975136719362397], [-0.11513351448259851, 0.21698747842102695], [0.35047030568019666, 0.6825912985838222]]","[-0.2976712446718233, 0.3171609711361126, 0.3813784471184743, 0.08312701051223838]","[0.04, 0.06, 0.08, 0.1]","[0.0, 0.0, 0.0, 0.0]",1.2,0.6,0.0383205000001
extrapolation,183,evaluated,2.76767494086,True,"[-0.7, -0.5499999999999999, -0.39999999999999997, -0.25, 0.95]","[-0.7339156863011724, -0.5371135107256697, -0.31433344802453583, -0.24681138274679268, 1.0]","[[-0.8999761827529852, -0.5678551898493597], [-0.7031740071774825, -0.37105301427385695], [-0.48039394447634853, -0.1482729515727231], [-0.4128718791986054, -0.08075088629497995], [0.8339395035481872, 1.0]]","[-0.30841747457740504, -0.14782416136105408, -0.22745843850729763, -0.07744969375709332]","[0.04, 0.06, 0.08, 0.1]","[0.0, 0.0, 0.0, 0.0]",1.2,0.6,0.0142959
proxy_shift,183,evaluated,2.76767494086,False,"[-0.6452877696611815, 0.32380151142730695, 0.5457866235089628, 0.0477383647160069, 0.4315675265353611]","[-0.7470348285646988, 0.3624609792502978, 0.8027862794353552, 0.05730421647562885, 0.6864573533253058]","[[-0.9130953250165116, -0.5809743321128861], [0.19640048279848507, 0.5285214757021105], [0.6367257829835424, 0.9688467758871679], [-0.10875627997618388, 0.2233647129274416], [0.520396856873493, 0.8525178497771185]]","[-0.2976712446718233, 0.3171609711361126, 0.3813784471184743, 0.08312701051223838]","[0.04, 0.06, 0.08, 0.1]","[0.0, 0.0, 0.0, 0.0]",1.2,0.6,0.0402227
understated_LH,183,evaluated,2.76767494086,True,"[-0.6452877696611815, 0.32380151142730695, 0.5457866235089628, 0.0477383647160069, 0.4315675265353611]","[-0.679203455962354, 0.33668800070163724, 0.6314531754844269, 0.05092698196921421, 0.5165308021320094]","[[-0.8452639524141667, -0.5131429595105412], [0.1706275042498245, 0.5027484971534499], [0.46539267903261416, 0.7975136719362397], [-0.11513351448259851, 0.21698747842102695], [0.35047030568019666, 0.6825912985838222]]","[-0.2976712446718233, 0.3171609711361126, 0.3813784471184743, 0.08312701051223838]","[0.04, 0.06, 0.08, 0.1]","[0.0, 0.0, 0.0, 0.0]",0.12,0.06,0.0217239999999
high_noise,183,evaluated,2.76767494086,True,"[-0.6452877696611815, 0.32380151142730695, 0.5457866235089628, 0.0477383647160069, 0.4315675265353611]","[-0.679203455962354, 0.33668800070163724, 0.6314531754844269, 0.05092698196921421, 0.5165308021320094]","[[-0.8452639524141667, -0.5131429595105412], [0.1706275042498245, 0.5027484971534499], [0.46539267903261416, 0.7975136719362397], [-0.11513351448259851, 0.21698747842102695], [0.35047030568019666, 0.6825912985838222]]","[-0.3685061938266333, 0.5000126484140044, 0.310461570103879, 0.19072762299805177]","[0.12, 0.18, 0.24, 0.30000000000000004]","[0.0, 0.0, 0.0, 0.0]",1.2,0.6,0.0511463
bounded_nuisance_bias,183,evaluated,2.76767494086,True,"[-0.6452877696611815, 0.32380151142730695, 0.5457866235089628, 0.0477383647160069, 0.4315675265353611]","[-0.679203455962354, 0.33668800070163724, 0.6314531754844269, 0.05092698196921421, 0.5165308021320094]","[[-0.8452639524141667, -0.5131429595105412], [0.1706275042498245, 0.5027484971534499], [0.46539267903261416, 0.7975136719362397], [-0.11513351448259851, 0.21698747842102695], [0.35047030568019666, 0.6825912985838222]]","[-0.3576712446718233, 0.3771609711361126, 0.3213784471184743, 0.14312701051223836]","[0.04, 0.06, 0.08, 0.1]","[0.06, 0.06, 0.06, 0.06]",1.2,0.6,0.0377334
nominal,184,evaluated,2.43530212981,False,"[0.5076416982040564, -0.002519565381537192, -0.758026610855838, 0.7506994474626527, 0.24294052547903133]","[0.4382708910188411, -0.015336526250985656, -0.9045148480821468, 0.6562282290537143, 0.3044309398952038]","[[0.29215276323052564, 0.5843890188071565], [-0.1614546540393011, 0.13078160153732976], [-1.0, -0.7583967202938313], [0.5101101012653988, 0.8023463568420297], [0.15831281210688838, 0.4505490676835192]]","[0.42477003031577304, 0.04619815628298794, -0.1542886759415322, 0.6568026808713867]","[0.04, 0.06, 0.08, 0.1]","[0.0, 0.0, 0.0, 0.0]",1.2,0.6,0.0444838999999
extrapolation,184,evaluated,2.43530212981,False,"[-0.7, -0.5499999999999999, -0.39999999999999997, -0.25, 0.95]","[-0.7693708071852152, -0.5628169608694484, -0.5464882372263087, -0.34447121840893846, 1.0]","[[-0.9154889349735307, -0.6232526793968998], [-0.7089350886577639, -0.416698833081133], [-0.6926063650146241, -0.4003701094379932], [-0.4905893461972539, -0.19835309062062303], [0.8538818722116845, 1.0]]","[-0.2301250167333103, -0.19154200895100326, -0.06385401225770582, -0.09393188573242454]","[0.04, 0.06, 0.08, 0.1]","[0.0, 0.0, 0.0, 0.0]",1.2,0.6,0.0112875
proxy_shift,184,evaluated,2.43530212981,False,"[0.5076416982040564, -0.002519565381537192, -0.758026610855838, 0.7506994474626527, 0.24294052547903133]","[0.2995292766484105, -0.040970447989882586, -1.0, 0.4672857922358373, 0.42741176872754877]","[[0.15341114886009508, 0.4456474044367259], [-0.187088575778198, 0.10514767979843284], [-1.0, -0.8538818722116845], [0.3211676644475219, 0.6134039200241528], [0.28129364093923337, 0.5735298965158642]]","[0.42477003031577304, 0.04619815628298794, -0.1542886759415322, 0.6568026808713867]","[0.04, 0.06, 0.08, 0.1]","[0.0, 0.0, 0.0, 0.0]",1.2,0.6,0.0953102999999
understated_LH,184,evaluated,2.43530212981,False,"[0.5076416982040564, -0.002519565381537192, -0.758026610855838, 0.7506994474626527, 0.24294052547903133]","[0.4382708910188411, -0.015336526250985656, -0.9045148480821468, 0.6562282290537143, 0.3044309398952038]","[[0.29215276323052564, 0.5843890188071565], [-0.1614546540393011, 0.13078160153732976], [-1.0, -0.7583967202938313], [0.5101101012653988, 0.8023463568420297], [0.15831281210688838, 0.4505490676835192]]","[0.42477003031577304, 0.04619815628298794, -0.1542886759415322, 0.6568026808713867]","[0.04, 0.06, 0.08, 0.1]","[0.0, 0.0, 0.0, 0.0]",0.12,0.06,0.019869
high_noise,184,evaluated,2.43530212981,False,"[0.5076416982040564, -0.002519565381537192, -0.758026610855838, 0.7506994474626527, 0.24294052547903133]","[0.4382708910188411, -0.015336526250985656, -0.9045148480821468, 0.6562282290537143, 0.3044309398952038]","[[0.29215276323052564, 0.5843890188071565], [-0.1614546540393011, 0.13078160153732976], [-1.0, -0.7583967202938313], [0.5101101012653988, 0.8023463568420297], [0.15831281210688838, 0.4505490676835192]]","[0.5105199968491525, 0.14161413838098136, 0.10200329954305609, 0.7314389094065377]","[0.12, 0.18, 0.24, 0.30000000000000004]","[0.0, 0.0, 0.0, 0.0]",1.2,0.6,0.0576170000002
bounded_nuisance_bias,184,evaluated,2.43530212981,False,"[0.5076416982040564, -0.002519565381537192, -0.758026610855838, 0.7506994474626527, 0.24294052547903133]","[0.4382708910188411, -0.015336526250985656, -0.9045148480821468, 0.6562282290537143, 0.3044309398952038]","[[0.29215276323052564, 0.5843890188071565], [-0.1614546540393011, 0.13078160153732976], [-1.0, -0.7583967202938313], [0.5101101012653988, 0.8023463568420297], [0.15831281210688838, 0.4505490676835192]]","[0.36477003031577304, 0.10619815628298794, -0.2142886759415322, 0.7168026808713868]","[0.04, 0.06, 0.08, 0.1]","[0.06, 0.06, 0.06, 0.06]",1.2,0.6,0.0438179
nominal,185,evaluated,2.66702491439,True,"[0.09721255933859241, 0.46851361785057977, 0.26569343665674916, -0.5048885409777515, -0.11947543316645226]","[0.14122994502382924, 0.5625192049897455, 0.30903240223852524, -0.5506250570379143, -0.05808733039146355]","[[-0.01879154983972184, 0.30125143988738035], [0.4024977101261944, 0.7225406998532966], [0.14901090737497416, 0.46905389710207634], [-0.7106465519014654, -0.3906035621743632], [-0.21810882525501463, 0.10193416447208753]]","[0.019704187753813815, 0.3195349580627498, 0.23661633071738497, -0.29168094892036367]","[0.04, 0.06, 0.08, 0.1]","[0.0, 0.0, 0.0, 0.0]",1.2,0.6,0.0429945999999
extrapolation,185,evaluated,2.66702491439,True,"[-0.7, -0.5499999999999999, -0.39999999999999997, -0.25, 0.95]","[-0.6559826143147631, -0.4559944128608342, -0.35666103441822383, -0.2957365160601628, 1.0]","[[-0.8160041091783142, -0.495961119451212], [-0.6160159077243853, -0.2959729179972831], [-0.5166825292817749, -0.19663953955467275], [-0.45575801092371393, -0.13571502119661175], [0.8399785051364489, 1.0]]","[-0.31445843235728943, -0.26667471568102974, -0.1359776319614067, -0.19647155597690552]","[0.04, 0.06, 0.08, 0.1]","[0.0, 0.0, 0.0, 0.0]",1.2,0.6,0.0172838999999
proxy_shift,185,evaluated,2.66702491439,False,"[0.09721255933859241, 0.46851361785057977, 0.26569343665674916, -0.5048885409777515, -0.11947543316645226]","[0.22926471639430296, 0.7505303792680769, 0.3957103334020775, -0.64209808915824, 0.06468887515851388]","[[0.06924322153075188, 0.389286211257854], [0.5905088844045258, 0.910551874131628], [0.23568883853852643, 0.5557318282656286], [-0.8021195840217911, -0.48207659429468885], [-0.0953326197050372, 0.22471037002206495]]","[0.019704187753813815, 0.3195349580627498, 0.23661633071738497, -0.29168094892036367]","[0.04, 0.06, 0.08, 0.1]","[0.0, 0.0, 0.0, 0.0]",1.2,0.6,0.0411474
understated_LH,185,evaluated,2.66702491439,True,"[0.09721255933859241, 0.46851361785057977, 0.26569343665674916, -0.5048885409777515, -0.11947543316645226]","[0.14122994502382924, 0.5625192049897455, 0.30903240223852524, -0.5506250570379143, -0.05808733039146355]","[[-0.01879154983972184, 0.30125143988738035], [0.4024977101261944, 0.7225406998532966], [0.14901090737497416, 0.46905389710207634], [-0.7106465519014654, -0.3906035621743632], [-0.21810882525501463, 0.10193416447208753]]","[0.019704187753813815, 0.3195349580627498, 0.23661633071738497, -0.29168094892036367]","[0.04, 0.06, 0.08, 0.1]","[0.0, 0.0, 0.0, 0.0]",0.12,0.06,0.00712940000017
high_noise,185,evaluated,2.66702491439,True,"[0.09721255933859241, 0.46851361785057977, 0.26569343665674916, -0.5048885409777515, -0.11947543316645226]","[0.14122994502382924, 0.5625192049897455, 0.30903240223852524, -0.5506250570379143, -0.05808733039146355]","[[-0.01879154983972184, 0.30125143988738035], [0.4024977101261944, 0.7225406998532966], [0.14901090737497416, 0.46905389710207634], [-0.7106465519014654, -0.3906035621743632], [-0.21810882525501463, 0.10193416447208753]]","[-0.06321267696076505, 0.2646855267006902, 0.34866106679457154, -0.42212406087417476]","[0.12, 0.18, 0.24, 0.30000000000000004]","[0.0, 0.0, 0.0, 0.0]",1.2,0.6,0.0708192
bounded_nuisance_bias,185,evaluated,2.66702491439,True,"[0.09721255933859241, 0.46851361785057977, 0.26569343665674916, -0.5048885409777515, -0.11947543316645226]","[0.14122994502382924, 0.5625192049897455, 0.30903240223852524, -0.5506250570379143, -0.05808733039146355]","[[-0.01879154983972184, 0.30125143988738035], [0.4024977101261944, 0.7225406998532966], [0.14901090737497416, 0.46905389710207634], [-0.7106465519014654, -0.3906035621743632], [-0.21810882525501463, 0.10193416447208753]]","[-0.04029581224618618, 0.3795349580627498, 0.17661633071738497, -0.23168094892036367]","[0.04, 0.06, 0.08, 0.1]","[0.06, 0.06, 0.06, 0.06]",1.2,0.6,0.0414197999999
nominal,186,evaluated,2.64326615215,True,"[0.13978603297088077, -0.4652172218349735, 0.7578655179754201, 0.47914205663279796, -0.38314017811394463]","[0.16416013242377683, -0.4249824871964982, 0.790314248546942, 0.3929936990972193, -0.4412316509569476]","[[0.00556416329464976, 0.3227561015529039], [-0.5835784563256253, -0.2663865180673711], [0.6317182794178149, 0.9489102176760691], [0.23439772996809224, 0.5515896682263464], [-0.5998276200860747, -0.2826356818278205]]","[0.0791634251392833, -0.18104375121204577, 0.5315615185795673, 0.2158902815503504]","[0.04, 0.06, 0.08, 0.1]","[0.0, 0.0, 0.0, 0.0]",1.2,0.6,0.00786279999988
extrapolation,186,evaluated,2.64326615215,True,"[-0.7, -0.5499999999999999, -0.39999999999999997, -0.25, 0.95]","[-0.6756259005471039, -0.5097652653615247, -0.36755126942847816, -0.33614835753557865, 0.891908527156997]","[[-0.834221869676231, -0.5170299314179768], [-0.6683612344906518, -0.35116929623239757], [-0.5261472385576053, -0.20895530029935108], [-0.4947443266647057, -0.17755238840645157], [0.7333125580278699, 1.0]]","[-0.283570235147366, -0.20609153715861697, -0.2874658352065303, -0.2717180855596206]","[0.04, 0.06, 0.08, 0.1]","[0.0, 0.0, 0.0, 0.0]",1.2,0.6,0.0188186
proxy_shift,186,evaluated,2.64326615215,False,"[0.13978603297088077, -0.4652172218349735, 0.7578655179754201, 0.47914205663279796, -0.38314017811394463]","[0.21290833132956893, -0.34451301791954775, 0.8552117096899856, 0.22069698402606197, -0.5574145966429537]","[[0.05431236220044186, 0.371504300458696], [-0.5031089870486748, -0.18591704879042067], [0.6966157405608585, 1.0], [0.0621010148969349, 0.37929295315518907], [-0.7160105657720808, -0.3988186275138266]]","[0.0791634251392833, -0.18104375121204577, 0.5315615185795673, 0.2158902815503504]","[0.04, 0.06, 0.08, 0.1]","[0.0, 0.0, 0.0, 0.0]",1.2,0.6,0.00734579999994
understated_LH,186,evaluated,2.64326615215,True,"[0.13978603297088077, -0.4652172218349735, 0.7578655179754201, 0.47914205663279796, -0.38314017811394463]","[0.16416013242377683, -0.4249824871964982, 0.790314248546942, 0.3929936990972193, -0.4412316509569476]","[[0.00556416329464976, 0.3227561015529039], [-0.5835784563256253, -0.2663865180673711], [0.6317182794178149, 0.9489102176760691], [0.23439772996809224, 0.5515896682263464], [-0.5998276200860747, -0.2826356818278205]]","[0.0791634251392833, -0.18104375121204577, 0.5315615185795673, 0.2158902815503504]","[0.04, 0.06, 0.08, 0.1]","[0.0, 0.0, 0.0, 0.0]",0.12,0.06,0.00993930000004
high_noise,186,evaluated,2.64326615215,True,"[0.13978603297088077, -0.4652172218349735, 0.7578655179754201, 0.47914205663279796, -0.38314017811394463]","[0.16416013242377683, -0.4249824871964982, 0.790314248546942, 0.3929936990972193, -0.4412316509569476]","[[0.00556416329464976, 0.3227561015529039], [-0.5835784563256253, -0.2663865180673711], [0.6317182794178149, 0.9489102176760691], [0.23439772996809224, 0.5515896682263464], [-0.5998276200860747, -0.2826356818278205]]","[0.058022954844551285, -0.11472682552927979, 0.3406298481665067, -0.06504588956889085]","[0.12, 0.18, 0.24, 0.30000000000000004]","[0.0, 0.0, 0.0, 0.0]",1.2,0.6,0.00820830000021
bounded_nuisance_bias,186,evaluated,2.64326615215,True,"[0.13978603297088077, -0.4652172218349735, 0.7578655179754201, 0.47914205663279796, -0.38314017811394463]","[0.16416013242377683, -0.4249824871964982, 0.790314248546942, 0.3929936990972193, -0.4412316509569476]","[[0.00556416329464976, 0.3227561015529039], [-0.5835784563256253, -0.2663865180673711], [0.6317182794178149, 0.9489102176760691], [0.23439772996809224, 0.5515896682263464], [-0.5998276200860747, -0.2826356818278205]]","[0.019163425139283305, -0.12104375121204577, 0.47156151857956735, 0.2758902815503504]","[0.04, 0.06, 0.08, 0.1]","[0.06, 0.06, 0.06, 0.06]",1.2,0.6,0.00752669999997
nominal,187,evaluated,2.45083131375,True,"[0.40894924821519574, -0.5828838149034026, -0.37717824440266096, -0.4996267973995558, 0.33468899955129383]","[0.4681718414412746, -0.6008219856250784, -0.42483647998634055, -0.5200748255030769, 0.29063020054794275]","[[0.32112196261597675, 0.6152217202665724], [-0.7478718644503762, -0.45377210679978053], [-0.5718863588116384, -0.2777866011610427], [-0.6671247043283748, -0.3730249466777791], [0.1435803217226449, 0.4376800793732406]]","[0.2996285525325006, -0.26752471789111815, -0.12620322436735543, -0.11749098745457846]","[0.04, 0.06, 0.08, 0.1]","[0.0, 0.0, 0.0, 0.0]",1.2,0.6,0.0423936
extrapolation,187,evaluated,2.45083131375,True,"[-0.7, -0.5499999999999999, -0.39999999999999997, -0.25, 0.95]","[-0.6407774067739211, -0.5679381707216757, -0.44765823558367956, -0.27044802810352114, 0.9059412009966489]","[[-0.787827285599219, -0.4937275279486233], [-0.7149880495469736, -0.4208882918963779], [-0.5947081144089774, -0.3006083567583817], [-0.417497906928819, -0.12339814927822329], [0.758891322171351, 1.0]]","[-0.268912842681349, -0.25897049145197976, -0.13457530614096086, -0.02385299001876602]","[0.04, 0.06, 0.08, 0.1]","[0.0, 0.0, 0.0, 0.0]",1.2,0.6,0.00979290000009
proxy_shift,187,evaluated,2.45083131375,False,"[0.40894924821519574, -0.5828838149034026, -0.37717824440266096, -0.4996267973995558, 0.33468899955129383]","[0.5866170278934323, -0.6366983270684299, -0.5201529511536997, -0.5609708817101193, 0.2025126025412406]","[[0.43956714906813443, 0.7336669067187301], [-0.7837482058937277, -0.48964844824313203], [-0.6672028299789976, -0.3731030723284019], [-0.7080207605354172, -0.4139210028848215], [0.05546272371594274, 0.34956248136653845]]","[0.2996285525325006, -0.26752471789111815, -0.12620322436735543, -0.11749098745457846]","[0.04, 0.06, 0.08, 0.1]","[0.0, 0.0, 0.0, 0.0]",1.2,0.6,0.0474452999999
understated_LH,187,evaluated,2.45083131375,True,"[0.40894924821519574, -0.5828838149034026, -0.37717824440266096, -0.4996267973995558, 0.33468899955129383]","[0.4681718414412746, -0.6008219856250784, -0.42483647998634055, -0.5200748255030769, 0.29063020054794275]","[[0.32112196261597675, 0.6152217202665724], [-0.7478718644503762, -0.45377210679978053], [-0.5718863588116384, -0.2777866011610427], [-0.6671247043283748, -0.3730249466777791], [0.1435803217226449, 0.4376800793732406]]","[0.2996285525325006, -0.26752471789111815, -0.12620322436735543, -0.11749098745457846]","[0.04, 0.06, 0.08, 0.1]","[0.0, 0.0, 0.0, 0.0]",0.12,0.06,0.0484988999999
high_noise,187,evaluated,2.45083131375,True,"[0.40894924821519574, -0.5828838149034026, -0.37717824440266096, -0.4996267973995558, 0.33468899955129383]","[0.4681718414412746, -0.6008219856250784, -0.42483647998634055, -0.5200748255030769, 0.29063020054794275]","[[0.32112196261597675, 0.6152217202665724], [-0.7478718644503762, -0.45377210679978053], [-0.5718863588116384, -0.2777866011610427], [-0.6671247043283748, -0.3730249466777791], [0.1435803217226449, 0.4376800793732406]]","[0.30780286716980254, -0.3069657007950777, -0.011353836649277249, 0.09730303250788952]","[0.12, 0.18, 0.24, 0.30000000000000004]","[0.0, 0.0, 0.0, 0.0]",1.2,0.6,0.0457104000002
bounded_nuisance_bias,187,evaluated,2.45083131375,True,"[0.40894924821519574, -0.5828838149034026, -0.37717824440266096, -0.4996267973995558, 0.33468899955129383]","[0.4681718414412746, -0.6008219856250784, -0.42483647998634055, -0.5200748255030769, 0.29063020054794275]","[[0.32112196261597675, 0.6152217202665724], [-0.7478718644503762, -0.45377210679978053], [-0.5718863588116384, -0.2777866011610427], [-0.6671247043283748, -0.3730249466777791], [0.1435803217226449, 0.4376800793732406]]","[0.2396285525325006, -0.20752471789111815, -0.18620322436735542, -0.057490987454578465]","[0.04, 0.06, 0.08, 0.1]","[0.06, 0.06, 0.06, 0.06]",1.2,0.6,0.0428069
nominal,188,evaluated,2.4650173309,True,"[-0.7651356499414803, 0.5593157683596182, 0.7791339780603184, 0.6226144674513696, 0.25327156907480863]","[-0.6778887868470038, 0.5319057978828109, 0.7978403626285611, 0.7117644771697663, 0.27957283418081]","[[-0.8257898267012687, -0.529987746992739], [0.38400475802854606, 0.6798068377370757], [0.6499393227742962, 0.9457414024828259], [0.5638634373155015, 0.8596655170240312], [0.13167179432654522, 0.42747387403507486]]","[-0.3453964044704732, 0.47377541696668557, 0.619211922130567, 0.33406545262601295]","[0.04, 0.06, 0.08, 0.1]","[0.0, 0.0, 0.0, 0.0]",1.2,0.6,0.0441211
extrapolation,188,evaluated,2.4650173309,True,"[-0.7, -0.5499999999999999, -0.39999999999999997, -0.25, 0.95]","[-0.6127531369055235, -0.5774099704768072, -0.3812936154317572, -0.1608499902816033, 0.9763012651060013]","[[-0.7606541767597883, -0.46485209705125863], [-0.725311010331072, -0.42950893062254236], [-0.529194655286022, -0.2333925755774924], [-0.30875103013586813, -0.012948950427338485], [0.8284002252517365, 1.0]]","[-0.3349447833489965, -0.19491428266979827, -0.2223833914360529, -0.2870478603687346]","[0.04, 0.06, 0.08, 0.1]","[0.0, 0.0, 0.0, 0.0]",1.2,0.6,0.00956189999988
proxy_shift,188,evaluated,2.4650173309,False,"[-0.7651356499414803, 0.5593157683596182, 0.7791339780603184, 0.6226144674513696, 0.25327156907480863]","[-0.5033950606580507, 0.4770858569291963, 0.8352531317650466, 0.8900644966065596, 0.3321753643928127]","[[-0.6512961005123156, -0.3554940208037859], [0.3291848170749315, 0.6249868967834611], [0.6873520919107817, 0.9831541716193114], [0.7421634567522948, 1.0], [0.1842743245385479, 0.48007640424707754]]","[-0.3453964044704732, 0.47377541696668557, 0.619211922130567, 0.33406545262601295]","[0.04, 0.06, 0.08, 0.1]","[0.0, 0.0, 0.0, 0.0]",1.2,0.6,0.0422776999999
understated_LH,188,evaluated,2.4650173309,True,"[-0.7651356499414803, 0.5593157683596182, 0.7791339780603184, 0.6226144674513696, 0.25327156907480863]","[-0.6778887868470038, 0.5319057978828109, 0.7978403626285611, 0.7117644771697663, 0.27957283418081]","[[-0.8257898267012687, -0.529987746992739], [0.38400475802854606, 0.6798068377370757], [0.6499393227742962, 0.9457414024828259], [0.5638634373155015, 0.8596655170240312], [0.13167179432654522, 0.42747387403507486]]","[-0.3453964044704732, 0.47377541696668557, 0.619211922130567, 0.33406545262601295]","[0.04, 0.06, 0.08, 0.1]","[0.0, 0.0, 0.0, 0.0]",0.12,0.06,0.0510167
high_noise,188,evaluated,2.4650173309,True,"[-0.7651356499414803, 0.5593157683596182, 0.7791339780603184, 0.6226144674513696, 0.25327156907480863]","[-0.6778887868470038, 0.5319057978828109, 0.7978403626285611, 0.7117644771697663, 0.27957283418081]","[[-0.8257898267012687, -0.529987746992739], [0.38400475802854606, 0.6798068377370757], [0.6499393227742962, 0.9457414024828259], [0.5638634373155015, 0.8596655170240312], [0.13167179432654522, 0.42747387403507486]]","[-0.4692859711684662, 0.562446851627089, 0.5584451392584611, 0.02246973188854373]","[0.12, 0.18, 0.24, 0.30000000000000004]","[0.0, 0.0, 0.0, 0.0]",1.2,0.6,0.0384792
bounded_nuisance_bias,188,evaluated,2.4650173309,True,"[-0.7651356499414803, 0.5593157683596182, 0.7791339780603184, 0.6226144674513696, 0.25327156907480863]","[-0.6778887868470038, 0.5319057978828109, 0.7978403626285611, 0.7117644771697663, 0.27957283418081]","[[-0.8257898267012687, -0.529987746992739], [0.38400475802854606, 0.6798068377370757], [0.6499393227742962, 0.9457414024828259], [0.5638634373155015, 0.8596655170240312], [0.13167179432654522, 0.42747387403507486]]","[-0.4053964044704732, 0.5337754169666855, 0.5592119221305669, 0.39406545262601295]","[0.04, 0.06, 0.08, 0.1]","[0.06, 0.06, 0.06, 0.06]",1.2,0.6,0.0463371999999
nominal,189,evaluated,2.58801978495,True,"[0.20375331377695494, -0.6819684956378387, 0.19988388665050694, -0.24062512734003416, 0.7868593052173771]","[0.237666663921772, -0.6365925174772982, 0.2500626451816647, -0.18288817870897797, 0.7646708160353374]","[[0.08238547682458744, 0.3929478510189566], [-0.7918737045744827, -0.48131133038011364], [0.09478145808448016, 0.4053438322788493], [-0.3381693658061625, -0.02760699161179342], [0.6093896289381528, 0.9199520031325219]]","[0.12986278788663722, -0.2722404163036371, 0.12244198004525246, -0.11607132332096612]","[0.04, 0.06, 0.08, 0.1]","[0.0, 0.0, 0.0, 0.0]",1.2,0.6,0.0100313
extrapolation,189,evaluated,2.58801978495,True,"[-0.7, -0.5499999999999999, -0.39999999999999997, -0.25, 0.95]","[-0.666086649855183, -0.5046240218394594, -0.3498212414688422, -0.1922630513689438, 0.9278115108179602]","[[-0.8213678369523675, -0.5108054627579984], [-0.659905208936644, -0.3493428347422749], [-0.5051024285660267, -0.19454005437165764], [-0.34754423846612836, -0.03698186427175926], [0.7725303237207757, 1.0]]","[-0.27784382424206283, -0.24183362763369495, -0.20147442238780547, -0.12031638248916793]","[0.04, 0.06, 0.08, 0.1]","[0.0, 0.0, 0.0, 0.0]",1.2,0.6,0.0128173000001
proxy_shift,189,evaluated,2.58801978495,False,"[0.20375331377695494, -0.6819684956378387, 0.19988388665050694, -0.24062512734003416, 0.7868593052173771]","[0.30549336421140605, -0.5458405611562172, 0.3504201622439802, -0.06741428144686562, 0.7202938376712578]","[[0.1502121771142215, 0.4607745513085906], [-0.7011217482534017, -0.3905593740590326], [0.19513897514679565, 0.5057013493411647], [-0.22269546854405017, 0.08786690565031893], [0.5650126505740732, 0.8755750247684423]]","[0.12986278788663722, -0.2722404163036371, 0.12244198004525246, -0.11607132332096612]","[0.04, 0.06, 0.08, 0.1]","[0.0, 0.0, 0.0, 0.0]",1.2,0.6,0.0106370999999
understated_LH,189,evaluated,2.58801978495,True,"[0.20375331377695494, -0.6819684956378387, 0.19988388665050694, -0.24062512734003416, 0.7868593052173771]","[0.237666663921772, -0.6365925174772982, 0.2500626451816647, -0.18288817870897797, 0.7646708160353374]","[[0.08238547682458744, 0.3929478510189566], [-0.7918737045744827, -0.48131133038011364], [0.09478145808448016, 0.4053438322788493], [-0.3381693658061625, -0.02760699161179342], [0.6093896289381528, 0.9199520031325219]]","[0.12986278788663722, -0.2722404163036371, 0.12244198004525246, -0.11607132332096612]","[0.04, 0.06, 0.08, 0.1]","[0.0, 0.0, 0.0, 0.0]",0.12,0.06,0.0100141999999
high_noise,189,evaluated,2.58801978495,True,"[0.20375331377695494, -0.6819684956378387, 0.19988388665050694, -0.24062512734003416, 0.7868593052173771]","[0.237666663921772, -0.6365925174772982, 0.2500626451816647, -0.18288817870897797, 0.7646708160353374]","[[0.08238547682458744, 0.3929478510189566], [-0.7918737045744827, -0.48131133038011364], [0.09478145808448016, 0.4053438322788493], [-0.3381693658061625, -0.02760699161179342], [0.6093896289381528, 0.9199520031325219]]","[0.12017513940251162, -0.2774076715710271, 0.10349313526964146, -0.09420408829930196]","[0.12, 0.18, 0.24, 0.30000000000000004]","[0.0, 0.0, 0.0, 0.0]",1.2,0.6,0.00858509999989
bounded_nuisance_bias,189,evaluated,2.58801978495,True,"[0.20375331377695494, -0.6819684956378387, 0.19988388665050694, -0.24062512734003416, 0.7868593052173771]","[0.237666663921772, -0.6365925174772982, 0.2500626451816647, -0.18288817870897797, 0.7646708160353374]","[[0.08238547682458744, 0.3929478510189566], [-0.7918737045744827, -0.48131133038011364], [0.09478145808448016, 0.4053438322788493], [-0.3381693658061625, -0.02760699161179342], [0.6093896289381528, 0.9199520031325219]]","[0.06986278788663722, -0.2122404163036371, 0.06244198004525246, -0.05607132332096612]","[0.04, 0.06, 0.08, 0.1]","[0.06, 0.06, 0.06, 0.06]",1.2,0.6,0.0101956999999
nominal,190,evaluated,2.93092369982,True,"[0.26748814943344756, 0.3389546909731582, -0.4276746383540795, -0.33217293617641896, -0.19629336231966032]","[0.3648193617769005, 0.30930066467535144, -0.5155692208783522, -0.2781949344222379, -0.23756554360427856]","[[0.1889639397874363, 0.5406747837663647], [0.13344524268588726, 0.48515608666481563], [-0.6914246428678164, -0.33971379888888803], [-0.4540503564117021, -0.10233951243277373], [-0.41342096559374275, -0.06171012161481437]]","[0.1607829178660828, 0.2784670773836149, -0.18476965602480783, -0.09883233917289834]","[0.04, 0.06, 0.08, 0.1]","[0.0, 0.0, 0.0, 0.0]",1.2,0.6,0.0403693999999
extrapolation,190,evaluated,2.93092369982,True,"[-0.7, -0.5499999999999999, -0.39999999999999997, -0.25, 0.95]","[-0.6026687876565471, -0.5796540262978067, -0.48789458252427276, -0.19602199824581895, 0.9087278187153818]","[[-0.7785242096460112, -0.4268133656670829], [-0.7555094482872708, -0.4037986043083425], [-0.663750004513737, -0.31203916053480857], [-0.37187742023528314, -0.020166576256354762], [0.7328723967259176, 1.0]]","[-0.29417494482018486, -0.1986228219600927, -0.17503655189974796, -0.06388023532546595]","[0.04, 0.06, 0.08, 0.1]","[0.0, 0.0, 0.0, 0.0]",1.2,0.6,0.00820479999993
proxy_shift,190,evaluated,2.93092369982,False,"[0.26748814943344756, 0.3389546909731582, -0.4276746383540795, -0.33217293617641896, -0.19629336231966032]","[0.5594817864638064, 0.24999261207973797, -0.6913583859268979, -0.17023893091387582, -0.32010990617351504]","[[0.38362636447434223, 0.7353372084532706], [0.07413719009027378, 0.42584803406920213], [-0.867213807916362, -0.5155029639374338], [-0.34609435290334, 0.00561649107558837], [-0.4959653281629792, -0.14425448418405085]]","[0.1607829178660828, 0.2784670773836149, -0.18476965602480783, -0.09883233917289834]","[0.04, 0.06, 0.08, 0.1]","[0.0, 0.0, 0.0, 0.0]",1.2,0.6,0.0484353000002
understated_LH,190,evaluated,2.93092369982,True,"[0.26748814943344756, 0.3389546909731582, -0.4276746383540795, -0.33217293617641896, -0.19629336231966032]","[0.3648193617769005, 0.30930066467535144, -0.5155692208783522, -0.2781949344222379, -0.23756554360427856]","[[0.1889639397874363, 0.5406747837663647], [0.13344524268588726, 0.48515608666481563], [-0.6914246428678164, -0.33971379888888803], [-0.4540503564117021, -0.10233951243277373], [-0.41342096559374275, -0.06171012161481437]]","[0.1607829178660828, 0.2784670773836149, -0.18476965602480783, -0.09883233917289834]","[0.04, 0.06, 0.08, 0.1]","[0.0, 0.0, 0.0, 0.0]",0.12,0.06,0.0163092
high_noise,190,evaluated,2.93092369982,True,"[0.26748814943344756, 0.3389546909731582, -0.4276746383540795, -0.33217293617641896, -0.19629336231966032]","[0.3648193617769005, 0.30930066467535144, -0.5155692208783522, -0.2781949344222379, -0.23756554360427856]","[[0.1889639397874363, 0.5406747837663647], [0.13344524268588726, 0.48515608666481563], [-0.6914246428678164, -0.33971379888888803], [-0.4540503564117021, -0.10233951243277373], [-0.41342096559374275, -0.06171012161481437]]","[0.11843302822571308, 0.35972143346342944, -0.15084275982430378, 0.03590719017616978]","[0.12, 0.18, 0.24, 0.30000000000000004]","[0.0, 0.0, 0.0, 0.0]",1.2,0.6,0.0490904000001
bounded_nuisance_bias,190,evaluated,2.93092369982,True,"[0.26748814943344756, 0.3389546909731582, -0.4276746383540795, -0.33217293617641896, -0.19629336231966032]","[0.3648193617769005, 0.30930066467535144, -0.5155692208783522, -0.2781949344222379, -0.23756554360427856]","[[0.1889639397874363, 0.5406747837663647], [0.13344524268588726, 0.48515608666481563], [-0.6914246428678164, -0.33971379888888803], [-0.4540503564117021, -0.10233951243277373], [-0.41342096559374275, -0.06171012161481437]]","[0.10078291786608279, 0.3384670773836149, -0.24476965602480782, -0.03883233917289834]","[0.04, 0.06, 0.08, 0.1]","[0.06, 0.06, 0.06, 0.06]",1.2,0.6,0.0416542999999
nominal,191,evaluated,2.53653190307,True,"[0.7307105697215921, 0.4417922512763166, -0.465476965914807, 0.40130849116272316, -0.07974345647259429]","[0.6948116284617508, 0.4526547730387516, -0.42055738875773907, 0.3716714306008865, -0.06497471396830574]","[[0.5426197142775159, 0.8470035426459858], [0.3004628588545167, 0.6048466872229865], [-0.572749302941974, -0.2683654745735041], [0.21947951641665153, 0.5238633447851214], [-0.21716662815254067, 0.0872172002159292]]","[0.5942192322557689, 0.3297710358093709, -0.1424834067392719, 0.15411336653710836]","[0.04, 0.06, 0.08, 0.1]","[0.0, 0.0, 0.0, 0.0]",1.2,0.6,0.0458946000001
extrapolation,191,evaluated,2.53653190307,True,"[-0.7, -0.5499999999999999, -0.39999999999999997, -0.25, 0.95]","[-0.7358989412598412, -0.5391374782375649, -0.35508042284293206, -0.2796370605618367, 0.9647687425042885]","[[-0.8880908554440762, -0.5837070270756063], [-0.6913293924217998, -0.3869455640533299], [-0.507272337027167, -0.20288850865869712], [-0.4318289747460716, -0.12744514637760174], [0.8125768283200535, 1.0]]","[-0.27738849058804244, -0.23310843294275782, -0.12019786892956398, -0.26623627968431596]","[0.04, 0.06, 0.08, 0.1]","[0.0, 0.0, 0.0, 0.0]",1.2,0.6,0.0147485
proxy_shift,191,evaluated,2.53653190307,True,"[0.7307105697215921, 0.4417922512763166, -0.465476965914807, 0.40130849116272316, -0.07974345647259429]","[0.6230137459420683, 0.4743798165636217, -0.3307182344436032, 0.3123973094772131, -0.035437228959728645]","[[0.4708218317578333, 0.7752056601263032], [0.32218790237938677, 0.6265717307478567], [-0.48291014862783815, -0.17852632025936827], [0.16020539529297817, 0.46458922366144806], [-0.1876291431439636, 0.1167546852245063]]","[0.5942192322557689, 0.3297710358093709, -0.1424834067392719, 0.15411336653710836]","[0.04, 0.06, 0.08, 0.1]","[0.0, 0.0, 0.0, 0.0]",1.2,0.6,0.0462674
understated_LH,191,evaluated,2.53653190307,True,"[0.7307105697215921, 0.4417922512763166, -0.465476965914807, 0.40130849116272316, -0.07974345647259429]","[0.6948116284617508, 0.4526547730387516, -0.42055738875773907, 0.3716714306008865, -0.06497471396830574]","[[0.5426197142775159, 0.8470035426459858], [0.3004628588545167, 0.6048466872229865], [-0.572749302941974, -0.2683654745735041], [0.21947951641665153, 0.5238633447851214], [-0.21716662815254067, 0.0872172002159292]]","[0.5942192322557689, 0.3297710358093709, -0.1424834067392719, 0.15411336653710836]","[0.04, 0.06, 0.08, 0.1]","[0.0, 0.0, 0.0, 0.0]",0.12,0.06,0.0627030000001
high_noise,191,evaluated,2.53653190307,True,"[0.7307105697215921, 0.4417922512763166, -0.465476965914807, 0.40130849116272316, -0.07974345647259429]","[0.6948116284617508, 0.4526547730387516, -0.42055738875773907, 0.3716714306008865, -0.06497471396830574]","[[0.5426197142775159, 0.8470035426459858], [0.3004628588545167, 0.6048466872229865], [-0.572749302941974, -0.2683654745735041], [0.21947951641665153, 0.5238633447851214], [-0.21716662815254067, 0.0872172002159292]]","[0.5854422510796841, 0.3420541699238552, 0.0011208554016000905, -0.11585919283152363]","[0.12, 0.18, 0.24, 0.30000000000000004]","[0.0, 0.0, 0.0, 0.0]",1.2,0.6,0.0506199000001
bounded_nuisance_bias,191,evaluated,2.53653190307,True,"[0.7307105697215921, 0.4417922512763166, -0.465476965914807, 0.40130849116272316, -0.07974345647259429]","[0.6948116284617508, 0.4526547730387516, -0.42055738875773907, 0.3716714306008865, -0.06497471396830574]","[[0.5426197142775159, 0.8470035426459858], [0.3004628588545167, 0.6048466872229865], [-0.572749302941974, -0.2683654745735041], [0.21947951641665153, 0.5238633447851214], [-0.21716662815254067, 0.0872172002159292]]","[0.5342192322557688, 0.3897710358093709, -0.2024834067392719, 0.21411336653710836]","[0.04, 0.06, 0.08, 0.1]","[0.06, 0.06, 0.06, 0.06]",1.2,0.6,0.0462917
nominal,192,evaluated,2.53106472947,True,"[0.4638625518814261, 0.01839994530950284, 0.0023184961516820035, -0.7369739224021017, 0.19838647611821936]","[0.4300862960436823, -0.012201516478377812, 0.08494678175843455, -0.6136391378709157, 0.27273208231644536]","[[0.27822241227548694, 0.5819501798118777], [-0.16406540024657318, 0.13966236728981757], [-0.06691710200976082, 0.23681066552662994], [-0.7655030216391111, -0.46177525410272036], [0.12086819854824998, 0.42459596608464073]]","[0.36992505263818026, -0.0040738500376932395, -0.10435167166185806, -0.24583743861431984]","[0.04, 0.06, 0.08, 0.1]","[0.0, 0.0, 0.0, 0.0]",1.2,0.6,0.0542134
extrapolation,192,evaluated,2.53106472947,True,"[-0.7, -0.5499999999999999, -0.39999999999999997, -0.25, 0.95]","[-0.7337762558377438, -0.5806014617878806, -0.3173717143932474, -0.12666521546881404, 1.0]","[[-0.8856401396059391, -0.5819123720695484], [-0.732465345556076, -0.42873757801968526], [-0.4692355981614428, -0.16550783062505203], [-0.2785290992370094, 0.025198668299381333], [0.8481361162318046, 1.0]]","[-0.24594301860206003, -0.2544653846196127, -0.2977443819801888, -0.09784225386328052]","[0.04, 0.06, 0.08, 0.1]","[0.0, 0.0, 0.0, 0.0]",1.2,0.6,0.0109331000001
proxy_shift,192,evaluated,2.53106472947,False,"[0.4638625518814261, 0.01839994530950284, 0.0023184961516820035, -0.7369739224021017, 0.19838647611821936]","[0.36253378436819467, -0.07340444005413913, 0.25020335297193963, -0.36696956880854376, 0.4214232947128974]","[[0.2106699005999993, 0.51439766813639], [-0.2252683238223345, 0.07845944371405625], [0.09833946920374426, 0.402067236740135], [-0.5188334525767391, -0.21510568504034838], [0.26955941094470204, 0.5732871784810928]]","[0.36992505263818026, -0.0040738500376932395, -0.10435167166185806, -0.24583743861431984]","[0.04, 0.06, 0.08, 0.1]","[0.0, 0.0, 0.0, 0.0]",1.2,0.6,0.00675009999986
understated_LH,192,evaluated,2.53106472947,True,"[0.4638625518814261, 0.01839994530950284, 0.0023184961516820035, -0.7369739224021017, 0.19838647611821936]","[0.4300862960436823, -0.012201516478377812, 0.08494678175843455, -0.6136391378709157, 0.27273208231644536]","[[0.27822241227548694, 0.5819501798118777], [-0.16406540024657318, 0.13966236728981757], [-0.06691710200976082, 0.23681066552662994], [-0.7655030216391111, -0.46177525410272036], [0.12086819854824998, 0.42459596608464073]]","[0.36992505263818026, -0.0040738500376932395, -0.10435167166185806, -0.24583743861431984]","[0.04, 0.06, 0.08, 0.1]","[0.0, 0.0, 0.0, 0.0]",0.12,0.06,0.00919010000007
high_noise,192,evaluated,2.53106472947,True,"[0.4638625518814261, 0.01839994530950284, 0.0023184961516820035, -0.7369739224021017, 0.19838647611821936]","[0.4300862960436823, -0.012201516478377812, 0.08494678175843455, -0.6136391378709157, 0.27273208231644536]","[[0.27822241227548694, 0.5819501798118777], [-0.16406540024657318, 0.13966236728981757], [-0.06691710200976082, 0.23681066552662994], [-0.7655030216391111, -0.46177525410272036], [0.12086819854824998, 0.42459596608464073]]","[0.42403901543406025, -0.03450461927691874, -0.3158404356222358, -0.17902194634088084]","[0.12, 0.18, 0.24, 0.30000000000000004]","[0.0, 0.0, 0.0, 0.0]",1.2,0.6,0.0566874000001
bounded_nuisance_bias,192,evaluated,2.53106472947,True,"[0.4638625518814261, 0.01839994530950284, 0.0023184961516820035, -0.7369739224021017, 0.19838647611821936]","[0.4300862960436823, -0.012201516478377812, 0.08494678175843455, -0.6136391378709157, 0.27273208231644536]","[[0.27822241227548694, 0.5819501798118777], [-0.16406540024657318, 0.13966236728981757], [-0.06691710200976082, 0.23681066552662994], [-0.7655030216391111, -0.46177525410272036], [0.12086819854824998, 0.42459596608464073]]","[0.30992505263818027, 0.055926149962306757, -0.16435167166185805, -0.18583743861431984]","[0.04, 0.06, 0.08, 0.1]","[0.06, 0.06, 0.06, 0.06]",1.2,0.6,0.0496075999999
nominal,193,evaluated,2.54134345883,True,"[0.408546052845685, 0.10701390482361217, 0.569466211172186, -0.6227168777757006, 0.7807055845326092]","[0.42228815353167454, 0.008714503754826658, 0.5481947509885682, -0.5557341354806552, 0.7807890777328391]","[[0.2698075460016427, 0.5747687610617064], [-0.14376610377520518, 0.1611951112848585], [0.39571414345853634, 0.7006753585186001], [-0.7082147430106871, -0.40325352795062336], [0.6283084702028072, 0.933269685262871]]","[0.3085730965132083, 0.11972166602422574, 0.42763423495103625, -0.27289856391806616]","[0.04, 0.06, 0.08, 0.1]","[0.0, 0.0, 0.0, 0.0]",1.2,0.6,0.0124051
extrapolation,193,evaluated,2.54134345883,True,"[-0.7, -0.5499999999999999, -0.39999999999999997, -0.25, 0.95]","[-0.6862578993140105, -0.6482994010687855, -0.4212714601836178, -0.18301725770495464, 0.9500834932002299]","[[-0.8387385068440423, -0.5337772917839787], [-0.8007800085988173, -0.49581879353875363], [-0.5737520677136496, -0.26879085265358593], [-0.3354978652349865, -0.030536650174922797], [0.797602885670198, 1.0]]","[-0.2596274983829395, -0.18717226961762065, -0.20333302145231671, -0.1468513302126609]","[0.04, 0.06, 0.08, 0.1]","[0.0, 0.0, 0.0, 0.0]",1.2,0.6,0.00875010000004
proxy_shift,193,evaluated,2.54134345883,False,"[0.408546052845685, 0.10701390482361217, 0.569466211172186, -0.6227168777757006, 0.7807055845326092]","[0.4497723549036536, -0.18788429838274434, 0.5056518306213326, -0.4217686508905645, 0.7809560641332989]","[[0.29729174737362174, 0.6022529624336854], [-0.3403649059127762, -0.0354036908527125], [0.3531712230913007, 0.6581324381513645], [-0.5742492584205963, -0.26928804336053264], [0.6284754566032671, 0.9334366716633307]]","[0.3085730965132083, 0.11972166602422574, 0.42763423495103625, -0.27289856391806616]","[0.04, 0.06, 0.08, 0.1]","[0.0, 0.0, 0.0, 0.0]",1.2,0.6,0.0124784999998
understated_LH,193,evaluated,2.54134345883,True,"[0.408546052845685, 0.10701390482361217, 0.569466211172186, -0.6227168777757006, 0.7807055845326092]","[0.42228815353167454, 0.008714503754826658, 0.5481947509885682, -0.5557341354806552, 0.7807890777328391]","[[0.2698075460016427, 0.5747687610617064], [-0.14376610377520518, 0.1611951112848585], [0.39571414345853634, 0.7006753585186001], [-0.7082147430106871, -0.40325352795062336], [0.6283084702028072, 0.933269685262871]]","[0.3085730965132083, 0.11972166602422574, 0.42763423495103625, -0.27289856391806616]","[0.04, 0.06, 0.08, 0.1]","[0.0, 0.0, 0.0, 0.0]",0.12,0.06,0.0115711000001
high_noise,193,evaluated,2.54134345883,True,"[0.408546052845685, 0.10701390482361217, 0.569466211172186, -0.6227168777757006, 0.7807055845326092]","[0.42228815353167454, 0.008714503754826658, 0.5481947509885682, -0.5557341354806552, 0.7807890777328391]","[[0.2698075460016427, 0.5747687610617064], [-0.14376610377520518, 0.1611951112848585], [0.39571414345853634, 0.7006753585186001], [-0.7082147430106871, -0.40325352795062336], [0.6283084702028072, 0.933269685262871]]","[0.3353180997473293, 0.22387712678898436, 0.4049681920464028, -0.30410122434338793]","[0.12, 0.18, 0.24, 0.30000000000000004]","[0.0, 0.0, 0.0, 0.0]",1.2,0.6,0.00971049999998
bounded_nuisance_bias,193,evaluated,2.54134345883,True,"[0.408546052845685, 0.10701390482361217, 0.569466211172186, -0.6227168777757006, 0.7807055845326092]","[0.42228815353167454, 0.008714503754826658, 0.5481947509885682, -0.5557341354806552, 0.7807890777328391]","[[0.2698075460016427, 0.5747687610617064], [-0.14376610377520518, 0.1611951112848585], [0.39571414345853634, 0.7006753585186001], [-0.7082147430106871, -0.40325352795062336], [0.6283084702028072, 0.933269685262871]]","[0.2485730965132083, 0.17972166602422573, 0.36763423495103625, -0.21289856391806616]","[0.04, 0.06, 0.08, 0.1]","[0.06, 0.06, 0.06, 0.06]",1.2,0.6,0.0128930000001
nominal,194,evaluated,2.6448314197,True,"[0.5827648210218925, 0.20387162874722042, -0.2834479984217806, -0.5368656195533135, -0.45666352728277015]","[0.5610209038401774, 0.23681870935564453, -0.21622779761312394, -0.47105565625995305, -0.4558557693438467]","[[0.4023310186580808, 0.719710789022274], [0.07812882417354788, 0.3955085945377412], [-0.3749176827952206, -0.057537912431027294], [-0.6297455414420496, -0.3123657710778564], [-0.6145456545259433, -0.29716588416175005]]","[0.4805865449566029, 0.0013439240558210108, -0.12554025471428468, -0.20033264672782444]","[0.04, 0.06, 0.08, 0.1]","[0.0, 0.0, 0.0, 0.0]",1.2,0.6,0.0403339
extrapolation,194,evaluated,2.6448314197,True,"[-0.7, -0.5499999999999999, -0.39999999999999997, -0.25, 0.95]","[-0.721743917181715, -0.5170529193915758, -0.3327797991913433, -0.18419003670663958, 0.9508077579389235]","[[-0.8804338023638116, -0.5630540319996185], [-0.6757428045736724, -0.3583630342094792], [-0.49146968437343996, -0.17408991400924667], [-0.3428799218887362, -0.025500151524542936], [0.7921178727568268, 1.0]]","[-0.2439567986427361, -0.3726981454949245, -0.17157428600401042, -0.09593068303334529]","[0.04, 0.06, 0.08, 0.1]","[0.0, 0.0, 0.0, 0.0]",1.2,0.6,0.0107390000001
proxy_shift,194,evaluated,2.6448314197,False,"[0.5827648210218925, 0.20387162874722042, -0.2834479984217806, -0.5368656195533135, -0.45666352728277015]","[0.517533069476747, 0.3027128705724928, -0.08178739599581064, -0.33943572967323227, -0.4542402534659997]","[[0.3588431842946504, 0.6762229546588436], [0.14402298539039615, 0.46140275575458944], [-0.2404772811779073, 0.076902489186286], [-0.4981256148553289, -0.18074584449113562], [-0.6129301386480963, -0.2955503682839031]]","[0.4805865449566029, 0.0013439240558210108, -0.12554025471428468, -0.20033264672782444]","[0.04, 0.06, 0.08, 0.1]","[0.0, 0.0, 0.0, 0.0]",1.2,0.6,0.0101763
understated_LH,194,evaluated,2.6448314197,True,"[0.5827648210218925, 0.20387162874722042, -0.2834479984217806, -0.5368656195533135, -0.45666352728277015]","[0.5610209038401774, 0.23681870935564453, -0.21622779761312394, -0.47105565625995305, -0.4558557693438467]","[[0.4023310186580808, 0.719710789022274], [0.07812882417354788, 0.3955085945377412], [-0.3749176827952206, -0.057537912431027294], [-0.6297455414420496, -0.3123657710778564], [-0.6145456545259433, -0.29716588416175005]]","[0.4805865449566029, 0.0013439240558210108, -0.12554025471428468, -0.20033264672782444]","[0.04, 0.06, 0.08, 0.1]","[0.0, 0.0, 0.0, 0.0]",0.12,0.06,0.0211148000001
high_noise,194,evaluated,2.6448314197,True,"[0.5827648210218925, 0.20387162874722042, -0.2834479984217806, -0.5368656195533135, -0.45666352728277015]","[0.5610209038401774, 0.23681870935564453, -0.21622779761312394, -0.47105565625995305, -0.4558557693438467]","[[0.4023310186580808, 0.719710789022274], [0.07812882417354788, 0.3955085945377412], [-0.3749176827952206, -0.057537912431027294], [-0.6297455414420496, -0.3123657710778564], [-0.6145456545259433, -0.29716588416175005]]","[0.5386729476711308, -0.2655523669340281, -0.0846888267223056, -0.12969401279451503]","[0.12, 0.18, 0.24, 0.30000000000000004]","[0.0, 0.0, 0.0, 0.0]",1.2,0.6,0.0641314
bounded_nuisance_bias,194,evaluated,2.6448314197,True,"[0.5827648210218925, 0.20387162874722042, -0.2834479984217806, -0.5368656195533135, -0.45666352728277015]","[0.5610209038401774, 0.23681870935564453, -0.21622779761312394, -0.47105565625995305, -0.4558557693438467]","[[0.4023310186580808, 0.719710789022274], [0.07812882417354788, 0.3955085945377412], [-0.3749176827952206, -0.057537912431027294], [-0.6297455414420496, -0.3123657710778564], [-0.6145456545259433, -0.29716588416175005]]","[0.4205865449566029, 0.06134392405582101, -0.18554025471428467, -0.14033264672782444]","[0.04, 0.06, 0.08, 0.1]","[0.06, 0.06, 0.06, 0.06]",1.2,0.6,0.0401996999999
nominal,195,evaluated,2.56394739266,True,"[0.7047482771202651, 0.6599424569808205, 0.38744863712537314, 0.5662591432042707, -0.6509605455886295]","[0.6820150544645881, 0.6537923655457275, 0.41559001886971464, 0.49348670322030197, -0.7817472370382575]","[[0.5281782109050992, 0.835851898024077], [0.49995552198623855, 0.8076292091052164], [0.2617531753102257, 0.5694268624292036], [0.339649859660813, 0.6473235467797909], [-0.9355840805977464, -0.6279103934787686]]","[0.5107466668079467, 0.5553248994719818, 0.3855264611060889, 0.4700828097755565]","[0.04, 0.06, 0.08, 0.1]","[0.0, 0.0, 0.0, 0.0]",1.2,0.6,0.0108915000001
extrapolation,195,evaluated,2.56394739266,True,"[-0.7, -0.5499999999999999, -0.39999999999999997, -0.25, 0.95]","[-0.722733222655677, -0.556150091435093, -0.37185861825565847, -0.32277243998396876, 0.8192133085503719]","[[-0.8765700662151659, -0.5688963790961881], [-0.709986934994582, -0.402313247875604], [-0.5256954618151475, -0.2180217746961695], [-0.4766092835434577, -0.1689355964244798], [0.6653764649908829, 0.9730501521098609]]","[-0.334103339695407, -0.2105477886742752, -0.08397765509222768, -0.09711750132573639]","[0.04, 0.06, 0.08, 0.1]","[0.0, 0.0, 0.0, 0.0]",1.2,0.6,0.0223275000001
proxy_shift,195,evaluated,2.56394739266,False,"[0.7047482771202651, 0.6599424569808205, 0.38744863712537314, 0.5662591432042707, -0.6509605455886295]","[0.6365486091532341, 0.6414921826755414, 0.4718727823583977, 0.34794182325236434, -1.0]","[[0.4827117655937451, 0.790385452712723], [0.48765533911605247, 0.7953290262350303], [0.31803593879890873, 0.6257096259178867], [0.19410497969287538, 0.5017786668118533], [-1.0, -0.846163156440511]]","[0.5107466668079467, 0.5553248994719818, 0.3855264611060889, 0.4700828097755565]","[0.04, 0.06, 0.08, 0.1]","[0.0, 0.0, 0.0, 0.0]",1.2,0.6,0.0106248999998
understated_LH,195,evaluated,2.56394739266,True,"[0.7047482771202651, 0.6599424569808205, 0.38744863712537314, 0.5662591432042707, -0.6509605455886295]","[0.6820150544645881, 0.6537923655457275, 0.41559001886971464, 0.49348670322030197, -0.7817472370382575]","[[0.5281782109050992, 0.835851898024077], [0.49995552198623855, 0.8076292091052164], [0.2617531753102257, 0.5694268624292036], [0.339649859660813, 0.6473235467797909], [-0.9355840805977464, -0.6279103934787686]]","[0.5107466668079467, 0.5553248994719818, 0.3855264611060889, 0.4700828097755565]","[0.04, 0.06, 0.08, 0.1]","[0.0, 0.0, 0.0, 0.0]",0.12,0.06,0.0145054
high_noise,195,evaluated,2.56394739266,True,"[0.7047482771202651, 0.6599424569808205, 0.38744863712537314, 0.5662591432042707, -0.6509605455886295]","[0.6820150544645881, 0.6537923655457275, 0.41559001886971464, 0.49348670322030197, -0.7817472370382575]","[[0.5281782109050992, 0.835851898024077], [0.49995552198623855, 0.8076292091052164], [0.2617531753102257, 0.5694268624292036], [0.339649859660813, 0.6473235467797909], [-0.9355840805977464, -0.6279103934787686]]","[0.3885399874171327, 0.6127293221234313, 0.6015711509216335, 0.5383478071240837]","[0.12, 0.18, 0.24, 0.30000000000000004]","[0.0, 0.0, 0.0, 0.0]",1.2,0.6,0.0134464
bounded_nuisance_bias,195,evaluated,2.56394739266,True,"[0.7047482771202651, 0.6599424569808205, 0.38744863712537314, 0.5662591432042707, -0.6509605455886295]","[0.6820150544645881, 0.6537923655457275, 0.41559001886971464, 0.49348670322030197, -0.7817472370382575]","[[0.5281782109050992, 0.835851898024077], [0.49995552198623855, 0.8076292091052164], [0.2617531753102257, 0.5694268624292036], [0.339649859660813, 0.6473235467797909], [-0.9355840805977464, -0.6279103934787686]]","[0.45074666680794667, 0.6153248994719818, 0.3255264611060889, 0.5300828097755566]","[0.04, 0.06, 0.08, 0.1]","[0.06, 0.06, 0.06, 0.06]",1.2,0.6,0.00963769999998
nominal,196,evaluated,2.5957694318,True,"[0.6158469350237572, -0.7047917195983113, 0.7373930035348526, -0.05556904528971052, 0.7006819674365157]","[0.5625888134934677, -0.6098361266708185, 0.7418181906936812, -0.14014350473964277, 0.7224895817038753]","[[0.40684264758544375, 0.7183349794014916], [-0.7655822925788425, -0.4540899607627946], [0.5860720247856572, 0.8975643566017051], [-0.2958896706476667, 0.01560266116838116], [0.5667434157958514, 0.8782357476118993]]","[0.47755757709574237, -0.3165107314084081, 0.5495436247743138, -0.06581797244525246]","[0.04, 0.06, 0.08, 0.1]","[0.0, 0.0, 0.0, 0.0]",1.2,0.6,0.0592311
extrapolation,196,evaluated,2.5957694318,True,"[-0.7, -0.5499999999999999, -0.39999999999999997, -0.25, 0.95]","[-0.7532581215302895, -0.4550444070725071, -0.39557481284117135, -0.33457445944993225, 0.9718076142673596]","[[-0.9090042874383134, -0.5975119556222656], [-0.610790572980531, -0.29929824116448317], [-0.5513209787491953, -0.23982864693314743], [-0.4903206253579562, -0.17882829354190832], [0.8160614483593357, 1.0]]","[-0.2787308181319587, -0.2819051100537247, -0.24801670984524293, -0.16465292090974915]","[0.04, 0.06, 0.08, 0.1]","[0.0, 0.0, 0.0, 0.0]",1.2,0.6,0.0193224
proxy_shift,196,evaluated,2.5957694318,False,"[0.6158469350237572, -0.7047917195983113, 0.7373930035348526, -0.05556904528971052, 0.7006819674365157]","[0.4560725704328887, -0.41992494081583287, 0.7506685650113384, -0.3092924236395072, 0.7661048102385948]","[[0.30032640452486475, 0.6118187363409127], [-0.5756711067238568, -0.26417877490780894], [0.5949223991033145, 0.9064147309193623], [-0.46503858954753113, -0.15354625773148328], [0.6103586443305709, 0.9218509761466187]]","[0.47755757709574237, -0.3165107314084081, 0.5495436247743138, -0.06581797244525246]","[0.04, 0.06, 0.08, 0.1]","[0.0, 0.0, 0.0, 0.0]",1.2,0.6,0.00890350000009
understated_LH,196,evaluated,2.5957694318,True,"[0.6158469350237572, -0.7047917195983113, 0.7373930035348526, -0.05556904528971052, 0.7006819674365157]","[0.5625888134934677, -0.6098361266708185, 0.7418181906936812, -0.14014350473964277, 0.7224895817038753]","[[0.40684264758544375, 0.7183349794014916], [-0.7655822925788425, -0.4540899607627946], [0.5860720247856572, 0.8975643566017051], [-0.2958896706476667, 0.01560266116838116], [0.5667434157958514, 0.8782357476118993]]","[0.47755757709574237, -0.3165107314084081, 0.5495436247743138, -0.06581797244525246]","[0.04, 0.06, 0.08, 0.1]","[0.0, 0.0, 0.0, 0.0]",0.12,0.06,0.0118190000001
high_noise,196,evaluated,2.5957694318,True,"[0.6158469350237572, -0.7047917195983113, 0.7373930035348526, -0.05556904528971052, 0.7006819674365157]","[0.5625888134934677, -0.6098361266708185, 0.7418181906936812, -0.14014350473964277, 0.7224895817038753]","[[0.40684264758544375, 0.7183349794014916], [-0.7655822925788425, -0.4540899607627946], [0.5860720247856572, 0.8975643566017051], [-0.2958896706476667, 0.01560266116838116], [0.5667434157958514, 0.8782357476118993]]","[0.466095940831825, -0.4018209515158576, 0.437510205083828, -0.13262381426475073]","[0.12, 0.18, 0.24, 0.30000000000000004]","[0.0, 0.0, 0.0, 0.0]",1.2,0.6,0.0149750999999
bounded_nuisance_bias,196,evaluated,2.5957694318,True,"[0.6158469350237572, -0.7047917195983113, 0.7373930035348526, -0.05556904528971052, 0.7006819674365157]","[0.5625888134934677, -0.6098361266708185, 0.7418181906936812, -0.14014350473964277, 0.7224895817038753]","[[0.40684264758544375, 0.7183349794014916], [-0.7655822925788425, -0.4540899607627946], [0.5860720247856572, 0.8975643566017051], [-0.2958896706476667, 0.01560266116838116], [0.5667434157958514, 0.8782357476118993]]","[0.41755757709574237, -0.2565107314084081, 0.48954362477431385, -0.0058179724452524645]","[0.04, 0.06, 0.08, 0.1]","[0.06, 0.06, 0.06, 0.06]",1.2,0.6,0.0616108000002
nominal,197,evaluated,2.53251569191,True,"[-0.2239604769134349, 0.12659681730174355, -0.39649536443195077, 0.3320634447166979, -0.5422188692162366]","[-0.18353868977915078, 0.20662462000996687, -0.38661808804941544, 0.4545648261594759, -0.4944671783220526]","[[-0.33548963129353127, -0.031587748264770316], [0.05467367849558641, 0.35857556152434733], [-0.5385690295637959, -0.23466714653503498], [0.3026138846450954, 0.6065157676738564], [-0.646418119836433, -0.3425162368076722]]","[-0.17046362421894762, 0.1069844679419417, -0.3253958115129807, 0.0909149542371673]","[0.04, 0.06, 0.08, 0.1]","[0.0, 0.0, 0.0, 0.0]",1.2,0.6,0.0109838000001
extrapolation,197,evaluated,2.53251569191,True,"[-0.7, -0.5499999999999999, -0.39999999999999997, -0.25, 0.95]","[-0.6595782128657158, -0.46997219729177664, -0.39012272361746464, -0.12749861855722197, 0.9977516908941839]","[[-0.8115291543800963, -0.5076272713513353], [-0.6219231388061571, -0.31802125577739615], [-0.5420736651318451, -0.23817178210308418], [-0.27944956007160243, 0.02445232295715849], [0.8458007493798034, 1.0]]","[-0.32413482663667464, -0.21303164868438368, -0.32666116505861786, -0.2726529519879873]","[0.04, 0.06, 0.08, 0.1]","[0.0, 0.0, 0.0, 0.0]",1.2,0.6,0.0083196999999
proxy_shift,197,evaluated,2.53251569191,False,"[-0.2239604769134349, 0.12659681730174355, -0.39649536443195077, 0.3320634447166979, -0.5422188692162366]","[-0.10269511551058248, 0.36668022542641354, -0.3668635352843448, 0.699567589045032, -0.3989637965336846]","[[-0.25464605702496296, 0.04925582600379798], [0.21472928391203308, 0.518631166940794], [-0.5188144767987253, -0.21491259376996433], [0.5476166475306515, 0.8515185305594125], [-0.550914738048065, -0.24701285501930412]]","[-0.17046362421894762, 0.1069844679419417, -0.3253958115129807, 0.0909149542371673]","[0.04, 0.06, 0.08, 0.1]","[0.0, 0.0, 0.0, 0.0]",1.2,0.6,0.00925720000009
understated_LH,197,evaluated,2.53251569191,True,"[-0.2239604769134349, 0.12659681730174355, -0.39649536443195077, 0.3320634447166979, -0.5422188692162366]","[-0.18353868977915078, 0.20662462000996687, -0.38661808804941544, 0.4545648261594759, -0.4944671783220526]","[[-0.33548963129353127, -0.031587748264770316], [0.05467367849558641, 0.35857556152434733], [-0.5385690295637959, -0.23466714653503498], [0.3026138846450954, 0.6065157676738564], [-0.646418119836433, -0.3425162368076722]]","[-0.17046362421894762, 0.1069844679419417, -0.3253958115129807, 0.0909149542371673]","[0.04, 0.06, 0.08, 0.1]","[0.0, 0.0, 0.0, 0.0]",0.12,0.06,0.0104847
high_noise,197,evaluated,2.53251569191,True,"[-0.2239604769134349, 0.12659681730174355, -0.39649536443195077, 0.3320634447166979, -0.5422188692162366]","[-0.18353868977915078, 0.20662462000996687, -0.38661808804941544, 0.4545648261594759, -0.4944671783220526]","[[-0.33548963129353127, -0.031587748264770316], [0.05467367849558641, 0.35857556152434733], [-0.5385690295637959, -0.23466714653503498], [0.3026138846450954, 0.6065157676738564], [-0.646418119836433, -0.3425162368076722]]","[-0.2727332774922969, 0.15942117057317426, -0.5947181416302165, -0.19189094973880727]","[0.12, 0.18, 0.24, 0.30000000000000004]","[0.0, 0.0, 0.0, 0.0]",1.2,0.6,0.00974659999997
bounded_nuisance_bias,197,evaluated,2.53251569191,True,"[-0.2239604769134349, 0.12659681730174355, -0.39649536443195077, 0.3320634447166979, -0.5422188692162366]","[-0.18353868977915078, 0.20662462000996687, -0.38661808804941544, 0.4545648261594759, -0.4944671783220526]","[[-0.33548963129353127, -0.031587748264770316], [0.05467367849558641, 0.35857556152434733], [-0.5385690295637959, -0.23466714653503498], [0.3026138846450954, 0.6065157676738564], [-0.646418119836433, -0.3425162368076722]]","[-0.23046362421894762, 0.16698446794194172, -0.3853958115129807, 0.1509149542371673]","[0.04, 0.06, 0.08, 0.1]","[0.06, 0.06, 0.06, 0.06]",1.2,0.6,0.0101966
nominal,198,evaluated,2.67572614462,True,"[0.3694825857495898, -0.4703561496774725, -0.20584351036317128, 0.7451450844493415, -0.6860149538748209]","[0.28575785924637886, -0.4362237500638891, -0.1944818627695863, 0.8788353281936683, -0.704733942542714]","[[0.1252142905693727, 0.446301427923385], [-0.5967673187408953, -0.2756801813868829], [-0.3550254314465925, -0.03393829409258012], [0.7182917595166621, 1.0], [-0.8652775112197202, -0.5441903738657079]]","[0.23021883896793685, -0.0837530920182071, -0.12146589823498584, 0.46270435242505226]","[0.04, 0.06, 0.08, 0.1]","[0.0, 0.0, 0.0, 0.0]",1.2,0.6,0.00835110000003
extrapolation,198,evaluated,2.67572614462,True,"[-0.7, -0.5499999999999999, -0.39999999999999997, -0.25, 0.95]","[-0.7837247265032109, -0.5158676003864164, -0.388638352406415, -0.11630975625567319, 0.9312810113321068]","[[-0.944268295180217, -0.6231811578262048], [-0.6764111690634226, -0.3553240317094103], [-0.5491819210834211, -0.2280947837294088], [-0.27685332493267933, 0.04423381242133298], [0.7707374426551007, 1.0]]","[-0.30542592683347797, -0.10715987447354866, -0.20267125724467294, -0.2822050573082574]","[0.04, 0.06, 0.08, 0.1]","[0.0, 0.0, 0.0, 0.0]",1.2,0.6,0.00976450000007
proxy_shift,198,evaluated,2.67572614462,False,"[0.3694825857495898, -0.4703561496774725, -0.20584351036317128, 0.7451450844493415, -0.6860149538748209]","[0.11830840623995709, -0.36795895083672214, -0.17175856758241628, 1.0, -0.7421719198785002]","[[-0.042235162437049084, 0.27885197491696323], [-0.5285025195137283, -0.20741538215971597], [-0.33230213625942245, -0.011214998905410112], [0.8394564313229939, 1.0], [-0.9027154885555063, -0.581628351201494]]","[0.23021883896793685, -0.0837530920182071, -0.12146589823498584, 0.46270435242505226]","[0.04, 0.06, 0.08, 0.1]","[0.0, 0.0, 0.0, 0.0]",1.2,0.6,0.00922749999995
understated_LH,198,evaluated,2.67572614462,True,"[0.3694825857495898, -0.4703561496774725, -0.20584351036317128, 0.7451450844493415, -0.6860149538748209]","[0.28575785924637886, -0.4362237500638891, -0.1944818627695863, 0.8788353281936683, -0.704733942542714]","[[0.1252142905693727, 0.446301427923385], [-0.5967673187408953, -0.2756801813868829], [-0.3550254314465925, -0.03393829409258012], [0.7182917595166621, 1.0], [-0.8652775112197202, -0.5441903738657079]]","[0.23021883896793685, -0.0837530920182071, -0.12146589823498584, 0.46270435242505226]","[0.04, 0.06, 0.08, 0.1]","[0.0, 0.0, 0.0, 0.0]",0.12,0.06,0.0140260000001
high_noise,198,evaluated,2.67572614462,True,"[0.3694825857495898, -0.4703561496774725, -0.20584351036317128, 0.7451450844493415, -0.6860149538748209]","[0.28575785924637886, -0.4362237500638891, -0.1944818627695863, 0.8788353281936683, -0.704733942542714]","[[0.1252142905693727, 0.446301427923385], [-0.5967673187408953, -0.2756801813868829], [-0.3550254314465925, -0.03393829409258012], [0.7182917595166621, 1.0], [-0.8652775112197202, -0.5441903738657079]]","[0.165366985300981, 0.18042715903469547, -0.14280841272433178, 0.16079423780853747]","[0.12, 0.18, 0.24, 0.30000000000000004]","[0.0, 0.0, 0.0, 0.0]",1.2,0.6,0.00938739999992
bounded_nuisance_bias,198,evaluated,2.67572614462,True,"[0.3694825857495898, -0.4703561496774725, -0.20584351036317128, 0.7451450844493415, -0.6860149538748209]","[0.28575785924637886, -0.4362237500638891, -0.1944818627695863, 0.8788353281936683, -0.704733942542714]","[[0.1252142905693727, 0.446301427923385], [-0.5967673187408953, -0.2756801813868829], [-0.3550254314465925, -0.03393829409258012], [0.7182917595166621, 1.0], [-0.8652775112197202, -0.5441903738657079]]","[0.17021883896793685, -0.023753092018207106, -0.18146589823498582, 0.5227043524250523]","[0.04, 0.06, 0.08, 0.1]","[0.06, 0.06, 0.06, 0.06]",1.2,0.6,0.00989460000005
nominal,199,evaluated,2.76253718477,True,"[-0.464381075573586, -0.11653429552201611, 0.3785311312151438, 0.4140182923798288, -0.4083624884071462]","[-0.4701552146984652, -0.22735943577088014, 0.28767763052218, 0.5154524757413665, -0.3590203265534983]","[[-0.635907445784508, -0.30440298361242246], [-0.3931116668569229, -0.06160720468483735], [0.1219253994361372, 0.45342986160822274], [0.3497002446553238, 0.6812047068274093], [-0.5247725576395411, -0.19326809546745552]]","[-0.21715894690945015, -0.113402978622374, 0.2765751252139803, 0.2383501058134484]","[0.04, 0.06, 0.08, 0.1]","[0.0, 0.0, 0.0, 0.0]",1.2,0.6,0.0594595999999
extrapolation,199,evaluated,2.76253718477,True,"[-0.7, -0.5499999999999999, -0.39999999999999997, -0.25, 0.95]","[-0.7057741391248792, -0.660825140248864, -0.4908535006929638, -0.1485658166384622, 0.9993421618536478]","[[-0.8715263702109219, -0.5400219080388364], [-0.8265773713349067, -0.4950729091628212], [-0.6566057317790066, -0.325101269606921], [-0.314318047724505, 0.017186414447580595], [0.833589930767605, 1.0]]","[-0.27622523657056275, -0.2868064739190081, -0.18552929870481083, -0.19273421354198172]","[0.04, 0.06, 0.08, 0.1]","[0.0, 0.0, 0.0, 0.0]",1.2,0.6,0.00802099999987
proxy_shift,199,evaluated,2.76253718477,False,"[-0.464381075573586, -0.11653429552201611, 0.3785311312151438, 0.4140182923798288, -0.4083624884071462]","[-0.4817034929482236, -0.4490097162686082, 0.10597062913625227, 0.7183208424644422, -0.2603360028462026]","[[-0.6474557240342664, -0.3159512618621808], [-0.614761947354651, -0.28325748518256544], [-0.059781601949790514, 0.2717228602222951], [0.5525686113783994, 0.8840730735504849], [-0.4260882339322454, -0.09458377176015983]]","[-0.21715894690945015, -0.113402978622374, 0.2765751252139803, 0.2383501058134484]","[0.04, 0.06, 0.08, 0.1]","[0.0, 0.0, 0.0, 0.0]",1.2,0.6,0.0499787000001
understated_LH,199,evaluated,2.76253718477,True,"[-0.464381075573586, -0.11653429552201611, 0.3785311312151438, 0.4140182923798288, -0.4083624884071462]","[-0.4701552146984652, -0.22735943577088014, 0.28767763052218, 0.5154524757413665, -0.3590203265534983]","[[-0.635907445784508, -0.30440298361242246], [-0.3931116668569229, -0.06160720468483735], [0.1219253994361372, 0.45342986160822274], [0.3497002446553238, 0.6812047068274093], [-0.5247725576395411, -0.19326809546745552]]","[-0.21715894690945015, -0.113402978622374, 0.2765751252139803, 0.2383501058134484]","[0.04, 0.06, 0.08, 0.1]","[0.0, 0.0, 0.0, 0.0]",0.12,0.06,0.00879469999995
high_noise,199,evaluated,2.76253718477,True,"[-0.464381075573586, -0.11653429552201611, 0.3785311312151438, 0.4140182923798288, -0.4083624884071462]","[-0.4701552146984652, -0.22735943577088014, 0.28767763052218, 0.5154524757413665, -0.3590203265534983]","[[-0.635907445784508, -0.30440298361242246], [-0.3931116668569229, -0.06160720468483735], [0.1219253994361372, 0.45342986160822274], [0.3497002446553238, 0.6812047068274093], [-0.5247725576395411, -0.19326809546745552]]","[-0.22360942005057557, -0.20851592646039024, 0.2895165278043586, 0.11538167872948496]","[0.12, 0.18, 0.24, 0.30000000000000004]","[0.0, 0.0, 0.0, 0.0]",1.2,0.6,0.0734886
bounded_nuisance_bias,199,evaluated,2.76253718477,True,"[-0.464381075573586, -0.11653429552201611, 0.3785311312151438, 0.4140182923798288, -0.4083624884071462]","[-0.4701552146984652, -0.22735943577088014, 0.28767763052218, 0.5154524757413665, -0.3590203265534983]","[[-0.635907445784508, -0.30440298361242246], [-0.3931116668569229, -0.06160720468483735], [0.1219253994361372, 0.45342986160822274], [0.3497002446553238, 0.6812047068274093], [-0.5247725576395411, -0.19326809546745552]]","[-0.27715894690945014, -0.053402978622374, 0.2165751252139803, 0.2983501058134484]","[0.04, 0.06, 0.08, 0.1]","[0.06, 0.06, 0.06, 0.06]",1.2,0.6,0.0584669
