ambiguity_radius_Ld,inverse_information_noise,empirical_worst_case_mae,mc_standard_error,max_rate_reference,risk_to_max_rate_ratio,dominant_regime,replications,seed
0.01,0.01,0.01171026851942419,3.984925554420382e-05,0.01,1.171026851942419,mechanism ambiguity,40000,2026091603
0.011937766417144363,0.01,0.013116750889021585,4.220906017314058e-05,0.011937766417144363,1.0987608930079273,mechanism ambiguity,40000,2026091603
0.014251026703029978,0.01,0.014988671386152884,4.455855049466507e-05,0.014251026703029978,1.0517608098345694,mechanism ambiguity,40000,2026091603
0.017012542798525893,0.01,0.017423992127893174,4.664702734780585e-05,0.017012542798525893,1.0241850577094762,mechanism ambiguity,40000,2026091603
0.020309176209047358,0.01,0.02051138830989078,4.827379643512389e-05,0.020309176209047358,1.0099566865126386,mechanism ambiguity,40000,2026091603
0.024244620170823284,0.01,0.024338800213407858,4.929655079497359e-05,0.024244620170823284,1.0038845748838712,mechanism ambiguity,40000,2026091603
0.028942661247167517,0.01,0.028994941467688756,4.9781003577496755e-05,0.028942661247167517,1.001806337712858,mechanism ambiguity,40000,2026091603
0.0345510729459222,0.01,0.03459245213691207,4.993482260229218e-05,0.0345510729459222,1.0011976239075018,mechanism ambiguity,40000,2026091603
0.04124626382901352,0.01,0.04128599208141739,4.9963406732036386e-05,0.04124626382901352,1.0009631963895822,mechanism ambiguity,40000,2026091603
0.04923882631706739,0.01,0.04927855456947126,4.9963406732036386e-05,0.04923882631706739,1.0008068480785477,mechanism ambiguity,40000,2026091603
0.05878016072274912,0.01,0.058819888975152994,4.9963406732036386e-05,0.05878016072274912,1.0006758785943315,mechanism ambiguity,40000,2026091603
0.07017038286703829,0.01,0.07021011111944216,4.9963406732036386e-05,0.07017038286703829,1.0005661683858722,mechanism ambiguity,40000,2026091603
0.0837677640068292,0.01,0.08380749225923306,4.9963406732036386e-05,0.0837677640068292,1.0004742665973587,mechanism ambiguity,40000,2026091603
0.1,0.01,0.10003972825240387,4.9963406732036386e-05,0.1,1.0003972825240386,mechanism ambiguity,40000,2026091603
0.1193776641714437,0.01,0.11941739242384758,4.9963406732036386e-05,0.1193776641714437,1.0003327946871772,mechanism ambiguity,40000,2026091603
0.14251026703029984,0.01,0.1425499952827037,4.9963406732036386e-05,0.14251026703029984,1.0002787746681818,mechanism ambiguity,40000,2026091603
0.17012542798525893,0.01,0.1701651562376628,4.9963406732036386e-05,0.17012542798525893,1.0002335233061532,mechanism ambiguity,40000,2026091603
0.20309176209047358,0.01,0.20313149034287745,4.9963406732036386e-05,0.20309176209047358,1.0001956172519995,mechanism ambiguity,40000,2026091603
0.24244620170823283,0.01,0.24248592996063667,4.9963406732036386e-05,0.24244620170823283,1.0001638641980115,mechanism ambiguity,40000,2026091603
0.28942661247167517,0.01,0.28946634072407906,4.9963406732036386e-05,0.28942661247167517,1.000137265374682,mechanism ambiguity,40000,2026091603
0.345510729459222,0.01,0.34555045771162585,4.9963406732036386e-05,0.345510729459222,1.0001149841351267,mechanism ambiguity,40000,2026091603
0.41246263829013524,0.01,0.41250236654253913,4.9963406732036386e-05,0.41246263829013524,1.0000963196389583,mechanism ambiguity,40000,2026091603
0.49238826317067413,0.01,0.49242799142307797,4.9963406732036386e-05,0.49238826317067413,1.0000806848078547,mechanism ambiguity,40000,2026091603
0.5878016072274915,0.01,0.5878413354798954,4.9963406732036386e-05,0.5878016072274915,1.0000675878594332,mechanism ambiguity,40000,2026091603
0.701703828670383,0.01,0.7017435569227868,4.9963406732036386e-05,0.701703828670383,1.0000566168385872,mechanism ambiguity,40000,2026091603
0.837677640068292,0.01,0.8377173683206959,4.9963406732036386e-05,0.837677640068292,1.000047426659736,mechanism ambiguity,40000,2026091603
1.0,0.01,1.0000397282524038,4.9963406732036386e-05,1.0,1.0000397282524038,mechanism ambiguity,40000,2026091603
0.01,0.011937766417144363,0.012729080496965035,4.506148906931439e-05,0.011937766417144363,1.0662866110936993,sampling noise,40000,2026091603
0.011937766417144363,0.011937766417144363,0.013979445026692492,4.757111045838002e-05,0.011937766417144363,1.171026851942419,mechanism ambiguity,40000,2026091603
0.014251026703029978,0.011937766417144363,0.015658470826501035,5.0388190103414326e-05,0.014251026703029978,1.0987608930079271,mechanism ambiguity,40000,2026091603
0.017012542798525893,0.011937766417144363,0.017893125791122864,5.3192956769184416e-05,0.017012542798525893,1.0517608098345694,mechanism ambiguity,40000,2026091603
0.020309176209047358,0.011937766417144363,0.020800354807695088,5.5686131653225134e-05,0.020309176209047358,1.0241850577094762,mechanism ambiguity,40000,2026091603
0.024244620170823284,0.011937766417144363,0.024486016253482172,5.762813059112852e-05,0.024244620170823284,1.0099566865126388,mechanism ambiguity,40000,2026091603
0.028942661247167517,0.011937766417144363,0.029055091182120657,5.88490708561287e-05,0.028942661247167517,1.0038845748838712,mechanism ambiguity,40000,2026091603
0.0345510729459222,0.011937766417144363,0.03461348385200412,5.9427399271918423e-05,0.0345510729459222,1.0018063377128579,mechanism ambiguity,40000,2026091603
0.04124626382901352,0.011937766417144363,0.04129566134067027,5.961102483077049e-05,0.04124626382901352,1.0011976239075016,mechanism ambiguity,40000,2026091603
0.04923882631706739,0.011937766417144363,0.049286252976803266,5.964514789718286e-05,0.04923882631706739,1.0009631963895824,mechanism ambiguity,40000,2026091603
0.05878016072274912,0.011937766417144363,0.058827587382485,5.964514789718286e-05,0.05878016072274912,1.0008068480785477,mechanism ambiguity,40000,2026091603
0.07017038286703829,0.011937766417144363,0.07021780952677416,5.964514789718286e-05,0.07017038286703829,1.0006758785943313,mechanism ambiguity,40000,2026091603
0.0837677640068292,0.011937766417144363,0.08381519066656506,5.964514789718286e-05,0.0837677640068292,1.0005661683858722,mechanism ambiguity,40000,2026091603
0.1,0.011937766417144363,0.10004742665973587,5.964514789718286e-05,0.1,1.0004742665973587,mechanism ambiguity,40000,2026091603
0.1193776641714437,0.011937766417144363,0.11942509083117957,5.964514789718286e-05,0.1193776641714437,1.0003972825240386,mechanism ambiguity,40000,2026091603
0.14251026703029984,0.011937766417144363,0.1425576936900357,5.964514789718286e-05,0.14251026703029984,1.000332794687177,mechanism ambiguity,40000,2026091603
0.17012542798525893,0.011937766417144363,0.17017285464499476,5.964514789718286e-05,0.17012542798525893,1.0002787746681816,mechanism ambiguity,40000,2026091603
0.20309176209047358,0.011937766417144363,0.20313918875020945,5.964514789718286e-05,0.20309176209047358,1.0002335233061532,mechanism ambiguity,40000,2026091603
0.24244620170823283,0.011937766417144363,0.24249362836796873,5.964514789718286e-05,0.24244620170823283,1.0001956172519995,mechanism ambiguity,40000,2026091603
0.28942661247167517,0.011937766417144363,0.28947403913141107,5.964514789718286e-05,0.28942661247167517,1.0001638641980117,mechanism ambiguity,40000,2026091603
0.345510729459222,0.011937766417144363,0.3455581561189579,5.964514789718285e-05,0.345510729459222,1.000137265374682,mechanism ambiguity,40000,2026091603
0.41246263829013524,0.011937766417144363,0.412510064949871,5.964514789718286e-05,0.41246263829013524,1.0001149841351265,mechanism ambiguity,40000,2026091603
0.49238826317067413,0.011937766417144363,0.49243568983041003,5.964514789718286e-05,0.49238826317067413,1.0000963196389583,mechanism ambiguity,40000,2026091603
0.5878016072274915,0.011937766417144363,0.5878490338872274,5.964514789718286e-05,0.5878016072274915,1.0000806848078547,mechanism ambiguity,40000,2026091603
0.701703828670383,0.011937766417144363,0.7017512553301187,5.964514789718286e-05,0.701703828670383,1.000067587859433,mechanism ambiguity,40000,2026091603
0.837677640068292,0.011937766417144363,0.8377250667280279,5.964514789718286e-05,0.837677640068292,1.0000566168385872,mechanism ambiguity,40000,2026091603
1.0,0.011937766417144363,1.000047426659736,5.964514789718286e-05,1.0,1.000047426659736,mechanism ambiguity,40000,2026091603
0.01,0.014251026703029978,0.014105713133867267,5.122415262673031e-05,0.014251026703029978,0.9898032912160767,sampling noise,40000,2026091603
0.011937766417144363,0.014251026703029978,0.01519567896777965,5.379335309181792e-05,0.014251026703029978,1.0662866110936993,sampling noise,40000,2026091603
0.014251026703029978,0.014251026703029978,0.016688334936996542,5.67892804856314e-05,0.014251026703029978,1.1710268519424187,mechanism ambiguity,40000,2026091603
0.017012542798525893,0.014251026703029978,0.018692716717643894,6.015224436372257e-05,0.017012542798525893,1.0987608930079273,mechanism ambiguity,40000,2026091603
0.020309176209047358,0.014251026703029978,0.02136039561670062,6.350050929477817e-05,0.020309176209047358,1.0517608098345694,mechanism ambiguity,40000,2026091603
0.024244620170823284,0.014251026703029978,0.02483097770879898,6.647680323505508e-05,0.024244620170823284,1.0241850577094762,mechanism ambiguity,40000,2026091603
0.028942661247167517,0.014251026703029978,0.02923083425204706,6.87951162053584e-05,0.028942661247167517,1.0099566865126388,mechanism ambiguity,40000,2026091603
0.0345510729459222,0.014251026703029978,0.03468528917609873,7.025264617464423e-05,0.0345510729459222,1.0038845748838712,mechanism ambiguity,40000,2026091603
0.04124626382901352,0.014251026703029978,0.041320768510882365,7.094304112865371e-05,0.04124626382901352,1.001806337712858,mechanism ambiguity,40000,2026091603
0.04923882631706739,0.014251026703029978,0.04929779591264204,7.116224903163308e-05,0.04923882631706739,1.0011976239075018,mechanism ambiguity,40000,2026091603
0.05878016072274912,0.014251026703029978,0.05883677756133634,7.120298435125983e-05,0.05878016072274912,1.0009631963895822,mechanism ambiguity,40000,2026091603
0.07017038286703829,0.014251026703029978,0.07022699970562551,7.120298435125983e-05,0.07017038286703829,1.0008068480785477,mechanism ambiguity,40000,2026091603
0.0837677640068292,0.014251026703029978,0.08382438084541642,7.120298435125983e-05,0.0837677640068292,1.0006758785943315,mechanism ambiguity,40000,2026091603
0.1,0.014251026703029978,0.10005661683858723,7.120298435125983e-05,0.1,1.0005661683858722,mechanism ambiguity,40000,2026091603
0.1193776641714437,0.014251026703029978,0.11943428101003092,7.120298435125983e-05,0.1193776641714437,1.0004742665973587,mechanism ambiguity,40000,2026091603
0.14251026703029984,0.014251026703029978,0.14256688386888708,7.120298435125983e-05,0.14251026703029984,1.0003972825240388,mechanism ambiguity,40000,2026091603
0.17012542798525893,0.014251026703029978,0.17018204482384613,7.120298435125983e-05,0.17012542798525893,1.000332794687177,mechanism ambiguity,40000,2026091603
0.20309176209047358,0.014251026703029978,0.2031483789290608,7.120298435125983e-05,0.20309176209047358,1.0002787746681816,mechanism ambiguity,40000,2026091603
0.24244620170823283,0.014251026703029978,0.24250281854682007,7.120298435125983e-05,0.24244620170823283,1.0002335233061534,mechanism ambiguity,40000,2026091603
0.28942661247167517,0.014251026703029978,0.2894832293102624,7.120298435125983e-05,0.28942661247167517,1.0001956172519995,mechanism ambiguity,40000,2026091603
0.345510729459222,0.014251026703029978,0.3455673462978092,7.120298435125983e-05,0.345510729459222,1.0001638641980115,mechanism ambiguity,40000,2026091603
0.41246263829013524,0.014251026703029978,0.4125192551287224,7.120298435125983e-05,0.41246263829013524,1.0001372653746818,mechanism ambiguity,40000,2026091603
0.49238826317067413,0.014251026703029978,0.4924448800092613,7.120298435125983e-05,0.49238826317067413,1.0001149841351267,mechanism ambiguity,40000,2026091603
0.5878016072274915,0.014251026703029978,0.5878582240660788,7.120298435125983e-05,0.5878016072274915,1.0000963196389583,mechanism ambiguity,40000,2026091603
0.701703828670383,0.014251026703029978,0.7017604455089701,7.120298435125983e-05,0.701703828670383,1.0000806848078547,mechanism ambiguity,40000,2026091603
0.837677640068292,0.014251026703029978,0.8377342569068793,7.120298435125983e-05,0.837677640068292,1.0000675878594332,mechanism ambiguity,40000,2026091603
1.0,0.014251026703029978,1.0000566168385872,7.120298435125983e-05,1.0,1.0000566168385872,mechanism ambiguity,40000,2026091603
0.01,0.017012542798525893,0.015893332890199872,5.8685100043464715e-05,0.017012542798525893,0.9342126617061032,sampling noise,40000,2026091603
0.011937766417144363,0.017012542798525893,0.01683907085393529,6.115019689740585e-05,0.017012542798525893,0.9898032912160766,sampling noise,40000,2026091603
0.014251026703029978,0.017012542798525893,0.018140246606726692,6.421724840050932e-05,0.017012542798525893,1.0662866110936993,sampling noise,40000,2026091603
0.017012542798525893,0.017012542798525893,0.019922144436893444,6.779371654351627e-05,0.017012542798525893,1.1710268519424187,mechanism ambiguity,40000,2026091603
0.020309176209047358,0.017012542798525893,0.022314928587708227,7.18083442681109e-05,0.020309176209047358,1.0987608930079273,mechanism ambiguity,40000,2026091603
0.024244620170823284,0.017012542798525893,0.025499541344996636,7.580542473307667e-05,0.024244620170823284,1.0517608098345694,mechanism ambiguity,40000,2026091603
0.028942661247167517,0.017012542798525893,0.029642641179696085,7.935845491785548e-05,0.028942661247167517,1.0241850577094762,mechanism ambiguity,40000,2026091603
0.0345510729459222,0.017012542798525893,0.03489508714792006,8.212600278998719e-05,0.0345510729459222,1.0099566865126388,mechanism ambiguity,40000,2026091603
0.04124626382901352,0.017012542798525893,0.04140648802953723,8.386596802191939e-05,0.04124626382901352,1.0038845748838712,mechanism ambiguity,40000,2026091603
0.04923882631706739,0.017012542798525893,0.04932776826598078,8.46901453915734e-05,0.04923882631706739,1.001806337712858,mechanism ambiguity,40000,2026091603
0.05878016072274912,0.017012542798525893,0.058850557248517475,8.495183066582938e-05,0.05878016072274912,1.0011976239075016,mechanism ambiguity,40000,2026091603
0.07017038286703829,0.017012542798525893,0.07023797072647142,8.500045953889257e-05,0.07017038286703829,1.0009631963895822,mechanism ambiguity,40000,2026091603
0.0837677640068292,0.017012542798525893,0.08383535186626234,8.500045953889257e-05,0.0837677640068292,1.0008068480785477,mechanism ambiguity,40000,2026091603
0.1,0.017012542798525893,0.10006758785943315,8.500045953889257e-05,0.1,1.0006758785943315,mechanism ambiguity,40000,2026091603
0.1193776641714437,0.017012542798525893,0.11944525203087683,8.500045953889258e-05,0.1193776641714437,1.0005661683858722,mechanism ambiguity,40000,2026091603
0.14251026703029984,0.017012542798525893,0.14257785488973299,8.500045953889257e-05,0.14251026703029984,1.0004742665973587,mechanism ambiguity,40000,2026091603
0.17012542798525893,0.017012542798525893,0.17019301584469207,8.500045953889257e-05,0.17012542798525893,1.0003972825240386,mechanism ambiguity,40000,2026091603
0.20309176209047358,0.017012542798525893,0.2031593499499067,8.500045953889257e-05,0.20309176209047358,1.000332794687177,mechanism ambiguity,40000,2026091603
0.24244620170823283,0.017012542798525893,0.24251378956766592,8.500045953889257e-05,0.24244620170823283,1.0002787746681816,mechanism ambiguity,40000,2026091603
0.28942661247167517,0.017012542798525893,0.2894942003311083,8.500045953889257e-05,0.28942661247167517,1.0002335233061532,mechanism ambiguity,40000,2026091603
0.345510729459222,0.017012542798525893,0.3455783173186552,8.500045953889258e-05,0.345510729459222,1.0001956172519995,mechanism ambiguity,40000,2026091603
0.41246263829013524,0.017012542798525893,0.41253022614956847,8.500045953889257e-05,0.41246263829013524,1.0001638641980117,mechanism ambiguity,40000,2026091603
0.49238826317067413,0.017012542798525893,0.49245585103010725,8.500045953889257e-05,0.49238826317067413,1.0001372653746818,mechanism ambiguity,40000,2026091603
0.5878016072274915,0.017012542798525893,0.5878691950869246,8.500045953889258e-05,0.5878016072274915,1.0001149841351267,mechanism ambiguity,40000,2026091603
0.701703828670383,0.017012542798525893,0.7017714165298161,8.500045953889258e-05,0.701703828670383,1.0000963196389583,mechanism ambiguity,40000,2026091603
0.837677640068292,0.017012542798525893,0.8377452279277251,8.500045953889258e-05,0.837677640068292,1.0000806848078547,mechanism ambiguity,40000,2026091603
1.0,0.017012542798525893,1.0000675878594332,8.500045953889257e-05,1.0,1.0000675878594332,mechanism ambiguity,40000,2026091603
0.01,0.020309176209047358,0.01815870046629883,6.777448366741136e-05,0.020309176209047358,0.8941130984037388,sampling noise,40000,2026091603
0.011937766417144363,0.020309176209047358,0.0189730895633124,7.0056901648563e-05,0.020309176209047358,0.9342126617061032,sampling noise,40000,2026091603
0.014251026703029978,0.020309176209047358,0.020102089453602315,7.299967669236172e-05,0.020309176209047358,0.9898032912160766,sampling noise,40000,2026091603
0.017012542798525893,0.020309176209047358,0.02165540267404989,7.666105113570178e-05,0.020309176209047358,1.0662866110936993,sampling noise,40000,2026091603
0.020309176209047358,0.020309176209047358,0.023782590681624596,8.093055526465927e-05,0.020309176209047358,1.171026851942419,mechanism ambiguity,40000,2026091603
0.024244620170823284,0.020309176209047358,0.026639040509531798,8.572312406745952e-05,0.024244620170823284,1.0987608930079273,mechanism ambiguity,40000,2026091603
0.028942661247167517,0.020309176209047358,0.030440756832088516,9.049474536158874e-05,0.028942661247167517,1.0517608098345694,mechanism ambiguity,40000,2026091603
0.0345510729459222,0.020309176209047358,0.03538669263904364,9.473626980348398e-05,0.0345510729459222,1.024185057709476,mechanism ambiguity,40000,2026091603
0.04124626382901352,0.020309176209047358,0.041656939947776604,9.804010380806131e-05,0.04124626382901352,1.0099566865126388,mechanism ambiguity,40000,2026091603
0.04923882631706739,0.020309176209047358,0.049430098225089966,0.0001001172336593372,0.04923882631706739,1.0038845748838712,mechanism ambiguity,40000,2026091603
0.05878016072274912,0.020309176209047358,0.05888633754383047,0.00010110111735185984,0.05878016072274912,1.0018063377128579,mechanism ambiguity,40000,2026091603
0.07017038286703829,0.020309176209047358,0.07025442059515839,0.00010141351111974726,0.07017038286703829,1.0011976239075016,mechanism ambiguity,40000,2026091603
0.0837677640068292,0.020309176209047358,0.08384844881468395,0.000101471563132523,0.0837677640068292,1.0009631963895822,mechanism ambiguity,40000,2026091603
0.1,0.020309176209047358,0.10008068480785477,0.000101471563132523,0.1,1.0008068480785477,mechanism ambiguity,40000,2026091603
0.1193776641714437,0.020309176209047358,0.11945834897929847,0.000101471563132523,0.1193776641714437,1.0006758785943315,mechanism ambiguity,40000,2026091603
0.14251026703029984,0.020309176209047358,0.1425909518381546,0.000101471563132523,0.14251026703029984,1.0005661683858722,mechanism ambiguity,40000,2026091603
0.17012542798525893,0.020309176209047358,0.17020611279311368,0.00010147156313252301,0.17012542798525893,1.0004742665973587,mechanism ambiguity,40000,2026091603
0.20309176209047358,0.020309176209047358,0.20317244689832833,0.00010147156313252301,0.20309176209047358,1.0003972825240386,mechanism ambiguity,40000,2026091603
0.24244620170823283,0.020309176209047358,0.2425268865160876,0.000101471563132523,0.24244620170823283,1.000332794687177,mechanism ambiguity,40000,2026091603
0.28942661247167517,0.020309176209047358,0.28950729727952995,0.00010147156313252301,0.28942661247167517,1.0002787746681818,mechanism ambiguity,40000,2026091603
0.345510729459222,0.020309176209047358,0.34559141426707674,0.000101471563132523,0.345510729459222,1.0002335233061532,mechanism ambiguity,40000,2026091603
0.41246263829013524,0.020309176209047358,0.4125433230979901,0.000101471563132523,0.41246263829013524,1.0001956172519997,mechanism ambiguity,40000,2026091603
0.49238826317067413,0.020309176209047358,0.4924689479785289,0.00010147156313252301,0.49238826317067413,1.0001638641980115,mechanism ambiguity,40000,2026091603
0.5878016072274915,0.020309176209047358,0.5878822920353463,0.00010147156313252301,0.5878016072274915,1.0001372653746818,mechanism ambiguity,40000,2026091603
0.701703828670383,0.020309176209047358,0.7017845134782378,0.00010147156313252301,0.701703828670383,1.000114984135127,mechanism ambiguity,40000,2026091603
0.837677640068292,0.020309176209047358,0.8377583248761468,0.00010147156313252301,0.837677640068292,1.0000963196389583,mechanism ambiguity,40000,2026091603
1.0,0.020309176209047358,1.0000806848078547,0.00010147156313252301,1.0,1.0000806848078547,mechanism ambiguity,40000,2026091603
0.01,0.024244620170823284,0.020981572385863085,7.88419894140432e-05,0.024244620170823284,0.8654114701748534,sampling noise,40000,2026091603
0.011937766417144363,0.024244620170823284,0.02167743246055659,8.090759550641225e-05,0.024244620170823284,0.8941130984037388,sampling noise,40000,2026091603
0.014251026703029978,0.024244620170823284,0.022649631141838298,8.363229277894013e-05,0.024244620170823284,0.9342126617061032,sampling noise,40000,2026091603
0.017012542798525893,0.024244620170823284,0.023997404839364567,8.714530888804719e-05,0.024244620170823284,0.9898032912160768,sampling noise,40000,2026091603
0.020309176209047358,0.024244620170823284,0.0258517138792011,9.151617217507676e-05,0.024244620170823284,1.066286611093699,sampling noise,40000,2026091603
0.024244620170823284,0.024244620170823284,0.02839110123517886,9.661300647592954e-05,0.024244620170823284,1.171026851942419,mechanism ambiguity,40000,2026091603
0.028942661247167517,0.024244620170823284,0.03180106431796371,0.00010233426316652179,0.028942661247167517,1.0987608930079271,mechanism ambiguity,40000,2026091603
0.0345510729459222,0.024244620170823284,0.03633946446225641,0.00010803051321056047,0.0345510729459222,1.0517608098345694,mechanism ambiguity,40000,2026091603
0.04124626382901352,0.024244620170823284,0.042243807100018495,0.0001130939460145559,0.04124626382901352,1.0241850577094762,mechanism ambiguity,40000,2026091603
0.04923882631706739,0.024244620170823284,0.049729081874956706,0.00011703798587732219,0.04923882631706739,1.0099566865126388,mechanism ambiguity,40000,2026091603
0.05878016072274912,0.024244620170823284,0.05900849665876262,0.00011951761497558314,0.05878016072274912,1.0038845748838712,mechanism ambiguity,40000,2026091603
0.07017038286703829,0.024244620170823284,0.07029713427593672,0.00012069215234588039,0.07017038286703829,1.001806337712858,mechanism ambiguity,40000,2026091603
0.0837677640068292,0.024244620170823284,0.08386808628368174,0.00012106508072900155,0.0837677640068292,1.0011976239075018,mechanism ambiguity,40000,2026091603
0.1,0.024244620170823284,0.10009631963895825,0.00012113438186585774,0.1,1.0009631963895824,mechanism ambiguity,40000,2026091603
0.1193776641714437,0.024244620170823284,0.11947398381040193,0.00012113438186585774,0.1193776641714437,1.0008068480785477,mechanism ambiguity,40000,2026091603
0.14251026703029984,0.024244620170823284,0.14260658666925807,0.00012113438186585774,0.14251026703029984,1.0006758785943315,mechanism ambiguity,40000,2026091603
0.17012542798525893,0.024244620170823284,0.17022174762421716,0.00012113438186585774,0.17012542798525893,1.0005661683858722,mechanism ambiguity,40000,2026091603
0.20309176209047358,0.024244620170823284,0.2031880817294318,0.00012113438186585774,0.20309176209047358,1.0004742665973587,mechanism ambiguity,40000,2026091603
0.24244620170823283,0.024244620170823284,0.24254252134719104,0.00012113438186585774,0.24244620170823283,1.0003972825240386,mechanism ambiguity,40000,2026091603
0.28942661247167517,0.024244620170823284,0.2895229321106334,0.00012113438186585774,0.28942661247167517,1.0003327946871772,mechanism ambiguity,40000,2026091603
0.345510729459222,0.024244620170823284,0.34560704909818024,0.00012113438186585774,0.345510729459222,1.0002787746681818,mechanism ambiguity,40000,2026091603
0.41246263829013524,0.024244620170823284,0.41255895792909353,0.00012113438186585774,0.41246263829013524,1.0002335233061534,mechanism ambiguity,40000,2026091603
0.49238826317067413,0.024244620170823284,0.4924845828096323,0.00012113438186585774,0.49238826317067413,1.0001956172519992,mechanism ambiguity,40000,2026091603
0.5878016072274915,0.024244620170823284,0.5878979268664498,0.00012113438186585774,0.5878016072274915,1.0001638641980117,mechanism ambiguity,40000,2026091603
0.701703828670383,0.024244620170823284,0.7018001483093412,0.00012113438186585774,0.701703828670383,1.000137265374682,mechanism ambiguity,40000,2026091603
0.837677640068292,0.024244620170823284,0.8377739597072501,0.00012113438186585774,0.837677640068292,1.0001149841351265,mechanism ambiguity,40000,2026091603
1.0,0.024244620170823284,1.000096319638958,0.00012113438186585774,1.0,1.000096319638958,mechanism ambiguity,40000,2026091603
0.01,0.028942661247167517,0.024454364867637007,9.229524694493558e-05,0.028942661247167517,0.8449245443879229,sampling noise,40000,2026091603
0.011937766417144363,0.028942661247167517,0.025047311020683992,9.411972534878163e-05,0.028942661247167517,0.8654114701748532,sampling noise,40000,2026091603
0.014251026703029978,0.028942661247167517,0.02587801252375476,9.658559765283488e-05,0.028942661247167517,0.8941130984037385,sampling noise,40000,2026091603
0.017012542798525893,0.028942661247167517,0.027038600600574454,9.983827761252168e-05,0.028942661247167517,0.9342126617061033,sampling noise,40000,2026091603
0.020309176209047358,0.028942661247167517,0.028647541358998406,0.0001040320341855402,0.028942661247167517,0.9898032912160767,sampling noise,40000,2026091603
0.024244620170823284,0.028942661247167517,0.030861172177275183,0.0001092498686817233,0.028942661247167517,1.066286611093699,sampling noise,40000,2026091603
0.028942661247167517,0.028942661247167517,0.033892633487106416,0.00011533435041677031,0.028942661247167517,1.1710268519424187,mechanism ambiguity,40000,2026091603
0.0345510729459222,0.028942661247167517,0.03796336776444351,0.00012216425301525178,0.0345510729459222,1.0987608930079273,mechanism ambiguity,40000,2026091603
0.04124626382901352,0.028942661247167517,0.04338120384745357,0.00012896430326318997,0.04124626382901352,1.0517608098345694,mechanism ambiguity,40000,2026091603
0.04923882631706739,0.028942661247167517,0.05042967017309254,0.00013500891107149035,0.04923882631706739,1.0241850577094762,mechanism ambiguity,40000,2026091603
0.05878016072274912,0.028942661247167517,0.05936541635622807,0.00013971721373365133,0.05878016072274912,1.009956686512639,mechanism ambiguity,40000,2026091603
0.07017038286703829,0.028942661247167517,0.07044296497391521,0.00014267733703127075,0.07017038286703829,1.0038845748838712,mechanism ambiguity,40000,2026091603
0.0837677640068292,0.028942661247167517,0.08391907687807652,0.00014407947230875228,0.0837677640068292,1.001806337712858,mechanism ambiguity,40000,2026091603
0.1,0.028942661247167517,0.10011976239075018,0.00014452466550155465,0.1,1.0011976239075018,mechanism ambiguity,40000,2026091603
0.1193776641714437,0.028942661247167517,0.11949264830657041,0.0001446073955799778,0.1193776641714437,1.0009631963895824,mechanism ambiguity,40000,2026091603
0.14251026703029984,0.028942661247167517,0.14262525116542657,0.0001446073955799778,0.14251026703029984,1.0008068480785477,mechanism ambiguity,40000,2026091603
0.17012542798525893,0.028942661247167517,0.17024041212038565,0.0001446073955799778,0.17012542798525893,1.0006758785943315,mechanism ambiguity,40000,2026091603
0.20309176209047358,0.028942661247167517,0.20320674622560028,0.0001446073955799778,0.20309176209047358,1.0005661683858722,mechanism ambiguity,40000,2026091603
0.24244620170823283,0.028942661247167517,0.24256118584335953,0.0001446073955799778,0.24244620170823283,1.0004742665973587,mechanism ambiguity,40000,2026091603
0.28942661247167517,0.028942661247167517,0.2895415966068019,0.0001446073955799778,0.28942661247167517,1.0003972825240388,mechanism ambiguity,40000,2026091603
0.345510729459222,0.028942661247167517,0.3456257135943487,0.0001446073955799778,0.345510729459222,1.000332794687177,mechanism ambiguity,40000,2026091603
0.41246263829013524,0.028942661247167517,0.41257762242526197,0.0001446073955799778,0.41246263829013524,1.0002787746681818,mechanism ambiguity,40000,2026091603
0.49238826317067413,0.028942661247167517,0.49250324730580086,0.0001446073955799778,0.49238826317067413,1.0002335233061534,mechanism ambiguity,40000,2026091603
0.5878016072274915,0.028942661247167517,0.5879165913626182,0.0001446073955799778,0.5878016072274915,1.0001956172519995,mechanism ambiguity,40000,2026091603
0.701703828670383,0.028942661247167517,0.7018188128055097,0.0001446073955799778,0.701703828670383,1.0001638641980117,mechanism ambiguity,40000,2026091603
0.837677640068292,0.028942661247167517,0.8377926242034187,0.0001446073955799778,0.837677640068292,1.000137265374682,mechanism ambiguity,40000,2026091603
1.0,0.028942661247167517,1.0001149841351267,0.0001446073955799778,1.0,1.0001149841351267,mechanism ambiguity,40000,2026091603
0.01,0.0345510729459222,0.028693298288640433,0.00010856687826022391,0.0345510729459222,0.8304604124320512,sampling noise,40000,2026091603
0.011937766417144363,0.0345510729459222,0.029193049566947207,0.00011017990994412977,0.0345510729459222,0.8449245443879231,sampling noise,40000,2026091603
0.014251026703029978,0.0345510729459222,0.02990089483424913,0.00011235792964595366,0.0345510729459222,0.8654114701748533,sampling noise,40000,2026091603
0.017012542798525893,0.0345510729459222,0.03089256688485209,0.00011530163040398298,0.0345510729459222,0.8941130984037388,sampling noise,40000,2026091603
0.020309176209047358,0.0345510729459222,0.032278049821611705,0.00011918460376282975,0.0345510729459222,0.9342126617061032,sampling noise,40000,2026091603
0.024244620170823284,0.0345510729459222,0.03419876571692053,0.00012419101240073563,0.0345510729459222,0.9898032912160765,sampling noise,40000,2026091603
0.028942661247167517,0.0345510729459222,0.036841346481158575,0.00013041994134261085,0.0345510729459222,1.0662866110936993,sampling noise,40000,2026091603
0.0345510729459222,0.0345510729459222,0.04046023418309615,0.0001376834535148481,0.0345510729459222,1.171026851942419,mechanism ambiguity,40000,2026091603
0.04124626382901352,0.0345510729459222,0.04531978167800747,0.00014583683170209995,0.04124626382901352,1.0987608930079273,mechanism ambiguity,40000,2026091603
0.04923882631706739,0.0345510729459222,0.05178746784254251,0.00015395457285057306,0.04923882631706739,1.0517608098345694,mechanism ambiguity,40000,2026091603
0.05878016072274912,0.0345510729459222,0.0602017623020011,0.00016117048446044672,0.05878016072274912,1.0241850577094762,mechanism ambiguity,40000,2026091603
0.07017038286703829,0.0345510729459222,0.07086904737171724,0.00016679114620065644,0.07017038286703829,1.009956686512639,mechanism ambiguity,40000,2026091603
0.0837677640068292,0.0345510729459222,0.08409316615896818,0.00017032487224994915,0.0837677640068292,1.0038845748838712,mechanism ambiguity,40000,2026091603
0.1,0.0345510729459222,0.1001806337712858,0.00017199870859273042,0.1,1.0018063377128579,mechanism ambiguity,40000,2026091603
0.1193776641714437,0.0345510729459222,0.11952063371607714,0.00017253016982734818,0.1193776641714437,1.0011976239075018,mechanism ambiguity,40000,2026091603
0.14251026703029984,0.0345510729459222,0.14264753240498185,0.00017262893106253694,0.14251026703029984,1.0009631963895824,mechanism ambiguity,40000,2026091603
0.17012542798525893,0.0345510729459222,0.17026269335994093,0.00017262893106253694,0.17012542798525893,1.0008068480785477,mechanism ambiguity,40000,2026091603
0.20309176209047358,0.0345510729459222,0.2032290274651556,0.00017262893106253694,0.20309176209047358,1.0006758785943315,mechanism ambiguity,40000,2026091603
0.24244620170823283,0.0345510729459222,0.24258346708291484,0.00017262893106253694,0.24244620170823283,1.0005661683858722,mechanism ambiguity,40000,2026091603
0.28942661247167517,0.0345510729459222,0.2895638778463572,0.00017262893106253694,0.28942661247167517,1.0004742665973587,mechanism ambiguity,40000,2026091603
0.345510729459222,0.0345510729459222,0.345647994833904,0.00017262893106253694,0.345510729459222,1.0003972825240386,mechanism ambiguity,40000,2026091603
0.41246263829013524,0.0345510729459222,0.41259990366481725,0.00017262893106253694,0.41246263829013524,1.0003327946871772,mechanism ambiguity,40000,2026091603
0.49238826317067413,0.0345510729459222,0.49252552854535614,0.00017262893106253694,0.49238826317067413,1.0002787746681818,mechanism ambiguity,40000,2026091603
0.5878016072274915,0.0345510729459222,0.5879388726021735,0.00017262893106253694,0.5878016072274915,1.0002335233061532,mechanism ambiguity,40000,2026091603
0.701703828670383,0.0345510729459222,0.701841094045065,0.00017262893106253694,0.701703828670383,1.0001956172519995,mechanism ambiguity,40000,2026091603
0.837677640068292,0.0345510729459222,0.8378149054429741,0.00017262893106253694,0.837677640068292,1.0001638641980117,mechanism ambiguity,40000,2026091603
1.0,0.0345510729459222,1.000137265374682,0.00017262893106253694,1.0,1.000137265374682,mechanism ambiguity,40000,2026091603
0.01,0.04124626382901352,0.03383193704284989,0.00012820327133681073,0.04124626382901352,0.8202424632471018,sampling noise,40000,2026091603
0.011937766417144363,0.04124626382901352,0.034253389270723765,0.00012960460333091018,0.04124626382901352,0.8304604124320512,sampling noise,40000,2026091603
0.014251026703029978,0.04124626382901352,0.03484998067343332,0.00013153020287750232,0.04124626382901352,0.844924544387923,sampling noise,40000,2026091603
0.017012542798525893,0.04124626382901352,0.03569498981948647,0.00013413027192273348,0.04124626382901352,0.8654114701748533,sampling noise,40000,2026091603
0.020309176209047358,0.04124626382901352,0.03687882474973734,0.00013764439312786595,0.04124626382901352,0.8941130984037388,sampling noise,40000,2026091603
0.024244620170823284,0.04124626382901352,0.03853278191713489,0.00014227979602405666,0.04124626382901352,0.9342126617061032,sampling noise,40000,2026091603
0.028942661247167517,0.04124626382901352,0.0408256876883242,0.00014825632971486613,0.04124626382901352,0.9898032912160767,sampling noise,40000,2026091603
0.0345510729459222,0.04124626382901352,0.043980338878515456,0.00015569227958857573,0.04124626382901352,1.0662866110936993,sampling noise,40000,2026091603
0.04124626382901352,0.04124626382901352,0.048300482486076164,0.00016436329075660106,0.04124626382901352,1.1710268519424187,mechanism ambiguity,40000,2026091603
0.04923882631706739,0.04124626382901352,0.0541016967748032,0.00017409660318760636,0.04923882631706739,1.0987608930079273,mechanism ambiguity,40000,2026091603
0.05878016072274912,0.04124626382901352,0.061822669443964764,0.00018378737295413766,0.05878016072274912,1.0517608098345694,mechanism ambiguity,40000,2026091603
0.07017038286703829,0.04124626382901352,0.07186745762617365,0.0001924015596826809,0.07017038286703829,1.0241850577094762,mechanism ambiguity,40000,2026091603
0.0837677640068292,0.04124626382901352,0.08460181337290991,0.00019911137437912126,0.0837677640068292,1.0099566865126388,mechanism ambiguity,40000,2026091603
0.1,0.04124626382901352,0.10038845748838712,0.0002033298539949847,0.1,1.0038845748838712,mechanism ambiguity,40000,2026091603
0.1193776641714437,0.04124626382901352,0.11959330054830948,0.00020532804072304973,0.1193776641714437,1.001806337712858,mechanism ambiguity,40000,2026091603
0.14251026703029984,0.04124626382901352,0.14268094073315976,0.0002059624867309131,0.14251026703029984,1.0011976239075016,mechanism ambiguity,40000,2026091603
0.17012542798525893,0.04124626382901352,0.1702892921832705,0.0002060803855865883,0.17012542798525893,1.0009631963895824,mechanism ambiguity,40000,2026091603
0.20309176209047358,0.04124626382901352,0.20325562628848515,0.0002060803855865883,0.20309176209047358,1.0008068480785477,mechanism ambiguity,40000,2026091603
0.24244620170823283,0.04124626382901352,0.24261006590624437,0.0002060803855865883,0.24244620170823283,1.0006758785943313,mechanism ambiguity,40000,2026091603
0.28942661247167517,0.04124626382901352,0.28959047666968674,0.0002060803855865883,0.28942661247167517,1.0005661683858722,mechanism ambiguity,40000,2026091603
0.345510729459222,0.04124626382901352,0.3456745936572335,0.00020608038558658833,0.345510729459222,1.0004742665973585,mechanism ambiguity,40000,2026091603
0.41246263829013524,0.04124626382901352,0.4126265024881468,0.00020608038558658833,0.41246263829013524,1.0003972825240386,mechanism ambiguity,40000,2026091603
0.49238826317067413,0.04124626382901352,0.4925521273686856,0.00020608038558658833,0.49238826317067413,1.000332794687177,mechanism ambiguity,40000,2026091603
0.5878016072274915,0.04124626382901352,0.587965471425503,0.0002060803855865883,0.5878016072274915,1.0002787746681816,mechanism ambiguity,40000,2026091603
0.701703828670383,0.04124626382901352,0.7018676928683946,0.0002060803855865883,0.701703828670383,1.0002335233061534,mechanism ambiguity,40000,2026091603
0.837677640068292,0.04124626382901352,0.8378415042663037,0.0002060803855865883,0.837677640068292,1.0001956172519995,mechanism ambiguity,40000,2026091603
1.0,0.04124626382901352,1.0001638641980117,0.00020608038558658833,1.0,1.0001638641980117,mechanism ambiguity,40000,2026091603
0.01,0.04923882631706739,0.04003070360765635,0.00015185276358879748,0.04923882631706739,0.8129906133400405,sampling noise,40000,2026091603
0.011937766417144363,0.04923882631706739,0.04038777618570759,0.00015304607071326258,0.04923882631706739,0.8202424632471019,sampling noise,40000,2026091603
0.014251026703029978,0.04923882631706739,0.04089089601094192,0.0001547189481151056,0.04923882631706739,0.830460412432051,sampling noise,40000,2026091603
0.017012542798525893,0.04923882631706739,0.04160309289214424,0.00015701768387512322,0.04923882631706739,0.8449245443879231,sampling noise,40000,2026091603
0.020309176209047358,0.04923882631706739,0.042611845072737554,0.00016012158556816491,0.04923882631706739,0.8654114701748534,sampling noise,40000,2026091603
0.024244620170823284,0.04923882631706739,0.044025079560116684,0.00016431666137900545,0.04923882631706739,0.8941130984037389,sampling noise,40000,2026091603
0.028942661247167517,0.04923882631706739,0.045999534992952056,0.0001698502970814134,0.04923882631706739,0.9342126617061033,sampling noise,40000,2026091603
0.0345510729459222,0.04923882631706739,0.04873675234425008,0.0001769849433999211,0.04923882631706739,0.9898032912160768,sampling noise,40000,2026091603
0.04124626382901352,0.04923882631706739,0.052502701247857046,0.00018586180666811507,0.04923882631706739,1.0662866110936993,sampling noise,40000,2026091603
0.04923882631706739,0.04923882631706739,0.05765998777541496,0.00019621305726054867,0.04923882631706739,1.171026851942419,mechanism ambiguity,40000,2026091603
0.05878016072274912,0.04923882631706739,0.06458534188687733,0.00020783245828719153,0.05878016072274912,1.0987608930079273,mechanism ambiguity,40000,2026091603
0.07017038286703829,0.04923882631706739,0.07380245871063798,0.00021940107287470912,0.07017038286703829,1.0517608098345692,mechanism ambiguity,40000,2026091603
0.0837677640068292,0.04923882631706739,0.08579369221352816,0.0002296844877786105,0.0837677640068292,1.0241850577094764,mechanism ambiguity,40000,2026091603
0.1,0.04923882631706739,0.10099566865126389,0.0002376945078334532,0.1,1.0099566865126388,mechanism ambiguity,40000,2026091603
0.1193776641714437,0.04923882631706739,0.11984139564737929,0.00024273043026241955,0.1193776641714437,1.0038845748838712,mechanism ambiguity,40000,2026091603
0.14251026703029984,0.04923882631706739,0.14276768870010612,0.00024511581890416736,0.14251026703029984,1.0018063377128579,mechanism ambiguity,40000,2026091603
0.17012542798525893,0.04923882631706739,0.17032917426508803,0.0002458732057287836,0.17012542798525893,1.0011976239075018,mechanism ambiguity,40000,2026091603
0.20309176209047358,0.04923882631706739,0.20328737934247307,0.00024601395062877357,0.20309176209047358,1.0009631963895824,mechanism ambiguity,40000,2026091603
0.24244620170823283,0.04923882631706739,0.2426418189602323,0.00024601395062877357,0.24244620170823283,1.0008068480785477,mechanism ambiguity,40000,2026091603
0.28942661247167517,0.04923882631706739,0.28962222972367463,0.00024601395062877357,0.28942661247167517,1.0006758785943315,mechanism ambiguity,40000,2026091603
0.345510729459222,0.04923882631706739,0.34570634671122147,0.00024601395062877357,0.345510729459222,1.0005661683858722,mechanism ambiguity,40000,2026091603
0.41246263829013524,0.04923882631706739,0.4126582555421347,0.00024601395062877357,0.41246263829013524,1.0004742665973587,mechanism ambiguity,40000,2026091603
0.49238826317067413,0.04923882631706739,0.49258388042267354,0.00024601395062877357,0.49238826317067413,1.0003972825240386,mechanism ambiguity,40000,2026091603
0.5878016072274915,0.04923882631706739,0.587997224479491,0.00024601395062877357,0.5878016072274915,1.0003327946871772,mechanism ambiguity,40000,2026091603
0.701703828670383,0.04923882631706739,0.7018994459223823,0.00024601395062877357,0.701703828670383,1.0002787746681816,mechanism ambiguity,40000,2026091603
0.837677640068292,0.04923882631706739,0.8378732573202915,0.00024601395062877357,0.837677640068292,1.0002335233061532,mechanism ambiguity,40000,2026091603
1.0,0.04923882631706739,1.0001956172519995,0.00024601395062877357,1.0,1.0001956172519995,mechanism ambiguity,40000,2026091603
0.01,0.05878016072274912,0.0474850117374859,0.00018027040135784437,0.05878016072274912,0.8078407944724831,sampling noise,40000,2026091603
0.011937766417144363,0.05878016072274912,0.04778771891821397,0.00018127828215209088,0.05878016072274912,0.8129906133400405,sampling noise,40000,2026091603
0.014251026703029978,0.05878016072274912,0.048213983821288296,0.00018270282432366876,0.05878016072274912,0.820242463247102,sampling noise,40000,2026091603
0.017012542798525893,0.05878016072274912,0.04881459651663649,0.0001846998662904409,0.05878016072274912,0.8304604124320512,sampling noise,40000,2026091603
0.020309176209047358,0.05878016072274912,0.04966480051771768,0.0001874440433462236,0.05878016072274912,0.8449245443879229,sampling noise,40000,2026091603
0.024244620170823284,0.05878016072274912,0.0508690253081885,0.0001911494086855547,0.05878016072274912,0.8654114701748535,sampling noise,40000,2026091603
0.028942661247167517,0.05878016072274912,0.05255611162848697,0.00019615739219875738,0.05878016072274912,0.8941130984037389,sampling noise,40000,2026091603
0.0345510729459222,0.05878016072274912,0.054913170404312005,0.00020276331724404902,0.05878016072274912,0.9342126617061033,sampling noise,40000,2026091603
0.04124626382901352,0.05878016072274912,0.05818079654158704,0.00021128049136597742,0.05878016072274912,0.9898032912160767,sampling noise,40000,2026091603
0.04923882631706739,0.05878016072274912,0.06267649837660312,0.00022187748338724025,0.05878016072274912,1.066286611093699,sampling noise,40000,2026091603
0.05878016072274912,0.05878016072274912,0.06883314656783032,0.0002342345645570202,0.05878016072274912,1.171026851942419,mechanism ambiguity,40000,2026091603
0.07017038286703829,0.05878016072274912,0.07710047254169515,0.00024810553409333925,0.07017038286703829,1.0987608930079271,mechanism ambiguity,40000,2026091603
0.0837677640068292,0.05878016072274912,0.08810365130985376,0.0002619158759649146,0.0837677640068292,1.0517608098345692,mechanism ambiguity,40000,2026091603
0.1,0.05878016072274912,0.1024185057709476,0.0002741919764742501,0.1,1.024185057709476,mechanism ambiguity,40000,2026091603
0.1193776641714437,0.05878016072274912,0.12056627015020983,0.00028375415131538556,0.1193776641714437,1.0099566865126388,mechanism ambiguity,40000,2026091603
0.14251026703029984,0.05878016072274912,0.1430638588342995,0.0002897659178805714,0.14251026703029984,1.0038845748838712,mechanism ambiguity,40000,2026091603
0.17012542798525893,0.05878016072274912,0.17043273196174483,0.00029261353912250087,0.17012542798525893,1.001806337712858,mechanism ambiguity,40000,2026091603
0.20309176209047358,0.05878016072274912,0.20333498964016977,0.00029351768982247,0.20309176209047358,1.0011976239075016,mechanism ambiguity,40000,2026091603
0.24244620170823283,0.05878016072274912,0.24267972501438617,0.00029368570779651846,0.24244620170823283,1.0009631963895824,mechanism ambiguity,40000,2026091603
0.28942661247167517,0.05878016072274912,0.2896601357778285,0.00029368570779651846,0.28942661247167517,1.0008068480785477,mechanism ambiguity,40000,2026091603
0.345510729459222,0.05878016072274912,0.3457442527653753,0.00029368570779651846,0.345510729459222,1.0006758785943313,mechanism ambiguity,40000,2026091603
0.41246263829013524,0.05878016072274912,0.4126961615962886,0.00029368570779651846,0.41246263829013524,1.0005661683858722,mechanism ambiguity,40000,2026091603
0.49238826317067413,0.05878016072274912,0.4926217864768274,0.00029368570779651846,0.49238826317067413,1.0004742665973587,mechanism ambiguity,40000,2026091603
0.5878016072274915,0.05878016072274912,0.5880351305336449,0.00029368570779651846,0.5878016072274915,1.0003972825240386,mechanism ambiguity,40000,2026091603
0.701703828670383,0.05878016072274912,0.7019373519765363,0.00029368570779651846,0.701703828670383,1.0003327946871772,mechanism ambiguity,40000,2026091603
0.837677640068292,0.05878016072274912,0.8379111633744453,0.00029368570779651846,0.837677640068292,1.0002787746681816,mechanism ambiguity,40000,2026091603
1.0,0.05878016072274912,1.0002335233061534,0.00029368570779651846,1.0,1.0002335233061534,mechanism ambiguity,40000,2026091603
0.01,0.07017038286703829,0.056432915282604856,0.00021433503766016718,0.07017038286703829,0.8042269826222304,sampling noise,40000,2026091603
0.011937766417144363,0.07017038286703829,0.05668649784374652,0.00021520259433348112,0.07017038286703829,0.8078407944724829,sampling noise,40000,2026091603
0.014251026703029978,0.07017038286703829,0.05704786260537893,0.0002164057788832852,0.07017038286703829,0.8129906133400405,sampling noise,40000,2026091603
0.017012542798525893,0.07017038286703829,0.05755672768985173,0.00021810636405285202,0.07017038286703829,0.820242463247102,sampling noise,40000,2026091603
0.020309176209047358,0.07017038286703829,0.058273725096275555,0.00022049038610530807,0.07017038286703829,0.8304604124320512,sampling noise,40000,2026091603
0.024244620170823284,0.07017038286703829,0.05928867877345845,0.00022376632057523015,0.07017038286703829,0.844924544387923,sampling noise,40000,2026091603
0.028942661247167517,0.07017038286703829,0.06072625419969595,0.0002281896991663419,0.07017038286703829,0.8654114701748533,sampling noise,40000,2026091603
0.0345510729459222,0.07017038286703829,0.06274025844142424,0.00023416811290649425,0.07017038286703829,0.8941130984037389,sampling noise,40000,2026091603
0.04124626382901352,0.07017038286703829,0.06555406015115219,0.0002420541119224798,0.07017038286703829,0.9342126617061032,sampling noise,40000,2026091603
0.04923882631706739,0.07017038286703829,0.0694548759076867,0.0002522217154426526,0.07017038286703829,0.9898032912160767,sampling noise,40000,2026091603
0.05878016072274912,0.07017038286703829,0.07482173974644163,0.0002648721569900704,0.07017038286703829,1.066286611093699,sampling noise,40000,2026091603
0.07017038286703829,0.07017038286703829,0.0821714025483821,0.00027962375185032305,0.07017038286703829,1.171026851942419,mechanism ambiguity,40000,2026091603
0.0837677640068292,0.07017038286703829,0.09204074318542096,0.0002961825912807132,0.0837677640068292,1.0987608930079273,mechanism ambiguity,40000,2026091603
0.1,0.07017038286703829,0.10517608098345695,0.00031266905482109066,0.1,1.0517608098345694,mechanism ambiguity,40000,2026091603
0.1193776641714437,0.07017038286703829,0.12226481986865254,0.00032732397686047415,0.1193776641714437,1.0241850577094762,mechanism ambiguity,40000,2026091603
0.14251026703029984,0.07017038286703829,0.14392919708395296,0.00033873907782981113,0.14251026703029984,1.0099566865126386,mechanism ambiguity,40000,2026091603
0.17012542798525893,0.07017038286703829,0.17078629294991832,0.00034591578433076974,0.17012542798525893,1.0038845748838714,mechanism ambiguity,40000,2026091603
0.20309176209047358,0.07017038286703829,0.2034586143995084,0.000349315208053835,0.20309176209047358,1.001806337712858,mechanism ambiguity,40000,2026091603
0.24244620170823283,0.07017038286703829,0.2427365610756816,0.00035039456204004793,0.24244620170823283,1.0011976239075018,mechanism ambiguity,40000,2026091603
0.28942661247167517,0.07017038286703829,0.28970538713985694,0.00035059513797285513,0.28942661247167517,1.0009631963895824,mechanism ambiguity,40000,2026091603
0.345510729459222,0.07017038286703829,0.3457895041274038,0.00035059513797285513,0.345510729459222,1.0008068480785477,mechanism ambiguity,40000,2026091603
0.41246263829013524,0.07017038286703829,0.41274141295831696,0.00035059513797285513,0.41246263829013524,1.0006758785943313,mechanism ambiguity,40000,2026091603
0.49238826317067413,0.07017038286703829,0.49266703783885585,0.00035059513797285513,0.49238826317067413,1.0005661683858722,mechanism ambiguity,40000,2026091603
0.5878016072274915,0.07017038286703829,0.5880803818956734,0.00035059513797285513,0.5878016072274915,1.0004742665973587,mechanism ambiguity,40000,2026091603
0.701703828670383,0.07017038286703829,0.7019826033385647,0.00035059513797285513,0.701703828670383,1.0003972825240386,mechanism ambiguity,40000,2026091603
0.837677640068292,0.07017038286703829,0.8379564147364738,0.00035059513797285513,0.837677640068292,1.000332794687177,mechanism ambiguity,40000,2026091603
1.0,0.07017038286703829,1.0002787746681818,0.00035059513797285513,1.0,1.0002787746681818,mechanism ambiguity,40000,2026091603
0.01,0.0837677640068292,0.06715653380659181,0.00025511896833975103,0.0837677640068292,0.8016990139681519,sampling noise,40000,2026091603
0.011937766417144363,0.0837677640068292,0.06736829608822331,0.00025586816145969167,0.0837677640068292,0.8042269826222302,sampling noise,40000,2026091603
0.014251026703029978,0.0837677640068292,0.06767101702646036,0.0002569038303516573,0.0837677640068292,0.8078407944724829,sampling noise,40000,2026091603
0.017012542798525893,0.0837677640068292,0.06810240583803585,0.0002583401639628851,0.0837677640068292,0.8129906133400406,sampling noise,40000,2026091603
0.020309176209047358,0.0837677640068292,0.06870987708966352,0.00026037028281556,0.0837677640068292,0.820242463247102,sampling noise,40000,2026091603
0.024244620170823284,0.0837677640068292,0.0695658118456221,0.0002632162726551141,0.0837677640068292,0.8304604124320512,sampling noise,40000,2026091603
0.028942661247167517,0.0837677640068292,0.0707774398378652,0.0002671270067050942,0.0837677640068292,0.8449245443879229,sampling noise,40000,2026091603
0.0345510729459222,0.0837677640068292,0.07249358380241022,0.0002724075327446231,0.0837677640068292,0.8654114701748533,sampling noise,40000,2026091603
0.04124626382901352,0.0837677640068292,0.07489785502249924,0.00027954442342212164,0.0837677640068292,0.8941130984037388,sampling noise,40000,2026091603
0.04923882631706739,0.0837677640068292,0.07825690577798862,0.00028895854484398825,0.0837677640068292,0.9342126617061033,sampling noise,40000,2026091603
0.05878016072274912,0.0837677640068292,0.08291360851177114,0.000301096392428584,0.0837677640068292,0.9898032912160766,sampling noise,40000,2026091603
0.07017038286703829,0.0837677640068292,0.08932044520173867,0.0003161981940552653,0.0837677640068292,1.0662866110936993,sampling noise,40000,2026091603
0.0837677640068292,0.0837677640068292,0.09809430097917266,0.00033380830342746956,0.0837677640068292,1.1710268519424187,mechanism ambiguity,40000,2026091603
0.1,0.0837677640068292,0.10987608930079275,0.00035357585915336934,0.1,1.0987608930079273,mechanism ambiguity,40000,2026091603
0.1193776641714437,0.0837677640068292,0.12555674874511688,0.0003732570142323487,0.1193776641714437,1.0517608098345694,mechanism ambiguity,40000,2026091603
0.14251026703029984,0.0837677640068292,0.14595688606262053,0.0003907517178491108,0.14251026703029984,1.0241850577094764,mechanism ambiguity,40000,2026091603
0.17012542798525893,0.0837677640068292,0.17181931353953664,0.0004043787987491171,0.17012542798525893,1.0099566865126386,mechanism ambiguity,40000,2026091603
0.20309176209047358,0.0837677640068292,0.20388068724861136,0.0004129461833344016,0.20309176209047358,1.0038845748838712,mechanism ambiguity,40000,2026091603
0.24244620170823283,0.0837677640068292,0.2428841414257176,0.0004170043359702868,0.24244620170823283,1.001806337712858,mechanism ambiguity,40000,2026091603
0.28942661247167517,0.0837677640068292,0.2897732367022384,0.00041829284354716925,0.28942661247167517,1.0011976239075016,mechanism ambiguity,40000,2026091603
0.345510729459222,0.0837677640068292,0.34584352414639913,0.0004185322864106446,0.345510729459222,1.0009631963895824,mechanism ambiguity,40000,2026091603
0.41246263829013524,0.0837677640068292,0.41279543297731236,0.0004185322864106446,0.41246263829013524,1.0008068480785477,mechanism ambiguity,40000,2026091603
0.49238826317067413,0.0837677640068292,0.49272105785785114,0.0004185322864106446,0.49238826317067413,1.0006758785943313,mechanism ambiguity,40000,2026091603
0.5878016072274915,0.0837677640068292,0.5881344019146686,0.0004185322864106446,0.5878016072274915,1.0005661683858722,mechanism ambiguity,40000,2026091603
0.701703828670383,0.0837677640068292,0.70203662335756,0.0004185322864106446,0.701703828670383,1.0004742665973587,mechanism ambiguity,40000,2026091603
0.837677640068292,0.0837677640068292,0.838010434755469,0.0004185322864106446,0.837677640068292,1.0003972825240386,mechanism ambiguity,40000,2026091603
1.0,0.0837677640068292,1.000332794687177,0.0004185322864106446,1.0,1.000332794687177,mechanism ambiguity,40000,2026091603
0.01,0.1,0.07999158986761663,0.0003039185670419567,0.1,0.7999158986761663,sampling noise,40000,2026091603
0.011937766417144363,0.1,0.08016990139681521,0.00030455506526227966,0.1,0.801699013968152,sampling noise,40000,2026091603
0.014251026703029978,0.1,0.08042269826222305,0.0003054494345089979,0.1,0.8042269826222305,sampling noise,40000,2026091603
0.017012542798525893,0.1,0.08078407944724832,0.00030668579184077677,0.1,0.8078407944724831,sampling noise,40000,2026091603
0.020309176209047358,0.1,0.08129906133400407,0.00030840045335556984,0.1,0.8129906133400406,sampling noise,40000,2026091603
0.024244620170823284,0.1,0.0820242463247102,0.00031082396182179723,0.1,0.8202424632471019,sampling noise,40000,2026091603
0.028942661247167517,0.1,0.08304604124320512,0.00031422143801481355,0.1,0.8304604124320512,sampling noise,40000,2026091603
0.0345510729459222,0.1,0.0844924544387923,0.0003188899809756371,0.1,0.844924544387923,sampling noise,40000,2026091603
0.04124626382901352,0.1,0.08654114701748536,0.0003251937496175916,0.1,0.8654114701748535,sampling noise,40000,2026091603
0.04923882631706739,0.1,0.08941130984037389,0.0003337136030028588,0.1,0.8941130984037389,sampling noise,40000,2026091603
0.05878016072274912,0.1,0.09342126617061033,0.00034495196125854664,0.1,0.9342126617061033,sampling noise,40000,2026091603
0.07017038286703829,0.1,0.09898032912160767,0.0003594418401857271,0.1,0.9898032912160767,sampling noise,40000,2026091603
0.0837677640068292,0.1,0.10662866110936993,0.0003774700182154642,0.1,1.0662866110936993,sampling noise,40000,2026091603
0.1,0.1,0.1171026851942419,0.0003984925554420383,0.1,1.171026851942419,mechanism ambiguity,40000,2026091603
0.1193776641714437,0.1,0.13116750889021592,0.00042209060173140593,0.1193776641714437,1.0987608930079271,mechanism ambiguity,40000,2026091603
0.14251026703029984,0.1,0.14988671386152888,0.0004455855049466508,0.14251026703029984,1.0517608098345692,mechanism ambiguity,40000,2026091603
0.17012542798525893,0.1,0.17423992127893176,0.00046647027347805853,0.17012542798525893,1.0241850577094762,mechanism ambiguity,40000,2026091603
0.20309176209047358,0.1,0.20511388309890785,0.0004827379643512389,0.20309176209047358,1.0099566865126388,mechanism ambiguity,40000,2026091603
0.24244620170823283,0.1,0.24338800213407863,0.0004929655079497359,0.24244620170823283,1.0038845748838714,mechanism ambiguity,40000,2026091603
0.28942661247167517,0.1,0.2899494146768875,0.0004978100357749675,0.28942661247167517,1.001806337712858,mechanism ambiguity,40000,2026091603
0.345510729459222,0.1,0.3459245213691207,0.0004993482260229219,0.345510729459222,1.0011976239075018,mechanism ambiguity,40000,2026091603
0.41246263829013524,0.1,0.4128599208141739,0.0004996340673203639,0.41246263829013524,1.0009631963895822,mechanism ambiguity,40000,2026091603
0.49238826317067413,0.1,0.4927855456947128,0.0004996340673203639,0.49238826317067413,1.0008068480785477,mechanism ambiguity,40000,2026091603
0.5878016072274915,0.1,0.5881988897515302,0.0004996340673203639,0.5878016072274915,1.0006758785943315,mechanism ambiguity,40000,2026091603
0.701703828670383,0.1,0.7021011111944215,0.0004996340673203639,0.701703828670383,1.0005661683858722,mechanism ambiguity,40000,2026091603
0.837677640068292,0.1,0.8380749225923307,0.0004996340673203639,0.837677640068292,1.0004742665973587,mechanism ambiguity,40000,2026091603
1.0,0.1,1.0003972825240388,0.0004996340673203639,1.0,1.0003972825240388,mechanism ambiguity,40000,2026091603
0.01,0.1193776641714437,0.09534387750280271,0.00036225700234637846,0.1193776641714437,0.7986743430150804,sampling noise,40000,2026091603
0.011937766417144363,0.1193776641714437,0.09549209151756197,0.0003628108863180111,0.1193776641714437,0.7999158986761663,sampling noise,40000,2026091603
0.014251026703029978,0.1193776641714437,0.0957049556560676,0.00036357072302592534,0.1193776641714437,0.8016990139681519,sampling noise,40000,2026091603
0.017012542798525893,0.1193776641714437,0.09600673864909011,0.00036463840014172534,0.1193776641714437,0.8042269826222304,sampling noise,40000,2026091603
0.020309176209047358,0.1193776641714437,0.09643814706652835,0.00036611433464521536,0.1193776641714437,0.807840794472483,sampling noise,40000,2026091603
0.024244620170823284,0.1193776641714437,0.0970529204138434,0.00036816125751002203,0.1193776641714437,0.8129906133400406,sampling noise,40000,2026091603
0.028942661247167517,0.1193776641714437,0.09791862931667028,0.00037105438530800144,0.1193776641714437,0.8202424632471019,sampling noise,40000,2026091603
0.0345510729459222,0.1193776641714437,0.09913842422299202,0.0003751102130280053,0.1193776641714437,0.830460412432051,sampling noise,40000,2026091603
0.04124626382901352,0.1193776641714437,0.10086511851015155,0.00038068341056547673,0.1193776641714437,0.844924544387923,sampling noise,40000,2026091603
0.04923882631706739,0.1193776641714437,0.10331079985664901,0.0003882087023250139,0.1193776641714437,0.8654114701748533,sampling noise,40000,2026091603
0.05878016072274912,0.1193776641714437,0.10673713319253052,0.0003983795042871777,0.1193776641714437,0.8941130984037388,sampling noise,40000,2026091603
0.07017038286703829,0.1193776641714437,0.11152412539386174,0.00041179559386403635,0.1193776641714437,0.9342126617061033,sampling noise,40000,2026091603
0.0837677640068292,0.1193776641714437,0.11816040489458246,0.00042909327286857465,0.1193776641714437,0.9898032912160765,sampling noise,40000,2026091603
0.1,0.1193776641714437,0.1272908049696504,0.0004506148906931442,0.1193776641714437,1.066286611093699,sampling noise,40000,2026091603
0.1193776641714437,0.1193776641714437,0.13979445026692502,0.0004757111045838004,0.1193776641714437,1.171026851942419,mechanism ambiguity,40000,2026091603
0.14251026703029984,0.1193776641714437,0.15658470826501042,0.0005038819010341435,0.14251026703029984,1.0987608930079271,mechanism ambiguity,40000,2026091603
0.17012542798525893,0.1193776641714437,0.17893125791122863,0.0005319295676918444,0.17012542798525893,1.0517608098345692,mechanism ambiguity,40000,2026091603
0.20309176209047358,0.1193776641714437,0.20800354807695093,0.0005568613165322517,0.20309176209047358,1.0241850577094764,mechanism ambiguity,40000,2026091603
0.24244620170823283,0.1193776641714437,0.2448601625348217,0.0005762813059112856,0.24244620170823283,1.0099566865126388,mechanism ambiguity,40000,2026091603
0.28942661247167517,0.1193776641714437,0.29055091182120657,0.0005884907085612873,0.28942661247167517,1.0038845748838712,mechanism ambiguity,40000,2026091603
0.345510729459222,0.1193776641714437,0.3461348385200413,0.0005942739927191845,0.345510729459222,1.001806337712858,mechanism ambiguity,40000,2026091603
0.41246263829013524,0.1193776641714437,0.4129566134067027,0.0005961102483077052,0.41246263829013524,1.0011976239075016,mechanism ambiguity,40000,2026091603
0.49238826317067413,0.1193776641714437,0.4928625297680329,0.0005964514789718289,0.49238826317067413,1.0009631963895824,mechanism ambiguity,40000,2026091603
0.5878016072274915,0.1193776641714437,0.5882758738248502,0.0005964514789718289,0.5878016072274915,1.0008068480785477,mechanism ambiguity,40000,2026091603
0.701703828670383,0.1193776641714437,0.7021780952677417,0.0005964514789718289,0.701703828670383,1.0006758785943315,mechanism ambiguity,40000,2026091603
0.837677640068292,0.1193776641714437,0.8381519066656506,0.0005964514789718289,0.837677640068292,1.0005661683858722,mechanism ambiguity,40000,2026091603
1.0,0.1193776641714437,1.0004742665973587,0.0005964514789718289,1.0,1.0004742665973587,mechanism ambiguity,40000,2026091603
0.01,0.14251026703029984,0.11369468409507094,0.0004319809679268942,0.14251026703029984,0.7977999512898094,sampling noise,40000,2026091603
0.011937766417144363,0.14251026703029984,0.1138192938933284,0.0004324539476985984,0.14251026703029984,0.7986743430150804,sampling noise,40000,2026091603
0.014251026703029978,0.14251026703029984,0.11399622832212276,0.00043311516144615335,0.14251026703029984,0.7999158986761665,sampling noise,40000,2026091603
0.017012542798525893,0.14251026703029984,0.11425034055852941,0.00043402223675957863,0.14251026703029984,0.8016990139681519,sampling noise,40000,2026091603
0.020309176209047358,0.14251026703029984,0.11461060204646635,0.00043529680476131374,0.14251026703029984,0.8042269826222302,sampling noise,40000,2026091603
0.024244620170823284,0.14251026703029984,0.11512560733824313,0.00043705874089628046,0.14251026703029984,0.807840794472483,sampling noise,40000,2026091603
0.028942661247167517,0.14251026703029984,0.11585950940021641,0.0004395023095996779,0.14251026703029984,0.8129906133400404,sampling noise,40000,2026091603
0.0345510729459222,0.14251026703029984,0.1168929724669354,0.00044295605798640045,0.14251026703029984,0.8202424632471019,sampling noise,40000,2026091603
0.04124626382901352,0.14251026703029984,0.11834913513378456,0.00044779781038135886,0.14251026703029984,0.8304604124320513,sampling noise,40000,2026091603
0.04923882631706739,0.14251026703029984,0.12041042244117735,0.0004544509634212528,0.14251026703029984,0.8449245443879231,sampling noise,40000,2026091603
0.05878016072274912,0.14251026703029984,0.12333001970570272,0.00046343448094587447,0.14251026703029984,0.8654114701748533,sampling noise,40000,2026091603
0.07017038286703829,0.14251026703029984,0.1274202964088056,0.00047557614675580886,0.14251026703029984,0.8941130984037389,sampling noise,40000,2026091603
0.0837677640068292,0.14251026703029984,0.1331348958828239,0.0004915919611158113,0.14251026703029984,0.934212661706103,sampling noise,40000,2026091603
0.1,0.14251026703029984,0.1410571313386727,0.0005122415262673033,0.14251026703029984,0.9898032912160766,sampling noise,40000,2026091603
0.1193776641714437,0.14251026703029984,0.15195678967779655,0.0005379335309181795,0.14251026703029984,1.0662866110936993,sampling noise,40000,2026091603
0.14251026703029984,0.14251026703029984,0.16688334936996552,0.0005678928048563143,0.14251026703029984,1.171026851942419,mechanism ambiguity,40000,2026091603
0.17012542798525893,0.14251026703029984,0.18692716717643892,0.0006015224436372259,0.17012542798525893,1.0987608930079273,mechanism ambiguity,40000,2026091603
0.20309176209047358,0.14251026703029984,0.21360395616700617,0.000635005092947782,0.20309176209047358,1.0517608098345692,mechanism ambiguity,40000,2026091603
0.24244620170823283,0.14251026703029984,0.2483097770879898,0.000664768032350551,0.24244620170823283,1.0241850577094764,mechanism ambiguity,40000,2026091603
0.28942661247167517,0.14251026703029984,0.2923083425204706,0.0006879511620535841,0.28942661247167517,1.0099566865126388,mechanism ambiguity,40000,2026091603
0.345510729459222,0.14251026703029984,0.3468528917609873,0.0007025264617464426,0.345510729459222,1.0038845748838712,mechanism ambiguity,40000,2026091603
0.41246263829013524,0.14251026703029984,0.4132076851088237,0.0007094304112865374,0.41246263829013524,1.0018063377128583,mechanism ambiguity,40000,2026091603
0.49238826317067413,0.14251026703029984,0.4929779591264205,0.0007116224903163311,0.49238826317067413,1.0011976239075016,mechanism ambiguity,40000,2026091603
0.5878016072274915,0.14251026703029984,0.5883677756133637,0.0007120298435125986,0.5878016072274915,1.0009631963895824,mechanism ambiguity,40000,2026091603
0.701703828670383,0.14251026703029984,0.7022699970562553,0.0007120298435125986,0.701703828670383,1.0008068480785477,mechanism ambiguity,40000,2026091603
0.837677640068292,0.14251026703029984,0.8382438084541644,0.0007120298435125986,0.837677640068292,1.0006758785943315,mechanism ambiguity,40000,2026091603
1.0,0.14251026703029984,1.0005661683858724,0.0007120298435125986,1.0,1.0005661683858724,mechanism ambiguity,40000,2026091603
0.01,0.17012542798525893,0.1356229709009462,0.0005152727344143176,0.17012542798525893,0.7971940027254344,sampling noise,40000,2026091603
0.011937766417144363,0.17012542798525893,0.13572605815979755,0.0005156887891763195,0.17012542798525893,0.7977999512898094,sampling noise,40000,2026091603
0.014251026703029978,0.17012542798525893,0.13587481442628607,0.0005162534213797833,0.17012542798525893,0.7986743430150806,sampling noise,40000,2026091603
0.017012542798525893,0.17012542798525893,0.13608603461449578,0.0005170427629067949,0.17012542798525893,0.7999158986761662,sampling noise,40000,2026091603
0.020309176209047358,0.17012542798525893,0.1363893878666919,0.0005181256082282379,0.17012542798525893,0.8016990139681519,sampling noise,40000,2026091603
0.024244620170823284,0.17012542798525893,0.13681945961590034,0.0005196471577369858,0.17012542798525893,0.8042269826222304,sampling noise,40000,2026091603
0.028942661247167517,0.17012542798525893,0.13743426090358277,0.0005217505159391017,0.17012542798525893,0.807840794472483,sampling noise,40000,2026091603
0.0345510729459222,0.17012542798525893,0.13831037604247257,0.0005246675911796421,0.17012542798525893,0.8129906133400406,sampling noise,40000,2026091603
0.04124626382901352,0.17012542798525893,0.13954410011159626,0.0005287905953300703,0.17012542798525893,0.8202424632471021,sampling noise,40000,2026091603
0.04923882631706739,0.17012542798525893,0.14128243308981733,0.0005345705662441366,0.17012542798525893,0.830460412432051,sampling noise,40000,2026091603
0.05878016072274912,0.17012542798525893,0.14374314972924532,0.0005425129449369133,0.17012542798525893,0.8449245443879231,sampling noise,40000,2026091603
0.07017038286703829,0.17012542798525893,0.14722849674684907,0.000553237258318239,0.17012542798525893,0.8654114701748533,sampling noise,40000,2026091603
0.0837677640068292,0.17012542798525893,0.15211137353316198,0.0005677316953536416,0.17012542798525893,0.8941130984037388,sampling noise,40000,2026091603
0.1,0.17012542798525893,0.1589333289019987,0.0005868510004346471,0.17012542798525893,0.9342126617061032,sampling noise,40000,2026091603
0.1193776641714437,0.17012542798525893,0.16839070853935292,0.0006115019689740586,0.17012542798525893,0.9898032912160767,sampling noise,40000,2026091603
0.14251026703029984,0.17012542798525893,0.18140246606726693,0.0006421724840050933,0.17012542798525893,1.0662866110936993,sampling noise,40000,2026091603
0.17012542798525893,0.17012542798525893,0.19922144436893446,0.0006779371654351627,0.17012542798525893,1.171026851942419,mechanism ambiguity,40000,2026091603
0.20309176209047358,0.17012542798525893,0.22314928587708227,0.0007180834426811089,0.20309176209047358,1.0987608930079273,mechanism ambiguity,40000,2026091603
0.24244620170823283,0.17012542798525893,0.25499541344996635,0.0007580542473307666,0.24244620170823283,1.0517608098345694,mechanism ambiguity,40000,2026091603
0.28942661247167517,0.17012542798525893,0.29642641179696083,0.0007935845491785548,0.28942661247167517,1.0241850577094762,mechanism ambiguity,40000,2026091603
0.345510729459222,0.17012542798525893,0.3489508714792006,0.000821260027899872,0.345510729459222,1.0099566865126388,mechanism ambiguity,40000,2026091603
0.41246263829013524,0.17012542798525893,0.4140648802953723,0.0008386596802191939,0.41246263829013524,1.0038845748838712,mechanism ambiguity,40000,2026091603
0.49238826317067413,0.17012542798525893,0.4932776826598079,0.000846901453915734,0.49238826317067413,1.0018063377128579,mechanism ambiguity,40000,2026091603
0.5878016072274915,0.17012542798525893,0.5885055724851751,0.0008495183066582939,0.5878016072274915,1.0011976239075018,mechanism ambiguity,40000,2026091603
0.701703828670383,0.17012542798525893,0.7023797072647144,0.0008500045953889257,0.701703828670383,1.0009631963895824,mechanism ambiguity,40000,2026091603
0.837677640068292,0.17012542798525893,0.8383535186626235,0.0008500045953889257,0.837677640068292,1.0008068480785477,mechanism ambiguity,40000,2026091603
1.0,0.17012542798525893,1.0006758785943315,0.0008500045953889257,1.0,1.0006758785943315,mechanism ambiguity,40000,2026091603
0.01,0.20309176209047358,0.16181851717768533,0.000614752312615247,0.20309176209047358,0.7967753862197434,sampling noise,40000,2026091603
0.011937766417144363,0.20309176209047358,0.16190353474146627,0.0006151205544561387,0.20309176209047358,0.7971940027254344,sampling noise,40000,2026091603
0.014251026703029978,0.20309176209047358,0.16202659790314136,0.0006156172309126906,0.20309176209047358,0.7977999512898093,sampling noise,40000,2026091603
0.017012542798525893,0.20309176209047358,0.16220417965938402,0.0006162912756483454,0.20309176209047358,0.7986743430150806,sampling noise,40000,2026091603
0.020309176209047358,0.20309176209047358,0.16245632938632734,0.0006172335731256273,0.20309176209047358,0.7999158986761663,sampling noise,40000,2026091603
0.024244620170823284,0.20309176209047358,0.1628184654129872,0.0006185262485769555,0.20309176209047358,0.801699013968152,sampling noise,40000,2026091603
0.028942661247167517,0.20309176209047358,0.16333187502145344,0.000620342638839711,0.20309176209047358,0.8042269826222304,sampling noise,40000,2026091603
0.0345510729459222,0.20309176209047358,0.16406581043798468,0.0006228535787305553,0.20309176209047358,0.807840794472483,sampling noise,40000,2026091603
0.04124626382901352,0.20309176209047358,0.1651116962262437,0.0006263359150148359,0.20309176209047358,0.8129906133400404,sampling noise,40000,2026091603
0.04923882631706739,0.20309176209047358,0.16658448720228447,0.0006312578610633087,0.20309176209047358,0.820242463247102,sampling noise,40000,2026091603
0.05878016072274912,0.20309176209047358,0.1686596685072067,0.0006381578553303099,0.20309176209047358,0.8304604124320512,sampling noise,40000,2026091603
0.07017038286703829,0.20309176209047358,0.17159721455323385,0.0006476392814933974,0.20309176209047358,0.844924544387923,sampling noise,40000,2026091603
0.0837677640068292,0.20309176209047358,0.1757579404111183,0.0006604417163064495,0.20309176209047358,0.8654114701748534,sampling noise,40000,2026091603
0.1,0.20309176209047358,0.18158700466298833,0.0006777448366741135,0.20309176209047358,0.8941130984037389,sampling noise,40000,2026091603
0.1193776641714437,0.20309176209047358,0.189730895633124,0.0007005690164856303,0.20309176209047358,0.9342126617061033,sampling noise,40000,2026091603
0.14251026703029984,0.20309176209047358,0.2010208945360232,0.0007299967669236171,0.20309176209047358,0.9898032912160768,sampling noise,40000,2026091603
0.17012542798525893,0.20309176209047358,0.21655402674049892,0.000766610511357018,0.20309176209047358,1.0662866110936993,sampling noise,40000,2026091603
0.20309176209047358,0.20309176209047358,0.23782590681624596,0.0008093055526465928,0.20309176209047358,1.171026851942419,mechanism ambiguity,40000,2026091603
0.24244620170823283,0.20309176209047358,0.26639040509531803,0.0008572312406745949,0.24244620170823283,1.0987608930079276,mechanism ambiguity,40000,2026091603
0.28942661247167517,0.20309176209047358,0.3044075683208851,0.0009049474536158875,0.28942661247167517,1.0517608098345692,mechanism ambiguity,40000,2026091603
0.345510729459222,0.20309176209047358,0.3538669263904365,0.0009473626980348401,0.345510729459222,1.0241850577094762,mechanism ambiguity,40000,2026091603
0.41246263829013524,0.20309176209047358,0.4165693994777661,0.0009804010380806132,0.41246263829013524,1.009956686512639,mechanism ambiguity,40000,2026091603
0.49238826317067413,0.20309176209047358,0.49430098225089986,0.0010011723365933724,0.49238826317067413,1.0038845748838712,mechanism ambiguity,40000,2026091603
0.5878016072274915,0.20309176209047358,0.5888633754383051,0.0010110111735185986,0.5878016072274915,1.001806337712858,mechanism ambiguity,40000,2026091603
0.701703828670383,0.20309176209047358,0.7025442059515841,0.0010141351111974727,0.701703828670383,1.0011976239075018,mechanism ambiguity,40000,2026091603
0.837677640068292,0.20309176209047358,0.8384844881468396,0.0010147156313252302,0.837677640068292,1.0009631963895822,mechanism ambiguity,40000,2026091603
1.0,0.20309176209047358,1.0008068480785477,0.0010147156313252302,1.0,1.0008068480785477,mechanism ambiguity,40000,2026091603
0.01,0.24244620170823283,0.19310557329970743,0.0007335470989183478,0.24244620170823283,0.7964883423172642,sampling noise,40000,2026091603
0.011937766417144363,0.24244620170823283,0.19317516600358703,0.000733876951240013,0.24244620170823283,0.7967753862197434,sampling noise,40000,2026091603
0.014251026703029978,0.24244620170823283,0.19327665798536417,0.0007343165497481713,0.24244620170823283,0.7971940027254344,sampling noise,40000,2026091603
0.017012542798525893,0.24244620170823283,0.19342356791322746,0.0007349094705004925,0.24244620170823283,0.7977999512898094,sampling noise,40000,2026091603
0.020309176209047358,0.24244620170823283,0.19363556086582456,0.0007357141293613878,0.24244620170823283,0.7986743430150806,sampling noise,40000,2026091603
0.024244620170823284,0.24244620170823283,0.19393657132006417,0.0007368390220793133,0.24244620170823283,0.7999158986761664,sampling noise,40000,2026091603
0.028942661247167517,0.24244620170823283,0.19436888084981394,0.0007383821878384266,0.24244620170823283,0.8016990139681519,sampling noise,40000,2026091603
0.0345510729459222,0.24244620170823283,0.19498177724803276,0.0007405505521063415,0.24244620170823283,0.8042269826222305,sampling noise,40000,2026091603
0.04124626382901352,0.24244620170823283,0.1958579322048147,0.0007435480534967806,0.24244620170823283,0.8078407944724831,sampling noise,40000,2026091603
0.04923882631706739,0.24244620170823283,0.1971064862287394,0.0007477051852115493,0.24244620170823283,0.8129906133400406,sampling noise,40000,2026091603
0.05878016072274912,0.24244620170823283,0.19886466969406466,0.0007535808894359951,0.24244620170823283,0.820242463247102,sampling noise,40000,2026091603
0.07017038286703829,0.24244620170823283,0.2013419726632033,0.0007618179414199047,0.24244620170823283,0.8304604124320512,sampling noise,40000,2026091603
0.0837677640068292,0.24244620170823283,0.20484874651691107,0.0007731366465035384,0.24244620170823283,0.8449245443879229,sampling noise,40000,2026091603
0.1,0.24244620170823283,0.20981572385863081,0.0007884198941404318,0.24244620170823283,0.8654114701748533,sampling noise,40000,2026091603
0.1193776641714437,0.24244620170823283,0.21677432460556592,0.0008090759550641225,0.24244620170823283,0.894113098403739,sampling noise,40000,2026091603
0.14251026703029984,0.24244620170823283,0.226496311418383,0.0008363229277894013,0.24244620170823283,0.9342126617061033,sampling noise,40000,2026091603
0.17012542798525893,0.24244620170823283,0.23997404839364572,0.0008714530888804718,0.24244620170823283,0.989803291216077,sampling noise,40000,2026091603
0.20309176209047358,0.24244620170823283,0.25851713879201105,0.0009151617217507675,0.24244620170823283,1.0662866110936993,sampling noise,40000,2026091603
0.24244620170823283,0.24244620170823283,0.28391101235178856,0.0009661300647592956,0.24244620170823283,1.1710268519424187,mechanism ambiguity,40000,2026091603
0.28942661247167517,0.24244620170823283,0.3180106431796371,0.001023342631665218,0.28942661247167517,1.0987608930079273,mechanism ambiguity,40000,2026091603
0.345510729459222,0.24244620170823283,0.3633946446225641,0.0010803051321056048,0.345510729459222,1.0517608098345692,mechanism ambiguity,40000,2026091603
0.41246263829013524,0.24244620170823283,0.42243807100018493,0.0011309394601455589,0.41246263829013524,1.0241850577094762,mechanism ambiguity,40000,2026091603
0.49238826317067413,0.24244620170823283,0.4972908187495672,0.0011703798587732218,0.49238826317067413,1.0099566865126388,mechanism ambiguity,40000,2026091603
0.5878016072274915,0.24244620170823283,0.5900849665876265,0.0011951761497558313,0.5878016072274915,1.0038845748838712,mechanism ambiguity,40000,2026091603
0.701703828670383,0.24244620170823283,0.7029713427593671,0.001206921523458804,0.701703828670383,1.001806337712858,mechanism ambiguity,40000,2026091603
0.837677640068292,0.24244620170823283,0.8386808628368175,0.0012106508072900154,0.837677640068292,1.0011976239075018,mechanism ambiguity,40000,2026091603
1.0,0.24244620170823283,1.0009631963895822,0.0012113438186585773,1.0,1.0009631963895822,mechanism ambiguity,40000,2026091603
0.01,0.28942661247167517,0.2304679940459734,0.0008753955291142271,0.28942661247167517,0.7962916473982786,sampling noise,40000,2026091603
0.011937766417144363,0.28942661247167517,0.23052492279006578,0.000875691392286113,0.28942661247167517,0.7964883423172642,sampling noise,40000,2026091603
0.014251026703029978,0.28942661247167517,0.23060800093439102,0.0008760851622829323,0.28942661247167517,0.7967753862197435,sampling noise,40000,2026091603
0.017012542798525893,0.28942661247167517,0.23072915969155783,0.0008766099447137041,0.28942661247167517,0.7971940027254343,sampling noise,40000,2026091603
0.020309176209047358,0.28942661247167517,0.23090453733187696,0.0008773177596582129,0.28942661247167517,0.7977999512898093,sampling noise,40000,2026091603
0.024244620170823284,0.28942661247167517,0.23115760956689546,0.0008782783426108982,0.28942661247167517,0.7986743430150804,sampling noise,40000,2026091603
0.028942661247167517,0.28942661247167517,0.23151694881607854,0.0008796212132619924,0.28942661247167517,0.7999158986761662,sampling noise,40000,2026091603
0.0345510729459222,0.28942661247167517,0.23203302983468446,0.0008814634084995154,0.28942661247167517,0.8016990139681521,sampling noise,40000,2026091603
0.04124626382901352,0.28942661247167517,0.2327646912386689,0.0008840519511132806,0.28942661247167517,0.8042269826222304,sampling noise,40000,2026091603
0.04923882631706739,0.28942661247167517,0.2338106245605976,0.0008876302982566934,0.28942661247167517,0.8078407944724832,sampling noise,40000,2026091603
0.05878016072274912,0.28942661247167517,0.2353011191902774,0.0008925929849943144,0.28942661247167517,0.8129906133400405,sampling noise,40000,2026091603
0.07017038286703829,0.28942661247167517,0.23739999754303126,0.0008996072634510806,0.28942661247167517,0.820242463247102,sampling noise,40000,2026091603
0.0837677640068292,0.28942661247167517,0.24035734396203878,0.0009094404637060595,0.28942661247167517,0.830460412432051,sampling noise,40000,2026091603
0.1,0.28942661247167517,0.2445436486763701,0.0009229524694493557,0.28942661247167517,0.844924544387923,sampling noise,40000,2026091603
0.1193776641714437,0.28942661247167517,0.25047311020684,0.0009411972534878164,0.28942661247167517,0.8654114701748534,sampling noise,40000,2026091603
0.14251026703029984,0.28942661247167517,0.2587801252375477,0.0009658559765283488,0.28942661247167517,0.8941130984037388,sampling noise,40000,2026091603
0.17012542798525893,0.28942661247167517,0.27038600600574453,0.000998382776125217,0.28942661247167517,0.9342126617061033,sampling noise,40000,2026091603
0.20309176209047358,0.28942661247167517,0.2864754135899841,0.0010403203418554022,0.28942661247167517,0.9898032912160767,sampling noise,40000,2026091603
0.24244620170823283,0.28942661247167517,0.30861172177275187,0.0010924986868172332,0.28942661247167517,1.066286611093699,sampling noise,40000,2026091603
0.28942661247167517,0.28942661247167517,0.33892633487106416,0.0011533435041677033,0.28942661247167517,1.1710268519424187,mechanism ambiguity,40000,2026091603
0.345510729459222,0.28942661247167517,0.3796336776444352,0.0012216425301525178,0.345510729459222,1.0987608930079273,mechanism ambiguity,40000,2026091603
0.41246263829013524,0.28942661247167517,0.4338120384745357,0.0012896430326318998,0.41246263829013524,1.0517608098345694,mechanism ambiguity,40000,2026091603
0.49238826317067413,0.28942661247167517,0.5042967017309257,0.0013500891107149039,0.49238826317067413,1.0241850577094762,mechanism ambiguity,40000,2026091603
0.5878016072274915,0.28942661247167517,0.5936541635622808,0.0013971721373365134,0.5878016072274915,1.0099566865126386,mechanism ambiguity,40000,2026091603
0.701703828670383,0.28942661247167517,0.7044296497391522,0.0014267733703127073,0.701703828670383,1.0038845748838712,mechanism ambiguity,40000,2026091603
0.837677640068292,0.28942661247167517,0.8391907687807653,0.0014407947230875228,0.837677640068292,1.0018063377128579,mechanism ambiguity,40000,2026091603
1.0,0.28942661247167517,1.0011976239075016,0.0014452466550155467,1.0,1.0011976239075016,mechanism ambiguity,40000,2026091603
0.01,0.345510729459222,0.275080187907132,0.0010447646899167282,0.345510729459222,0.7961552694403304,sampling noise,40000,2026091603
0.011937766417144363,0.345510729459222,0.27512730795486484,0.0010450267349178142,0.345510729459222,0.7962916473982786,sampling noise,40000,2026091603
0.014251026703029978,0.345510729459222,0.27519526815980444,0.0010453799294615552,0.345510729459222,0.7964883423172641,sampling noise,40000,2026091603
0.017012542798525893,0.345510729459222,0.2752944449079369,0.001045850002885966,0.345510729459222,0.7967753862197435,sampling noise,40000,2026091603
0.020309176209047358,0.345510729459222,0.2754390814021818,0.0010464764758938035,0.345510729459222,0.7971940027254343,sampling noise,40000,2026091603
0.024244620170823284,0.345510729459222,0.27564844313267384,0.0010473214488412146,0.345510729459222,0.7977999512898094,sampling noise,40000,2026091603
0.028942661247167517,0.345510729459222,0.27595055485550535,0.0010484681703325594,0.345510729459222,0.7986743430150804,sampling noise,40000,2026091603
0.0345510729459222,0.345510729459222,0.27637952565763135,0.0010500712579486794,0.345510729459222,0.7999158986761663,sampling noise,40000,2026091603
0.04124626382901352,0.345510729459222,0.2769956111228752,0.001052270427592712,0.345510729459222,0.8016990139681519,sampling noise,40000,2026091603
0.04923882631706739,0.345510729459222,0.2778690514165959,0.001055360569301107,0.345510729459222,0.8042269826222305,sampling noise,40000,2026091603
0.05878016072274912,0.345510729459222,0.2791176621851051,0.0010596323165368588,0.345510729459222,0.8078407944724831,sampling noise,40000,2026091603
0.07017038286703829,0.345510729459222,0.2808969798586177,0.001065556656044377,0.345510729459222,0.8129906133400405,sampling noise,40000,2026091603
0.0837677640068292,0.345510729459222,0.28340257180993533,0.0010739301378245452,0.345510729459222,0.820242463247102,sampling noise,40000,2026091603
0.1,0.345510729459222,0.28693298288640434,0.0010856687826022392,0.345510729459222,0.8304604124320512,sampling noise,40000,2026091603
0.1193776641714437,0.345510729459222,0.29193049566947205,0.0011017990994412982,0.345510729459222,0.8449245443879229,sampling noise,40000,2026091603
0.14251026703029984,0.345510729459222,0.29900894834249137,0.0011235792964595366,0.345510729459222,0.8654114701748534,sampling noise,40000,2026091603
0.17012542798525893,0.345510729459222,0.30892566884852096,0.00115301630403983,0.345510729459222,0.8941130984037389,sampling noise,40000,2026091603
0.20309176209047358,0.345510729459222,0.3227804982161171,0.0011918460376282975,0.345510729459222,0.9342126617061032,sampling noise,40000,2026091603
0.24244620170823283,0.345510729459222,0.3419876571692054,0.0012419101240073564,0.345510729459222,0.9898032912160766,sampling noise,40000,2026091603
0.28942661247167517,0.345510729459222,0.3684134648115858,0.0013041994134261087,0.345510729459222,1.0662866110936993,sampling noise,40000,2026091603
0.345510729459222,0.345510729459222,0.4046023418309615,0.0013768345351484813,0.345510729459222,1.1710268519424187,mechanism ambiguity,40000,2026091603
0.41246263829013524,0.345510729459222,0.45319781678007476,0.0014583683170209995,0.41246263829013524,1.0987608930079273,mechanism ambiguity,40000,2026091603
0.49238826317067413,0.345510729459222,0.5178746784254252,0.001539545728505731,0.49238826317067413,1.0517608098345692,mechanism ambiguity,40000,2026091603
0.5878016072274915,0.345510729459222,0.6020176230200114,0.0016117048446044676,0.5878016072274915,1.0241850577094764,mechanism ambiguity,40000,2026091603
0.701703828670383,0.345510729459222,0.7086904737171723,0.0016679114620065643,0.701703828670383,1.0099566865126388,mechanism ambiguity,40000,2026091603
0.837677640068292,0.345510729459222,0.8409316615896818,0.0017032487224994915,0.837677640068292,1.0038845748838712,mechanism ambiguity,40000,2026091603
1.0,0.345510729459222,1.001806337712858,0.0017199870859273044,1.0,1.001806337712858,mechanism ambiguity,40000,2026091603
0.01,0.41246263829013524,0.32834456521152955,0.0012469875083834475,0.41246263829013524,0.796058926870765,sampling noise,40000,2026091603
0.011937766417144363,0.41246263829013524,0.32838430292195214,0.0012472156829106166,0.41246263829013524,0.7961552694403303,sampling noise,40000,2026091603
0.014251026703029978,0.41246263829013524,0.3284405537342921,0.001247528506111991,0.41246263829013524,0.7962916473982786,sampling noise,40000,2026091603
0.017012542798525893,0.41246263829013524,0.3285216830395151,0.0012479501415082897,0.41246263829013524,0.7964883423172641,sampling noise,40000,2026091603
0.020309176209047358,0.41246263829013524,0.3286400779248369,0.001248511304182242,0.41246263829013524,0.7967753862197435,sampling noise,40000,2026091603
0.024244620170823284,0.41246263829013524,0.3288127415932059,0.0012492591730256632,0.41246263829013524,0.7971940027254343,sampling noise,40000,2026091603
0.028942661247167517,0.41246263829013524,0.32906267273673623,0.0012502678819931632,0.41246263829013524,0.7977999512898095,sampling noise,40000,2026091603
0.0345510729459222,0.41246263829013524,0.3294233266546405,0.0012516368113240826,0.41246263829013524,0.7986743430150804,sampling noise,40000,2026091603
0.04124626382901352,0.41246263829013524,0.3299354219781961,0.0012535505398748284,0.41246263829013524,0.7999158986761664,sampling noise,40000,2026091603
0.04923882631706739,0.41246263829013524,0.3306708904159039,0.0012561758572270417,0.41246263829013524,0.8016990139681519,sampling noise,40000,2026091603
0.05878016072274912,0.41246263829013524,0.33171358303647985,0.0012598647962181115,0.41246263829013524,0.8042269826222302,sampling noise,40000,2026091603
0.07017038286703829,0.41246263829013524,0.3332041454065193,0.0012649643082874602,0.41246263829013524,0.8078407944724832,sampling noise,40000,2026091603
0.0837677640068292,0.41246263829013524,0.33532825328334837,0.0012720366464091212,0.41246263829013524,0.8129906133400406,sampling noise,40000,2026091603
0.1,0.41246263829013524,0.338319370428499,0.0012820327133681074,0.41246263829013524,0.8202424632471021,sampling noise,40000,2026091603
0.1193776641714437,0.41246263829013524,0.34253389270723766,0.001296046033309102,0.41246263829013524,0.8304604124320512,sampling noise,40000,2026091603
0.14251026703029984,0.41246263829013524,0.3484998067343332,0.0013153020287750231,0.41246263829013524,0.844924544387923,sampling noise,40000,2026091603
0.17012542798525893,0.41246263829013524,0.3569498981948647,0.001341302719227335,0.41246263829013524,0.8654114701748534,sampling noise,40000,2026091603
0.20309176209047358,0.41246263829013524,0.36878824749737343,0.0013764439312786596,0.41246263829013524,0.8941130984037389,sampling noise,40000,2026091603
0.24244620170823283,0.41246263829013524,0.3853278191713489,0.001422797960240567,0.41246263829013524,0.9342126617061032,sampling noise,40000,2026091603
0.28942661247167517,0.41246263829013524,0.4082568768832421,0.0014825632971486617,0.41246263829013524,0.9898032912160768,sampling noise,40000,2026091603
0.345510729459222,0.41246263829013524,0.43980338878515457,0.001556922795885758,0.41246263829013524,1.0662866110936993,sampling noise,40000,2026091603
0.41246263829013524,0.41246263829013524,0.48300482486076163,0.0016436329075660105,0.41246263829013524,1.1710268519424187,mechanism ambiguity,40000,2026091603
0.49238826317067413,0.41246263829013524,0.5410169677480322,0.001740966031876064,0.49238826317067413,1.0987608930079273,mechanism ambiguity,40000,2026091603
0.5878016072274915,0.41246263829013524,0.6182266944396478,0.0018378737295413768,0.5878016072274915,1.0517608098345692,mechanism ambiguity,40000,2026091603
0.701703828670383,0.41246263829013524,0.7186745762617366,0.0019240155968268092,0.701703828670383,1.0241850577094762,mechanism ambiguity,40000,2026091603
0.837677640068292,0.41246263829013524,0.8460181337290993,0.0019911137437912123,0.837677640068292,1.009956686512639,mechanism ambiguity,40000,2026091603
1.0,0.41246263829013524,1.003884574883871,0.002033298539949847,1.0,1.003884574883871,mechanism ambiguity,40000,2026091603
0.01,0.49238826317067413,0.3919362381542566,0.0014884266359665222,0.49238826317067413,0.7959902123385943,sampling noise,40000,2026091603
0.011937766417144363,0.49238826317067413,0.3919700723834067,0.0014886245600178448,0.49238826317067413,0.7960589268707651,sampling noise,40000,2026091603
0.014251026703029978,0.49238826317067413,0.39201751033390436,0.0014888969494386136,0.49238826317067413,0.7961552694403303,sampling noise,40000,2026091603
0.017012542798525893,0.49238826317067413,0.3920846612397532,0.0014892703904694007,0.49238826317067413,0.7962916473982785,sampling noise,40000,2026091603
0.020309176209047358,0.49238826317067413,0.39218151150928704,0.0014897737289568224,0.49238826317067413,0.7964883423172642,sampling noise,40000,2026091603
0.024244620170823284,0.49238826317067413,0.3923228485578826,0.0014904436318491888,0.49238826317067413,0.7967753862197434,sampling noise,40000,2026091603
0.028942661247167517,0.49238826317067413,0.3925289704120543,0.0014913364202055308,0.49238826317067413,0.7971940027254344,sampling noise,40000,2026091603
0.0345510729459222,0.49238826317067413,0.39282733237323764,0.00149254059340922,0.49238826317067413,0.7977999512898093,sampling noise,40000,2026091603
0.04124626382901352,0.49238826317067413,0.39325787259617473,0.0014941747892686294,0.49238826317067413,0.7986743430150806,sampling noise,40000,2026091603
0.04923882631706739,0.49238826317067413,0.3938692000317665,0.0014964593537110916,0.49238826317067413,0.7999158986761664,sampling noise,40000,2026091603
0.05878016072274912,0.49238826317067413,0.3947471850734204,0.0014995933962432518,0.49238826317067413,0.801699013968152,sampling noise,40000,2026091603
0.07017038286703829,0.49238826317067413,0.39599192716835196,0.0015039971654435002,0.49238826317067413,0.8042269826222305,sampling noise,40000,2026091603
0.0837677640068292,0.49238826317067413,0.3977713257087235,0.0015100848438360296,0.49238826317067413,0.8078407944724831,sampling noise,40000,2026091603
0.1,0.49238826317067413,0.40030703607656365,0.0015185276358879755,0.49238826317067413,0.8129906133400405,sampling noise,40000,2026091603
0.1193776641714437,0.49238826317067413,0.4038777618570761,0.0015304607071326265,0.49238826317067413,0.820242463247102,sampling noise,40000,2026091603
0.14251026703029984,0.49238826317067413,0.40890896010941935,0.001547189481151057,0.49238826317067413,0.830460412432051,sampling noise,40000,2026091603
0.17012542798525893,0.49238826317067413,0.4160309289214425,0.0015701768387512327,0.49238826317067413,0.8449245443879229,sampling noise,40000,2026091603
0.20309176209047358,0.49238826317067413,0.4261184507273758,0.00160121585568165,0.49238826317067413,0.8654114701748535,sampling noise,40000,2026091603
0.24244620170823283,0.49238826317067413,0.44025079560116703,0.001643166613790055,0.49238826317067413,0.8941130984037389,sampling noise,40000,2026091603
0.28942661247167517,0.49238826317067413,0.4599953499295207,0.0016985029708141348,0.49238826317067413,0.9342126617061032,sampling noise,40000,2026091603
0.345510729459222,0.49238826317067413,0.4873675234425009,0.0017698494339992118,0.49238826317067413,0.9898032912160765,sampling noise,40000,2026091603
0.41246263829013524,0.49238826317067413,0.5250270124785705,0.0018586180666811513,0.49238826317067413,1.066286611093699,sampling noise,40000,2026091603
0.49238826317067413,0.49238826317067413,0.5765998777541498,0.0019621305726054876,0.49238826317067413,1.1710268519424187,mechanism ambiguity,40000,2026091603
0.5878016072274915,0.49238826317067413,0.6458534188687736,0.0020783245828719164,0.5878016072274915,1.0987608930079273,mechanism ambiguity,40000,2026091603
0.701703828670383,0.49238826317067413,0.7380245871063799,0.002194010728747092,0.701703828670383,1.0517608098345694,mechanism ambiguity,40000,2026091603
0.837677640068292,0.49238826317067413,0.8579369221352816,0.0022968448777861057,0.837677640068292,1.0241850577094762,mechanism ambiguity,40000,2026091603
1.0,0.49238826317067413,1.0099566865126388,0.002376945078334533,1.0,1.0099566865126388,mechanism ambiguity,40000,2026091603
0.01,0.5878016072274915,0.46785495818884504,0.0017766795391210338,0.5878016072274915,0.7959402499690263,sampling noise,40000,2026091603
0.011937766417144363,0.5878016072274915,0.467884326149978,0.0017768489509224308,0.5878016072274915,0.7959902123385943,sampling noise,40000,2026091603
0.014251026703029978,0.5878016072274915,0.4679247166624278,0.0017770852280317338,0.5878016072274915,0.796058926870765,sampling noise,40000,2026091603
0.017012542798525893,0.5878016072274915,0.4679813469796627,0.0017774104001596974,0.5878016072274915,0.7961552694403303,sampling noise,40000,2026091603
0.020309176209047358,0.5878016072274915,0.46806151016253517,0.0017778562053393087,0.5878016072274915,0.7962916473982786,sampling noise,40000,2026091603
0.024244620170823284,0.5878016072274915,0.46817712775204834,0.0017784570790684684,0.5878016072274915,0.7964883423172642,sampling noise,40000,2026091603
0.028942661247167517,0.5878016072274915,0.4683458526192706,0.0017792567934935923,0.5878016072274915,0.7967753862197435,sampling noise,40000,2026091603
0.0345510729459222,0.5878016072274915,0.4685919160741276,0.001780322583379388,0.5878016072274915,0.7971940027254344,sampling noise,40000,2026091603
0.04124626382901352,0.5878016072274915,0.46894809361416445,0.0017817600972225309,0.5878016072274915,0.7977999512898094,sampling noise,40000,2026091603
0.04923882631706739,0.5878016072274915,0.4694620624756252,0.0017837109620674801,0.5878016072274915,0.7986743430150806,sampling noise,40000,2026091603
0.05878016072274912,0.5878016072274915,0.4701918508886738,0.0017864382217353833,0.5878016072274915,0.7999158986761663,sampling noise,40000,2026091603
0.07017038286703829,0.5878016072274915,0.47123996892317493,0.0017901795685044152,0.5878016072274915,0.801699013968152,sampling noise,40000,2026091603
0.0837677640068292,0.5878016072274915,0.4727259129610629,0.001795436685311174,0.5878016072274915,0.8042269826222304,sampling noise,40000,2026091603
0.1,0.5878016072274915,0.47485011737485927,0.0018027040135784448,0.5878016072274915,0.8078407944724831,sampling noise,40000,2026091603
0.1193776641714437,0.5878016072274915,0.47787718918213995,0.0018127828215209099,0.5878016072274915,0.8129906133400405,sampling noise,40000,2026091603
0.14251026703029984,0.5878016072274915,0.4821398382128832,0.0018270282432366885,0.5878016072274915,0.820242463247102,sampling noise,40000,2026091603
0.17012542798525893,0.5878016072274915,0.4881459651663652,0.00184699866290441,0.5878016072274915,0.8304604124320513,sampling noise,40000,2026091603
0.20309176209047358,0.5878016072274915,0.49664800517717705,0.0018744404334622366,0.5878016072274915,0.8449245443879229,sampling noise,40000,2026091603
0.24244620170823283,0.5878016072274915,0.5086902530818852,0.001911494086855548,0.5878016072274915,0.8654114701748534,sampling noise,40000,2026091603
0.28942661247167517,0.5878016072274915,0.52556111628487,0.0019615739219875747,0.5878016072274915,0.8941130984037389,sampling noise,40000,2026091603
0.345510729459222,0.5878016072274915,0.5491317040431202,0.002027633172440491,0.5878016072274915,0.934212661706103,sampling noise,40000,2026091603
0.41246263829013524,0.5878016072274915,0.5818079654158707,0.0021128049136597753,0.5878016072274915,0.9898032912160766,sampling noise,40000,2026091603
0.49238826317067413,0.5878016072274915,0.6267649837660316,0.0022187748338724036,0.5878016072274915,1.0662866110936993,sampling noise,40000,2026091603
0.5878016072274915,0.5878016072274915,0.6883314656783035,0.0023423456455702036,0.5878016072274915,1.1710268519424187,mechanism ambiguity,40000,2026091603
0.701703828670383,0.5878016072274915,0.7710047254169516,0.0024810553409333937,0.701703828670383,1.0987608930079273,mechanism ambiguity,40000,2026091603
0.837677640068292,0.5878016072274915,0.8810365130985378,0.002619158759649147,0.837677640068292,1.0517608098345694,mechanism ambiguity,40000,2026091603
1.0,0.5878016072274915,1.0241850577094762,0.0027419197647425026,1.0,1.0241850577094762,mechanism ambiguity,40000,2026091603
0.01,0.701703828670383,0.5584897505791064,0.002120806062369828,0.701703828670383,0.7959052348871398,sampling noise,40000,2026091603
0.011937766417144363,0.701703828670383,0.5585143207961273,0.0021209585336146603,0.701703828670383,0.7959402499690261,sampling noise,40000,2026091603
0.014251026703029978,0.701703828670383,0.5585493795821428,0.0021211607734659987,0.701703828670383,0.7959902123385945,sampling noise,40000,2026091603
0.017012542798525893,0.701703828670383,0.5585975968324521,0.0021214428355600563,0.701703828670383,0.796058926870765,sampling noise,40000,2026091603
0.020309176209047358,0.701703828670383,0.5586652007823801,0.002121831018450956,0.701703828670383,0.7961552694403303,sampling noise,40000,2026091603
0.024244620170823284,0.701703828670383,0.5587608977176187,0.0021223632102611314,0.701703828670383,0.7962916473982786,sampling noise,40000,2026091603
0.028942661247167517,0.701703828670383,0.5588989192953508,0.002123080519283622,0.701703828670383,0.7964883423172642,sampling noise,40000,2026091603
0.0345510729459222,0.701703828670383,0.5591003391007171,0.002124035199684377,0.701703828670383,0.7967753862197435,sampling noise,40000,2026091603
0.04124626382901352,0.701703828670383,0.559394083905505,0.002125307514755015,0.701703828670383,0.7971940027254344,sampling noise,40000,2026091603
0.04923882631706739,0.701703828670383,0.5598192803331044,0.0021270235852031004,0.701703828670383,0.7977999512898095,sampling noise,40000,2026091603
0.05878016072274912,0.701703828670383,0.5604328443544848,0.0021293524820861433,0.701703828670383,0.7986743430150807,sampling noise,40000,2026091603
0.07017038286703829,0.701703828670383,0.561304048715376,0.002132608220973575,0.701703828670383,0.7999158986761663,sampling noise,40000,2026091603
0.0837677640068292,0.701703828670383,0.562555267542723,0.0021370745533549995,0.701703828670383,0.8016990139681519,sampling noise,40000,2026091603
0.1,0.701703828670383,0.5643291528260486,0.002143350376601672,0.701703828670383,0.8042269826222304,sampling noise,40000,2026091603
0.1193776641714437,0.701703828670383,0.5668649784374653,0.0021520259433348114,0.701703828670383,0.807840794472483,sampling noise,40000,2026091603
0.14251026703029984,0.701703828670383,0.5704786260537894,0.002164057788832852,0.701703828670383,0.8129906133400406,sampling noise,40000,2026091603
0.17012542798525893,0.701703828670383,0.5755672768985173,0.0021810636405285204,0.701703828670383,0.8202424632471019,sampling noise,40000,2026091603
0.20309176209047358,0.701703828670383,0.5827372509627555,0.0022049038610530806,0.701703828670383,0.830460412432051,sampling noise,40000,2026091603
0.24244620170823283,0.701703828670383,0.5928867877345845,0.0022376632057523015,0.701703828670383,0.844924544387923,sampling noise,40000,2026091603
0.28942661247167517,0.701703828670383,0.6072625419969596,0.002281896991663419,0.701703828670383,0.8654114701748535,sampling noise,40000,2026091603
0.345510729459222,0.701703828670383,0.6274025844142423,0.0023416811290649427,0.701703828670383,0.8941130984037388,sampling noise,40000,2026091603
0.41246263829013524,0.701703828670383,0.6555406015115218,0.0024205411192247984,0.701703828670383,0.9342126617061032,sampling noise,40000,2026091603
0.49238826317067413,0.701703828670383,0.6945487590768671,0.002522217154426526,0.701703828670383,0.9898032912160768,sampling noise,40000,2026091603
0.5878016072274915,0.701703828670383,0.7482173974644164,0.0026487215699007045,0.701703828670383,1.0662866110936993,sampling noise,40000,2026091603
0.701703828670383,0.701703828670383,0.8217140254838209,0.002796237518503231,0.701703828670383,1.1710268519424187,mechanism ambiguity,40000,2026091603
0.837677640068292,0.701703828670383,0.9204074318542098,0.002961825912807133,0.837677640068292,1.0987608930079276,mechanism ambiguity,40000,2026091603
1.0,0.701703828670383,1.0517608098345694,0.003126690548210907,1.0,1.0517608098345694,mechanism ambiguity,40000,2026091603
0.01,0.837677640068292,0.6666911094968937,0.002531632822880216,0.837677640068292,0.7958802737560733,sampling noise,40000,2026091603
0.011937766417144363,0.837677640068292,0.6667120188782588,0.0025317687388634706,0.837677640068292,0.7959052348871397,sampling noise,40000,2026091603
0.014251026703029978,0.837677640068292,0.6667413502294204,0.002531950755474085,0.837677640068292,0.7959402499690262,sampling noise,40000,2026091603
0.017012542798525893,0.837677640068292,0.6667832025892524,0.0025321921846846365,0.837677640068292,0.7959902123385943,sampling noise,40000,2026091603
0.020309176209047358,0.837677640068292,0.6668407632163995,0.002532528903824035,0.837677640068292,0.7960589268707651,sampling noise,40000,2026091603
0.024244620170823284,0.837677640068292,0.6669214672327112,0.0025329923074919043,0.837677640068292,0.7961552694403304,sampling noise,40000,2026091603
0.028942661247167517,0.837677640068292,0.6670357079986825,0.0025336276256438034,0.837677640068292,0.7962916473982785,sampling noise,40000,2026091603
0.0345510729459222,0.837677640068292,0.6672004749342318,0.0025344839323997444,0.837677640068292,0.7964883423172643,sampling noise,40000,2026091603
0.04124626382901352,0.837677640068292,0.6674409251930566,0.0025356236075624677,0.837677640068292,0.7967753862197434,sampling noise,40000,2026091603
0.04923882631706739,0.837677640068292,0.6677915908796374,0.0025371424675746973,0.837677640068292,0.7971940027254343,sampling noise,40000,2026091603
0.05878016072274912,0.837677640068292,0.6682991804430459,0.0025391910723911574,0.837677640068292,0.7977999512898094,sampling noise,40000,2026091603
0.07017038286703829,0.837677640068292,0.6690316388399662,0.0025419712550910955,0.837677640068292,0.7986743430150804,sampling noise,40000,2026091603
0.0837677640068292,0.837677640068292,0.670071662256158,0.002545857880126433,0.837677640068292,0.7999158986761663,sampling noise,40000,2026091603
0.1,0.837677640068292,0.6715653380659182,0.0025511896833975106,0.837677640068292,0.8016990139681519,sampling noise,40000,2026091603
0.1193776641714437,0.837677640068292,0.6736829608822332,0.0025586816145969165,0.837677640068292,0.8042269826222304,sampling noise,40000,2026091603
0.14251026703029984,0.837677640068292,0.6767101702646038,0.002569038303516573,0.837677640068292,0.8078407944724831,sampling noise,40000,2026091603
0.17012542798525893,0.837677640068292,0.6810240583803585,0.002583401639628851,0.837677640068292,0.8129906133400406,sampling noise,40000,2026091603
0.20309176209047358,0.837677640068292,0.6870987708966352,0.0026037028281556004,0.837677640068292,0.820242463247102,sampling noise,40000,2026091603
0.24244620170823283,0.837677640068292,0.6956581184562212,0.002632162726551141,0.837677640068292,0.8304604124320513,sampling noise,40000,2026091603
0.28942661247167517,0.837677640068292,0.7077743983786522,0.002671270067050943,0.837677640068292,0.844924544387923,sampling noise,40000,2026091603
0.345510729459222,0.837677640068292,0.7249358380241023,0.0027240753274462314,0.837677640068292,0.8654114701748534,sampling noise,40000,2026091603
0.41246263829013524,0.837677640068292,0.7489785502249924,0.0027954442342212173,0.837677640068292,0.8941130984037386,sampling noise,40000,2026091603
0.49238826317067413,0.837677640068292,0.7825690577798863,0.002889585448439883,0.837677640068292,0.9342126617061033,sampling noise,40000,2026091603
0.5878016072274915,0.837677640068292,0.8291360851177116,0.0030109639242858403,0.837677640068292,0.9898032912160768,sampling noise,40000,2026091603
0.701703828670383,0.837677640068292,0.8932044520173866,0.0031619819405526526,0.837677640068292,1.0662866110936993,sampling noise,40000,2026091603
0.837677640068292,0.837677640068292,0.9809430097917266,0.003338083034274696,0.837677640068292,1.1710268519424187,mechanism ambiguity,40000,2026091603
1.0,0.837677640068292,1.0987608930079273,0.0035357585915336935,1.0,1.0987608930079273,mechanism ambiguity,40000,2026091603
0.01,1.0,0.7958619140354826,0.003022085489036985,1.0,0.7958619140354826,sampling noise,40000,2026091603
0.011937766417144363,1.0,0.7958802737560733,0.003022204129351983,1.0,0.7958802737560733,sampling noise,40000,2026091603
0.014251026703029978,1.0,0.7959052348871397,0.003022366382678028,1.0,0.7959052348871397,sampling noise,40000,2026091603
0.017012542798525893,1.0,0.7959402499690262,0.0030225836698561832,1.0,0.7959402499690262,sampling noise,40000,2026091603
0.020309176209047358,1.0,0.7959902123385943,0.0030228718824083668,1.0,0.7959902123385943,sampling noise,40000,2026091603
0.024244620170823284,1.0,0.796058926870765,0.0030232738498517995,1.0,0.796058926870765,sampling noise,40000,2026091603
0.028942661247167517,1.0,0.7961552694403302,0.0030238270503261866,1.0,0.7961552694403302,sampling noise,40000,2026091603
0.0345510729459222,1.0,0.7962916473982785,0.0030245854782959807,1.0,0.7962916473982785,sampling noise,40000,2026091603
0.04124626382901352,1.0,0.7964883423172642,0.0030256077172993645,1.0,0.7964883423172642,sampling noise,40000,2026091603
0.04923882631706739,1.0,0.7967753862197435,0.003026968234887767,1.0,0.7967753862197435,sampling noise,40000,2026091603
0.05878016072274912,1.0,0.7971940027254343,0.003028781414492401,1.0,0.7971940027254343,sampling noise,40000,2026091603
0.07017038286703829,1.0,0.7977999512898094,0.0030312269910703943,1.0,0.7977999512898094,sampling noise,40000,2026091603
0.0837677640068292,1.0,0.7986743430150804,0.0030345459082372784,1.0,0.7986743430150804,sampling noise,40000,2026091603
0.1,1.0,0.7999158986761664,0.0030391856704195673,1.0,0.7999158986761664,sampling noise,40000,2026091603
0.1193776641714437,1.0,0.801699013968152,0.003045550652622796,1.0,0.801699013968152,sampling noise,40000,2026091603
0.14251026703029984,1.0,0.8042269826222304,0.003054494345089979,1.0,0.8042269826222304,sampling noise,40000,2026091603
0.17012542798525893,1.0,0.8078407944724831,0.0030668579184077675,1.0,0.8078407944724831,sampling noise,40000,2026091603
0.20309176209047358,1.0,0.8129906133400405,0.0030840045335556983,1.0,0.8129906133400405,sampling noise,40000,2026091603
0.24244620170823283,1.0,0.820242463247102,0.003108239618217972,1.0,0.820242463247102,sampling noise,40000,2026091603
0.28942661247167517,1.0,0.830460412432051,0.0031422143801481356,1.0,0.830460412432051,sampling noise,40000,2026091603
0.345510729459222,1.0,0.8449245443879229,0.0031888998097563707,1.0,0.8449245443879229,sampling noise,40000,2026091603
0.41246263829013524,1.0,0.8654114701748534,0.003251937496175916,1.0,0.8654114701748534,sampling noise,40000,2026091603
0.49238826317067413,1.0,0.8941130984037389,0.0033371360300285887,1.0,0.8941130984037389,sampling noise,40000,2026091603
0.5878016072274915,1.0,0.9342126617061033,0.003449519612585467,1.0,0.9342126617061033,sampling noise,40000,2026091603
0.701703828670383,1.0,0.9898032912160768,0.0035944184018572704,1.0,0.9898032912160768,sampling noise,40000,2026091603
0.837677640068292,1.0,1.0662866110936993,0.0037747001821546423,1.0,1.0662866110936993,sampling noise,40000,2026091603
1.0,1.0,1.1710268519424187,0.003984925554420381,1.0,1.1710268519424187,mechanism ambiguity,40000,2026091603
